2025-08-10 10:09:59,650 [INFO] Activator:176 - 


2025-08-10 10:09:59,653 [INFO] Activator:177 - !SESSION log4j initialized
2025-08-10 10:10:05,088 [INFO] LogOutputStream:77 - [STDOUT_REDIRECT] 
2025-08-10 10:10:07,616 [INFO] ApplicationProperties:184 - Using Application install path: C:\ST\STM32CubeIDE_1.19.0\STM32CubeIDE\plugins\com.st.stm32cube.common.mx_6.15.0.202507011659
2025-08-10 10:10:07,639 [INFO] DbMcusXml:78 - Set database path to: C:\ST\STM32CubeIDE_1.19.0\STM32CubeIDE\plugins\com.st.stm32cube.common.mx_6.15.0.202507011659\\db\/mcu/
2025-08-10 10:10:07,641 [INFO] ApiDb:274 - Set plugin database path to: C:\ST\STM32CubeIDE_1.19.0\STM32CubeIDE\plugins\com.st.stm32cube.common.mx_6.15.0.202507011659\\db\/plugins/boardmanager/
2025-08-10 10:10:07,641 [WARN] ApiDb:259 - Overriding images path with different value:  => C:\ST\STM32CubeIDE_1.19.0\STM32CubeIDE\plugins\com.st.stm32cube.common.mx_6.15.0.202507011659\\db\/plugins/mcufinder/images/
2025-08-10 10:10:07,650 [INFO] ApiDb:250 - Set database path to: C:\Users\joaki\.stmcufinder\plugins\mcufinder//mcu/
2025-08-10 10:10:07,651 [INFO] DbMcusAds:125 - Set database path to: C:\Users\joaki\.stmcufinder\plugins\mcufinder//mcu/
2025-08-10 10:10:07,654 [INFO] CrossReferenceDbSqlite:203 - Set database path to: C:\Users\joaki\.stmcufinder\plugins\mcufinder//mcu/cs/
2025-08-10 10:10:07,786 [INFO] RulesReader:64 - Compatibility file has been processed (317 Rules)
2025-08-10 10:10:07,890 [INFO] DbMcusXml:78 - Set database path to: C:\ST\STM32CubeIDE_1.19.0\STM32CubeIDE\plugins\com.st.stm32cube.common.mx_6.15.0.202507011659\\db\/mcu/
2025-08-10 10:10:07,891 [INFO] ApiDb:274 - Set plugin database path to: C:\ST\STM32CubeIDE_1.19.0\STM32CubeIDE\plugins\com.st.stm32cube.common.mx_6.15.0.202507011659\\db\/plugins/boardmanager/
2025-08-10 10:10:07,891 [INFO] ApiDb:261 - Set plugin images path to: C:\ST\STM32CubeIDE_1.19.0\STM32CubeIDE\plugins\com.st.stm32cube.common.mx_6.15.0.202507011659\\db\/plugins/mcufinder/images/
2025-08-10 10:10:07,891 [WARN] DbFile:41 - Overriding database path with different value: C:\Users\joaki\.stmcufinder\plugins\mcufinder/ => C:\Users\joaki\.stmcufinder\plugins\mcufinder
2025-08-10 10:10:07,891 [INFO] ApiDb:250 - Set database path to: C:\Users\joaki\.stmcufinder\plugins\mcufinder//mcu/
2025-08-10 10:10:07,891 [WARN] DbFile:41 - Overriding database path with different value: C:\Users\joaki\.stmcufinder\plugins\mcufinder/ => C:\Users\joaki\.stmcufinder\plugins\mcufinder
2025-08-10 10:10:07,891 [INFO] DbMcusAds:125 - Set database path to: C:\Users\joaki\.stmcufinder\plugins\mcufinder//mcu/
2025-08-10 10:10:07,891 [WARN] DbFile:41 - Overriding database path with different value: C:\Users\joaki\.stmcufinder\plugins\mcufinder/ => C:\Users\joaki\.stmcufinder\plugins\mcufinder
2025-08-10 10:10:07,892 [WARN] DbFile:41 - Overriding database path with different value: C:\Users\joaki\.stmcufinder\plugins\mcufinder/ => C:\Users\joaki\.stmcufinder\plugins\mcufinder
2025-08-10 10:10:07,892 [INFO] CrossReferenceDbSqlite:203 - Set database path to: C:\Users\joaki\.stmcufinder\plugins\mcufinder//mcu/cs/
2025-08-10 10:10:07,995 [INFO] MainPanel:274 - HeapMemory: 268435456
2025-08-10 10:10:08,150 [INFO] DbMcusXml:78 - Set database path to: C:\ST\STM32CubeIDE_1.19.0\STM32CubeIDE\plugins\com.st.stm32cube.common.mx_6.15.0.202507011659\\db\/mcu/
2025-08-10 10:10:08,150 [INFO] ApiDb:274 - Set plugin database path to: C:\ST\STM32CubeIDE_1.19.0\STM32CubeIDE\plugins\com.st.stm32cube.common.mx_6.15.0.202507011659\\db\/plugins/boardmanager/
2025-08-10 10:10:08,150 [INFO] ApiDb:261 - Set plugin images path to: C:\ST\STM32CubeIDE_1.19.0\STM32CubeIDE\plugins\com.st.stm32cube.common.mx_6.15.0.202507011659\\db\/plugins/mcufinder/images/
2025-08-10 10:10:08,150 [WARN] DbFile:41 - Overriding database path with different value: C:\Users\joaki\.stmcufinder\plugins\mcufinder/ => C:\Users\joaki\.stmcufinder\plugins\mcufinder
2025-08-10 10:10:08,151 [INFO] ApiDb:250 - Set database path to: C:\Users\joaki\.stmcufinder\plugins\mcufinder//mcu/
2025-08-10 10:10:08,151 [WARN] DbFile:41 - Overriding database path with different value: C:\Users\joaki\.stmcufinder\plugins\mcufinder/ => C:\Users\joaki\.stmcufinder\plugins\mcufinder
2025-08-10 10:10:08,151 [INFO] DbMcusAds:125 - Set database path to: C:\Users\joaki\.stmcufinder\plugins\mcufinder//mcu/
2025-08-10 10:10:08,151 [WARN] DbFile:41 - Overriding database path with different value: C:\Users\joaki\.stmcufinder\plugins\mcufinder/ => C:\Users\joaki\.stmcufinder\plugins\mcufinder
2025-08-10 10:10:08,151 [WARN] DbFile:41 - Overriding database path with different value: C:\Users\joaki\.stmcufinder\plugins\mcufinder/ => C:\Users\joaki\.stmcufinder\plugins\mcufinder
2025-08-10 10:10:08,151 [INFO] CrossReferenceDbSqlite:203 - Set database path to: C:\Users\joaki\.stmcufinder\plugins\mcufinder//mcu/cs/
2025-08-10 10:10:08,176 [INFO] ApplicationProperties:184 - Using Application install path: C:\ST\STM32CubeIDE_1.19.0\STM32CubeIDE\plugins\com.st.stm32cube.common.mx_6.15.0.202507011659
2025-08-10 10:10:08,178 [INFO] PluginManage:196 - Search for loadable plugins [exclusion list=, ]
2025-08-10 10:10:08,179 [INFO] PluginManage:310 - Check plugin analytics
2025-08-10 10:10:08,431 [INFO] AnalyticsPlugin:253 - Accepted Software Licenses: 
2025-08-10 10:10:08,431 [INFO] AnalyticsPlugin:255 - Accepted CMSIS Pack Licenses: STMicroelectronics.X-CUBE-TOUCHGFX.4.25.0
2025-08-10 10:10:08,432 [INFO] AnalyticsPlugin:257 - Accepted Firmware Licenses: FW.U5.1.8.0
2025-08-10 10:10:08,435 [INFO] PluginManage:359 - Loaded plugin analytics (category:tool,tabindex:-1)
2025-08-10 10:10:08,436 [INFO] PluginManage:310 - Check plugin cadmodel
2025-08-10 10:10:08,444 [INFO] CADModel:105 - Init CAD model plugin
2025-08-10 10:10:08,445 [INFO] PluginManage:359 - Loaded plugin cadmodel (category:power,tabindex:5)
2025-08-10 10:10:08,445 [INFO] PluginManage:310 - Check plugin clock
2025-08-10 10:10:08,459 [INFO] PluginManage:359 - Loaded plugin clock (category:base,tabindex:2)
2025-08-10 10:10:08,460 [INFO] PluginManage:310 - Check plugin ddr
2025-08-10 10:10:08,465 [INFO] PluginManage:359 - Loaded plugin ddr (category:tool,tabindex:6)
2025-08-10 10:10:08,465 [INFO] PluginManage:310 - Check plugin filemanager
2025-08-10 10:10:08,708 [INFO] PluginManage:359 - Loaded plugin filemanager (category:base,tabindex:10)
2025-08-10 10:10:08,708 [INFO] PluginManage:310 - Check plugin ipmanager
2025-08-10 10:10:08,718 [INFO] PluginManage:359 - Loaded plugin ipmanager (category:base,tabindex:5)
2025-08-10 10:10:08,718 [INFO] PluginManage:310 - Check plugin lpbam
2025-08-10 10:10:08,732 [INFO] PluginManage:359 - Loaded plugin lpbam (category:base,tabindex:0)
2025-08-10 10:10:08,733 [INFO] PluginManage:310 - Check plugin memorymap
2025-08-10 10:10:08,754 [INFO] PluginManage:359 - Loaded plugin memorymap (category:base,tabindex:4)
2025-08-10 10:10:08,754 [INFO] PluginManage:310 - Check plugin pinoutandconfiguration
2025-08-10 10:10:08,763 [INFO] PluginManage:359 - Loaded plugin pinoutandconfiguration (category:base,tabindex:1)
2025-08-10 10:10:08,763 [INFO] PluginManage:310 - Check plugin pinoutconfig
2025-08-10 10:10:08,855 [WARN] SupportedApi:132 - Cannot load RTOS API schema: s4s-elt-must-match.1: The content of 'definitions' must match (annotation?, (simpleType | complexType)?, (unique | key | keyref)*)). A problem was found starting at: attribute.
2025-08-10 10:10:09,019 [INFO] PluginManage:359 - Loaded plugin pinoutconfig (category:base,tabindex:0)
2025-08-10 10:10:09,019 [INFO] PluginManage:310 - Check plugin power
2025-08-10 10:10:09,029 [INFO] PluginManage:359 - Loaded plugin power (category:power,tabindex:4)
2025-08-10 10:10:09,029 [INFO] PluginManage:310 - Check plugin projectmanager
2025-08-10 10:10:09,048 [INFO] PluginManage:359 - Loaded plugin projectmanager (category:projectmanager,tabindex:4)
2025-08-10 10:10:09,049 [INFO] PluginManage:310 - Check plugin rif
2025-08-10 10:10:09,059 [INFO] PluginManage:359 - Loaded plugin rif (category:base,tabindex:3)
2025-08-10 10:10:09,060 [INFO] PluginManage:310 - Check plugin thirdparty
2025-08-10 10:10:09,237 [INFO] PluginManage:359 - Loaded plugin thirdparty (category:base,tabindex:-1)
2025-08-10 10:10:09,237 [WARN] IntegrityCheckThread:84 - waiting for thirdparty lock release [integrity check]
2025-08-10 10:10:09,239 [INFO] PluginManage:310 - Check plugin tools
2025-08-10 10:10:09,239 [INFO] IntegrityCheckThread:86 - entering critical section [integrity check]
2025-08-10 10:10:09,241 [INFO] ThirdPartyUpdaterWithRetryManager:70 - Updater plugin not ready yet. [1/15]
2025-08-10 10:10:09,245 [INFO] PluginManage:359 - Loaded plugin tools (category:base,tabindex:7)
2025-08-10 10:10:09,245 [INFO] PluginManage:310 - Check plugin tutovideos
2025-08-10 10:10:09,490 [INFO] PluginManage:359 - Loaded plugin tutovideos (category:base,tabindex:-1)
2025-08-10 10:10:09,490 [INFO] PluginManage:310 - Check plugin updater
2025-08-10 10:10:09,512 [INFO] PluginManage:359 - Loaded plugin updater (category:base,tabindex:12)
2025-08-10 10:10:09,512 [INFO] PluginManage:310 - Check plugin userauth
2025-08-10 10:10:09,517 [INFO] UserAuth:118 - Init User Auth plugin
2025-08-10 10:10:09,518 [INFO] PluginManage:359 - Loaded plugin userauth (category:base,tabindex:14)
2025-08-10 10:10:09,519 [INFO] PluginManage:283 - PluginManage : Loaded plugins [18]
2025-08-10 10:10:09,783 [INFO] PinOutPanel:1589 - setPackage(No Configuration,No Configuration)
2025-08-10 10:10:09,890 [INFO] CADModel:165 - CPN selected for project level
2025-08-10 10:10:09,890 [INFO] CADModel:114 - Register for checkConnection events
2025-08-10 10:10:09,910 [INFO] IPUIPlugin:80 - create IPUIPlugin
2025-08-10 10:10:09,911 [INFO] PluginManager:220 - loadIPPluginJar : add adc
2025-08-10 10:10:09,914 [INFO] IPUIPlugin:80 - create IPUIPlugin
2025-08-10 10:10:09,914 [INFO] PluginManager:220 - loadIPPluginJar : add aes
2025-08-10 10:10:09,918 [INFO] IPUIPlugin:80 - create IPUIPlugin
2025-08-10 10:10:09,919 [INFO] PluginManager:220 - loadIPPluginJar : add can
2025-08-10 10:10:09,922 [INFO] IPUIPlugin:80 - create IPUIPlugin
2025-08-10 10:10:09,922 [INFO] PluginManager:220 - loadIPPluginJar : add comp
2025-08-10 10:10:09,926 [INFO] IPUIPlugin:80 - create IPUIPlugin
2025-08-10 10:10:09,926 [INFO] PluginManager:220 - loadIPPluginJar : add cryp
2025-08-10 10:10:09,929 [INFO] IPUIPlugin:80 - create IPUIPlugin
2025-08-10 10:10:09,929 [INFO] PluginManager:220 - loadIPPluginJar : add ddr_ctrl_phy
2025-08-10 10:10:09,933 [INFO] IPUIPlugin:80 - create IPUIPlugin
2025-08-10 10:10:09,933 [INFO] PluginManager:220 - loadIPPluginJar : add dfsdm
2025-08-10 10:10:09,940 [INFO] IPUIPlugin:80 - create IPUIPlugin
2025-08-10 10:10:09,941 [INFO] PluginManager:220 - loadIPPluginJar : add dma
2025-08-10 10:10:09,944 [INFO] IPUIPlugin:80 - create IPUIPlugin
2025-08-10 10:10:09,944 [INFO] PluginManager:220 - loadIPPluginJar : add dma3
2025-08-10 10:10:09,948 [INFO] IPUIPlugin:80 - create IPUIPlugin
2025-08-10 10:10:09,948 [INFO] PluginManager:220 - loadIPPluginJar : add extmemmanager
2025-08-10 10:10:09,950 [INFO] IPUIPlugin:80 - create IPUIPlugin
2025-08-10 10:10:09,950 [INFO] PluginManager:220 - loadIPPluginJar : add fatfs
2025-08-10 10:10:09,957 [INFO] IPUIPlugin:80 - create IPUIPlugin
2025-08-10 10:10:09,957 [INFO] PluginManager:220 - loadIPPluginJar : add fmc
2025-08-10 10:10:09,964 [INFO] IPUIPlugin:80 - create IPUIPlugin
2025-08-10 10:10:09,964 [INFO] PluginManager:220 - loadIPPluginJar : add freertos
2025-08-10 10:10:09,966 [INFO] IPUIPlugin:80 - create IPUIPlugin
2025-08-10 10:10:09,967 [INFO] PluginManager:220 - loadIPPluginJar : add genericplugin
2025-08-10 10:10:09,970 [INFO] IPUIPlugin:80 - create IPUIPlugin
2025-08-10 10:10:09,970 [INFO] PluginManager:220 - loadIPPluginJar : add gfxmmu
2025-08-10 10:10:09,976 [INFO] IPUIPlugin:80 - create IPUIPlugin
2025-08-10 10:10:09,977 [INFO] PluginManager:220 - loadIPPluginJar : add gic
2025-08-10 10:10:09,983 [INFO] IPUIPlugin:80 - create IPUIPlugin
2025-08-10 10:10:09,983 [INFO] PluginManager:220 - loadIPPluginJar : add gpio
2025-08-10 10:10:09,987 [INFO] IPUIPlugin:80 - create IPUIPlugin
2025-08-10 10:10:09,987 [INFO] PluginManager:220 - loadIPPluginJar : add gtzc
2025-08-10 10:10:09,991 [INFO] IPUIPlugin:80 - create IPUIPlugin
2025-08-10 10:10:09,991 [INFO] PluginManager:220 - loadIPPluginJar : add hash
2025-08-10 10:10:09,995 [INFO] IPUIPlugin:80 - create IPUIPlugin
2025-08-10 10:10:09,995 [INFO] PluginManager:220 - loadIPPluginJar : add i2c
2025-08-10 10:10:09,999 [INFO] IPUIPlugin:80 - create IPUIPlugin
2025-08-10 10:10:09,999 [INFO] PluginManager:220 - loadIPPluginJar : add i2s
2025-08-10 10:10:10,004 [INFO] IPUIPlugin:80 - create IPUIPlugin
2025-08-10 10:10:10,004 [INFO] PluginManager:220 - loadIPPluginJar : add i3c
2025-08-10 10:10:10,010 [INFO] IPUIPlugin:80 - create IPUIPlugin
2025-08-10 10:10:10,011 [INFO] PluginManager:220 - loadIPPluginJar : add ipddr
2025-08-10 10:10:10,018 [INFO] IPUIPlugin:80 - create IPUIPlugin
2025-08-10 10:10:10,018 [INFO] PluginManager:220 - loadIPPluginJar : add linkedlist
2025-08-10 10:10:10,024 [INFO] IPUIPlugin:80 - create IPUIPlugin
2025-08-10 10:10:10,024 [INFO] PluginManager:220 - loadIPPluginJar : add lorawan
2025-08-10 10:10:10,026 [INFO] IPUIPlugin:80 - create IPUIPlugin
2025-08-10 10:10:10,026 [INFO] PluginManager:220 - loadIPPluginJar : add ltdc
2025-08-10 10:10:10,033 [INFO] IPUIPlugin:80 - create IPUIPlugin
2025-08-10 10:10:10,033 [INFO] PluginManager:220 - loadIPPluginJar : add mdma
2025-08-10 10:10:10,038 [INFO] IPUIPlugin:80 - create IPUIPlugin
2025-08-10 10:10:10,038 [INFO] PluginManager:220 - loadIPPluginJar : add nvic
2025-08-10 10:10:10,043 [INFO] IPUIPlugin:80 - create IPUIPlugin
2025-08-10 10:10:10,043 [INFO] PluginManager:220 - loadIPPluginJar : add opamp
2025-08-10 10:10:10,048 [INFO] IPUIPlugin:80 - create IPUIPlugin
2025-08-10 10:10:10,048 [INFO] PluginManager:220 - loadIPPluginJar : add openamp
2025-08-10 10:10:10,052 [INFO] IPUIPlugin:80 - create IPUIPlugin
2025-08-10 10:10:10,052 [INFO] PluginManager:220 - loadIPPluginJar : add pdm2pcm
2025-08-10 10:10:10,060 [INFO] IPUIPlugin:80 - create IPUIPlugin
2025-08-10 10:10:10,065 [INFO] PluginManager:220 - loadIPPluginJar : add plateformsettings
2025-08-10 10:10:10,068 [INFO] IPUIPlugin:80 - create IPUIPlugin
2025-08-10 10:10:10,068 [INFO] PluginManager:220 - loadIPPluginJar : add quadspi
2025-08-10 10:10:10,070 [INFO] IPUIPlugin:80 - create IPUIPlugin
2025-08-10 10:10:10,071 [INFO] PluginManager:220 - loadIPPluginJar : add radio
2025-08-10 10:10:10,077 [INFO] IPUIPlugin:80 - create IPUIPlugin
2025-08-10 10:10:10,077 [INFO] PluginManager:220 - loadIPPluginJar : add resmgrutility
2025-08-10 10:10:10,081 [INFO] IPUIPlugin:80 - create IPUIPlugin
2025-08-10 10:10:10,081 [INFO] PluginManager:220 - loadIPPluginJar : add sai
2025-08-10 10:10:10,085 [INFO] IPUIPlugin:80 - create IPUIPlugin
2025-08-10 10:10:10,086 [INFO] PluginManager:220 - loadIPPluginJar : add spi
2025-08-10 10:10:10,094 [INFO] IPUIPlugin:80 - create IPUIPlugin
2025-08-10 10:10:10,094 [INFO] PluginManager:220 - loadIPPluginJar : add stm32_wpan
2025-08-10 10:10:10,096 [INFO] IPUIPlugin:80 - create IPUIPlugin
2025-08-10 10:10:10,097 [INFO] PluginManager:220 - loadIPPluginJar : add tim
2025-08-10 10:10:10,101 [INFO] IPUIPlugin:80 - create IPUIPlugin
2025-08-10 10:10:10,101 [INFO] PluginManager:220 - loadIPPluginJar : add touchsensing
2025-08-10 10:10:10,104 [INFO] IPUIPlugin:80 - create IPUIPlugin
2025-08-10 10:10:10,104 [INFO] PluginManager:220 - loadIPPluginJar : add tracer_emb
2025-08-10 10:10:10,107 [INFO] IPUIPlugin:80 - create IPUIPlugin
2025-08-10 10:10:10,107 [INFO] PluginManager:220 - loadIPPluginJar : add ts
2025-08-10 10:10:10,110 [INFO] IPUIPlugin:80 - create IPUIPlugin
2025-08-10 10:10:10,111 [INFO] PluginManager:220 - loadIPPluginJar : add tsc
2025-08-10 10:10:10,113 [INFO] IPUIPlugin:80 - create IPUIPlugin
2025-08-10 10:10:10,113 [INFO] PluginManager:220 - loadIPPluginJar : add ucpd
2025-08-10 10:10:10,116 [INFO] IPUIPlugin:80 - create IPUIPlugin
2025-08-10 10:10:10,117 [INFO] PluginManager:220 - loadIPPluginJar : add usart
2025-08-10 10:10:10,121 [INFO] IPUIPlugin:80 - create IPUIPlugin
2025-08-10 10:10:10,122 [INFO] PluginManager:220 - loadIPPluginJar : add usbx
2025-08-10 10:10:10,262 [FATAL] Updater:351 - Updater called before beeing initialized
2025-08-10 10:10:10,290 [INFO] RulesReader:64 - Compatibility file has been processed (317 Rules)
2025-08-10 10:10:10,305 [INFO] RulesReader:64 - Compatibility file has been processed (317 Rules)
2025-08-10 10:10:10,318 [INFO] CADModel:165 - CPN selected for project level
2025-08-10 10:10:10,318 [INFO] CADModel:114 - Register for checkConnection events
2025-08-10 10:10:10,318 [FATAL] Updater:351 - Updater called before beeing initialized
2025-08-10 10:10:10,318 [ERROR] CADModel:125 - Updater not yet initialized, retry later 
2025-08-10 10:10:10,525 [FATAL] Updater:351 - Updater called before beeing initialized
2025-08-10 10:10:10,528 [INFO] CADModel:165 - CPN selected for project level
2025-08-10 10:10:10,528 [INFO] CADModel:114 - Register for checkConnection events
2025-08-10 10:10:10,529 [FATAL] Updater:351 - Updater called before beeing initialized
2025-08-10 10:10:10,529 [ERROR] CADModel:125 - Updater not yet initialized, retry later 
2025-08-10 10:10:10,532 [FATAL] Updater:351 - Updater called before beeing initialized
2025-08-10 10:10:10,687 [FATAL] Updater:351 - Updater called before beeing initialized
2025-08-10 10:10:10,691 [INFO] DbMcusAds:53 - JSON generation date=Tue Jul 08 10:14:23 CEST 2025 (1751962463593)
2025-08-10 10:10:10,692 [FATAL] Updater:351 - Updater called before beeing initialized
2025-08-10 10:10:10,730 [WARN] DetailPanel:346 - Failed to get advertising image, set to default
2025-08-10 10:10:10,817 [FATAL] Updater:351 - Updater called before beeing initialized
2025-08-10 10:10:10,819 [FATAL] Updater:351 - Updater called before beeing initialized
2025-08-10 10:10:10,819 [FATAL] Updater:351 - Updater called before beeing initialized
2025-08-10 10:10:10,819 [WARN] DetailPanel:346 - Failed to get advertising image, set to default
2025-08-10 10:10:10,819 [FATAL] Updater:351 - Updater called before beeing initialized
2025-08-10 10:10:10,872 [ERROR] Updater:1198 - MainUpdater not yet initialized. External WinMGr cannot be set.
2025-08-10 10:10:10,875 [INFO] Updater:1134 - Updater Version found : 6.15.0
2025-08-10 10:10:10,891 [INFO] ApplicationProperties:184 - Using Application install path: C:\ST\STM32CubeIDE_1.19.0\STM32CubeIDE\plugins\com.st.stm32cube.common.mx_6.15.0.202507011659
2025-08-10 10:10:12,242 [INFO] ThirdPartyUpdaterWithRetryManager:70 - Updater plugin not ready yet. [2/15]
2025-08-10 10:10:12,463 [ERROR] LogOutputStream:75 - [STDERR_REDIRECT] Aug 10, 2025 10:10:12 AM java.util.prefs.WindowsPreferences <init>
2025-08-10 10:10:12,465 [ERROR] LogOutputStream:75 - [STDERR_REDIRECT] WARNING: Could not open/create prefs root node Software\JavaSoft\Prefs at root 0xffffffff80000002. Windows RegCreateKeyEx(...) returned error code 5.
2025-08-10 10:10:12,465 [ERROR] LogOutputStream:75 - [STDERR_REDIRECT] 
2025-08-10 10:10:12,873 [INFO] MainUpdater:2872 - connection check result : 10
2025-08-10 10:10:12,873 [INFO] MainUpdater:289 - Updater Check For Update Now.
2025-08-10 10:10:12,874 [INFO] MicroXplorer:498 - Change Database Version : DB.6.0.150
2025-08-10 10:10:12,881 [INFO] McuFinderGlobals:63 - Set McuFinder mode to 2 (CubeIDE integrated)
2025-08-10 10:10:12,882 [INFO] UserAuth:487 - Internet connection configuration mode: 1
2025-08-10 10:10:12,921 [INFO] JxBrowserEngine:152 - Initiate JxBrowser Engine with user profile folder
2025-08-10 10:10:13,079 [INFO] CheckServerUpdateThread:120 - End of CheckServer Thread
2025-08-10 10:10:13,085 [INFO] MainUpdater:2872 - connection check result : 10
2025-08-10 10:10:14,052 [INFO] WebApp:169 - Instantiating new browser for Auth
2025-08-10 10:10:15,644 [WARN] PackLoader:240 - Cannot read IP mode file for STMicroelectronics.FP-SNS-MOTENVWB1.1.4.0
2025-08-10 10:10:15,660 [WARN] PackLoader:240 - Cannot read IP mode file for STMicroelectronics.FP-ATR-ASTRA1.2.0.2
2025-08-10 10:10:15,678 [WARN] PackLoader:240 - Cannot read IP mode file for STMicroelectronics.X-CUBE-SMBUS.2.1.0
2025-08-10 10:10:15,691 [WARN] PackLoader:240 - Cannot read IP mode file for STMicroelectronics.X-CUBE-ST60.1.0.0
2025-08-10 10:10:15,696 [INFO] WebApp:463 - Apply proxy settings
2025-08-10 10:10:15,697 [INFO] WebApp:548 - Chromium requires no authentication
2025-08-10 10:10:15,732 [INFO] WebApp:491 - Direct internet connection detected
2025-08-10 10:10:15,753 [WARN] PackLoader:240 - Cannot read IP mode file for STMicroelectronics.X-CUBE-AZRTOS-F7.1.1.0
2025-08-10 10:10:15,814 [WARN] PackLoader:240 - Cannot read IP mode file for Infineon.AIROC-Wi-Fi-Bluetooth-STM32.1.7.1
2025-08-10 10:10:15,821 [INFO] WebApp:900 - Register for checkConnection events
2025-08-10 10:10:15,822 [INFO] WebApp:463 - Apply proxy settings
2025-08-10 10:10:15,823 [INFO] WebApp:548 - Chromium requires no authentication
2025-08-10 10:10:15,829 [INFO] WebApp:491 - Direct internet connection detected
2025-08-10 10:10:15,862 [WARN] PackLoader:240 - Cannot read IP mode file for STMicroelectronics.X-CUBE-AZRTOS-H7.3.4.0
2025-08-10 10:10:15,884 [WARN] PackLoader:240 - Cannot read IP mode file for STMicroelectronics.X-CUBE-DISPLAY.3.0.0
2025-08-10 10:10:15,906 [WARN] PackLoader:240 - Cannot read IP mode file for STMicroelectronics.X-CUBE-NFC10.1.0.0
2025-08-10 10:10:15,920 [WARN] PackLoader:240 - Cannot read IP mode file for emotas.I-CUBE-CANOPEN.1.3.0
2025-08-10 10:10:15,928 [WARN] ConditionMgr:438 - getConditionDescription Invalid condition id : Cortex-A Device cause : null
2025-08-10 10:10:15,950 [WARN] ConditionMgr:1044 - genDependencies : Invalid condition id : Cortex-A Device cause : null
2025-08-10 10:10:15,950 [WARN] ConditionMgr:1044 - genDependencies : Invalid condition id : Cortex-A Device cause : null
2025-08-10 10:10:15,951 [WARN] ConditionMgr:1044 - genDependencies : Invalid condition id : Cortex-A Device cause : null
2025-08-10 10:10:15,963 [WARN] PackLoader:240 - Cannot read IP mode file for STMicroelectronics.FP-SNS-STBOX1.2.1.0
2025-08-10 10:10:15,974 [WARN] PackLoader:240 - Cannot read IP mode file for STMicroelectronics.FP-SNS-SMARTAG2.1.2.0
2025-08-10 10:10:15,984 [WARN] PackLoader:240 - Cannot read IP mode file for STMicroelectronics.FP-SNS-FLIGHT1.5.1.0
2025-08-10 10:10:16,001 [INFO] LogOutputStream:77 - [STDOUT_REDIRECT] 1 : Invalid condition id : UX_CORESTACK_Condition cause : null
2025-08-10 10:10:16,002 [INFO] LogOutputStream:77 - [STDOUT_REDIRECT] 1 : Invalid condition id : UX_CORESTACK_Condition cause : null
2025-08-10 10:10:16,004 [INFO] LogOutputStream:77 - [STDOUT_REDIRECT] 1 : Invalid condition id : UX_CORESTACK_Condition cause : null
2025-08-10 10:10:16,006 [INFO] LogOutputStream:77 - [STDOUT_REDIRECT] 1 : Invalid condition id : UX_CORESTACK_Condition cause : null
2025-08-10 10:10:16,008 [INFO] LogOutputStream:77 - [STDOUT_REDIRECT] 1 : Invalid condition id : UX_CORESTACK_Condition cause : null
2025-08-10 10:10:16,013 [WARN] PackLoader:240 - Cannot read IP mode file for STMicroelectronics.X-CUBE-AZRTOS-WL.2.0.0
2025-08-10 10:10:16,022 [WARN] PackLoader:240 - Cannot read IP mode file for STMicroelectronics.FP-SNS-MOTENV1.5.0.0
2025-08-10 10:10:16,039 [WARN] PackLoader:240 - Cannot read IP mode file for WES.I-CUBE-Cesium.1.3.0
2025-08-10 10:10:16,050 [WARN] PackLoader:240 - Cannot read IP mode file for STMicroelectronics.X-CUBE-BLE2.3.3.0
2025-08-10 10:10:16,061 [WARN] PackLoader:240 - Cannot read IP mode file for STMicroelectronics.X-CUBE-NFC9.1.0.0
2025-08-10 10:10:16,075 [WARN] PackLoader:240 - Cannot read IP mode file for wolfSSL.I-CUBE-wolfSSL.5.8.0
2025-08-10 10:10:16,085 [WARN] PackLoader:240 - Cannot read IP mode file for STMicroelectronics.X-CUBE-BLE1.7.1.0
2025-08-10 10:10:16,102 [WARN] PackLoader:240 - Cannot read IP mode file for wolfSSL.I-CUBE-wolfMQTT.1.19.2
2025-08-10 10:10:16,127 [WARN] PackLoader:240 - Cannot read IP mode file for STMicroelectronics.X-CUBE-EEPRMA1.5.2.0
2025-08-10 10:10:16,136 [WARN] PackLoader:240 - Cannot read IP mode file for STMicroelectronics.X-CUBE-AI.10.1.0
2025-08-10 10:10:16,158 [WARN] PackLoader:240 - Cannot read IP mode file for STMicroelectronics.X-CUBE-AZRTOS-G0.1.1.0
2025-08-10 10:10:16,173 [WARN] PackLoader:240 - Cannot read IP mode file for STMicroelectronics.X-CUBE-SAFEA1.1.2.2
2025-08-10 10:10:16,188 [WARN] PackLoader:240 - Cannot read IP mode file for STMicroelectronics.X-CUBE-NFC4.3.0.0
2025-08-10 10:10:16,202 [WARN] PackLoader:240 - Cannot read IP mode file for EmbeddedOffice.I-CUBE-FS-RTOS.1.0.1
2025-08-10 10:10:16,212 [WARN] PackLoader:240 - Cannot read IP mode file for STMicroelectronics.X-CUBE-WB05N.2.0.0
2025-08-10 10:10:16,220 [WARN] PackLoader:240 - Cannot read IP mode file for wolfSSL.I-CUBE-wolfTPM.3.8.0
2025-08-10 10:10:16,232 [WARN] PackLoader:240 - Cannot read IP mode file for STMicroelectronics.X-CUBE-TCPP.4.2.0
2025-08-10 10:10:16,249 [WARN] PackLoader:240 - Cannot read IP mode file for RealThread.X-CUBE-RT-Thread_Nano.4.1.1
2025-08-10 10:10:16,257 [WARN] PackLoader:240 - Cannot read IP mode file for STMicroelectronics.FP-ATR-SIGFOX1.3.2.0
2025-08-10 10:10:16,269 [WARN] PackLoader:240 - Cannot read IP mode file for ITTIA_DB.I-CUBE-ITTIADB.8.9.0
2025-08-10 10:10:16,281 [WARN] PackLoader:240 - Cannot read IP mode file for STMicroelectronics.X-CUBE-ST67W61.1.0.0
2025-08-10 10:10:16,289 [WARN] PackLoader:240 - Cannot read IP mode file for STMicroelectronics.X-CUBE-AI.10.2.0
2025-08-10 10:10:16,327 [WARN] PackLoader:240 - Cannot read IP mode file for SEGGER.I-CUBE-embOS.1.3.1
2025-08-10 10:10:16,374 [INFO] WebApp:191 - Connection restablished
2025-08-10 10:10:16,382 [WARN] PackLoader:240 - Cannot read IP mode file for STMicroelectronics.X-CUBE-ALGOBUILD.1.4.0
2025-08-10 10:10:16,448 [WARN] PackLoader:240 - Cannot read IP mode file for STMicroelectronics.X-CUBE-MEMS1.11.3.0
2025-08-10 10:10:16,678 [INFO] WebApp:225 - Starting web application
2025-08-10 10:10:16,679 [INFO] WebApp:593 - Web application path used C:\ST\STM32CubeIDE_1.19.0\STM32CubeIDE\plugins\com.st.stm32cube.common.mx_6.15.0.202507011659\db\plugins\mcufinder\reactClient1\index.html
2025-08-10 10:10:16,683 [WARN] PackLoader:240 - Cannot read IP mode file for STMicroelectronics.X-CUBE-PM33A1.1.0.0
2025-08-10 10:10:16,707 [WARN] PackLoader:240 - Cannot read IP mode file for STMicroelectronics.X-CUBE-AZRTOS-F4.1.1.0
2025-08-10 10:10:16,723 [WARN] PackLoader:240 - Cannot read IP mode file for Avnet-IotConnect.X-CUBE-IoTC-DA16k-PMOD.1.0.0
2025-08-10 10:10:16,731 [WARN] PackLoader:240 - Cannot read IP mode file for STMicroelectronics.X-CUBE-ISPU.2.1.0
2025-08-10 10:10:16,751 [WARN] PackLoader:240 - Cannot read IP mode file for STMicroelectronics.X-CUBE-NFC12.1.0.0
2025-08-10 10:10:16,782 [WARN] PackLoader:240 - Cannot read IP mode file for STMicroelectronics.X-CUBE-AZRTOS-L5.2.0.0
2025-08-10 10:10:16,799 [WARN] PackLoader:240 - Cannot read IP mode file for STMicroelectronics.X-CUBE-NFC6.3.1.0
2025-08-10 10:10:16,815 [WARN] PackLoader:240 - Cannot read IP mode file for STMicroelectronics.X-CUBE-FREERTOS.1.3.1
2025-08-10 10:10:16,825 [WARN] PackLoader:240 - Cannot read IP mode file for STMicroelectronics.FP-SNS-STAIOTCFT.1.0.0
2025-08-10 10:10:16,838 [WARN] PackLoader:240 - Cannot read IP mode file for STMicroelectronics.X-CUBE-DPower.1.3.0
2025-08-10 10:10:16,864 [WARN] ConditionMgr:438 - getConditionDescription Invalid condition id : LAN8742 Phy interface Condition cause : null
2025-08-10 10:10:16,866 [WARN] PackLoader:240 - Cannot read IP mode file for STMicroelectronics.X-CUBE-AZRTOS-L4.2.0.0
2025-08-10 10:10:16,868 [WARN] ConditionMgr:1044 - genDependencies : Invalid condition id : LAN8742 Phy interface Condition cause : null
2025-08-10 10:10:16,869 [WARN] ConditionMgr:1044 - genDependencies : Invalid condition id : LAN8742 Phy interface Condition cause : null
2025-08-10 10:10:16,870 [WARN] ConditionMgr:1044 - genDependencies : Invalid condition id : LAN8742 Phy interface Condition cause : null
2025-08-10 10:10:16,885 [WARN] PackLoader:240 - Cannot read IP mode file for STMicroelectronics.X-CUBE-SFXS2LP1.4.0.0
2025-08-10 10:10:16,921 [WARN] PackLoader:240 - Cannot read IP mode file for STMicroelectronics.X-CUBE-BLEMGR.4.1.0
2025-08-10 10:10:16,946 [WARN] ConditionMgr:438 - getConditionDescription Invalid condition id : UX DEVICE CLASS RTOS Condition cause : null
2025-08-10 10:10:16,947 [WARN] ConditionMgr:438 - getConditionDescription Invalid condition id : UX DEVICE CLASS RTOS Condition cause : null
2025-08-10 10:10:16,950 [WARN] PackLoader:240 - Cannot read IP mode file for STMicroelectronics.X-CUBE-AZRTOS-WB.2.0.0
2025-08-10 10:10:16,951 [WARN] ConditionMgr:1044 - genDependencies : Invalid condition id : UX DEVICE CLASS RTOS Condition cause : null
2025-08-10 10:10:16,951 [WARN] ConditionMgr:1044 - genDependencies : Invalid condition id : UX DEVICE CLASS RTOS Condition cause : null
2025-08-10 10:10:16,952 [WARN] ConditionMgr:1044 - genDependencies : Invalid condition id : UX DEVICE CLASS RTOS Condition cause : null
2025-08-10 10:10:16,952 [WARN] ConditionMgr:1044 - genDependencies : Invalid condition id : UX DEVICE CLASS RTOS Condition cause : null
2025-08-10 10:10:16,953 [WARN] ConditionMgr:1044 - genDependencies : Invalid condition id : UX DEVICE CLASS RTOS Condition cause : null
2025-08-10 10:10:16,967 [WARN] PackLoader:240 - Cannot read IP mode file for STMicroelectronics.X-CUBE-GNSS1.7.0.1
2025-08-10 10:10:17,003 [WARN] PackLoader:240 - Cannot read IP mode file for STMicroelectronics.X-CUBE-TOUCHGFX.4.25.0
2025-08-10 10:10:17,198 [WARN] PackLoader:240 - Cannot read IP mode file for STMicroelectronics.FP-SNS-STBOX1.2.0.0
2025-08-10 10:10:17,217 [WARN] PackLoader:240 - Cannot read IP mode file for STMicroelectronics.X-CUBE-SUBG2.5.0.0
2025-08-10 10:10:17,249 [WARN] PackLoader:240 - Cannot read IP mode file for STMicroelectronics.X-CUBE-AZRTOS-H7RS.1.1.0
2025-08-10 10:10:17,262 [WARN] PackLoader:240 - Cannot read IP mode file for Cesanta.I-CUBE-Mongoose.7.13.0
2025-08-10 10:10:17,285 [WARN] PackLoader:240 - Cannot read IP mode file for STMicroelectronics.X-CUBE-AZRTOS-G4.2.0.0
2025-08-10 10:10:17,297 [WARN] PackLoader:240 - Cannot read IP mode file for wolfSSL.I-CUBE-wolfSSH.1.4.20
2025-08-10 10:10:17,307 [WARN] PackLoader:240 - Cannot read IP mode file for STMicroelectronics.X-CUBE-NFC7.2.0.0
2025-08-10 10:10:17,326 [WARN] PackLoader:240 - Cannot read IP mode file for STMicroelectronics.X-CUBE-IPS.3.1.0
2025-08-10 10:10:17,344 [WARN] PackLoader:240 - Cannot read IP mode file for STMicroelectronics.X-CUBE-ALS.1.0.2
2025-08-10 10:10:17,360 [WARN] PackLoader:240 - Cannot read IP mode file for portGmbH.I-Cube-SoM-uGOAL.1.1.0
2025-08-10 10:10:17,377 [WARN] PackLoader:240 - Cannot read IP mode file for STMicroelectronics.X-CUBE-TOF1.3.4.3
2025-08-10 10:10:17,389 [INFO] ThirdParty:978 - Integrity check success = true
2025-08-10 10:10:17,390 [INFO] IntegrityCheckThread:100 - exiting critical section [integrity check]
2025-08-10 10:10:17,390 [INFO] IntegrityCheckThread:103 - End integrity checks thread
2025-08-10 10:10:17,874 [INFO] UserAuth:487 - Internet connection configuration mode: 1
2025-08-10 10:10:25,878 [INFO] ApiDb:581 - Connected to CubeFinder SQLite database (C:\Users\joaki\.stmcufinder\plugins\mcufinder\mcu\cube-finder-db.db)
2025-08-10 10:10:26,001 [INFO] ApiDb:668 - CubeFinder database Data Model version=2.1
2025-08-10 10:10:26,001 [INFO] ApiDb:669 - CubeFinder database Configuration version=3.0.39
2025-08-10 10:10:26,001 [INFO] ApiDb:670 - CubeFinder database generation date=2025-07-24 (1753349077)
2025-08-10 10:10:26,002 [INFO] ApiDb:671 - CubeFinder database FW Pack versions=[FP-ATR-ASTRA1_V2.0.0, FP-SNS-FLIGHT1_V5.1.0, FP-SNS-MOTENV1_V5.0.0, FP-SNS-MOTENVWB1_V1.4.0, FP-SNS-SMARTAG2_V1.2.0, FP-SNS-STBOX1_V2.0.0, STM32Cube_FW_C0_V1.4.0, STM32Cube_FW_F4_V1.28.2, STM32Cube_FW_F7_V1.17.3, STM32Cube_FW_G0_V1.6.2, STM32Cube_FW_G4_V1.6.1, STM32Cube_FW_H5_V1.5.0, STM32Cube_FW_H7RS_V1.2.0, STM32Cube_FW_H7_V1.12.1, STM32Cube_FW_L0_V1.12.2, STM32Cube_FW_L4_V1.18.1, STM32Cube_FW_L5_V1.5.1, STM32Cube_FW_N6_V1.2.0, STM32Cube_FW_U0_V1.3.0, STM32Cube_FW_U3_V1.2.0, STM32Cube_FW_U5_V1.8.0, STM32Cube_FW_WB0_V1.3.0, STM32Cube_FW_WBA_V1.7.0, STM32Cube_FW_WB_V1.23.0, STM32Cube_FW_WL3_V1.2.0, STM32Cube_FW_WL_V1.3.1, X-CUBE-ALGOBUILD_V1.4.0, X-CUBE-ALS_V1.0.2, X-CUBE-AZRTOS-F4_V1.1.0, X-CUBE-AZRTOS-F7_V1.1.0, X-CUBE-AZRTOS-G0_V1.1.0, X-CUBE-AZRTOS-G4_V2.0.0, X-CUBE-AZRTOS-H7RS_V1.1.0, X-CUBE-AZRTOS-H7_V3.4.0, X-CUBE-AZRTOS-L4_V2.0.0, X-CUBE-AZRTOS-L5_V2.0.0, X-CUBE-AZRTOS-WB_V2.0.0, X-CUBE-AZRTOS-WL_V2.0.0, X-CUBE-BLE1_V7.1.0, X-CUBE-BLE2_V3.3.0, X-CUBE-BLEMGR_V4.1.0, X-CUBE-EEPRMA1_V5.2.0, X-CUBE-FREERTOS_V1.3.1, X-CUBE-GNSS1_V6.0.0, X-CUBE-MEMS1_V11.3.0, X-CUBE-NFC4_V3.0.0, X-CUBE-NFC7_V2.0.0, X-CUBE-SFXS2LP1_V4.0.0, X-CUBE-ST67W61_V1.0.0, X-CUBE-SUBG2_V5.0.0, X-CUBE-TOF1_V3.4.3]
2025-08-10 10:10:29,812 [INFO] ApiDb:240 - Found 880 in-development CPN: [B-G473E-ZEST1S, B-WB1M-WPAN1, B-WBA5M-WPAN, B-WL5M-SUBG1, NUCLEO-C031C6, NUCLEO-C051C8, NUCLEO-C071RB, NUCLEO-C092RC, NUCLEO-H503RB, NUCLEO-H533RE, NUCLEO-H563ZI, NUCLEO-H7S3L8, NUCLEO-N657X0-Q, NUCLEO-U031R8, NUCLEO-U083RC, NUCLEO-U385RG-Q, NUCLEO-U545RE-Q, NUCLEO-U5A5ZJ-Q, NUCLEO-WB05KZ, NUCLEO-WB07CC, NUCLEO-WB09KE, NUCLEO-WBA52CG, NUCLEO-WBA55CG, NUCLEO-WL33CC1, NUCLEO-WL33CC2, STEVAL-PROTEUS1, STEVAL-SMARTAG2, STEVAL-STWINBX1, STM320518-EVAL, STM32C0116-DK, STM32C011D6Y3TR, STM32C011D6Y6TR, STM32C011F4P3, STM32C011F4P6, STM32C011F4U3, STM32C011F4U6TR, STM32C011F6P3, STM32C011F6P6, STM32C011F6U3, STM32C011F6U6TR, STM32C011J4M3, STM32C011J4M6, STM32C011J6M3, STM32C011J6M6, STM32C0316-DK, STM32C031C4T3, STM32C031C4T6, STM32C031C4U3, STM32C031C4U6, STM32C031C6T3, STM32C031C6T6, STM32C031C6U3, STM32C031C6U6, STM32C031F4P3, STM32C031F4P6, STM32C031F6P3, STM32C031F6P6, STM32C031G4U3, STM32C031G4U6, STM32C031G6U3, STM32C031G6U6, STM32C031K4T3, STM32C031K4T6, STM32C031K4U3, STM32C031K4U6, STM32C031K6T3, STM32C031K6T6, STM32C031K6U3, STM32C031K6U6, STM32C051C6T6, STM32C051C6U6, STM32C051C8T6, STM32C051C8U6, STM32C051D8Y6TR, STM32C051F6P6, STM32C051F8P6, STM32C051G6U6, STM32C051G8U6, STM32C051K6T6, STM32C051K6U6, STM32C051K8T6, STM32C071C8T6, STM32C071C8T6N, STM32C071C8U6, STM32C071C8U6N, STM32C071CBT6, STM32C071CBT6N, STM32C071CBU6, STM32C071CBU6N, STM32C071F8P6, STM32C071F8P6N, STM32C071FBP6, STM32C071FBP6N, STM32C071FBY6TR, STM32C071G8U6, STM32C071G8U6N, STM32C071GBU6, STM32C071GBU6N, STM32C071K8T6, STM32C071K8T6N, STM32C071K8U6, STM32C071K8U6N, STM32C071KBT6, STM32C071KBT6N, STM32C071KBU6, STM32C071KBU6N, STM32C071R8T6, STM32C071R8T6N, STM32C071RBI6N, STM32C071RBT6, STM32C071RBT6N, STM32C091CBT6, STM32C091CBU6, STM32C091CCT6, STM32C091CCU6, STM32C091ECY6TR, STM32C091FBP6, STM32C091FCP6, STM32C091GBU6, STM32C091GCU6, STM32C091KBT6, STM32C091KBU6, STM32C091KCT6, STM32C091KCU6, STM32C091RBT6, STM32C091RCI6, STM32C091RCT6, STM32C092CBT6, STM32C092CBU6, STM32C092CCT6, STM32C092CCU6, STM32C092ECY6TR, STM32C092FBP6, STM32C092FCP6, STM32C092GBU6, STM32C092GCU6, STM32C092KBT6, STM32C092KBU6, STM32C092KCT6, STM32C092KCU6, STM32C092RBT6, STM32C092RCI6, STM32C092RCT6, STM32G071K8TXN, STM32G071K8UXN, STM32G081GBU6N, STM32G081KBT6N, STM32G081KBUXN, STM32G0B1CCT6N, STM32G0B1KCT6, STM32G0B1NEY6TR, STM32G0B1RCT6N, STM32G0C1CCT6, STM32G0C1CCT6N, STM32G0C1CCU6N, STM32G0C1CET6N, STM32G0C1CEU6N, STM32G0C1KCT6, STM32G0C1NEY6TR, STM32G0C1RCI6N, STM32G0C1RCT6N, STM32G0C1REI6N, STM32G0C1RET6N, STM32G0C1VCI6, STM32G0C1VEI6, STM32G411C6T3, STM32G411C6T6, STM32G411C6U3, STM32G411C6U6, STM32G411C8T3, STM32G411C8T6, STM32G411C8U3, STM32G411C8U6, STM32G411CBT3, STM32G411CBT6, STM32G411CBU3, STM32G411CBU6, STM32G411K6T3, STM32G411K6T6, STM32G411K6U3, STM32G411K6U6, STM32G411K8T3, STM32G411K8T6, STM32G411K8U3, STM32G411K8U6, STM32G411KBT3, STM32G411KBT6, STM32G411KBU3, STM32G411KBU6, STM32G411M6T3, STM32G411M6T6, STM32G411M8T3, STM32G411M8T6, STM32G411MBT3, STM32G411MBT6, STM32G411R6T3, STM32G411R6T6, STM32G411R8T3, STM32G411R8T6, STM32G411RBT3, STM32G411RBT6, STM32G414CBT3, STM32G414CBT6, STM32G414CBU3, STM32G414CBU6, STM32G414CCT3, STM32G414CCT6, STM32G414CCU3, STM32G414CCU6, STM32G414MBT3, STM32G414MBT6, STM32G414MCT3, STM32G414MCT6, STM32G414RBT3, STM32G414RBT6, STM32G414RCT3, STM32G414RCT6, STM32G414VBT3, STM32G414VBT6, STM32G414VCT3, STM32G414VCT6, STM32G431CBT3Z, STM32G431RBT3Z, STM32G471CCT6, STM32G471CCU6, STM32G471CET3, STM32G471CET6, STM32G471CEU3, STM32G471CEU6, STM32G471MCT6, STM32G471MET3, STM32G471MET6, STM32G471MEY6TR, STM32G471QCT6, STM32G471QET3, STM32G471RCT6, STM32G471RET3, STM32G471RET6, STM32G471VCH6, STM32G471VCI6, STM32G471VCT6, STM32G471VEH3, STM32G471VEH6, STM32G471VEI3, STM32G471VEI6, STM32G471VET3, STM32G471VET6, STM32G473QET3Z, STM32G473RET3Z, STM32G474CCT6, STM32G491RET3Z, STM32H503CBT6, STM32H503CBU6, STM32H503EBY6TR, STM32H503KBU6, STM32H503RBT6, STM32H523CCT6, STM32H523CCU6, STM32H523CET6, STM32H523CEU6, STM32H523HEY6TR, STM32H523RCT6, STM32H523RET6, STM32H523VCI6, STM32H523VCT6, STM32H523VEI6, STM32H523VET6, STM32H523ZCJ6, STM32H523ZCT6, STM32H523ZEJ6, STM32H523ZET6, STM32H533CET6, STM32H533CEU6, STM32H533HEY6TR, STM32H533RET6, STM32H533VEI6, STM32H533VET6, STM32H533ZEJ6, STM32H533ZET6, STM32H562AGI6, STM32H562AII6, STM32H562IGK6, STM32H562IGT6, STM32H562IIK6, STM32H562IIT6, STM32H562RGT6, STM32H562RGV6, STM32H562RIT6, STM32H562RIV6, STM32H562VGT6, STM32H562VIT6, STM32H562ZGT6, STM32H562ZIT6, STM32H563AGI6, STM32H563AII3Q, STM32H563AII6, STM32H563IGK6, STM32H563IGT6, STM32H563IIK3Q, STM32H563IIK6, STM32H563IIT3Q, STM32H563IIT6, STM32H563MIY3QTR, STM32H563RGT6, STM32H563RGV6, STM32H563RIT6, STM32H563RIV6, STM32H563VGT6, STM32H563VIT3Q, STM32H563VIT6, STM32H563ZGT6, STM32H563ZIT3Q, STM32H563ZIT6, STM32H573AII3Q, STM32H573AII6, STM32H573I-DK, STM32H573IIK3Q, STM32H573IIK6, STM32H573IIT3Q, STM32H573IIT6, STM32H573MIY3QTR, STM32H573RIT6, STM32H573RIV6, STM32H573VIT3Q, STM32H573VIT6, STM32H573ZIT3Q, STM32H573ZIT6, STM32H7R3A8I6, STM32H7R3I8K6, STM32H7R3I8T6, STM32H7R3L8H6, STM32H7R3L8H6H, STM32H7R3R8V6, STM32H7R3V8H6, STM32H7R3V8T6, STM32H7R3V8Y6TR, STM32H7R3Z8J6, STM32H7R3Z8T6, STM32H7R7A8I6, STM32H7R7I8K6, STM32H7R7I8T6, STM32H7R7L8H6, STM32H7R7L8H6H, STM32H7R7Z8J6, STM32H7S3A8I6, STM32H7S3I8K6, STM32H7S3I8T6, STM32H7S3L8H6, STM32H7S3L8H6H, STM32H7S3R8V6, STM32H7S3V8H6, STM32H7S3V8T6, STM32H7S3V8Y6TR, STM32H7S3Z8J6, STM32H7S3Z8T6, STM32H7S78-DK, STM32H7S7A8I6, STM32H7S7I8K6, STM32H7S7I8T6, STM32H7S7L8H6, STM32H7S7L8H6H, STM32H7S7Z8J6, STM32L4R5QGI6STR, STM32MP131AAE3, STM32MP131AAF3, STM32MP131AAG3, STM32MP131CAE3, STM32MP131CAF3, STM32MP131CAG3, STM32MP131DAE7, STM32MP131DAF7, STM32MP131DAG7, STM32MP131FAE7, STM32MP131FAF7, STM32MP131FAG7, STM32MP133AAE3, STM32MP133AAF3, STM32MP133AAG3, STM32MP133CAE3, STM32MP133CAF3, STM32MP133CAG3, STM32MP133DAE7, STM32MP133DAF7, STM32MP133DAG7, STM32MP133FAE7, STM32MP133FAF7, STM32MP133FAG7, STM32MP135AAE3, STM32MP135AAF3, STM32MP135AAG3, STM32MP135CAE3, STM32MP135CAF3, STM32MP135CAG3, STM32MP135DAE7, STM32MP135DAF7, STM32MP135DAG7, STM32MP135F-DK, STM32MP135FAE7, STM32MP135FAF7, STM32MP135FAF7T, STM32MP135FAF7U, STM32MP135FAG7, STM32MP211AAL3, STM32MP211AAM3, STM32MP211AAN3, STM32MP211AAO3, STM32MP211CAL3, STM32MP211CAM3, STM32MP211CAN3, STM32MP211CAO3, STM32MP211DAL3, STM32MP211DAM3, STM32MP211DAN3, STM32MP211DAO3, STM32MP211FAL3, STM32MP211FAM3, STM32MP211FAN3, STM32MP211FAO3, STM32MP213AAL3, STM32MP213AAM3, STM32MP213AAN3, STM32MP213AAO3, STM32MP213CAL3, STM32MP213CAM3, STM32MP213CAN3, STM32MP213CAO3, STM32MP213DAL3, STM32MP213DAM3, STM32MP213DAN3, STM32MP213DAO3, STM32MP213FAL3, STM32MP213FAM3, STM32MP213FAN3, STM32MP213FAO3, STM32MP215AAL3, STM32MP215AAM3, STM32MP215AAN3, STM32MP215AAO3, STM32MP215CAL3, STM32MP215CAM3, STM32MP215CAN3, STM32MP215CAO3, STM32MP215DAL3, STM32MP215DAM3, STM32MP215DAN3, STM32MP215DAO3, STM32MP215F-DK, STM32MP215FAL3, STM32MP215FAM3, STM32MP215FAN3, STM32MP215FAO3, STM32MP231AAJ3, STM32MP231AAK3, STM32MP231AAL3, STM32MP231CAJ3, STM32MP231CAK3, STM32MP231CAL3, STM32MP231DAJ3, STM32MP231DAK3, STM32MP231DAL3, STM32MP231FAJ3, STM32MP231FAK3, STM32MP231FAL3, STM32MP233AAJ3, STM32MP233AAK3, STM32MP233AAL3, STM32MP233CAJ3, STM32MP233CAK3, STM32MP233CAL3, STM32MP233DAJ3, STM32MP233DAK3, STM32MP233DAL3, STM32MP233FAJ3, STM32MP233FAK3, STM32MP233FAL3, STM32MP235AAJ3, STM32MP235AAK3, STM32MP235AAL3, STM32MP235CAJ3, STM32MP235CAK3, STM32MP235CAL3, STM32MP235DAJ3, STM32MP235DAK3, STM32MP235DAL3, STM32MP235FAJ3, STM32MP235FAK3, STM32MP235FAL3, STM32MP251AAI3, STM32MP251AAK3, STM32MP251AAL3, STM32MP251CAI3, STM32MP251CAK3, STM32MP251CAL3, STM32MP251DAI3, STM32MP251DAK3, STM32MP251DAL3, STM32MP251FAI3, STM32MP251FAK3, STM32MP251FAL3, STM32MP253AAI3, STM32MP253AAK3, STM32MP253AAL3, STM32MP253CAI3, STM32MP253CAK3, STM32MP253CAL3, STM32MP253DAI3, STM32MP253DAK3, STM32MP253DAL3, STM32MP253FAI3, STM32MP253FAK3, STM32MP253FAL3, STM32MP255AAI3, STM32MP255AAK3, STM32MP255AAL3, STM32MP255CAI3, STM32MP255CAK3, STM32MP255CAL3, STM32MP255DAI3, STM32MP255DAK3, STM32MP255DAL3, STM32MP255FAI3, STM32MP255FAK3, STM32MP255FAL3, STM32MP257AAI3, STM32MP257AAK3, STM32MP257AAL3, STM32MP257CAI3, STM32MP257CAK3, STM32MP257CAL3, STM32MP257DAI3, STM32MP257DAK3, STM32MP257DAL3, STM32MP257F-DK, STM32MP257F-EV1, STM32MP257FAI3, STM32MP257FAK3, STM32MP257FAL3, STM32N645A0H3Q, STM32N645B0H3Q, STM32N645I0H3Q, STM32N645L0H3Q, STM32N645X0H3Q, STM32N645Z0H3Q, STM32N647A0H3Q, STM32N647B0H3Q, STM32N647I0H3Q, STM32N647L0H3Q, STM32N647X0H3Q, STM32N647Z0H3Q, STM32N655A0H3Q, STM32N655B0H3Q, STM32N655I0H3Q, STM32N655L0H3Q, STM32N655X0H3Q, STM32N655Z0H3Q, STM32N6570-DK, STM32N657A0H3Q, STM32N657B0H3Q, STM32N657I0H3Q, STM32N657L0H3Q, STM32N657X0H3Q, STM32N657Z0H3Q, STM32U031C6T6, STM32U031C6U6, STM32U031C8T6, STM32U031C8U6, STM32U031F4P6, STM32U031F6P6, STM32U031F8P6, STM32U031G6Y6TR, STM32U031G8Y6TR, STM32U031K4U6, STM32U031K6U6, STM32U031K8U6, STM32U031R6I6, STM32U031R6T6, STM32U031R8I6, STM32U031R8T6, STM32U073C8T6, STM32U073C8U6, STM32U073CBT6, STM32U073CBU6, STM32U073CCT6, STM32U073CCU6, STM32U073H8Y6TR, STM32U073HBY6TR, STM32U073HCY6TR, STM32U073K8U6, STM32U073KBU6, STM32U073KCU6, STM32U073M8I6, STM32U073M8T6, STM32U073MBI6, STM32U073MBT6, STM32U073MCI6, STM32U073MCT6, STM32U073R8I6, STM32U073R8T6, STM32U073RBI6, STM32U073RBT6, STM32U073RCI6, STM32U073RCT6, STM32U083C-DK, STM32U083CCT6, STM32U083CCU6, STM32U083HCY6TR, STM32U083KCU6, STM32U083MCI6, STM32U083MCT6, STM32U083RCI6, STM32U083RCT6, STM32U375CET6, STM32U375CET6Q, STM32U375CEU6, STM32U375CEU6Q, STM32U375CEY6QTR, STM32U375CGT6, STM32U375CGT6Q, STM32U375CGU6, STM32U375CGU6Q, STM32U375CGY6QTR, STM32U375KEU6, STM32U375KGU6, STM32U375REI6, STM32U375REI6Q, STM32U375RET6, STM32U375RET6Q, STM32U375REY6GTR, STM32U375REY6QTR, STM32U375RGI6, STM32U375RGI6Q, STM32U375RGT6, STM32U375RGT6Q, STM32U375RGY6GTR, STM32U375RGY6QTR, STM32U375VEI6, STM32U375VEI6Q, STM32U375VET6, STM32U375VET6Q, STM32U375VGI6, STM32U375VGI6Q, STM32U375VGT6, STM32U375VGT6Q, STM32U385CGT6, STM32U385CGT6Q, STM32U385CGU6, STM32U385CGU6Q, STM32U385CGY6QTR, STM32U385KGU6, STM32U385RGI6, STM32U385RGI6Q, STM32U385RGT6, STM32U385RGT6Q, STM32U385RGY6GTR, STM32U385RGY6QTR, STM32U385VGI6, STM32U385VGI6Q, STM32U385VGT6, STM32U385VGT6Q, STM32U535CBT6, STM32U535CBT6Q, STM32U535CBU6, STM32U535CBU6Q, STM32U535CCT6, STM32U535CCT6Q, STM32U535CCU6, STM32U535CCU6Q, STM32U535CET6, STM32U535CET6Q, STM32U535CEU6, STM32U535CEU6Q, STM32U535JEY6QTR, STM32U535NCY6QTR, STM32U535NEY6QTR, STM32U535RBI6, STM32U535RBI6Q, STM32U535RBT6, STM32U535RBT6Q, STM32U535RCI6, STM32U535RCI6Q, STM32U535RCT6, STM32U535RCT6Q, STM32U535REI6, STM32U535REI6Q, STM32U535RET6, STM32U535RET6Q, STM32U535VCI6, STM32U535VCI6Q, STM32U535VCT6, STM32U535VCT6Q, STM32U535VEI6, STM32U535VEI6Q, STM32U535VET6, STM32U535VET6Q, STM32U545CET6, STM32U545CET6Q, STM32U545CEU6, STM32U545CEU6Q, STM32U545JEY6QTR, STM32U545NEY6QTR, STM32U545REI6, STM32U545REI6Q, STM32U545RET6, STM32U545RET6Q, STM32U545VEI6, STM32U545VEI6Q, STM32U545VET6, STM32U545VET6Q, STM32U595AIH6, STM32U595AIH6Q, STM32U595AJH6, STM32U595AJH6Q, STM32U595QII6, STM32U595QII6Q, STM32U595QJI6, STM32U595QJI6Q, STM32U595RIT6, STM32U595RIT6Q, STM32U595RJT6, STM32U595RJT6Q, STM32U595VIT6, STM32U595VIT6Q, STM32U595VJT6, STM32U595VJT6Q, STM32U595ZIT6, STM32U595ZIT6Q, STM32U595ZIY6QTR, STM32U595ZJT6, STM32U595ZJT6Q, STM32U595ZJY6QTR, STM32U599BJY6QTR, STM32U599NIH6Q, STM32U599NJH6Q, STM32U599VIT6Q, STM32U599VJT6, STM32U599VJT6Q, STM32U599ZIT6Q, STM32U599ZIY6QTR, STM32U599ZJT6Q, STM32U599ZJY6QTR, STM32U5A5AJH6, STM32U5A5AJH6Q, STM32U5A5QII3Q , STM32U5A5QJI6, STM32U5A5QJI6Q, STM32U5A5RJT6, STM32U5A5RJT6Q, STM32U5A5VJT6, STM32U5A5VJT6Q, STM32U5A5ZJT6, STM32U5A5ZJT6Q, STM32U5A5ZJY6QTR, STM32U5A9BJY6QTR, STM32U5A9J-DK, STM32U5A9NJH6Q, STM32U5A9VJT6Q, STM32U5A9ZJT6Q, STM32U5A9ZJY6QTR, STM32U5F7VIT6, STM32U5F7VIT6Q, STM32U5F7VJT6, STM32U5F7VJT6Q, STM32U5F9BJY6QTR, STM32U5F9NJH6Q, STM32U5F9VIT6Q, STM32U5F9VJT6Q, STM32U5F9ZIJ6QTR, STM32U5F9ZIT6Q, STM32U5F9ZJJ6QTR, STM32U5F9ZJT6Q, STM32U5G7VJT6, STM32U5G7VJT6Q, STM32U5G9BJY6QTR, STM32U5G9J-DK1, STM32U5G9J-DK2, STM32U5G9NJH6Q, STM32U5G9VJT6Q, STM32U5G9ZJJ6QTR, STM32U5G9ZJT6Q, STM32WB05KZV6TR, STM32WB05KZV7TR, STM32WB05TZF6TR, STM32WB05TZF7TR, STM32WB06CCF6TR, STM32WB06CCF7TR, STM32WB06CCV6TR, STM32WB06CCV7TR, STM32WB06KCV6TR, STM32WB06KCV7TR, STM32WB07CCF6TR, STM32WB07CCF7TR, STM32WB07CCV6TR, STM32WB07CCV7TR, STM32WB07KCV6TR, STM32WB07KCV7TR, STM32WB09KEV6TR, STM32WB09KEV7TR, STM32WB09TEF6TR, STM32WB09TEF7TR, STM32WB1MMCH6, STM32WBA50KGU6, STM32WBA50KGU6TR, STM32WBA52CEU6, STM32WBA52CEU6TR, STM32WBA52CEU7, STM32WBA52CEU7TR, STM32WBA52CGU6, STM32WBA52CGU6TR, STM32WBA52CGU6U, STM32WBA52CGU7, STM32WBA52CGU7TR, STM32WBA52KEU6, STM32WBA52KEU6TR, STM32WBA52KGU6, STM32WBA52KGU6TR, STM32WBA54CEU6, STM32WBA54CEU6TR, STM32WBA54CEU7, STM32WBA54CEU7TR, STM32WBA54CGU6, STM32WBA54CGU6TR, STM32WBA54CGU7, STM32WBA54CGU7TR, STM32WBA54KEU6, STM32WBA54KEU6TR, STM32WBA54KEU7, STM32WBA54KEU7TR, STM32WBA54KGU6, STM32WBA54KGU6TR, STM32WBA54KGU7, STM32WBA54KGU7TR, STM32WBA55CEU6, STM32WBA55CEU6TR, STM32WBA55CEU7, STM32WBA55CEU7TR, STM32WBA55CGU6, STM32WBA55CGU6TR, STM32WBA55CGU6U, STM32WBA55CGU7, STM32WBA55CGU7TR, STM32WBA55G-DK1, STM32WBA55HEF6, STM32WBA55HEF7, STM32WBA55HGF6, STM32WBA55HGF7, STM32WBA55UEI6, STM32WBA55UEI6TR, STM32WBA55UEI7, STM32WBA55UEI7TR, STM32WBA55UGI6, STM32WBA55UGI6TR, STM32WBA55UGI7, STM32WBA55UGI7TR, STM32WBA5MMGH6TR, STM32WBA62MGF6, STM32WBA62MIF6, STM32WBA65MGF7, STM32WBA65MIF6, STM32WBA65MIF7, STM32WL30K8V6, STM32WL30KBV6, STM32WL31C8V6, STM32WL31CBV6, STM32WL31K8V6, STM32WL31KBV6, STM32WL33C8V6, STM32WL33C8V6X, STM32WL33CBV6, STM32WL33CBV6X, STM32WL33CCV6, STM32WL33CCV6A, STM32WL33CCV6X, STM32WL33K8V7, STM32WL33K8V7X, STM32WL33KBV7 , STM32WL33KBV7X, STM32WL33KCV7, STM32WL33KCV7X, STM32WL5MOCH6, STM32WL5MOCH6TR]
2025-08-10 10:10:29,823 [INFO] DbMcus:218 - Found 4801 MCUs, 4801 are supported
2025-08-10 10:10:29,824 [INFO] ApiDb:423 - Load user favorites file C:\Users\joaki/.stm32cubeide/favorites.mcus.txt: 0 item(s)
2025-08-10 10:10:29,825 [INFO] ApiDb:427 - User favorites MCUs=[]
2025-08-10 10:10:29,825 [INFO] DbMcus:224 - Set 0 / 0 favorites MCUs
2025-08-10 10:10:30,714 [INFO] ApiDb:668 - CubeFinder database Data Model version=2.1
2025-08-10 10:10:30,715 [INFO] ApiDb:669 - CubeFinder database Configuration version=3.0.39
2025-08-10 10:10:30,715 [INFO] ApiDb:670 - CubeFinder database generation date=2025-07-24 (1753349077)
2025-08-10 10:10:30,715 [INFO] ApiDb:671 - CubeFinder database FW Pack versions=[FP-ATR-ASTRA1_V2.0.0, FP-SNS-FLIGHT1_V5.1.0, FP-SNS-MOTENV1_V5.0.0, FP-SNS-MOTENVWB1_V1.4.0, FP-SNS-SMARTAG2_V1.2.0, FP-SNS-STBOX1_V2.0.0, STM32Cube_FW_C0_V1.4.0, STM32Cube_FW_F4_V1.28.2, STM32Cube_FW_F7_V1.17.3, STM32Cube_FW_G0_V1.6.2, STM32Cube_FW_G4_V1.6.1, STM32Cube_FW_H5_V1.5.0, STM32Cube_FW_H7RS_V1.2.0, STM32Cube_FW_H7_V1.12.1, STM32Cube_FW_L0_V1.12.2, STM32Cube_FW_L4_V1.18.1, STM32Cube_FW_L5_V1.5.1, STM32Cube_FW_N6_V1.2.0, STM32Cube_FW_U0_V1.3.0, STM32Cube_FW_U3_V1.2.0, STM32Cube_FW_U5_V1.8.0, STM32Cube_FW_WB0_V1.3.0, STM32Cube_FW_WBA_V1.7.0, STM32Cube_FW_WB_V1.23.0, STM32Cube_FW_WL3_V1.2.0, STM32Cube_FW_WL_V1.3.1, X-CUBE-ALGOBUILD_V1.4.0, X-CUBE-ALS_V1.0.2, X-CUBE-AZRTOS-F4_V1.1.0, X-CUBE-AZRTOS-F7_V1.1.0, X-CUBE-AZRTOS-G0_V1.1.0, X-CUBE-AZRTOS-G4_V2.0.0, X-CUBE-AZRTOS-H7RS_V1.1.0, X-CUBE-AZRTOS-H7_V3.4.0, X-CUBE-AZRTOS-L4_V2.0.0, X-CUBE-AZRTOS-L5_V2.0.0, X-CUBE-AZRTOS-WB_V2.0.0, X-CUBE-AZRTOS-WL_V2.0.0, X-CUBE-BLE1_V7.1.0, X-CUBE-BLE2_V3.3.0, X-CUBE-BLEMGR_V4.1.0, X-CUBE-EEPRMA1_V5.2.0, X-CUBE-FREERTOS_V1.3.1, X-CUBE-GNSS1_V6.0.0, X-CUBE-MEMS1_V11.3.0, X-CUBE-NFC4_V3.0.0, X-CUBE-NFC7_V2.0.0, X-CUBE-SFXS2LP1_V4.0.0, X-CUBE-ST67W61_V1.0.0, X-CUBE-SUBG2_V5.0.0, X-CUBE-TOF1_V3.4.3]
2025-08-10 10:10:30,835 [INFO] DbBoardsSqlite:226 - include board P-NUCLEO-WB55-NUCLEO as a kit item of type 'Nucleo-64'
2025-08-10 10:10:30,835 [INFO] DbBoardsSqlite:226 - include board P-NUCLEO-WB55-USBDONGLE as a kit item of type 'Nucleo USB Dongle'
2025-08-10 10:10:30,835 [INFO] DbBoardsSqlite:226 - include board STEVAL-IDP005V1 as a kit item of type 'Evaluation Board'
2025-08-10 10:10:30,837 [INFO] DbBoardsSqlite:226 - include board STEVAL-IDP005V2 as a kit item of type 'Evaluation Board'
2025-08-10 10:10:30,931 [INFO] ApiDb:240 - Found 880 in-development CPN: [B-G473E-ZEST1S, B-WB1M-WPAN1, B-WBA5M-WPAN, B-WL5M-SUBG1, NUCLEO-C031C6, NUCLEO-C051C8, NUCLEO-C071RB, NUCLEO-C092RC, NUCLEO-H503RB, NUCLEO-H533RE, NUCLEO-H563ZI, NUCLEO-H7S3L8, NUCLEO-N657X0-Q, NUCLEO-U031R8, NUCLEO-U083RC, NUCLEO-U385RG-Q, NUCLEO-U545RE-Q, NUCLEO-U5A5ZJ-Q, NUCLEO-WB05KZ, NUCLEO-WB07CC, NUCLEO-WB09KE, NUCLEO-WBA52CG, NUCLEO-WBA55CG, NUCLEO-WL33CC1, NUCLEO-WL33CC2, STEVAL-PROTEUS1, STEVAL-SMARTAG2, STEVAL-STWINBX1, STM320518-EVAL, STM32C0116-DK, STM32C011D6Y3TR, STM32C011D6Y6TR, STM32C011F4P3, STM32C011F4P6, STM32C011F4U3, STM32C011F4U6TR, STM32C011F6P3, STM32C011F6P6, STM32C011F6U3, STM32C011F6U6TR, STM32C011J4M3, STM32C011J4M6, STM32C011J6M3, STM32C011J6M6, STM32C0316-DK, STM32C031C4T3, STM32C031C4T6, STM32C031C4U3, STM32C031C4U6, STM32C031C6T3, STM32C031C6T6, STM32C031C6U3, STM32C031C6U6, STM32C031F4P3, STM32C031F4P6, STM32C031F6P3, STM32C031F6P6, STM32C031G4U3, STM32C031G4U6, STM32C031G6U3, STM32C031G6U6, STM32C031K4T3, STM32C031K4T6, STM32C031K4U3, STM32C031K4U6, STM32C031K6T3, STM32C031K6T6, STM32C031K6U3, STM32C031K6U6, STM32C051C6T6, STM32C051C6U6, STM32C051C8T6, STM32C051C8U6, STM32C051D8Y6TR, STM32C051F6P6, STM32C051F8P6, STM32C051G6U6, STM32C051G8U6, STM32C051K6T6, STM32C051K6U6, STM32C051K8T6, STM32C071C8T6, STM32C071C8T6N, STM32C071C8U6, STM32C071C8U6N, STM32C071CBT6, STM32C071CBT6N, STM32C071CBU6, STM32C071CBU6N, STM32C071F8P6, STM32C071F8P6N, STM32C071FBP6, STM32C071FBP6N, STM32C071FBY6TR, STM32C071G8U6, STM32C071G8U6N, STM32C071GBU6, STM32C071GBU6N, STM32C071K8T6, STM32C071K8T6N, STM32C071K8U6, STM32C071K8U6N, STM32C071KBT6, STM32C071KBT6N, STM32C071KBU6, STM32C071KBU6N, STM32C071R8T6, STM32C071R8T6N, STM32C071RBI6N, STM32C071RBT6, STM32C071RBT6N, STM32C091CBT6, STM32C091CBU6, STM32C091CCT6, STM32C091CCU6, STM32C091ECY6TR, STM32C091FBP6, STM32C091FCP6, STM32C091GBU6, STM32C091GCU6, STM32C091KBT6, STM32C091KBU6, STM32C091KCT6, STM32C091KCU6, STM32C091RBT6, STM32C091RCI6, STM32C091RCT6, STM32C092CBT6, STM32C092CBU6, STM32C092CCT6, STM32C092CCU6, STM32C092ECY6TR, STM32C092FBP6, STM32C092FCP6, STM32C092GBU6, STM32C092GCU6, STM32C092KBT6, STM32C092KBU6, STM32C092KCT6, STM32C092KCU6, STM32C092RBT6, STM32C092RCI6, STM32C092RCT6, STM32G071K8TXN, STM32G071K8UXN, STM32G081GBU6N, STM32G081KBT6N, STM32G081KBUXN, STM32G0B1CCT6N, STM32G0B1KCT6, STM32G0B1NEY6TR, STM32G0B1RCT6N, STM32G0C1CCT6, STM32G0C1CCT6N, STM32G0C1CCU6N, STM32G0C1CET6N, STM32G0C1CEU6N, STM32G0C1KCT6, STM32G0C1NEY6TR, STM32G0C1RCI6N, STM32G0C1RCT6N, STM32G0C1REI6N, STM32G0C1RET6N, STM32G0C1VCI6, STM32G0C1VEI6, STM32G411C6T3, STM32G411C6T6, STM32G411C6U3, STM32G411C6U6, STM32G411C8T3, STM32G411C8T6, STM32G411C8U3, STM32G411C8U6, STM32G411CBT3, STM32G411CBT6, STM32G411CBU3, STM32G411CBU6, STM32G411K6T3, STM32G411K6T6, STM32G411K6U3, STM32G411K6U6, STM32G411K8T3, STM32G411K8T6, STM32G411K8U3, STM32G411K8U6, STM32G411KBT3, STM32G411KBT6, STM32G411KBU3, STM32G411KBU6, STM32G411M6T3, STM32G411M6T6, STM32G411M8T3, STM32G411M8T6, STM32G411MBT3, STM32G411MBT6, STM32G411R6T3, STM32G411R6T6, STM32G411R8T3, STM32G411R8T6, STM32G411RBT3, STM32G411RBT6, STM32G414CBT3, STM32G414CBT6, STM32G414CBU3, STM32G414CBU6, STM32G414CCT3, STM32G414CCT6, STM32G414CCU3, STM32G414CCU6, STM32G414MBT3, STM32G414MBT6, STM32G414MCT3, STM32G414MCT6, STM32G414RBT3, STM32G414RBT6, STM32G414RCT3, STM32G414RCT6, STM32G414VBT3, STM32G414VBT6, STM32G414VCT3, STM32G414VCT6, STM32G431CBT3Z, STM32G431RBT3Z, STM32G471CCT6, STM32G471CCU6, STM32G471CET3, STM32G471CET6, STM32G471CEU3, STM32G471CEU6, STM32G471MCT6, STM32G471MET3, STM32G471MET6, STM32G471MEY6TR, STM32G471QCT6, STM32G471QET3, STM32G471RCT6, STM32G471RET3, STM32G471RET6, STM32G471VCH6, STM32G471VCI6, STM32G471VCT6, STM32G471VEH3, STM32G471VEH6, STM32G471VEI3, STM32G471VEI6, STM32G471VET3, STM32G471VET6, STM32G473QET3Z, STM32G473RET3Z, STM32G474CCT6, STM32G491RET3Z, STM32H503CBT6, STM32H503CBU6, STM32H503EBY6TR, STM32H503KBU6, STM32H503RBT6, STM32H523CCT6, STM32H523CCU6, STM32H523CET6, STM32H523CEU6, STM32H523HEY6TR, STM32H523RCT6, STM32H523RET6, STM32H523VCI6, STM32H523VCT6, STM32H523VEI6, STM32H523VET6, STM32H523ZCJ6, STM32H523ZCT6, STM32H523ZEJ6, STM32H523ZET6, STM32H533CET6, STM32H533CEU6, STM32H533HEY6TR, STM32H533RET6, STM32H533VEI6, STM32H533VET6, STM32H533ZEJ6, STM32H533ZET6, STM32H562AGI6, STM32H562AII6, STM32H562IGK6, STM32H562IGT6, STM32H562IIK6, STM32H562IIT6, STM32H562RGT6, STM32H562RGV6, STM32H562RIT6, STM32H562RIV6, STM32H562VGT6, STM32H562VIT6, STM32H562ZGT6, STM32H562ZIT6, STM32H563AGI6, STM32H563AII3Q, STM32H563AII6, STM32H563IGK6, STM32H563IGT6, STM32H563IIK3Q, STM32H563IIK6, STM32H563IIT3Q, STM32H563IIT6, STM32H563MIY3QTR, STM32H563RGT6, STM32H563RGV6, STM32H563RIT6, STM32H563RIV6, STM32H563VGT6, STM32H563VIT3Q, STM32H563VIT6, STM32H563ZGT6, STM32H563ZIT3Q, STM32H563ZIT6, STM32H573AII3Q, STM32H573AII6, STM32H573I-DK, STM32H573IIK3Q, STM32H573IIK6, STM32H573IIT3Q, STM32H573IIT6, STM32H573MIY3QTR, STM32H573RIT6, STM32H573RIV6, STM32H573VIT3Q, STM32H573VIT6, STM32H573ZIT3Q, STM32H573ZIT6, STM32H7R3A8I6, STM32H7R3I8K6, STM32H7R3I8T6, STM32H7R3L8H6, STM32H7R3L8H6H, STM32H7R3R8V6, STM32H7R3V8H6, STM32H7R3V8T6, STM32H7R3V8Y6TR, STM32H7R3Z8J6, STM32H7R3Z8T6, STM32H7R7A8I6, STM32H7R7I8K6, STM32H7R7I8T6, STM32H7R7L8H6, STM32H7R7L8H6H, STM32H7R7Z8J6, STM32H7S3A8I6, STM32H7S3I8K6, STM32H7S3I8T6, STM32H7S3L8H6, STM32H7S3L8H6H, STM32H7S3R8V6, STM32H7S3V8H6, STM32H7S3V8T6, STM32H7S3V8Y6TR, STM32H7S3Z8J6, STM32H7S3Z8T6, STM32H7S78-DK, STM32H7S7A8I6, STM32H7S7I8K6, STM32H7S7I8T6, STM32H7S7L8H6, STM32H7S7L8H6H, STM32H7S7Z8J6, STM32L4R5QGI6STR, STM32MP131AAE3, STM32MP131AAF3, STM32MP131AAG3, STM32MP131CAE3, STM32MP131CAF3, STM32MP131CAG3, STM32MP131DAE7, STM32MP131DAF7, STM32MP131DAG7, STM32MP131FAE7, STM32MP131FAF7, STM32MP131FAG7, STM32MP133AAE3, STM32MP133AAF3, STM32MP133AAG3, STM32MP133CAE3, STM32MP133CAF3, STM32MP133CAG3, STM32MP133DAE7, STM32MP133DAF7, STM32MP133DAG7, STM32MP133FAE7, STM32MP133FAF7, STM32MP133FAG7, STM32MP135AAE3, STM32MP135AAF3, STM32MP135AAG3, STM32MP135CAE3, STM32MP135CAF3, STM32MP135CAG3, STM32MP135DAE7, STM32MP135DAF7, STM32MP135DAG7, STM32MP135F-DK, STM32MP135FAE7, STM32MP135FAF7, STM32MP135FAF7T, STM32MP135FAF7U, STM32MP135FAG7, STM32MP211AAL3, STM32MP211AAM3, STM32MP211AAN3, STM32MP211AAO3, STM32MP211CAL3, STM32MP211CAM3, STM32MP211CAN3, STM32MP211CAO3, STM32MP211DAL3, STM32MP211DAM3, STM32MP211DAN3, STM32MP211DAO3, STM32MP211FAL3, STM32MP211FAM3, STM32MP211FAN3, STM32MP211FAO3, STM32MP213AAL3, STM32MP213AAM3, STM32MP213AAN3, STM32MP213AAO3, STM32MP213CAL3, STM32MP213CAM3, STM32MP213CAN3, STM32MP213CAO3, STM32MP213DAL3, STM32MP213DAM3, STM32MP213DAN3, STM32MP213DAO3, STM32MP213FAL3, STM32MP213FAM3, STM32MP213FAN3, STM32MP213FAO3, STM32MP215AAL3, STM32MP215AAM3, STM32MP215AAN3, STM32MP215AAO3, STM32MP215CAL3, STM32MP215CAM3, STM32MP215CAN3, STM32MP215CAO3, STM32MP215DAL3, STM32MP215DAM3, STM32MP215DAN3, STM32MP215DAO3, STM32MP215F-DK, STM32MP215FAL3, STM32MP215FAM3, STM32MP215FAN3, STM32MP215FAO3, STM32MP231AAJ3, STM32MP231AAK3, STM32MP231AAL3, STM32MP231CAJ3, STM32MP231CAK3, STM32MP231CAL3, STM32MP231DAJ3, STM32MP231DAK3, STM32MP231DAL3, STM32MP231FAJ3, STM32MP231FAK3, STM32MP231FAL3, STM32MP233AAJ3, STM32MP233AAK3, STM32MP233AAL3, STM32MP233CAJ3, STM32MP233CAK3, STM32MP233CAL3, STM32MP233DAJ3, STM32MP233DAK3, STM32MP233DAL3, STM32MP233FAJ3, STM32MP233FAK3, STM32MP233FAL3, STM32MP235AAJ3, STM32MP235AAK3, STM32MP235AAL3, STM32MP235CAJ3, STM32MP235CAK3, STM32MP235CAL3, STM32MP235DAJ3, STM32MP235DAK3, STM32MP235DAL3, STM32MP235FAJ3, STM32MP235FAK3, STM32MP235FAL3, STM32MP251AAI3, STM32MP251AAK3, STM32MP251AAL3, STM32MP251CAI3, STM32MP251CAK3, STM32MP251CAL3, STM32MP251DAI3, STM32MP251DAK3, STM32MP251DAL3, STM32MP251FAI3, STM32MP251FAK3, STM32MP251FAL3, STM32MP253AAI3, STM32MP253AAK3, STM32MP253AAL3, STM32MP253CAI3, STM32MP253CAK3, STM32MP253CAL3, STM32MP253DAI3, STM32MP253DAK3, STM32MP253DAL3, STM32MP253FAI3, STM32MP253FAK3, STM32MP253FAL3, STM32MP255AAI3, STM32MP255AAK3, STM32MP255AAL3, STM32MP255CAI3, STM32MP255CAK3, STM32MP255CAL3, STM32MP255DAI3, STM32MP255DAK3, STM32MP255DAL3, STM32MP255FAI3, STM32MP255FAK3, STM32MP255FAL3, STM32MP257AAI3, STM32MP257AAK3, STM32MP257AAL3, STM32MP257CAI3, STM32MP257CAK3, STM32MP257CAL3, STM32MP257DAI3, STM32MP257DAK3, STM32MP257DAL3, STM32MP257F-DK, STM32MP257F-EV1, STM32MP257FAI3, STM32MP257FAK3, STM32MP257FAL3, STM32N645A0H3Q, STM32N645B0H3Q, STM32N645I0H3Q, STM32N645L0H3Q, STM32N645X0H3Q, STM32N645Z0H3Q, STM32N647A0H3Q, STM32N647B0H3Q, STM32N647I0H3Q, STM32N647L0H3Q, STM32N647X0H3Q, STM32N647Z0H3Q, STM32N655A0H3Q, STM32N655B0H3Q, STM32N655I0H3Q, STM32N655L0H3Q, STM32N655X0H3Q, STM32N655Z0H3Q, STM32N6570-DK, STM32N657A0H3Q, STM32N657B0H3Q, STM32N657I0H3Q, STM32N657L0H3Q, STM32N657X0H3Q, STM32N657Z0H3Q, STM32U031C6T6, STM32U031C6U6, STM32U031C8T6, STM32U031C8U6, STM32U031F4P6, STM32U031F6P6, STM32U031F8P6, STM32U031G6Y6TR, STM32U031G8Y6TR, STM32U031K4U6, STM32U031K6U6, STM32U031K8U6, STM32U031R6I6, STM32U031R6T6, STM32U031R8I6, STM32U031R8T6, STM32U073C8T6, STM32U073C8U6, STM32U073CBT6, STM32U073CBU6, STM32U073CCT6, STM32U073CCU6, STM32U073H8Y6TR, STM32U073HBY6TR, STM32U073HCY6TR, STM32U073K8U6, STM32U073KBU6, STM32U073KCU6, STM32U073M8I6, STM32U073M8T6, STM32U073MBI6, STM32U073MBT6, STM32U073MCI6, STM32U073MCT6, STM32U073R8I6, STM32U073R8T6, STM32U073RBI6, STM32U073RBT6, STM32U073RCI6, STM32U073RCT6, STM32U083C-DK, STM32U083CCT6, STM32U083CCU6, STM32U083HCY6TR, STM32U083KCU6, STM32U083MCI6, STM32U083MCT6, STM32U083RCI6, STM32U083RCT6, STM32U375CET6, STM32U375CET6Q, STM32U375CEU6, STM32U375CEU6Q, STM32U375CEY6QTR, STM32U375CGT6, STM32U375CGT6Q, STM32U375CGU6, STM32U375CGU6Q, STM32U375CGY6QTR, STM32U375KEU6, STM32U375KGU6, STM32U375REI6, STM32U375REI6Q, STM32U375RET6, STM32U375RET6Q, STM32U375REY6GTR, STM32U375REY6QTR, STM32U375RGI6, STM32U375RGI6Q, STM32U375RGT6, STM32U375RGT6Q, STM32U375RGY6GTR, STM32U375RGY6QTR, STM32U375VEI6, STM32U375VEI6Q, STM32U375VET6, STM32U375VET6Q, STM32U375VGI6, STM32U375VGI6Q, STM32U375VGT6, STM32U375VGT6Q, STM32U385CGT6, STM32U385CGT6Q, STM32U385CGU6, STM32U385CGU6Q, STM32U385CGY6QTR, STM32U385KGU6, STM32U385RGI6, STM32U385RGI6Q, STM32U385RGT6, STM32U385RGT6Q, STM32U385RGY6GTR, STM32U385RGY6QTR, STM32U385VGI6, STM32U385VGI6Q, STM32U385VGT6, STM32U385VGT6Q, STM32U535CBT6, STM32U535CBT6Q, STM32U535CBU6, STM32U535CBU6Q, STM32U535CCT6, STM32U535CCT6Q, STM32U535CCU6, STM32U535CCU6Q, STM32U535CET6, STM32U535CET6Q, STM32U535CEU6, STM32U535CEU6Q, STM32U535JEY6QTR, STM32U535NCY6QTR, STM32U535NEY6QTR, STM32U535RBI6, STM32U535RBI6Q, STM32U535RBT6, STM32U535RBT6Q, STM32U535RCI6, STM32U535RCI6Q, STM32U535RCT6, STM32U535RCT6Q, STM32U535REI6, STM32U535REI6Q, STM32U535RET6, STM32U535RET6Q, STM32U535VCI6, STM32U535VCI6Q, STM32U535VCT6, STM32U535VCT6Q, STM32U535VEI6, STM32U535VEI6Q, STM32U535VET6, STM32U535VET6Q, STM32U545CET6, STM32U545CET6Q, STM32U545CEU6, STM32U545CEU6Q, STM32U545JEY6QTR, STM32U545NEY6QTR, STM32U545REI6, STM32U545REI6Q, STM32U545RET6, STM32U545RET6Q, STM32U545VEI6, STM32U545VEI6Q, STM32U545VET6, STM32U545VET6Q, STM32U595AIH6, STM32U595AIH6Q, STM32U595AJH6, STM32U595AJH6Q, STM32U595QII6, STM32U595QII6Q, STM32U595QJI6, STM32U595QJI6Q, STM32U595RIT6, STM32U595RIT6Q, STM32U595RJT6, STM32U595RJT6Q, STM32U595VIT6, STM32U595VIT6Q, STM32U595VJT6, STM32U595VJT6Q, STM32U595ZIT6, STM32U595ZIT6Q, STM32U595ZIY6QTR, STM32U595ZJT6, STM32U595ZJT6Q, STM32U595ZJY6QTR, STM32U599BJY6QTR, STM32U599NIH6Q, STM32U599NJH6Q, STM32U599VIT6Q, STM32U599VJT6, STM32U599VJT6Q, STM32U599ZIT6Q, STM32U599ZIY6QTR, STM32U599ZJT6Q, STM32U599ZJY6QTR, STM32U5A5AJH6, STM32U5A5AJH6Q, STM32U5A5QII3Q , STM32U5A5QJI6, STM32U5A5QJI6Q, STM32U5A5RJT6, STM32U5A5RJT6Q, STM32U5A5VJT6, STM32U5A5VJT6Q, STM32U5A5ZJT6, STM32U5A5ZJT6Q, STM32U5A5ZJY6QTR, STM32U5A9BJY6QTR, STM32U5A9J-DK, STM32U5A9NJH6Q, STM32U5A9VJT6Q, STM32U5A9ZJT6Q, STM32U5A9ZJY6QTR, STM32U5F7VIT6, STM32U5F7VIT6Q, STM32U5F7VJT6, STM32U5F7VJT6Q, STM32U5F9BJY6QTR, STM32U5F9NJH6Q, STM32U5F9VIT6Q, STM32U5F9VJT6Q, STM32U5F9ZIJ6QTR, STM32U5F9ZIT6Q, STM32U5F9ZJJ6QTR, STM32U5F9ZJT6Q, STM32U5G7VJT6, STM32U5G7VJT6Q, STM32U5G9BJY6QTR, STM32U5G9J-DK1, STM32U5G9J-DK2, STM32U5G9NJH6Q, STM32U5G9VJT6Q, STM32U5G9ZJJ6QTR, STM32U5G9ZJT6Q, STM32WB05KZV6TR, STM32WB05KZV7TR, STM32WB05TZF6TR, STM32WB05TZF7TR, STM32WB06CCF6TR, STM32WB06CCF7TR, STM32WB06CCV6TR, STM32WB06CCV7TR, STM32WB06KCV6TR, STM32WB06KCV7TR, STM32WB07CCF6TR, STM32WB07CCF7TR, STM32WB07CCV6TR, STM32WB07CCV7TR, STM32WB07KCV6TR, STM32WB07KCV7TR, STM32WB09KEV6TR, STM32WB09KEV7TR, STM32WB09TEF6TR, STM32WB09TEF7TR, STM32WB1MMCH6, STM32WBA50KGU6, STM32WBA50KGU6TR, STM32WBA52CEU6, STM32WBA52CEU6TR, STM32WBA52CEU7, STM32WBA52CEU7TR, STM32WBA52CGU6, STM32WBA52CGU6TR, STM32WBA52CGU6U, STM32WBA52CGU7, STM32WBA52CGU7TR, STM32WBA52KEU6, STM32WBA52KEU6TR, STM32WBA52KGU6, STM32WBA52KGU6TR, STM32WBA54CEU6, STM32WBA54CEU6TR, STM32WBA54CEU7, STM32WBA54CEU7TR, STM32WBA54CGU6, STM32WBA54CGU6TR, STM32WBA54CGU7, STM32WBA54CGU7TR, STM32WBA54KEU6, STM32WBA54KEU6TR, STM32WBA54KEU7, STM32WBA54KEU7TR, STM32WBA54KGU6, STM32WBA54KGU6TR, STM32WBA54KGU7, STM32WBA54KGU7TR, STM32WBA55CEU6, STM32WBA55CEU6TR, STM32WBA55CEU7, STM32WBA55CEU7TR, STM32WBA55CGU6, STM32WBA55CGU6TR, STM32WBA55CGU6U, STM32WBA55CGU7, STM32WBA55CGU7TR, STM32WBA55G-DK1, STM32WBA55HEF6, STM32WBA55HEF7, STM32WBA55HGF6, STM32WBA55HGF7, STM32WBA55UEI6, STM32WBA55UEI6TR, STM32WBA55UEI7, STM32WBA55UEI7TR, STM32WBA55UGI6, STM32WBA55UGI6TR, STM32WBA55UGI7, STM32WBA55UGI7TR, STM32WBA5MMGH6TR, STM32WBA62MGF6, STM32WBA62MIF6, STM32WBA65MGF7, STM32WBA65MIF6, STM32WBA65MIF7, STM32WL30K8V6, STM32WL30KBV6, STM32WL31C8V6, STM32WL31CBV6, STM32WL31K8V6, STM32WL31KBV6, STM32WL33C8V6, STM32WL33C8V6X, STM32WL33CBV6, STM32WL33CBV6X, STM32WL33CCV6, STM32WL33CCV6A, STM32WL33CCV6X, STM32WL33K8V7, STM32WL33K8V7X, STM32WL33KBV7 , STM32WL33KBV7X, STM32WL33KCV7, STM32WL33KCV7X, STM32WL5MOCH6, STM32WL5MOCH6TR]
2025-08-10 10:10:31,312 [INFO] BoardInfo:889 - No configuration file found for board P-NUCLEO-WB55
2025-08-10 10:10:31,314 [INFO] DbBoards:161 - Kit is not supported: P-NUCLEO-WB55
2025-08-10 10:10:31,326 [INFO] BoardInfo:889 - No configuration file found for board STEVAL-BFA001V1B
2025-08-10 10:10:31,329 [INFO] DbBoards:161 - Kit is not supported: STEVAL-BFA001V1B
2025-08-10 10:10:31,330 [INFO] BoardInfo:889 - No configuration file found for board STEVAL-BFA001V2B
2025-08-10 10:10:31,332 [INFO] DbBoards:161 - Kit is not supported: STEVAL-BFA001V2B
2025-08-10 10:10:31,692 [INFO] DbBoards:168 - Found 212 boards, 209 are supported
2025-08-10 10:10:31,693 [INFO] DbBoards:169 - Found 212 boards, 43 of them is supported for  Bsp
2025-08-10 10:10:31,696 [INFO] ApiDb:414 - User favorites file not found: C:\Users\joaki/.stm32cubeide/favorites.boards.txt
2025-08-10 10:10:31,697 [INFO] DbBoards:198 - Set 0 / 0 favorites Boards
2025-08-10 10:10:31,697 [INFO] McuFinderGlobals:76 - Set McuFinderConnectedMode to true
2025-08-10 10:10:31,706 [INFO] MultiScanPanel:200 - Auto-refresh data requested => check proxy status ongoing
2025-08-10 10:10:31,711 [INFO] FinderPluginLoader:96 - Searching for filters in installed packs
2025-08-10 10:10:33,677 [INFO] LoadUrlFilesThread:185 - End of LoadServerUrlFiles without Thread
2025-08-10 10:10:33,783 [INFO] DetailPanel:341 - Set advertising image to C:/Users/joaki/STM32Cube/Repository/\en.2400x1350px.jpeg
2025-08-10 10:12:22,710 [INFO] MainUpdater:2872 - connection check result : 10
2025-08-10 10:12:22,711 [INFO] MainUpdater:2872 - connection check result : 10
2025-08-10 10:12:22,781 [INFO] MicroXplorer:468 - Change Database Path : 
2025-08-10 10:12:22,781 [INFO] MicroXplorer:498 - Change Database Version : DB.6.0.150
2025-08-10 10:12:22,793 [WARN] ThirdParty:871 - waiting for thirdparty lock release [close project]
2025-08-10 10:12:22,794 [INFO] ThirdParty:873 - entering critical section [close project]
2025-08-10 10:12:22,797 [INFO] ThirdParty:883 - exiting critical section [close project]
2025-08-10 10:12:22,801 [INFO] PinOutPanel:1589 - setPackage(No Configuration,No Configuration)
2025-08-10 10:12:22,804 [INFO] UtilMem:75 - Begin LoadConfig() Used Memory: 615822888 Bytes (962592768)
2025-08-10 10:12:22,806 [INFO] MicroXplorer:468 - Change Database Path : 
2025-08-10 10:12:22,806 [INFO] MicroXplorer:498 - Change Database Version : DB.6.0.150
2025-08-10 10:12:22,807 [INFO] OpenFileManager:355 - Change cursor
2025-08-10 10:12:22,911 [INFO] Mcu:2029 - Initializing MCU STM32U575CIUxQ STM32U575CIUxQ STM32U575CIU6Q
2025-08-10 10:12:34,048 [INFO] Context:786 - Trying to add GPIOservice into a context  which must be forbidden
2025-08-10 10:12:34,048 [INFO] Context:786 - Trying to add GPIOservice into a context  which must be forbidden
2025-08-10 10:12:38,933 [INFO] ImportTextPane:234 - (OptionalMessage_ERROR) Unable to find key (Mcu.ThirdPartyNb) in loaded IOC file
2025-08-10 10:12:38,934 [INFO] ImportTextPane:234 - (OptionalMessage_ERROR) Unable to find key (Mcu.PinsNb) in loaded IOC file
2025-08-10 10:12:38,936 [INFO] ImportTextPane:234 - (OptionalMessage_ERROR) Pin0 (VP_RIF_VS_RIF1) cannot be retrieved for this MCU
2025-08-10 10:12:38,936 [INFO] ImportTextPane:234 - (OptionalMessage_ERROR) Unable to find key (Mcu.IPNb) in loaded IOC file
2025-08-10 10:12:39,284 [WARN] ModelIntegratedComponent:63 - No mode defined for component null
2025-08-10 10:12:39,285 [WARN] ModelIntegratedComponent:63 - No mode defined for component null
2025-08-10 10:12:39,285 [WARN] ModelIntegratedComponent:63 - No mode defined for component null
2025-08-10 10:12:39,285 [WARN] ModelIntegratedComponent:63 - No mode defined for component null
2025-08-10 10:12:39,285 [WARN] ModelIntegratedComponent:63 - No mode defined for component null
2025-08-10 10:12:39,285 [WARN] ModelIntegratedComponent:63 - No mode defined for component null
2025-08-10 10:12:39,285 [WARN] ModelIntegratedComponent:63 - No mode defined for component null
2025-08-10 10:12:39,285 [WARN] ModelIntegratedComponent:63 - No mode defined for component null
2025-08-10 10:12:39,285 [WARN] ModelIntegratedComponent:63 - No mode defined for component null
2025-08-10 10:12:39,285 [WARN] ModelIntegratedComponent:63 - No mode defined for component null
2025-08-10 10:12:39,285 [WARN] ModelIntegratedComponent:63 - No mode defined for component null
2025-08-10 10:12:39,285 [WARN] ModelIntegratedComponent:63 - No mode defined for component null
2025-08-10 10:12:39,286 [WARN] ModelIntegratedComponent:63 - No mode defined for component null
2025-08-10 10:12:39,286 [WARN] ModelIntegratedComponent:63 - No mode defined for component null
2025-08-10 10:12:39,286 [WARN] ModelIntegratedComponent:63 - No mode defined for component null
2025-08-10 10:12:39,286 [WARN] ModelIntegratedComponent:63 - No mode defined for component null
2025-08-10 10:12:39,286 [WARN] ModelIntegratedComponent:63 - No mode defined for component null
2025-08-10 10:12:39,286 [WARN] ModelIntegratedComponent:63 - No mode defined for component null
2025-08-10 10:12:39,286 [WARN] ModelIntegratedComponent:63 - No mode defined for component null
2025-08-10 10:12:39,286 [WARN] ModelIntegratedComponent:63 - No mode defined for component null
2025-08-10 10:12:39,286 [WARN] ModelIntegratedComponent:63 - No mode defined for component null
2025-08-10 10:12:39,286 [WARN] ModelIntegratedComponent:63 - No mode defined for component null
2025-08-10 10:12:39,286 [WARN] ModelIntegratedComponent:63 - No mode defined for component null
2025-08-10 10:12:39,286 [WARN] ModelIntegratedComponent:63 - No mode defined for component null
2025-08-10 10:12:39,286 [WARN] ModelIntegratedComponent:63 - No mode defined for component null
2025-08-10 10:12:39,286 [WARN] ModelIntegratedComponent:63 - No mode defined for component null
2025-08-10 10:12:39,286 [WARN] ModelIntegratedComponent:63 - No mode defined for component null
2025-08-10 10:12:39,286 [WARN] ModelIntegratedComponent:63 - No mode defined for component null
2025-08-10 10:12:39,287 [WARN] ModelIntegratedComponent:63 - No mode defined for component null
2025-08-10 10:12:39,287 [WARN] ModelIntegratedComponent:63 - No mode defined for component null
2025-08-10 10:12:39,287 [WARN] ModelIntegratedComponent:63 - No mode defined for component null
2025-08-10 10:12:39,287 [WARN] ModelIntegratedComponent:63 - No mode defined for component null
2025-08-10 10:12:39,287 [WARN] ModelIntegratedComponent:63 - No mode defined for component null
2025-08-10 10:12:39,287 [WARN] ModelIntegratedComponent:63 - No mode defined for component null
2025-08-10 10:12:39,287 [WARN] ModelIntegratedComponent:63 - No mode defined for component null
2025-08-10 10:12:39,287 [WARN] ModelPack:524 - Component already loaded: STMicroelectronics:HAL Drivers:0.0.0:STMicroelectronics:Device:STMicro_Driver:XSPI:HAL::0.0.1:HAL_XSPI
2025-08-10 10:12:39,308 [INFO] RtosManager:558 - Registered RTOS mode: class=RTOS, group=ThreadX, mode=Core, owner=THREADX
2025-08-10 10:12:39,513 [INFO] ThirdPartyModel:298 - Start build external matchings
2025-08-10 10:12:40,085 [INFO] ThirdPartyModel:316 - End build external matchings
2025-08-10 10:12:41,264 [INFO] UtilMem:75 - End LoadConfig() Used Memory: 764556656 Bytes (1073741824)
2025-08-10 10:12:41,468 [WARN] ThirdParty:833 - waiting for thirdparty lock release [change project]
2025-08-10 10:12:41,469 [INFO] ThirdParty:835 - entering critical section [change project]
2025-08-10 10:12:41,469 [INFO] ThirdParty:1030 - CMSIS Pack Vendor :STMicroelectronics X-CUBE-PM33A1 1.0.0
2025-08-10 10:12:41,470 [INFO] ThirdParty:1030 - CMSIS Pack Vendor :STMicroelectronics USBPD 4.1
2025-08-10 10:12:41,470 [INFO] ThirdParty:1030 - CMSIS Pack Vendor :STMicroelectronics X-CUBE-NFC9 1.0.0
2025-08-10 10:12:41,470 [INFO] ThirdParty:1030 - CMSIS Pack Vendor :wolfSSL I-CUBE-wolfSSL 5.8.0
2025-08-10 10:12:41,472 [INFO] ThirdParty:1030 - CMSIS Pack Vendor :STMicroelectronics USB_HOST 2.0.0
2025-08-10 10:12:41,472 [INFO] ThirdParty:1030 - CMSIS Pack Vendor :STMicroelectronics FP-SNS-MOTENVWB1 1.4.0
2025-08-10 10:12:41,472 [INFO] ThirdParty:1030 - CMSIS Pack Vendor :STMicroelectronics X-CUBE-AZRTOS-F4 1.1.0
2025-08-10 10:12:41,472 [INFO] ThirdParty:1030 - CMSIS Pack Vendor :STMicroelectronics LIBJPEG 8.0.0
2025-08-10 10:12:41,472 [INFO] ThirdParty:1030 - CMSIS Pack Vendor :STMicroelectronics FP-ATR-ASTRA1 2.0.2
2025-08-10 10:12:41,472 [INFO] ThirdParty:1030 - CMSIS Pack Vendor :STMicroelectronics X-CUBE-BLE1 7.1.0
2025-08-10 10:12:41,472 [INFO] ThirdParty:1030 - CMSIS Pack Vendor :Avnet-IotConnect X-CUBE-IoTC-DA16k-PMOD 1.0.0
2025-08-10 10:12:41,472 [INFO] ThirdParty:1030 - CMSIS Pack Vendor :STMicroelectronics X-CUBE-SMBUS 2.1.0
2025-08-10 10:12:41,472 [INFO] ThirdParty:1030 - CMSIS Pack Vendor :wolfSSL I-CUBE-wolfMQTT 1.19.2
2025-08-10 10:12:41,472 [INFO] ThirdParty:1030 - CMSIS Pack Vendor :STMicroelectronics USB_DEVICE 3.0.0
2025-08-10 10:12:41,472 [INFO] ThirdParty:1030 - CMSIS Pack Vendor :STMicroelectronics X-CUBE-ISPU 2.1.0
2025-08-10 10:12:41,473 [INFO] ThirdParty:1030 - CMSIS Pack Vendor :STMicroelectronics X-CUBE-EEPRMA1 5.2.0
2025-08-10 10:12:41,473 [INFO] ThirdParty:1030 - CMSIS Pack Vendor :STMicroelectronics X-CUBE-BLEMGR 4.1.0
2025-08-10 10:12:41,474 [INFO] ThirdParty:1030 - CMSIS Pack Vendor :STMicroelectronics X-CUBE-AZRTOS-WB 2.0.0
2025-08-10 10:12:41,474 [INFO] ThirdParty:1030 - CMSIS Pack Vendor :STMicroelectronics X-CUBE-ST60 1.0.0
2025-08-10 10:12:41,474 [INFO] ThirdParty:1030 - CMSIS Pack Vendor :STMicroelectronics X-CUBE-GNSS1 7.0.1
2025-08-10 10:12:41,474 [INFO] ThirdParty:1030 - CMSIS Pack Vendor :STMicroelectronics X-CUBE-NFC12 1.0.0
2025-08-10 10:12:41,474 [INFO] ThirdParty:1030 - CMSIS Pack Vendor :STMicroelectronics X-CUBE-AZRTOS-F7 1.1.0
2025-08-10 10:12:41,474 [INFO] ThirdParty:1030 - CMSIS Pack Vendor :STMicroelectronics X-CUBE-AZRTOS-L5 2.0.0
2025-08-10 10:12:41,474 [INFO] ThirdParty:1030 - CMSIS Pack Vendor :STMicroelectronics X-CUBE-TOUCHGFX 4.25.0
2025-08-10 10:12:41,474 [INFO] ThirdParty:1030 - CMSIS Pack Vendor :STMicroelectronics USB_DEVICE 2.0.0
2025-08-10 10:12:41,474 [INFO] ThirdParty:1030 - CMSIS Pack Vendor :STMicroelectronics X-CUBE-NFC6 3.1.0
2025-08-10 10:12:41,474 [INFO] ThirdParty:1030 - CMSIS Pack Vendor :STMicroelectronics X-CUBE-AI 10.1.0
2025-08-10 10:12:41,474 [INFO] ThirdParty:1030 - CMSIS Pack Vendor :STMicroelectronics FP-SNS-STBOX1 2.0.0
2025-08-10 10:12:41,476 [INFO] ThirdParty:1030 - CMSIS Pack Vendor :STMicroelectronics FreeRTOS 0.0.1
2025-08-10 10:12:41,477 [INFO] ThirdParty:1030 - CMSIS Pack Vendor :STMicroelectronics X-CUBE-AZRTOS-G0 1.1.0
2025-08-10 10:12:41,477 [INFO] ThirdParty:1030 - CMSIS Pack Vendor :STMicroelectronics X-CUBE-SAFEA1 1.2.2
2025-08-10 10:12:41,477 [INFO] ThirdParty:1030 - CMSIS Pack Vendor :STMicroelectronics X-CUBE-NFC4 3.0.0
2025-08-10 10:12:41,477 [INFO] ThirdParty:1030 - CMSIS Pack Vendor :STMicroelectronics X-CUBE-SUBG2 5.0.0
2025-08-10 10:12:41,477 [INFO] ThirdParty:1030 - CMSIS Pack Vendor :STMicroelectronics X-CUBE-AZRTOS-H7RS 1.1.0
2025-08-10 10:12:41,477 [INFO] ThirdParty:1030 - CMSIS Pack Vendor :STMicroelectronics STM32_WPAN 1.0.0
2025-08-10 10:12:41,477 [INFO] ThirdParty:1030 - CMSIS Pack Vendor :EmbeddedOffice I-CUBE-FS-RTOS 1.0.1
2025-08-10 10:12:41,477 [INFO] ThirdParty:1030 - CMSIS Pack Vendor :STMicroelectronics lwIP 2.0.3
2025-08-10 10:12:41,477 [INFO] ThirdParty:1030 - CMSIS Pack Vendor :Cesanta I-CUBE-Mongoose 7.13.0
2025-08-10 10:12:41,478 [INFO] ThirdParty:1030 - CMSIS Pack Vendor :STMicroelectronics USB_HOST 1.0.0
2025-08-10 10:12:41,478 [INFO] ThirdParty:1030 - CMSIS Pack Vendor :Infineon AIROC-Wi-Fi-Bluetooth-STM32 1.7.1
2025-08-10 10:12:41,478 [INFO] ThirdParty:1030 - CMSIS Pack Vendor :STMicroelectronics X-CUBE-AZRTOS-G4 2.0.0
2025-08-10 10:12:41,478 [INFO] ThirdParty:1030 - CMSIS Pack Vendor :STMicroelectronics X-CUBE-WB05N 2.0.0
2025-08-10 10:12:41,478 [INFO] ThirdParty:1030 - CMSIS Pack Vendor :STMicroelectronics PDM2PCM 3.1.0
2025-08-10 10:12:41,478 [INFO] ThirdParty:1030 - CMSIS Pack Vendor :STMicroelectronics PDM2PCM 3.3.0
2025-08-10 10:12:41,478 [INFO] ThirdParty:1030 - CMSIS Pack Vendor :wolfSSL I-CUBE-wolfTPM 3.8.0
2025-08-10 10:12:41,478 [INFO] ThirdParty:1030 - CMSIS Pack Vendor :STMicroelectronics X-CUBE-AZRTOS-H7 3.4.0
2025-08-10 10:12:41,478 [INFO] ThirdParty:1030 - CMSIS Pack Vendor :STMicroelectronics X-CUBE-DISPLAY 3.0.0
2025-08-10 10:12:41,479 [INFO] ThirdParty:1030 - CMSIS Pack Vendor :wolfSSL I-CUBE-wolfSSH 1.4.20
2025-08-10 10:12:41,479 [INFO] ThirdParty:1030 - CMSIS Pack Vendor :STMicroelectronics X-CUBE-NFC7 2.0.0
2025-08-10 10:12:41,479 [INFO] ThirdParty:1030 - CMSIS Pack Vendor :STMicroelectronics X-CUBE-TCPP 4.2.0
2025-08-10 10:12:41,479 [INFO] ThirdParty:1030 - CMSIS Pack Vendor :RealThread X-CUBE-RT-Thread_Nano 4.1.1
2025-08-10 10:12:41,479 [INFO] ThirdParty:1030 - CMSIS Pack Vendor :STMicroelectronics FP-ATR-SIGFOX1 3.2.0
2025-08-10 10:12:41,479 [INFO] ThirdParty:1030 - CMSIS Pack Vendor :STMicroelectronics X-CUBE-NFC10 1.0.0
2025-08-10 10:12:41,479 [INFO] ThirdParty:1030 - CMSIS Pack Vendor :STMicroelectronics X-CUBE-FREERTOS 1.3.1
2025-08-10 10:12:41,479 [INFO] ThirdParty:1030 - CMSIS Pack Vendor :STMicroelectronics HAL Drivers 0.0.0
2025-08-10 10:12:41,479 [INFO] ThirdParty:1030 - CMSIS Pack Vendor :STMicroelectronics MBEDTLS 2.16.2
2025-08-10 10:12:41,480 [INFO] ThirdParty:1030 - CMSIS Pack Vendor :STMicroelectronics X-CUBE-IPS 3.1.0
2025-08-10 10:12:41,480 [INFO] ThirdParty:1030 - CMSIS Pack Vendor :STMicroelectronics X-CUBE-ALS 1.0.2
2025-08-10 10:12:41,480 [INFO] ThirdParty:1030 - CMSIS Pack Vendor :emotas I-CUBE-CANOPEN 1.3.0
2025-08-10 10:12:41,480 [INFO] ThirdParty:1030 - CMSIS Pack Vendor :STMicroelectronics MBEDTLS 2.14.1
2025-08-10 10:12:41,480 [INFO] ThirdParty:1030 - CMSIS Pack Vendor :ITTIA_DB I-CUBE-ITTIADB 8.9.0
2025-08-10 10:12:41,480 [INFO] ThirdParty:1030 - CMSIS Pack Vendor :portGmbH I-Cube-SoM-uGOAL 1.1.0
2025-08-10 10:12:41,480 [INFO] ThirdParty:1030 - CMSIS Pack Vendor :quantropi X-CUBE-qispace-sdk-base 2.0.0
2025-08-10 10:12:41,480 [INFO] ThirdParty:1030 - CMSIS Pack Vendor :STMicroelectronics X-CUBE-ST67W61 1.0.0
2025-08-10 10:12:41,480 [INFO] ThirdParty:1030 - CMSIS Pack Vendor :STMicroelectronics FP-SNS-STBOX1 2.1.0
2025-08-10 10:12:41,480 [INFO] ThirdParty:1030 - CMSIS Pack Vendor :STMicroelectronics X-CUBE-AI 10.2.0
2025-08-10 10:12:41,480 [INFO] ThirdParty:1030 - CMSIS Pack Vendor :STMicroelectronics FP-SNS-STAIOTCFT 1.0.0
2025-08-10 10:12:41,480 [INFO] ThirdParty:1030 - CMSIS Pack Vendor :STMicroelectronics ThreadX 1.0.0
2025-08-10 10:12:41,480 [INFO] ThirdParty:1030 - CMSIS Pack Vendor :STMicroelectronics FP-SNS-SMARTAG2 1.2.0
2025-08-10 10:12:41,480 [INFO] ThirdParty:1030 - CMSIS Pack Vendor :STMicroelectronics FP-SNS-FLIGHT1 5.1.0
2025-08-10 10:12:41,480 [INFO] ThirdParty:1030 - CMSIS Pack Vendor :STMicroelectronics X-CUBE-AZRTOS-WL 2.0.0
2025-08-10 10:12:41,480 [INFO] ThirdParty:1030 - CMSIS Pack Vendor :SEGGER I-CUBE-embOS 1.3.1
2025-08-10 10:12:41,480 [INFO] ThirdParty:1030 - CMSIS Pack Vendor :STMicroelectronics X-CUBE-ALGOBUILD 1.4.0
2025-08-10 10:12:41,481 [INFO] ThirdParty:1030 - CMSIS Pack Vendor :STMicroelectronics X-CUBE-DPower 1.3.0
2025-08-10 10:12:41,481 [INFO] ThirdParty:1030 - CMSIS Pack Vendor :STMicroelectronics X-CUBE-MEMS1 11.3.0
2025-08-10 10:12:41,481 [INFO] ThirdParty:1030 - CMSIS Pack Vendor :STMicroelectronics FP-SNS-MOTENV1 5.0.0
2025-08-10 10:12:41,481 [INFO] ThirdParty:1030 - CMSIS Pack Vendor :STMicroelectronics USB_DEVICE 1.0.0
2025-08-10 10:12:41,481 [INFO] ThirdParty:1030 - CMSIS Pack Vendor :STMicroelectronics X-CUBE-AZRTOS-L4 2.0.0
2025-08-10 10:12:41,481 [INFO] ThirdParty:1030 - CMSIS Pack Vendor :STMicroelectronics ThreadX 0.0.2
2025-08-10 10:12:41,481 [INFO] ThirdParty:1030 - CMSIS Pack Vendor :WES I-CUBE-Cesium 1.3.0
2025-08-10 10:12:41,484 [INFO] ThirdParty:1030 - CMSIS Pack Vendor :STMicroelectronics lwIP 2.1.2
2025-08-10 10:12:41,484 [INFO] ThirdParty:1030 - CMSIS Pack Vendor :STMicroelectronics X-CUBE-SFXS2LP1 4.0.0
2025-08-10 10:12:41,485 [INFO] ThirdParty:1030 - CMSIS Pack Vendor :STMicroelectronics X-CUBE-BLE2 3.3.0
2025-08-10 10:12:41,486 [INFO] ThirdParty:1030 - CMSIS Pack Vendor :STMicroelectronics X-CUBE-TOF1 3.4.3
2025-08-10 10:12:41,486 [INFO] ThirdParty:1030 - CMSIS Pack Vendor :STMicroelectronics PDM2PCM 3.2.0
2025-08-10 10:12:41,488 [INFO] ThirdParty:841 - exiting critical section [change project]
2025-08-10 10:12:42,670 [INFO] PinOutPanel:1589 - setPackage(No Configuration,No Configuration)
2025-08-10 10:12:42,675 [INFO] PinOutPanel:1589 - setPackage(STM32U575CIUxQ,UFQFPN48)
2025-08-10 10:12:44,456 [INFO] UtilMem:75 - Before build in PCC Used Memory: 887275192 Bytes (1073741824)
2025-08-10 10:12:46,156 [INFO] UtilMem:75 - After build in PCC Used Memory: 733183648 Bytes (1073741824)
2025-08-10 10:12:46,219 [INFO] IPUIPlugin:80 - create IPUIPlugin
2025-08-10 10:12:46,219 [INFO] IPUIPlugin:80 - create IPUIPlugin
2025-08-10 10:12:46,219 [INFO] IPUIPlugin:80 - create IPUIPlugin
2025-08-10 10:12:46,219 [INFO] IPUIPlugin:80 - create IPUIPlugin
2025-08-10 10:12:46,219 [INFO] IPUIPlugin:80 - create IPUIPlugin
2025-08-10 10:12:46,220 [INFO] IPUIPlugin:80 - create IPUIPlugin
2025-08-10 10:12:46,220 [INFO] IPUIPlugin:80 - create IPUIPlugin
2025-08-10 10:12:46,220 [INFO] IPUIPlugin:80 - create IPUIPlugin
2025-08-10 10:12:46,222 [INFO] IPUIPlugin:80 - create IPUIPlugin
2025-08-10 10:12:46,222 [INFO] IPUIPlugin:80 - create IPUIPlugin
2025-08-10 10:12:46,224 [INFO] IPUIPlugin:80 - create IPUIPlugin
2025-08-10 10:12:46,225 [INFO] IPUIPlugin:80 - create IPUIPlugin
2025-08-10 10:12:46,225 [INFO] IPUIPlugin:80 - create IPUIPlugin
2025-08-10 10:12:46,225 [INFO] IPUIPlugin:80 - create IPUIPlugin
2025-08-10 10:12:46,226 [INFO] IPUIPlugin:80 - create IPUIPlugin
2025-08-10 10:12:46,226 [INFO] IPUIPlugin:80 - create IPUIPlugin
2025-08-10 10:12:46,226 [INFO] IPUIPlugin:80 - create IPUIPlugin
2025-08-10 10:12:46,227 [INFO] IPUIPlugin:80 - create IPUIPlugin
2025-08-10 10:12:46,227 [INFO] IPUIPlugin:80 - create IPUIPlugin
2025-08-10 10:12:46,228 [INFO] IPUIPlugin:80 - create IPUIPlugin
2025-08-10 10:12:46,228 [INFO] IPUIPlugin:80 - create IPUIPlugin
2025-08-10 10:12:46,229 [INFO] IPUIPlugin:80 - create IPUIPlugin
2025-08-10 10:12:46,229 [INFO] IPUIPlugin:80 - create IPUIPlugin
2025-08-10 10:12:46,229 [INFO] IPUIPlugin:80 - create IPUIPlugin
2025-08-10 10:12:46,230 [INFO] IPUIPlugin:80 - create IPUIPlugin
2025-08-10 10:12:46,230 [INFO] IPUIPlugin:80 - create IPUIPlugin
2025-08-10 10:12:46,231 [INFO] IPUIPlugin:80 - create IPUIPlugin
2025-08-10 10:12:46,232 [INFO] IPUIPlugin:80 - create IPUIPlugin
2025-08-10 10:12:46,232 [INFO] IPUIPlugin:80 - create IPUIPlugin
2025-08-10 10:12:46,234 [INFO] IPUIPlugin:80 - create IPUIPlugin
2025-08-10 10:12:46,234 [INFO] IPUIPlugin:80 - create IPUIPlugin
2025-08-10 10:12:46,235 [INFO] IPUIPlugin:80 - create IPUIPlugin
2025-08-10 10:12:46,235 [INFO] IPUIPlugin:80 - create IPUIPlugin
2025-08-10 10:12:46,236 [INFO] IPUIPlugin:80 - create IPUIPlugin
2025-08-10 10:12:46,237 [INFO] IPUIPlugin:80 - create IPUIPlugin
2025-08-10 10:12:46,237 [INFO] IPUIPlugin:80 - create IPUIPlugin
2025-08-10 10:12:46,237 [INFO] IPUIPlugin:80 - create IPUIPlugin
2025-08-10 10:12:46,238 [INFO] IPUIPlugin:80 - create IPUIPlugin
2025-08-10 10:12:46,239 [INFO] IPUIPlugin:80 - create IPUIPlugin
2025-08-10 10:12:46,239 [INFO] IPUIPlugin:80 - create IPUIPlugin
2025-08-10 10:12:46,241 [INFO] IPUIPlugin:80 - create IPUIPlugin
2025-08-10 10:12:46,242 [INFO] IPUIPlugin:80 - create IPUIPlugin
2025-08-10 10:12:46,242 [INFO] IPUIPlugin:80 - create IPUIPlugin
2025-08-10 10:12:46,242 [INFO] IPUIPlugin:80 - create IPUIPlugin
2025-08-10 10:12:46,243 [INFO] IPUIPlugin:80 - create IPUIPlugin
2025-08-10 10:12:46,243 [INFO] IPUIPlugin:80 - create IPUIPlugin
2025-08-10 10:12:46,243 [INFO] IPUIPlugin:80 - create IPUIPlugin
2025-08-10 10:12:46,244 [INFO] IPUIPlugin:80 - create IPUIPlugin
2025-08-10 10:12:46,244 [INFO] IPUIPlugin:80 - create IPUIPlugin
2025-08-10 10:12:46,244 [INFO] IPUIPlugin:80 - create IPUIPlugin
2025-08-10 10:12:46,245 [INFO] IPUIPlugin:80 - create IPUIPlugin
2025-08-10 10:12:46,246 [INFO] IPUIPlugin:80 - create IPUIPlugin
2025-08-10 10:12:46,246 [INFO] IPUIPlugin:80 - create IPUIPlugin
2025-08-10 10:12:46,247 [INFO] IPUIPlugin:80 - create IPUIPlugin
2025-08-10 10:12:46,247 [INFO] IPUIPlugin:80 - create IPUIPlugin
2025-08-10 10:12:46,247 [INFO] IPUIPlugin:80 - create IPUIPlugin
2025-08-10 10:12:46,248 [INFO] IPUIPlugin:80 - create IPUIPlugin
2025-08-10 10:12:46,248 [INFO] IPUIPlugin:80 - create IPUIPlugin
2025-08-10 10:12:46,248 [INFO] IPUIPlugin:80 - create IPUIPlugin
2025-08-10 10:12:46,249 [INFO] IPUIPlugin:80 - create IPUIPlugin
2025-08-10 10:12:46,249 [INFO] IPUIPlugin:80 - create IPUIPlugin
2025-08-10 10:12:46,250 [INFO] IPUIPlugin:80 - create IPUIPlugin
2025-08-10 10:12:46,251 [INFO] IPUIPlugin:80 - create IPUIPlugin
2025-08-10 10:12:46,251 [INFO] IPUIPlugin:80 - create IPUIPlugin
2025-08-10 10:12:46,252 [INFO] IPUIPlugin:80 - create IPUIPlugin
2025-08-10 10:12:46,252 [INFO] IPUIPlugin:80 - create IPUIPlugin
2025-08-10 10:12:46,252 [INFO] IPUIPlugin:80 - create IPUIPlugin
2025-08-10 10:12:46,252 [INFO] IPUIPlugin:80 - create IPUIPlugin
2025-08-10 10:12:46,252 [INFO] IPUIPlugin:80 - create IPUIPlugin
2025-08-10 10:12:46,254 [INFO] IPUIPlugin:80 - create IPUIPlugin
2025-08-10 10:12:46,254 [INFO] IPUIPlugin:80 - create IPUIPlugin
2025-08-10 10:12:46,254 [INFO] IPUIPlugin:80 - create IPUIPlugin
2025-08-10 10:12:46,255 [INFO] IPUIPlugin:80 - create IPUIPlugin
2025-08-10 10:12:46,256 [INFO] IPUIPlugin:80 - create IPUIPlugin
2025-08-10 10:12:46,257 [INFO] IPUIPlugin:80 - create IPUIPlugin
2025-08-10 10:12:46,257 [INFO] IPUIPlugin:80 - create IPUIPlugin
2025-08-10 10:12:46,258 [INFO] IPUIPlugin:80 - create IPUIPlugin
2025-08-10 10:12:46,258 [INFO] IPUIPlugin:80 - create IPUIPlugin
2025-08-10 10:12:46,259 [INFO] IPUIPlugin:80 - create IPUIPlugin
2025-08-10 10:12:46,259 [INFO] IPUIPlugin:80 - create IPUIPlugin
2025-08-10 10:12:46,260 [INFO] IPUIPlugin:80 - create IPUIPlugin
2025-08-10 10:12:46,260 [INFO] IPUIPlugin:80 - create IPUIPlugin
2025-08-10 10:12:46,261 [INFO] IPUIPlugin:80 - create IPUIPlugin
2025-08-10 10:12:46,262 [INFO] IPUIPlugin:80 - create IPUIPlugin
2025-08-10 10:12:46,263 [INFO] IPUIPlugin:80 - create IPUIPlugin
2025-08-10 10:12:46,263 [INFO] IPUIPlugin:80 - create IPUIPlugin
2025-08-10 10:12:46,264 [INFO] IPUIPlugin:80 - create IPUIPlugin
2025-08-10 10:12:46,264 [INFO] IPUIPlugin:80 - create IPUIPlugin
2025-08-10 10:12:46,265 [INFO] IPUIPlugin:80 - create IPUIPlugin
2025-08-10 10:12:46,265 [INFO] IPUIPlugin:80 - create IPUIPlugin
2025-08-10 10:12:46,266 [INFO] IPUIPlugin:80 - create IPUIPlugin
2025-08-10 10:12:46,267 [INFO] IPUIPlugin:80 - create IPUIPlugin
2025-08-10 10:12:46,267 [INFO] IPUIPlugin:80 - create IPUIPlugin
2025-08-10 10:12:46,268 [INFO] IPUIPlugin:80 - create IPUIPlugin
2025-08-10 10:12:46,268 [INFO] IPUIPlugin:80 - create IPUIPlugin
2025-08-10 10:12:46,269 [INFO] IPUIPlugin:80 - create IPUIPlugin
2025-08-10 10:12:46,269 [INFO] IPUIPlugin:80 - create IPUIPlugin
2025-08-10 10:12:46,542 [INFO] CADModel:165 - CPN selected for project levelSTM32U575CIU6Q
2025-08-10 10:12:46,542 [INFO] CADModel:114 - Register for checkConnection events
2025-08-10 10:12:46,626 [INFO] OpenFileManager:386 - Restore cursor
2025-08-10 10:12:48,654 [INFO] UtilMem:75 - End SaveConfig() Used Memory: 625637224 Bytes (1073741824)
2025-08-10 10:12:48,820 [WARN] Context:862 - Trying to set MEMORYMAP twice on same context CortexM33
2025-08-10 10:12:48,877 [INFO] UtilMem:75 - End SaveConfig() Used Memory: 655096880 Bytes (1073741824)
2025-08-10 10:18:48,937 [INFO] BlockDiagram:2775 - set Specific Code input for plugin: PWR
2025-08-10 10:18:48,937 [INFO] BlockDiagram:2775 - set Specific Code input for plugin: RCC
2025-08-10 10:18:48,938 [INFO] BlockDiagram:2775 - set Specific Code input for plugin: MEMORYMAP
2025-08-10 10:18:48,938 [INFO] BlockDiagram:2775 - set Specific Code input for plugin: SYS
2025-08-10 10:18:48,938 [INFO] BlockDiagram:2775 - set Specific Code input for plugin: LPBAM
2025-08-10 10:18:48,938 [INFO] BlockDiagram:2775 - set Specific Code input for plugin: NVIC
2025-08-10 10:18:48,939 [INFO] BlockDiagram:2775 - set Specific Code input for plugin: LPBAMQUEUE
2025-08-10 10:18:48,944 [INFO] CodeGenerator:892 - code generatio: config db path: C:\ST\STM32CubeIDE_1.19.0\STM32CubeIDE\plugins\com.st.stm32cube.common.mx_6.15.0.202507011659\\db\
2025-08-10 10:18:49,460 [INFO] CodeEngine:265 - oldGeneratedFile, C:\Users\joaki\iCloudDrive\Projekt\Smartwatch\Firmware\STM32U575CIU6Q_firmware\MXTmpFiles\license.tmp_save
2025-08-10 10:18:50,197 [INFO] CodeEngine:289 - Generated code: C:\Users\joaki\iCloudDrive\Projekt\Smartwatch\Firmware\STM32U575CIU6Q_firmware\MXTmpFiles\license.tmp
2025-08-10 10:18:50,448 [WARN] IPConfigManager:103 - WARNING: Missing Config File for MEMORYMAP ip!!
2025-08-10 10:18:50,452 [WARN] IP:2250 - DefaultDataRegion not found: check if there is a RefParameter without a condition.
2025-08-10 10:18:50,635 [INFO] CodeEngine:265 - oldGeneratedFile, C:\Users\joaki\iCloudDrive\Projekt\Smartwatch\Firmware\STM32U575CIU6Q_firmware\MXTmpFiles\cortex.tmp_save
2025-08-10 10:18:50,831 [INFO] CodeEngine:289 - Generated code: C:\Users\joaki\iCloudDrive\Projekt\Smartwatch\Firmware\STM32U575CIU6Q_firmware\MXTmpFiles\cortex.tmp
2025-08-10 10:18:50,886 [INFO] CodeEngine:265 - oldGeneratedFile, C:\Users\joaki\iCloudDrive\Projekt\Smartwatch\Firmware\STM32U575CIU6Q_firmware\Core\Src\stm32u5xx_it.c_save
2025-08-10 10:18:51,191 [INFO] CodeEngine:289 - Generated code: C:\Users\joaki\iCloudDrive\Projekt\Smartwatch\Firmware\STM32U575CIU6Q_firmware\Core\Src\stm32u5xx_it.c
2025-08-10 10:18:51,210 [INFO] CodeEngine:265 - oldGeneratedFile, C:\Users\joaki\iCloudDrive\Projekt\Smartwatch\Firmware\STM32U575CIU6Q_firmware\Core\Inc\stm32u5xx_it.h_save
2025-08-10 10:18:51,400 [INFO] CodeEngine:289 - Generated code: C:\Users\joaki\iCloudDrive\Projekt\Smartwatch\Firmware\STM32U575CIU6Q_firmware\Core\Inc\stm32u5xx_it.h
2025-08-10 10:18:51,492 [INFO] CodeEngine:265 - oldGeneratedFile, C:\Users\joaki\iCloudDrive\Projekt\Smartwatch\Firmware\STM32U575CIU6Q_firmware\Core\Src\stm32u5xx_hal_msp.c_save
2025-08-10 10:18:51,817 [INFO] CodeEngine:289 - Generated code: C:\Users\joaki\iCloudDrive\Projekt\Smartwatch\Firmware\STM32U575CIU6Q_firmware\Core\Src\stm32u5xx_hal_msp.c
2025-08-10 10:18:51,831 [INFO] CodeEngine:265 - oldGeneratedFile, C:\Users\joaki\iCloudDrive\Projekt\Smartwatch\Firmware\STM32U575CIU6Q_firmware\MXTmpFiles\system.tmp_save
2025-08-10 10:18:51,993 [INFO] CodeEngine:289 - Generated code: C:\Users\joaki\iCloudDrive\Projekt\Smartwatch\Firmware\STM32U575CIU6Q_firmware\MXTmpFiles\system.tmp
2025-08-10 10:18:52,050 [INFO] CodeEngine:321 - oldGeneratedFile, C:\Users\joaki\iCloudDrive\Projekt\Smartwatch\Firmware\STM32U575CIU6Q_firmware\Core\Inc\stm32u5xx_hal_conf.h_save
2025-08-10 10:18:52,928 [INFO] CodeEngine:345 - Generated code: C:\Users\joaki\iCloudDrive\Projekt\Smartwatch\Firmware\STM32U575CIU6Q_firmware\Core\Inc\stm32u5xx_hal_conf.h
2025-08-10 10:18:53,565 [INFO] ApiDbMcu:532 - Load IP Config File for RCC
2025-08-10 10:18:53,811 [INFO] CodeEngine:265 - oldGeneratedFile, C:\Users\joaki\iCloudDrive\Projekt\Smartwatch\Firmware\STM32U575CIU6Q_firmware\Core\Inc\main.h_save
2025-08-10 10:18:54,495 [INFO] CodeEngine:289 - Generated code: C:\Users\joaki\iCloudDrive\Projekt\Smartwatch\Firmware\STM32U575CIU6Q_firmware\Core\Inc\main.h
2025-08-10 10:18:54,554 [INFO] CodeEngine:265 - oldGeneratedFile, C:\Users\joaki\iCloudDrive\Projekt\Smartwatch\Firmware\STM32U575CIU6Q_firmware\Core\Src\main.c_save
2025-08-10 10:18:55,495 [INFO] CodeEngine:289 - Generated code: C:\Users\joaki\iCloudDrive\Projekt\Smartwatch\Firmware\STM32U575CIU6Q_firmware\Core\Src\main.c
2025-08-10 10:18:56,851 [INFO] ProjectBuilder:3606 - Time for Copy HAL[1] : 741mS.
2025-08-10 10:18:56,913 [INFO] ProjectBuilder:5216 - Project Generator version: 4.7.0-B52
2025-08-10 10:18:57,807 [INFO] ConfigFileManager:1595 - The Die is : DIE482
2025-08-10 10:18:57,881 [INFO] ApiDbMcu:532 - Load IP Config File for FILEX
2025-08-10 10:18:57,989 [INFO] ApiDbMcu:532 - Load IP Config File for LEVELX
2025-08-10 10:18:58,041 [INFO] ApiDbMcu:532 - Load IP Config File for NETXDUO
2025-08-10 10:18:58,099 [INFO] ApiDbMcu:532 - Load IP Config File for THREADX
2025-08-10 10:18:58,165 [INFO] ApiDbMcu:532 - Load IP Config File for TOUCHSENSING
2025-08-10 10:18:58,208 [INFO] ApiDbMcu:532 - Load IP Config File for USBPD
2025-08-10 10:18:58,356 [INFO] ApiDbMcu:532 - Load IP Config File for USBX
2025-08-10 10:19:01,046 [INFO] LogOutputStream:77 - [STDOUT_REDIRECT] 
2025-08-10 10:19:14,599 [INFO] ProjectBuilder:5496 - Time for Generating toolchain IDE Files: 17682mS.
2025-08-10 10:19:14,613 [INFO] ProjectBuilder:3463 - Time for Copy CMSIS : 10mS.
2025-08-10 10:19:14,634 [INFO] ProjectBuilder:3463 - Time for Copy CMSIS : 0mS.
2025-08-10 10:19:18,617 [INFO] McuFinderGlobals:76 - Set McuFinderConnectedMode to true
2025-08-10 10:19:18,628 [INFO] ApiDb:448 - Save user favorites file C:\Users\joaki/.stm32cubeide/favorites.mcus.txt: 0 item(s)
2025-08-10 10:19:18,628 [INFO] ApiDb:452 - User favorites MCUs=[]
2025-08-10 10:22:56,564 [INFO] I2cTimingTraitement:330 - 0x00000E14
2025-08-10 10:23:47,285 [INFO] I2cTimingTraitement:330 - 0x00000E14
2025-08-10 10:27:02,191 [INFO] ServerAccessManage:452 - Complete download http(s) 200
2025-08-10 10:27:02,197 [INFO] ServerAccessManage:509 - Download File STMicroelectronics.X-CUBE-FREERTOS.1.3.1.pack
2025-08-10 10:27:10,474 [INFO] AnalyticsPlugin:368 - Accepted License(s): [STMicroelectronics.X-CUBE-FREERTOS.1.3.1]
2025-08-10 10:27:10,476 [INFO] FileExtend:248 - Unzip File : STMicroelectronics.X-CUBE-FREERTOS.1.3.1.pack
2025-08-10 10:27:10,478 [INFO] FileExtend:263 - Standard Zip Deflate
2025-08-10 10:27:24,490 [INFO] LoadServerPackagesThread:196 - End of LoadServerPackages Thread
2025-08-10 10:27:25,151 [WARN] ThirdParty:509 - waiting for thirdparty lock release [add software pack]
2025-08-10 10:27:25,153 [INFO] ThirdParty:511 - entering critical section [add software pack]
2025-08-10 10:27:25,443 [INFO] ThirdPartyModel:298 - Start build external matchings
2025-08-10 10:27:27,020 [INFO] ThirdPartyModel:316 - End build external matchings
2025-08-10 10:27:27,638 [INFO] ThirdPartyPackRequestProcessor:621 - CMSIS Pack Vendor :STMicroelectronics X-CUBE-PM33A1 1.0.0
2025-08-10 10:27:27,639 [INFO] ThirdPartyPackRequestProcessor:621 - CMSIS Pack Vendor :STMicroelectronics USBPD 4.1
2025-08-10 10:27:27,640 [INFO] ThirdPartyPackRequestProcessor:621 - CMSIS Pack Vendor :STMicroelectronics X-CUBE-NFC9 1.0.0
2025-08-10 10:27:27,640 [INFO] ThirdPartyPackRequestProcessor:621 - CMSIS Pack Vendor :wolfSSL I-CUBE-wolfSSL 5.8.0
2025-08-10 10:27:27,641 [INFO] ThirdPartyPackRequestProcessor:621 - CMSIS Pack Vendor :STMicroelectronics USB_HOST 2.0.0
2025-08-10 10:27:27,641 [INFO] ThirdPartyPackRequestProcessor:621 - CMSIS Pack Vendor :STMicroelectronics FP-SNS-MOTENVWB1 1.4.0
2025-08-10 10:27:27,642 [INFO] ThirdPartyPackRequestProcessor:621 - CMSIS Pack Vendor :STMicroelectronics X-CUBE-AZRTOS-F4 1.1.0
2025-08-10 10:27:27,642 [INFO] ThirdPartyPackRequestProcessor:621 - CMSIS Pack Vendor :STMicroelectronics LIBJPEG 8.0.0
2025-08-10 10:27:27,644 [INFO] ThirdPartyPackRequestProcessor:621 - CMSIS Pack Vendor :STMicroelectronics FP-ATR-ASTRA1 2.0.2
2025-08-10 10:27:27,646 [INFO] ThirdPartyPackRequestProcessor:621 - CMSIS Pack Vendor :STMicroelectronics X-CUBE-BLE1 7.1.0
2025-08-10 10:27:27,647 [INFO] ThirdPartyPackRequestProcessor:621 - CMSIS Pack Vendor :Avnet-IotConnect X-CUBE-IoTC-DA16k-PMOD 1.0.0
2025-08-10 10:27:27,647 [INFO] ThirdPartyPackRequestProcessor:621 - CMSIS Pack Vendor :STMicroelectronics X-CUBE-SMBUS 2.1.0
2025-08-10 10:27:27,648 [INFO] ThirdPartyPackRequestProcessor:621 - CMSIS Pack Vendor :wolfSSL I-CUBE-wolfMQTT 1.19.2
2025-08-10 10:27:27,649 [INFO] ThirdPartyPackRequestProcessor:621 - CMSIS Pack Vendor :STMicroelectronics USB_DEVICE 3.0.0
2025-08-10 10:27:27,650 [INFO] ThirdPartyPackRequestProcessor:621 - CMSIS Pack Vendor :STMicroelectronics X-CUBE-ISPU 2.1.0
2025-08-10 10:27:27,651 [INFO] ThirdPartyPackRequestProcessor:621 - CMSIS Pack Vendor :STMicroelectronics X-CUBE-EEPRMA1 5.2.0
2025-08-10 10:27:27,651 [INFO] ThirdPartyPackRequestProcessor:621 - CMSIS Pack Vendor :STMicroelectronics X-CUBE-BLEMGR 4.1.0
2025-08-10 10:27:27,652 [INFO] ThirdPartyPackRequestProcessor:621 - CMSIS Pack Vendor :STMicroelectronics X-CUBE-AZRTOS-WB 2.0.0
2025-08-10 10:27:27,652 [INFO] ThirdPartyPackRequestProcessor:621 - CMSIS Pack Vendor :STMicroelectronics X-CUBE-ST60 1.0.0
2025-08-10 10:27:27,653 [INFO] ThirdPartyPackRequestProcessor:621 - CMSIS Pack Vendor :STMicroelectronics X-CUBE-GNSS1 7.0.1
2025-08-10 10:27:27,653 [INFO] ThirdPartyPackRequestProcessor:621 - CMSIS Pack Vendor :STMicroelectronics X-CUBE-NFC12 1.0.0
2025-08-10 10:27:27,654 [INFO] ThirdPartyPackRequestProcessor:621 - CMSIS Pack Vendor :STMicroelectronics X-CUBE-AZRTOS-F7 1.1.0
2025-08-10 10:27:27,654 [INFO] ThirdPartyPackRequestProcessor:621 - CMSIS Pack Vendor :STMicroelectronics X-CUBE-AZRTOS-L5 2.0.0
2025-08-10 10:27:27,657 [INFO] ThirdPartyPackRequestProcessor:621 - CMSIS Pack Vendor :STMicroelectronics X-CUBE-TOUCHGFX 4.25.0
2025-08-10 10:27:27,657 [INFO] ThirdPartyPackRequestProcessor:621 - CMSIS Pack Vendor :STMicroelectronics USB_DEVICE 2.0.0
2025-08-10 10:27:27,658 [INFO] ThirdPartyPackRequestProcessor:621 - CMSIS Pack Vendor :STMicroelectronics X-CUBE-NFC6 3.1.0
2025-08-10 10:27:27,659 [INFO] ThirdPartyPackRequestProcessor:621 - CMSIS Pack Vendor :STMicroelectronics X-CUBE-AI 10.1.0
2025-08-10 10:27:27,659 [INFO] ThirdPartyPackRequestProcessor:621 - CMSIS Pack Vendor :STMicroelectronics FP-SNS-STBOX1 2.0.0
2025-08-10 10:27:27,659 [INFO] ThirdPartyPackRequestProcessor:621 - CMSIS Pack Vendor :STMicroelectronics FreeRTOS 0.0.1
2025-08-10 10:27:27,659 [INFO] ThirdPartyPackRequestProcessor:621 - CMSIS Pack Vendor :STMicroelectronics X-CUBE-AZRTOS-G0 1.1.0
2025-08-10 10:27:27,660 [INFO] ThirdPartyPackRequestProcessor:621 - CMSIS Pack Vendor :STMicroelectronics X-CUBE-SAFEA1 1.2.2
2025-08-10 10:27:27,660 [INFO] ThirdPartyPackRequestProcessor:621 - CMSIS Pack Vendor :STMicroelectronics X-CUBE-NFC4 3.0.0
2025-08-10 10:27:27,661 [INFO] ThirdPartyPackRequestProcessor:621 - CMSIS Pack Vendor :STMicroelectronics X-CUBE-SUBG2 5.0.0
2025-08-10 10:27:27,663 [INFO] ThirdPartyPackRequestProcessor:621 - CMSIS Pack Vendor :STMicroelectronics X-CUBE-AZRTOS-H7RS 1.1.0
2025-08-10 10:27:27,663 [INFO] ThirdPartyPackRequestProcessor:621 - CMSIS Pack Vendor :STMicroelectronics STM32_WPAN 1.0.0
2025-08-10 10:27:27,665 [INFO] ThirdPartyPackRequestProcessor:621 - CMSIS Pack Vendor :EmbeddedOffice I-CUBE-FS-RTOS 1.0.1
2025-08-10 10:27:27,666 [INFO] ThirdPartyPackRequestProcessor:621 - CMSIS Pack Vendor :STMicroelectronics lwIP 2.0.3
2025-08-10 10:27:27,667 [INFO] ThirdPartyPackRequestProcessor:621 - CMSIS Pack Vendor :Cesanta I-CUBE-Mongoose 7.13.0
2025-08-10 10:27:27,667 [INFO] ThirdPartyPackRequestProcessor:621 - CMSIS Pack Vendor :STMicroelectronics USB_HOST 1.0.0
2025-08-10 10:27:27,668 [INFO] ThirdPartyPackRequestProcessor:621 - CMSIS Pack Vendor :Infineon AIROC-Wi-Fi-Bluetooth-STM32 1.7.1
2025-08-10 10:27:27,668 [INFO] ThirdPartyPackRequestProcessor:621 - CMSIS Pack Vendor :STMicroelectronics X-CUBE-AZRTOS-G4 2.0.0
2025-08-10 10:27:27,669 [INFO] ThirdPartyPackRequestProcessor:621 - CMSIS Pack Vendor :STMicroelectronics X-CUBE-WB05N 2.0.0
2025-08-10 10:27:27,669 [INFO] ThirdPartyPackRequestProcessor:621 - CMSIS Pack Vendor :STMicroelectronics PDM2PCM 3.1.0
2025-08-10 10:27:27,670 [INFO] ThirdPartyPackRequestProcessor:621 - CMSIS Pack Vendor :STMicroelectronics PDM2PCM 3.3.0
2025-08-10 10:27:27,670 [INFO] ThirdPartyPackRequestProcessor:621 - CMSIS Pack Vendor :wolfSSL I-CUBE-wolfTPM 3.8.0
2025-08-10 10:27:27,670 [INFO] ThirdPartyPackRequestProcessor:621 - CMSIS Pack Vendor :STMicroelectronics X-CUBE-AZRTOS-H7 3.4.0
2025-08-10 10:27:27,671 [INFO] ThirdPartyPackRequestProcessor:621 - CMSIS Pack Vendor :STMicroelectronics X-CUBE-DISPLAY 3.0.0
2025-08-10 10:27:27,673 [INFO] ThirdPartyPackRequestProcessor:621 - CMSIS Pack Vendor :wolfSSL I-CUBE-wolfSSH 1.4.20
2025-08-10 10:27:27,673 [INFO] ThirdPartyPackRequestProcessor:621 - CMSIS Pack Vendor :STMicroelectronics X-CUBE-NFC7 2.0.0
2025-08-10 10:27:27,674 [INFO] ThirdPartyPackRequestProcessor:621 - CMSIS Pack Vendor :STMicroelectronics X-CUBE-TCPP 4.2.0
2025-08-10 10:27:27,674 [INFO] ThirdPartyPackRequestProcessor:621 - CMSIS Pack Vendor :RealThread X-CUBE-RT-Thread_Nano 4.1.1
2025-08-10 10:27:27,674 [INFO] ThirdPartyPackRequestProcessor:621 - CMSIS Pack Vendor :STMicroelectronics FP-ATR-SIGFOX1 3.2.0
2025-08-10 10:27:27,674 [INFO] ThirdPartyPackRequestProcessor:621 - CMSIS Pack Vendor :STMicroelectronics X-CUBE-NFC10 1.0.0
2025-08-10 10:27:27,675 [INFO] ThirdPartyPackRequestProcessor:621 - CMSIS Pack Vendor :STMicroelectronics X-CUBE-FREERTOS 1.3.1
2025-08-10 10:27:27,675 [INFO] ThirdPartyPackRequestProcessor:621 - CMSIS Pack Vendor :STMicroelectronics HAL Drivers 0.0.0
2025-08-10 10:27:27,675 [INFO] ThirdPartyPackRequestProcessor:621 - CMSIS Pack Vendor :STMicroelectronics MBEDTLS 2.16.2
2025-08-10 10:27:27,675 [INFO] ThirdPartyPackRequestProcessor:621 - CMSIS Pack Vendor :STMicroelectronics X-CUBE-IPS 3.1.0
2025-08-10 10:27:27,676 [INFO] ThirdPartyPackRequestProcessor:621 - CMSIS Pack Vendor :STMicroelectronics X-CUBE-ALS 1.0.2
2025-08-10 10:27:27,676 [INFO] ThirdPartyPackRequestProcessor:621 - CMSIS Pack Vendor :emotas I-CUBE-CANOPEN 1.3.0
2025-08-10 10:27:27,676 [INFO] ThirdPartyPackRequestProcessor:621 - CMSIS Pack Vendor :STMicroelectronics MBEDTLS 2.14.1
2025-08-10 10:27:27,676 [INFO] ThirdPartyPackRequestProcessor:621 - CMSIS Pack Vendor :ITTIA_DB I-CUBE-ITTIADB 8.9.0
2025-08-10 10:27:27,676 [INFO] ThirdPartyPackRequestProcessor:621 - CMSIS Pack Vendor :portGmbH I-Cube-SoM-uGOAL 1.1.0
2025-08-10 10:27:27,677 [INFO] ThirdPartyPackRequestProcessor:621 - CMSIS Pack Vendor :quantropi X-CUBE-qispace-sdk-base 2.0.0
2025-08-10 10:27:27,678 [INFO] ThirdPartyPackRequestProcessor:621 - CMSIS Pack Vendor :STMicroelectronics X-CUBE-ST67W61 1.0.0
2025-08-10 10:27:27,679 [INFO] ThirdPartyPackRequestProcessor:621 - CMSIS Pack Vendor :STMicroelectronics FP-SNS-STBOX1 2.1.0
2025-08-10 10:27:27,680 [INFO] ThirdPartyPackRequestProcessor:621 - CMSIS Pack Vendor :STMicroelectronics X-CUBE-AI 10.2.0
2025-08-10 10:27:27,680 [INFO] ThirdPartyPackRequestProcessor:621 - CMSIS Pack Vendor :STMicroelectronics FP-SNS-STAIOTCFT 1.0.0
2025-08-10 10:27:27,680 [INFO] ThirdPartyPackRequestProcessor:621 - CMSIS Pack Vendor :STMicroelectronics ThreadX 1.0.0
2025-08-10 10:27:27,681 [INFO] ThirdPartyPackRequestProcessor:621 - CMSIS Pack Vendor :STMicroelectronics FP-SNS-SMARTAG2 1.2.0
2025-08-10 10:27:27,681 [INFO] ThirdPartyPackRequestProcessor:621 - CMSIS Pack Vendor :STMicroelectronics FP-SNS-FLIGHT1 5.1.0
2025-08-10 10:27:27,681 [INFO] ThirdPartyPackRequestProcessor:621 - CMSIS Pack Vendor :STMicroelectronics X-CUBE-AZRTOS-WL 2.0.0
2025-08-10 10:27:27,681 [INFO] ThirdPartyPackRequestProcessor:621 - CMSIS Pack Vendor :SEGGER I-CUBE-embOS 1.3.1
2025-08-10 10:27:27,681 [INFO] ThirdPartyPackRequestProcessor:621 - CMSIS Pack Vendor :STMicroelectronics X-CUBE-ALGOBUILD 1.4.0
2025-08-10 10:27:27,681 [INFO] ThirdPartyPackRequestProcessor:621 - CMSIS Pack Vendor :STMicroelectronics X-CUBE-DPower 1.3.0
2025-08-10 10:27:27,681 [INFO] ThirdPartyPackRequestProcessor:621 - CMSIS Pack Vendor :STMicroelectronics X-CUBE-MEMS1 11.3.0
2025-08-10 10:27:27,682 [INFO] ThirdPartyPackRequestProcessor:621 - CMSIS Pack Vendor :STMicroelectronics FP-SNS-MOTENV1 5.0.0
2025-08-10 10:27:27,682 [INFO] ThirdPartyPackRequestProcessor:621 - CMSIS Pack Vendor :STMicroelectronics USB_DEVICE 1.0.0
2025-08-10 10:27:27,684 [INFO] ThirdPartyPackRequestProcessor:621 - CMSIS Pack Vendor :STMicroelectronics X-CUBE-AZRTOS-L4 2.0.0
2025-08-10 10:27:27,685 [INFO] ThirdPartyPackRequestProcessor:621 - CMSIS Pack Vendor :STMicroelectronics ThreadX 0.0.2
2025-08-10 10:27:27,686 [INFO] ThirdPartyPackRequestProcessor:621 - CMSIS Pack Vendor :WES I-CUBE-Cesium 1.3.0
2025-08-10 10:27:27,686 [INFO] ThirdPartyPackRequestProcessor:621 - CMSIS Pack Vendor :STMicroelectronics lwIP 2.1.2
2025-08-10 10:27:27,686 [INFO] ThirdPartyPackRequestProcessor:621 - CMSIS Pack Vendor :STMicroelectronics X-CUBE-SFXS2LP1 4.0.0
2025-08-10 10:27:27,686 [INFO] ThirdPartyPackRequestProcessor:621 - CMSIS Pack Vendor :STMicroelectronics X-CUBE-BLE2 3.3.0
2025-08-10 10:27:27,687 [INFO] ThirdPartyPackRequestProcessor:621 - CMSIS Pack Vendor :STMicroelectronics X-CUBE-TOF1 3.4.3
2025-08-10 10:27:27,687 [INFO] ThirdPartyPackRequestProcessor:621 - CMSIS Pack Vendor :STMicroelectronics PDM2PCM 3.2.0
2025-08-10 10:27:27,688 [INFO] ThirdParty:514 - exiting critical section [add software pack]
2025-08-10 10:27:27,691 [INFO] LoadServerUpdatesThread:375 - End of LoadServerUpdate Thread
2025-08-10 10:27:28,052 [INFO] ThirdPartyModel:298 - Start build external matchings
2025-08-10 10:27:28,298 [INFO] MainUpdater:1610 - ProgressBar Return now
2025-08-10 10:27:30,580 [INFO] ThirdPartyModel:316 - End build external matchings
2025-08-10 10:27:31,092 [INFO] CheckServerUpdateThread:120 - End of CheckServer Thread
2025-08-10 10:28:23,731 [INFO] ApiDbMcu:532 - Load IP Config File for STMicroelectronics.X-CUBE-FREERTOS.1.3.1
2025-08-10 10:28:24,386 [WARN] SupportedApi:132 - Cannot load RTOS API schema: s4s-elt-must-match.1: The content of 'definitions' must match (annotation?, (simpleType | complexType)?, (unique | key | keyref)*)). A problem was found starting at: attribute.
2025-08-10 10:28:24,394 [INFO] RtosManager:558 - Registered RTOS mode: class=CMSIS, group=RTOS2, mode=CMSISJjRTOS2, owner=STMicroelectronics.X-CUBE-FREERTOS.1.3.1
2025-08-10 10:28:24,398 [INFO] RtosManager:558 - Registered RTOS mode: class=CMSIS, group=RTOS2, mode=CMSISJjRTOS2, owner=STMicroelectronics.X-CUBE-FREERTOS.1.3.1
2025-08-10 10:28:25,333 [INFO] IPUIPlugin:80 - create IPUIPlugin
2025-08-10 10:28:44,019 [WARN] MainPanel:289 - <html><b><center>Warning: This peripheral has no parameters to be configured<br></b></html>
2025-08-10 10:30:49,702 [INFO] I2cTimingTraitement:330 - 0x00000E14
2025-08-10 10:30:52,584 [INFO] I2cTimingTraitement:330 - 0x00000E14
2025-08-10 10:30:54,231 [INFO] I2cTimingTraitement:330 - 0x00000E14
2025-08-10 10:30:55,861 [INFO] I2cTimingTraitement:330 - 0x00000E14
2025-08-10 10:31:59,264 [INFO] I2cTimingTraitement:330 - 0x00303D5B
2025-08-10 10:32:03,102 [INFO] I2cTimingTraitement:330 - 0x50A0A9FE
2025-08-10 10:32:06,272 [INFO] I2cTimingTraitement:330 - 0x4030324B
2025-08-10 10:32:09,054 [INFO] I2cTimingTraitement:330 - 0x6040486C
2025-08-10 10:32:22,134 [INFO] I2cTimingTraitement:330 - 0x6040486C
2025-08-10 10:32:24,193 [INFO] I2cTimingTraitement:330 - 0x6040486C
2025-08-10 10:32:25,373 [INFO] I2cTimingTraitement:330 - 0x6040486C
2025-08-10 10:32:32,101 [INFO] I2cTimingTraitement:330 - 0x00303D5B
2025-08-10 10:32:32,277 [INFO] I2cTimingTraitement:330 - 0x00303D5B
2025-08-10 10:32:33,998 [INFO] I2cTimingTraitement:330 - 0x50A0A9FE
2025-08-10 10:32:35,457 [INFO] I2cTimingTraitement:330 - 0x00000E14
2025-08-10 10:32:41,880 [INFO] I2cTimingTraitement:330 - 0x00000E14
2025-08-10 10:32:44,448 [INFO] I2cTimingTraitement:330 - 0x00000E14
2025-08-10 10:32:47,051 [INFO] I2cTimingTraitement:330 - 0x00000E14
2025-08-10 10:32:57,661 [INFO] I2cTimingTraitement:330 - 0x00000E14
2025-08-10 10:33:01,877 [INFO] I2cTimingTraitement:330 - 0x00000E14
2025-08-10 10:33:04,458 [INFO] I2cTimingTraitement:330 - 0x00000E14
2025-08-10 10:33:13,719 [INFO] I2cTimingTraitement:330 - 0x00000E14
2025-08-10 10:33:15,099 [INFO] I2cTimingTraitement:330 - 0x00000E14
2025-08-10 10:33:16,381 [INFO] I2cTimingTraitement:330 - 0x00000E14
2025-08-10 10:33:26,739 [INFO] I2cTimingTraitement:330 - 0x00000E14
2025-08-10 10:33:28,803 [INFO] I2cTimingTraitement:330 - 0x00000E14
2025-08-10 10:33:49,666 [INFO] I2cTimingTraitement:330 - 0x00303D5B
2025-08-10 10:33:50,064 [INFO] I2cTimingTraitement:330 - 0x00303D5B
2025-08-10 10:33:51,081 [INFO] I2cTimingTraitement:330 - 0x6040486C
2025-08-10 10:33:51,774 [INFO] I2cTimingTraitement:330 - 0x6040486C
2025-08-10 10:33:53,819 [INFO] I2cTimingTraitement:330 - 0x00000E14
2025-08-10 10:33:57,950 [INFO] I2cTimingTraitement:330 - 0x00000E14
2025-08-10 10:34:01,200 [INFO] I2cTimingTraitement:330 - 0x00000E14
2025-08-10 10:34:02,213 [INFO] I2cTimingTraitement:330 - 0x00000E14
2025-08-10 10:34:03,311 [INFO] I2cTimingTraitement:330 - 0x00000E14
2025-08-10 10:34:12,645 [INFO] I2cTimingTraitement:330 - 0x00000E14
2025-08-10 10:34:19,802 [INFO] I2cTimingTraitement:330 - 0x00000E14
2025-08-10 10:34:29,569 [INFO] UtilMem:75 - End SaveConfig() Used Memory: 521779496 Bytes (1073741824)
2025-08-10 10:34:32,429 [INFO] UtilMem:75 - End SaveConfig() Used Memory: 549566688 Bytes (1073741824)
2025-08-10 10:34:42,332 [INFO] UtilMem:75 - End SaveConfig() Used Memory: 759281944 Bytes (1073741824)
2025-08-10 10:35:04,575 [INFO] I2cTimingTraitement:330 - 0x00000E14
2025-08-10 10:35:24,911 [WARN] MainPanel:436 - Warning: This peripheral has no parameters to be configured
2025-08-10 10:35:34,290 [INFO] UtilMem:75 - End SaveConfig() Used Memory: 799286304 Bytes (1073741824)
2025-08-10 10:35:38,784 [INFO] UtilMem:75 - End SaveConfig() Used Memory: 978592800 Bytes (1073741824)
2025-08-10 10:35:52,723 [INFO] BlockDiagram:2775 - set Specific Code input for plugin: PWR
2025-08-10 10:35:52,724 [INFO] BlockDiagram:2775 - set Specific Code input for plugin: RCC
2025-08-10 10:35:52,724 [INFO] BlockDiagram:2775 - set Specific Code input for plugin: I2C
2025-08-10 10:35:52,725 [INFO] BlockDiagram:2775 - set Specific Code input for plugin: USART
2025-08-10 10:35:52,726 [INFO] BlockDiagram:2775 - set Specific Code input for plugin: OCTOSPI
2025-08-10 10:35:52,728 [INFO] BlockDiagram:2775 - set Specific Code input for plugin: MEMORYMAP
2025-08-10 10:35:52,729 [INFO] BlockDiagram:2775 - set Specific Code input for plugin: SYS
2025-08-10 10:35:52,729 [INFO] BlockDiagram:2775 - set Specific Code input for plugin: LPBAM
2025-08-10 10:35:52,729 [INFO] BlockDiagram:2775 - set Specific Code input for plugin: NVIC
2025-08-10 10:35:52,729 [INFO] BlockDiagram:2775 - set Specific Code input for plugin: DMA2D
2025-08-10 10:35:52,729 [INFO] BlockDiagram:2775 - set Specific Code input for plugin: ICACHE
2025-08-10 10:35:52,730 [INFO] BlockDiagram:2775 - set Specific Code input for plugin: GPIO
2025-08-10 10:35:52,731 [INFO] BlockDiagram:2775 - set Specific Code input for plugin: LPBAMQUEUE
2025-08-10 10:35:52,735 [INFO] CodeGenerator:892 - code generatio: config db path: C:\ST\STM32CubeIDE_1.19.0\STM32CubeIDE\plugins\com.st.stm32cube.common.mx_6.15.0.202507011659\\db\
2025-08-10 10:35:53,084 [INFO] IP:3347 - RTE template : freertos_start.ftl
2025-08-10 10:35:53,115 [INFO] CodeEngine:265 - oldGeneratedFile, C:\Users\joaki\iCloudDrive\Projekt\Smartwatch\Firmware\STM32U575CIU6Q_firmware\MXTmpFiles\license.tmp_save
2025-08-10 10:35:53,854 [INFO] CodeEngine:289 - Generated code: C:\Users\joaki\iCloudDrive\Projekt\Smartwatch\Firmware\STM32U575CIU6Q_firmware\MXTmpFiles\license.tmp
2025-08-10 10:35:54,091 [INFO] CodeEngine:265 - oldGeneratedFile, C:\Users\joaki\iCloudDrive\Projekt\Smartwatch\Firmware\STM32U575CIU6Q_firmware\MXTmpFiles\gpio.tmp_save
2025-08-10 10:35:54,375 [INFO] CodeEngine:289 - Generated code: C:\Users\joaki\iCloudDrive\Projekt\Smartwatch\Firmware\STM32U575CIU6Q_firmware\MXTmpFiles\gpio.tmp
2025-08-10 10:35:55,405 [WARN] IPConfigManager:103 - WARNING: Missing Config File for MEMORYMAP ip!!
2025-08-10 10:35:55,407 [WARN] IP:2250 - DefaultDataRegion not found: check if there is a RefParameter without a condition.
2025-08-10 10:35:56,252 [INFO] CodeEngine:265 - oldGeneratedFile, C:\Users\joaki\iCloudDrive\Projekt\Smartwatch\Firmware\STM32U575CIU6Q_firmware\MXTmpFiles\cortex.tmp_save
2025-08-10 10:35:56,460 [INFO] CodeEngine:289 - Generated code: C:\Users\joaki\iCloudDrive\Projekt\Smartwatch\Firmware\STM32U575CIU6Q_firmware\MXTmpFiles\cortex.tmp
2025-08-10 10:35:56,561 [INFO] CodeEngine:265 - oldGeneratedFile, C:\Users\joaki\iCloudDrive\Projekt\Smartwatch\Firmware\STM32U575CIU6Q_firmware\Core\Src\stm32u5xx_it.c_save
2025-08-10 10:35:57,074 [INFO] CodeEngine:289 - Generated code: C:\Users\joaki\iCloudDrive\Projekt\Smartwatch\Firmware\STM32U575CIU6Q_firmware\Core\Src\stm32u5xx_it.c
2025-08-10 10:35:57,106 [INFO] CodeEngine:265 - oldGeneratedFile, C:\Users\joaki\iCloudDrive\Projekt\Smartwatch\Firmware\STM32U575CIU6Q_firmware\Core\Inc\stm32u5xx_it.h_save
2025-08-10 10:35:57,328 [INFO] CodeEngine:289 - Generated code: C:\Users\joaki\iCloudDrive\Projekt\Smartwatch\Firmware\STM32U575CIU6Q_firmware\Core\Inc\stm32u5xx_it.h
2025-08-10 10:35:57,636 [INFO] CodeEngine:265 - oldGeneratedFile, C:\Users\joaki\iCloudDrive\Projekt\Smartwatch\Firmware\STM32U575CIU6Q_firmware\Core\Src\stm32u5xx_hal_msp.c_save
2025-08-10 10:35:58,227 [INFO] CodeEngine:289 - Generated code: C:\Users\joaki\iCloudDrive\Projekt\Smartwatch\Firmware\STM32U575CIU6Q_firmware\Core\Src\stm32u5xx_hal_msp.c
2025-08-10 10:35:58,753 [INFO] CodeEngine:265 - oldGeneratedFile, C:\Users\joaki\iCloudDrive\Projekt\Smartwatch\Firmware\STM32U575CIU6Q_firmware\MXTmpFiles\system.tmp_save
2025-08-10 10:35:58,865 [INFO] CodeEngine:289 - Generated code: C:\Users\joaki\iCloudDrive\Projekt\Smartwatch\Firmware\STM32U575CIU6Q_firmware\MXTmpFiles\system.tmp
2025-08-10 10:35:58,918 [INFO] CodeEngine:321 - oldGeneratedFile, C:\Users\joaki\iCloudDrive\Projekt\Smartwatch\Firmware\STM32U575CIU6Q_firmware\Core\Inc\stm32u5xx_hal_conf.h_save
2025-08-10 10:35:59,083 [INFO] CodeEngine:345 - Generated code: C:\Users\joaki\iCloudDrive\Projekt\Smartwatch\Firmware\STM32U575CIU6Q_firmware\Core\Inc\stm32u5xx_hal_conf.h
2025-08-10 10:35:59,264 [INFO] ApiDbMcu:532 - Load IP Config File for DMA2D
2025-08-10 10:35:59,277 [INFO] ApiDbMcu:532 - Load IP Config File for I2C2
2025-08-10 10:35:59,280 [INFO] ApiDbMcu:532 - Load IP Config File for ICACHE
2025-08-10 10:35:59,286 [INFO] ApiDbMcu:532 - Load IP Config File for OCTOSPI1
2025-08-10 10:35:59,325 [INFO] ApiDbMcu:532 - Load IP Config File for USART1
2025-08-10 10:35:59,433 [INFO] CodeEngine:265 - oldGeneratedFile, C:\Users\joaki\iCloudDrive\Projekt\Smartwatch\Firmware\STM32U575CIU6Q_firmware\Core\Inc\main.h_save
2025-08-10 10:35:59,764 [INFO] CodeEngine:289 - Generated code: C:\Users\joaki\iCloudDrive\Projekt\Smartwatch\Firmware\STM32U575CIU6Q_firmware\Core\Inc\main.h
2025-08-10 10:35:59,797 [INFO] CodeEngine:265 - oldGeneratedFile, C:\Users\joaki\iCloudDrive\Projekt\Smartwatch\Firmware\STM32U575CIU6Q_firmware\Core\Src\main.c_save
2025-08-10 10:36:00,090 [INFO] CodeEngine:289 - Generated code: C:\Users\joaki\iCloudDrive\Projekt\Smartwatch\Firmware\STM32U575CIU6Q_firmware\Core\Src\main.c
2025-08-10 10:36:01,781 [INFO] ProjectBuilder:3606 - Time for Copy HAL[1] : 1189mS.
2025-08-10 10:36:01,790 [INFO] ProjectBuilder:5216 - Project Generator version: 4.7.0-B52
2025-08-10 10:36:01,936 [INFO] ConfigFileManager:1595 - The Die is : DIE482
2025-08-10 10:36:05,486 [INFO] ProjectBuilder:5496 - Time for Generating toolchain IDE Files: 3694mS.
2025-08-10 10:36:05,488 [INFO] ProjectBuilder:3463 - Time for Copy CMSIS : 1mS.
2025-08-10 10:36:05,502 [INFO] ProjectBuilder:3463 - Time for Copy CMSIS : 1mS.
2025-08-10 10:37:55,607 [INFO] RtosManager:1018 - Current active RTOS is STMicroelectronics.X-CUBE-FREERTOS.1.3.1 [CortexM33]
2025-08-10 10:37:57,399 [ERROR] LogOutputStream:75 - [STDERR_REDIRECT] 
2025-08-10 10:38:18,326 [INFO] RtosManager:803 -  ==== DEBUG ==== Saving {key/value} = {rtos.0.tasks.0/allocationType,Dynamic;bufferName,NULL;codeGen,Default;controlBlockName,NULL;entry,StartDefaultTask;name,defaultTask;parameter,NULL;priority,osPriorityNormal;stackSize,128}
2025-08-10 10:38:18,328 [INFO] UtilMem:75 - End SaveConfig() Used Memory: 765980664 Bytes (1073741824)
2025-08-10 10:38:25,423 [INFO] RtosManager:803 -  ==== DEBUG ==== Saving {key/value} = {rtos.0.tasks.0/allocationType,Dynamic;bufferName,NULL;codeGen,Default;controlBlockName,NULL;entry,StartDefaultTask;name,defaultTask;parameter,NULL;priority,osPriorityNormal;stackSize,128}
2025-08-10 10:38:25,424 [INFO] UtilMem:75 - End SaveConfig() Used Memory: 455677424 Bytes (1073741824)
2025-08-10 10:38:29,773 [INFO] BlockDiagram:2775 - set Specific Code input for plugin: PWR
2025-08-10 10:38:29,774 [INFO] BlockDiagram:2775 - set Specific Code input for plugin: RCC
2025-08-10 10:38:29,774 [INFO] BlockDiagram:2775 - set Specific Code input for plugin: I2C
2025-08-10 10:38:29,774 [INFO] BlockDiagram:2775 - set Specific Code input for plugin: USART
2025-08-10 10:38:29,774 [INFO] BlockDiagram:2775 - set Specific Code input for plugin: STMicroelectronics.X-CUBE-FREERTOS.1.3.1
2025-08-10 10:38:29,774 [INFO] BlockDiagram:2775 - set Specific Code input for plugin: OCTOSPI
2025-08-10 10:38:29,774 [INFO] BlockDiagram:2775 - set Specific Code input for plugin: MEMORYMAP
2025-08-10 10:38:29,774 [INFO] BlockDiagram:2775 - set Specific Code input for plugin: SYS
2025-08-10 10:38:29,774 [INFO] BlockDiagram:2775 - set Specific Code input for plugin: LPBAM
2025-08-10 10:38:29,774 [INFO] BlockDiagram:2775 - set Specific Code input for plugin: NVIC
2025-08-10 10:38:29,774 [INFO] BlockDiagram:2775 - set Specific Code input for plugin: DMA2D
2025-08-10 10:38:29,774 [INFO] BlockDiagram:2775 - set Specific Code input for plugin: ICACHE
2025-08-10 10:38:29,775 [INFO] BlockDiagram:2775 - set Specific Code input for plugin: GPIO
2025-08-10 10:38:29,775 [INFO] BlockDiagram:2775 - set Specific Code input for plugin: LPBAMQUEUE
2025-08-10 10:38:29,795 [WARN] ThirdPartyIpManager:480 - Condition 'CM33 IAR Condition' not fulfilled in pack 'STMicroelectronics.X-CUBE-FREERTOS.1.3.1'
2025-08-10 10:38:29,796 [WARN] ThirdPartyIpManager:480 - Condition 'CM33 IAR Condition' not fulfilled in pack 'STMicroelectronics.X-CUBE-FREERTOS.1.3.1'
2025-08-10 10:38:29,796 [WARN] ThirdPartyIpManager:480 - Condition 'CM33 IAR Condition' not fulfilled in pack 'STMicroelectronics.X-CUBE-FREERTOS.1.3.1'
2025-08-10 10:38:29,797 [WARN] ThirdPartyIpManager:480 - Condition 'CM0 IAR Condition' not fulfilled in pack 'STMicroelectronics.X-CUBE-FREERTOS.1.3.1'
2025-08-10 10:38:29,798 [WARN] ThirdPartyIpManager:480 - Condition 'CM0 IAR Condition' not fulfilled in pack 'STMicroelectronics.X-CUBE-FREERTOS.1.3.1'
2025-08-10 10:38:29,798 [WARN] ThirdPartyIpManager:480 - Condition 'CM0 IAR Condition' not fulfilled in pack 'STMicroelectronics.X-CUBE-FREERTOS.1.3.1'
2025-08-10 10:38:29,799 [WARN] ThirdPartyIpManager:480 - Condition 'CM0 GNU ARMC6 Condition' not fulfilled in pack 'STMicroelectronics.X-CUBE-FREERTOS.1.3.1'
2025-08-10 10:38:29,799 [WARN] ThirdPartyIpManager:480 - Condition 'CM0 GNU ARMC6 Condition' not fulfilled in pack 'STMicroelectronics.X-CUBE-FREERTOS.1.3.1'
2025-08-10 10:38:29,808 [INFO] CodeGenerator:892 - code generatio: config db path: C:\ST\STM32CubeIDE_1.19.0\STM32CubeIDE\plugins\com.st.stm32cube.common.mx_6.15.0.202507011659\\db\
2025-08-10 10:38:30,075 [INFO] IP:3347 - RTE template : freertos_start.ftl
2025-08-10 10:38:30,090 [INFO] CodeEngine:265 - oldGeneratedFile, C:\Users\joaki\iCloudDrive\Projekt\Smartwatch\Firmware\STM32U575CIU6Q_firmware\MXTmpFiles\license.tmp_save
2025-08-10 10:38:30,190 [INFO] CodeEngine:289 - Generated code: C:\Users\joaki\iCloudDrive\Projekt\Smartwatch\Firmware\STM32U575CIU6Q_firmware\MXTmpFiles\license.tmp
2025-08-10 10:38:30,277 [INFO] CodeEngine:265 - oldGeneratedFile, C:\Users\joaki\iCloudDrive\Projekt\Smartwatch\Firmware\STM32U575CIU6Q_firmware\MXTmpFiles\gpio.tmp_save
2025-08-10 10:38:30,368 [INFO] CodeEngine:289 - Generated code: C:\Users\joaki\iCloudDrive\Projekt\Smartwatch\Firmware\STM32U575CIU6Q_firmware\MXTmpFiles\gpio.tmp
2025-08-10 10:38:30,644 [WARN] IPConfigManager:103 - WARNING: Missing Config File for MEMORYMAP ip!!
2025-08-10 10:38:30,645 [WARN] IP:2250 - DefaultDataRegion not found: check if there is a RefParameter without a condition.
2025-08-10 10:38:30,988 [INFO] Middleware:1452 - No code input for Bsp Dependency
2025-08-10 10:38:31,001 [INFO] CodeEngine:265 - oldGeneratedFile, C:\Users\joaki\iCloudDrive\Projekt\Smartwatch\Firmware\STM32U575CIU6Q_firmware\MXTmpFiles\rtos_obj_creat.tmp_save
2025-08-10 10:38:31,073 [INFO] CodeEngine:289 - Generated code: C:\Users\joaki\iCloudDrive\Projekt\Smartwatch\Firmware\STM32U575CIU6Q_firmware\MXTmpFiles\rtos_obj_creat.tmp
2025-08-10 10:38:31,082 [INFO] CodeEngine:265 - oldGeneratedFile, C:\Users\joaki\iCloudDrive\Projekt\Smartwatch\Firmware\STM32U575CIU6Q_firmware\MXTmpFiles\rtos_typedefs.tmp_save
2025-08-10 10:38:31,154 [INFO] CodeEngine:289 - Generated code: C:\Users\joaki\iCloudDrive\Projekt\Smartwatch\Firmware\STM32U575CIU6Q_firmware\MXTmpFiles\rtos_typedefs.tmp
2025-08-10 10:38:31,164 [INFO] CodeEngine:265 - oldGeneratedFile, C:\Users\joaki\iCloudDrive\Projekt\Smartwatch\Firmware\STM32U575CIU6Q_firmware\MXTmpFiles\rtos_vars.tmp_save
2025-08-10 10:38:31,245 [INFO] CodeEngine:289 - Generated code: C:\Users\joaki\iCloudDrive\Projekt\Smartwatch\Firmware\STM32U575CIU6Q_firmware\MXTmpFiles\rtos_vars.tmp
2025-08-10 10:38:31,255 [INFO] CodeEngine:265 - oldGeneratedFile, C:\Users\joaki\iCloudDrive\Projekt\Smartwatch\Firmware\STM32U575CIU6Q_firmware\MXTmpFiles\rtos_threads.tmp_save
2025-08-10 10:38:31,329 [INFO] CodeEngine:289 - Generated code: C:\Users\joaki\iCloudDrive\Projekt\Smartwatch\Firmware\STM32U575CIU6Q_firmware\MXTmpFiles\rtos_threads.tmp
2025-08-10 10:38:31,336 [INFO] CodeEngine:265 - oldGeneratedFile, C:\Users\joaki\iCloudDrive\Projekt\Smartwatch\Firmware\STM32U575CIU6Q_firmware\MXTmpFiles\rtos_inc.tmp_save
2025-08-10 10:38:31,406 [INFO] CodeEngine:289 - Generated code: C:\Users\joaki\iCloudDrive\Projekt\Smartwatch\Firmware\STM32U575CIU6Q_firmware\MXTmpFiles\rtos_inc.tmp
2025-08-10 10:38:31,417 [INFO] CodeEngine:265 - oldGeneratedFile, C:\Users\joaki\iCloudDrive\Projekt\Smartwatch\Firmware\STM32U575CIU6Q_firmware\MXTmpFiles\rtos_pfp.tmp_save
2025-08-10 10:38:31,491 [INFO] CodeEngine:289 - Generated code: C:\Users\joaki\iCloudDrive\Projekt\Smartwatch\Firmware\STM32U575CIU6Q_firmware\MXTmpFiles\rtos_pfp.tmp
2025-08-10 10:38:31,499 [INFO] CodeEngine:265 - oldGeneratedFile, C:\Users\joaki\iCloudDrive\Projekt\Smartwatch\Firmware\STM32U575CIU6Q_firmware\MXTmpFiles\rtos_kernelInit.tmp_save
2025-08-10 10:38:31,571 [INFO] CodeEngine:289 - Generated code: C:\Users\joaki\iCloudDrive\Projekt\Smartwatch\Firmware\STM32U575CIU6Q_firmware\MXTmpFiles\rtos_kernelInit.tmp
2025-08-10 10:38:31,579 [INFO] CodeEngine:265 - oldGeneratedFile, C:\Users\joaki\iCloudDrive\Projekt\Smartwatch\Firmware\STM32U575CIU6Q_firmware\MXTmpFiles\rtos_kernelStart.tmp_save
2025-08-10 10:38:31,657 [INFO] CodeEngine:289 - Generated code: C:\Users\joaki\iCloudDrive\Projekt\Smartwatch\Firmware\STM32U575CIU6Q_firmware\MXTmpFiles\rtos_kernelStart.tmp
2025-08-10 10:38:31,666 [INFO] Middleware:1452 - No code input for Bsp Dependency
2025-08-10 10:38:31,681 [INFO] CodeEngine:265 - oldGeneratedFile, C:\Users\joaki\iCloudDrive\Projekt\Smartwatch\Firmware\STM32U575CIU6Q_firmware\MXTmpFiles\rtos_obj_creat.tmp_save
2025-08-10 10:38:31,760 [INFO] CodeEngine:289 - Generated code: C:\Users\joaki\iCloudDrive\Projekt\Smartwatch\Firmware\STM32U575CIU6Q_firmware\MXTmpFiles\rtos_obj_creat.tmp
2025-08-10 10:38:31,774 [INFO] CodeEngine:265 - oldGeneratedFile, C:\Users\joaki\iCloudDrive\Projekt\Smartwatch\Firmware\STM32U575CIU6Q_firmware\MXTmpFiles\rtos_typedefs.tmp_save
2025-08-10 10:38:31,845 [INFO] CodeEngine:289 - Generated code: C:\Users\joaki\iCloudDrive\Projekt\Smartwatch\Firmware\STM32U575CIU6Q_firmware\MXTmpFiles\rtos_typedefs.tmp
2025-08-10 10:38:31,856 [INFO] CodeEngine:265 - oldGeneratedFile, C:\Users\joaki\iCloudDrive\Projekt\Smartwatch\Firmware\STM32U575CIU6Q_firmware\MXTmpFiles\rtos_vars.tmp_save
2025-08-10 10:38:31,936 [INFO] CodeEngine:289 - Generated code: C:\Users\joaki\iCloudDrive\Projekt\Smartwatch\Firmware\STM32U575CIU6Q_firmware\MXTmpFiles\rtos_vars.tmp
2025-08-10 10:38:31,950 [INFO] CodeEngine:265 - oldGeneratedFile, C:\Users\joaki\iCloudDrive\Projekt\Smartwatch\Firmware\STM32U575CIU6Q_firmware\MXTmpFiles\rtos_threads.tmp_save
2025-08-10 10:38:32,035 [INFO] CodeEngine:289 - Generated code: C:\Users\joaki\iCloudDrive\Projekt\Smartwatch\Firmware\STM32U575CIU6Q_firmware\MXTmpFiles\rtos_threads.tmp
2025-08-10 10:38:32,051 [INFO] CodeEngine:265 - oldGeneratedFile, C:\Users\joaki\iCloudDrive\Projekt\Smartwatch\Firmware\STM32U575CIU6Q_firmware\MXTmpFiles\rtos_inc.tmp_save
2025-08-10 10:38:32,133 [INFO] CodeEngine:289 - Generated code: C:\Users\joaki\iCloudDrive\Projekt\Smartwatch\Firmware\STM32U575CIU6Q_firmware\MXTmpFiles\rtos_inc.tmp
2025-08-10 10:38:32,147 [INFO] CodeEngine:265 - oldGeneratedFile, C:\Users\joaki\iCloudDrive\Projekt\Smartwatch\Firmware\STM32U575CIU6Q_firmware\MXTmpFiles\rtos_pfp.tmp_save
2025-08-10 10:38:32,268 [INFO] CodeEngine:289 - Generated code: C:\Users\joaki\iCloudDrive\Projekt\Smartwatch\Firmware\STM32U575CIU6Q_firmware\MXTmpFiles\rtos_pfp.tmp
2025-08-10 10:38:32,285 [INFO] CodeEngine:265 - oldGeneratedFile, C:\Users\joaki\iCloudDrive\Projekt\Smartwatch\Firmware\STM32U575CIU6Q_firmware\MXTmpFiles\rtos_kernelInit.tmp_save
2025-08-10 10:38:32,369 [INFO] CodeEngine:289 - Generated code: C:\Users\joaki\iCloudDrive\Projekt\Smartwatch\Firmware\STM32U575CIU6Q_firmware\MXTmpFiles\rtos_kernelInit.tmp
2025-08-10 10:38:32,383 [INFO] CodeEngine:265 - oldGeneratedFile, C:\Users\joaki\iCloudDrive\Projekt\Smartwatch\Firmware\STM32U575CIU6Q_firmware\MXTmpFiles\rtos_kernelStart.tmp_save
2025-08-10 10:38:32,453 [INFO] CodeEngine:289 - Generated code: C:\Users\joaki\iCloudDrive\Projekt\Smartwatch\Firmware\STM32U575CIU6Q_firmware\MXTmpFiles\rtos_kernelStart.tmp
2025-08-10 10:38:32,463 [INFO] CodeEngine:265 - oldGeneratedFile, C:\Users\joaki\iCloudDrive\Projekt\Smartwatch\Firmware\STM32U575CIU6Q_firmware\Core\Inc\FreeRTOSConfig.h_save
2025-08-10 10:38:32,559 [INFO] CodeEngine:289 - Generated code: C:\Users\joaki\iCloudDrive\Projekt\Smartwatch\Firmware\STM32U575CIU6Q_firmware\Core\Inc\FreeRTOSConfig.h
2025-08-10 10:38:32,568 [INFO] CodeEngine:265 - oldGeneratedFile, C:\Users\joaki\iCloudDrive\Projekt\Smartwatch\Firmware\STM32U575CIU6Q_firmware\Core\Src\app_freertos.c_save
2025-08-10 10:38:32,666 [INFO] CodeEngine:289 - Generated code: C:\Users\joaki\iCloudDrive\Projekt\Smartwatch\Firmware\STM32U575CIU6Q_firmware\Core\Src\app_freertos.c
2025-08-10 10:38:32,677 [INFO] CodeEngine:265 - oldGeneratedFile, C:\Users\joaki\iCloudDrive\Projekt\Smartwatch\Firmware\STM32U575CIU6Q_firmware\Core\Inc\app_freertos.h_save
2025-08-10 10:38:32,778 [INFO] CodeEngine:289 - Generated code: C:\Users\joaki\iCloudDrive\Projekt\Smartwatch\Firmware\STM32U575CIU6Q_firmware\Core\Inc\app_freertos.h
2025-08-10 10:38:32,802 [INFO] CodeEngine:265 - oldGeneratedFile, C:\Users\joaki\iCloudDrive\Projekt\Smartwatch\Firmware\STM32U575CIU6Q_firmware\MXTmpFiles\cortex.tmp_save
2025-08-10 10:38:32,895 [INFO] CodeEngine:289 - Generated code: C:\Users\joaki\iCloudDrive\Projekt\Smartwatch\Firmware\STM32U575CIU6Q_firmware\MXTmpFiles\cortex.tmp
2025-08-10 10:38:32,961 [INFO] CodeEngine:265 - oldGeneratedFile, C:\Users\joaki\iCloudDrive\Projekt\Smartwatch\Firmware\STM32U575CIU6Q_firmware\Core\Src\stm32u5xx_it.c_save
2025-08-10 10:38:33,074 [INFO] CodeEngine:289 - Generated code: C:\Users\joaki\iCloudDrive\Projekt\Smartwatch\Firmware\STM32U575CIU6Q_firmware\Core\Src\stm32u5xx_it.c
2025-08-10 10:38:33,242 [INFO] CodeEngine:265 - oldGeneratedFile, C:\Users\joaki\iCloudDrive\Projekt\Smartwatch\Firmware\STM32U575CIU6Q_firmware\Core\Inc\stm32u5xx_it.h_save
2025-08-10 10:38:33,335 [INFO] CodeEngine:289 - Generated code: C:\Users\joaki\iCloudDrive\Projekt\Smartwatch\Firmware\STM32U575CIU6Q_firmware\Core\Inc\stm32u5xx_it.h
2025-08-10 10:38:33,475 [INFO] CodeEngine:265 - oldGeneratedFile, C:\Users\joaki\iCloudDrive\Projekt\Smartwatch\Firmware\STM32U575CIU6Q_firmware\Core\Src\stm32u5xx_hal_msp.c_save
2025-08-10 10:38:33,646 [INFO] CodeEngine:289 - Generated code: C:\Users\joaki\iCloudDrive\Projekt\Smartwatch\Firmware\STM32U575CIU6Q_firmware\Core\Src\stm32u5xx_hal_msp.c
2025-08-10 10:38:33,820 [INFO] CodeEngine:265 - oldGeneratedFile, C:\Users\joaki\iCloudDrive\Projekt\Smartwatch\Firmware\STM32U575CIU6Q_firmware\MXTmpFiles\system.tmp_save
2025-08-10 10:38:33,892 [INFO] CodeEngine:289 - Generated code: C:\Users\joaki\iCloudDrive\Projekt\Smartwatch\Firmware\STM32U575CIU6Q_firmware\MXTmpFiles\system.tmp
2025-08-10 10:38:33,915 [INFO] CodeEngine:321 - oldGeneratedFile, C:\Users\joaki\iCloudDrive\Projekt\Smartwatch\Firmware\STM32U575CIU6Q_firmware\Core\Inc\stm32u5xx_hal_conf.h_save
2025-08-10 10:38:34,010 [INFO] CodeEngine:345 - Generated code: C:\Users\joaki\iCloudDrive\Projekt\Smartwatch\Firmware\STM32U575CIU6Q_firmware\Core\Inc\stm32u5xx_hal_conf.h
2025-08-10 10:38:34,065 [INFO] CodeEngine:265 - oldGeneratedFile, C:\Users\joaki\iCloudDrive\Projekt\Smartwatch\Firmware\STM32U575CIU6Q_firmware\Core\Inc\main.h_save
2025-08-10 10:38:34,161 [INFO] CodeEngine:289 - Generated code: C:\Users\joaki\iCloudDrive\Projekt\Smartwatch\Firmware\STM32U575CIU6Q_firmware\Core\Inc\main.h
2025-08-10 10:38:34,172 [INFO] CodeEngine:265 - oldGeneratedFile, C:\Users\joaki\iCloudDrive\Projekt\Smartwatch\Firmware\STM32U575CIU6Q_firmware\Core\Src\main.c_save
2025-08-10 10:38:34,341 [INFO] CodeEngine:289 - Generated code: C:\Users\joaki\iCloudDrive\Projekt\Smartwatch\Firmware\STM32U575CIU6Q_firmware\Core\Src\main.c
2025-08-10 10:38:45,322 [INFO] ProjectBuilder:3606 - Time for Copy HAL[1] : 10617mS.
2025-08-10 10:38:45,324 [ERROR] Middleware:2950 - Invalid RefComponent list
2025-08-10 10:38:45,324 [ERROR] Middleware:2950 - Invalid RefComponent list
2025-08-10 10:38:45,324 [ERROR] Middleware:2950 - Invalid RefComponent list
2025-08-10 10:38:45,325 [ERROR] Middleware:2950 - Invalid RefComponent list
2025-08-10 10:38:45,325 [ERROR] Middleware:2950 - Invalid RefComponent list
2025-08-10 10:38:45,325 [ERROR] Middleware:2950 - Invalid RefComponent list
2025-08-10 10:38:45,325 [ERROR] Middleware:2950 - Invalid RefComponent list
2025-08-10 10:38:45,325 [ERROR] Middleware:2950 - Invalid RefComponent list
2025-08-10 10:38:45,325 [ERROR] Middleware:2950 - Invalid RefComponent list
2025-08-10 10:38:45,325 [ERROR] Middleware:2950 - Invalid RefComponent list
2025-08-10 10:38:45,325 [ERROR] Middleware:2950 - Invalid RefComponent list
2025-08-10 10:38:45,325 [ERROR] Middleware:2950 - Invalid RefComponent list
2025-08-10 10:38:45,325 [ERROR] Middleware:2950 - Invalid RefComponent list
2025-08-10 10:38:45,325 [ERROR] Middleware:2950 - Invalid RefComponent list
2025-08-10 10:38:45,325 [ERROR] Middleware:2950 - Invalid RefComponent list
2025-08-10 10:38:45,326 [ERROR] Middleware:2950 - Invalid RefComponent list
2025-08-10 10:38:45,326 [ERROR] Middleware:2950 - Invalid RefComponent list
2025-08-10 10:38:45,326 [ERROR] Middleware:2950 - Invalid RefComponent list
2025-08-10 10:38:45,326 [ERROR] Middleware:2950 - Invalid RefComponent list
2025-08-10 10:38:45,326 [ERROR] Middleware:2950 - Invalid RefComponent list
2025-08-10 10:38:45,326 [ERROR] Middleware:2950 - Invalid RefComponent list
2025-08-10 10:38:45,326 [ERROR] Middleware:2950 - Invalid RefComponent list
2025-08-10 10:38:45,326 [ERROR] Middleware:2950 - Invalid RefComponent list
2025-08-10 10:38:45,326 [ERROR] Middleware:2950 - Invalid RefComponent list
2025-08-10 10:38:45,326 [ERROR] Middleware:2950 - Invalid RefComponent list
2025-08-10 10:38:45,326 [ERROR] Middleware:2950 - Invalid RefComponent list
2025-08-10 10:38:45,326 [ERROR] Middleware:2950 - Invalid RefComponent list
2025-08-10 10:38:45,327 [ERROR] Middleware:2950 - Invalid RefComponent list
2025-08-10 10:38:45,327 [ERROR] Middleware:2950 - Invalid RefComponent list
2025-08-10 10:38:45,327 [ERROR] Middleware:2950 - Invalid RefComponent list
2025-08-10 10:38:45,327 [ERROR] Middleware:2950 - Invalid RefComponent list
2025-08-10 10:38:45,327 [ERROR] Middleware:2950 - Invalid RefComponent list
2025-08-10 10:38:45,327 [ERROR] Middleware:2950 - Invalid RefComponent list
2025-08-10 10:38:45,327 [ERROR] Middleware:2950 - Invalid RefComponent list
2025-08-10 10:38:45,327 [ERROR] Middleware:2950 - Invalid RefComponent list
2025-08-10 10:38:45,327 [ERROR] Middleware:2950 - Invalid RefComponent list
2025-08-10 10:38:45,327 [ERROR] Middleware:2950 - Invalid RefComponent list
2025-08-10 10:38:45,327 [ERROR] Middleware:2950 - Invalid RefComponent list
2025-08-10 10:38:45,327 [ERROR] Middleware:2950 - Invalid RefComponent list
2025-08-10 10:38:45,327 [ERROR] Middleware:2950 - Invalid RefComponent list
2025-08-10 10:38:45,327 [ERROR] Middleware:2950 - Invalid RefComponent list
2025-08-10 10:38:45,327 [ERROR] Middleware:2950 - Invalid RefComponent list
2025-08-10 10:38:45,327 [ERROR] Middleware:2950 - Invalid RefComponent list
2025-08-10 10:38:45,327 [ERROR] Middleware:2950 - Invalid RefComponent list
2025-08-10 10:38:45,327 [ERROR] Middleware:2950 - Invalid RefComponent list
2025-08-10 10:38:45,327 [ERROR] Middleware:2950 - Invalid RefComponent list
2025-08-10 10:38:45,328 [ERROR] Middleware:2950 - Invalid RefComponent list
2025-08-10 10:38:45,328 [ERROR] Middleware:2950 - Invalid RefComponent list
2025-08-10 10:38:45,328 [ERROR] Middleware:2950 - Invalid RefComponent list
2025-08-10 10:38:45,328 [ERROR] Middleware:2950 - Invalid RefComponent list
2025-08-10 10:38:45,328 [ERROR] Middleware:2950 - Invalid RefComponent list
2025-08-10 10:38:45,328 [ERROR] Middleware:2950 - Invalid RefComponent list
2025-08-10 10:38:45,329 [ERROR] Middleware:2950 - Invalid RefComponent list
2025-08-10 10:38:45,329 [ERROR] Middleware:2950 - Invalid RefComponent list
2025-08-10 10:38:45,329 [ERROR] Middleware:2950 - Invalid RefComponent list
2025-08-10 10:38:45,329 [ERROR] Middleware:2950 - Invalid RefComponent list
2025-08-10 10:38:45,329 [ERROR] Middleware:2950 - Invalid RefComponent list
2025-08-10 10:38:45,329 [ERROR] Middleware:2950 - Invalid RefComponent list
2025-08-10 10:38:45,329 [ERROR] Middleware:2950 - Invalid RefComponent list
2025-08-10 10:38:45,329 [ERROR] Middleware:2950 - Invalid RefComponent list
2025-08-10 10:38:45,329 [ERROR] Middleware:2950 - Invalid RefComponent list
2025-08-10 10:38:45,329 [ERROR] Middleware:2950 - Invalid RefComponent list
2025-08-10 10:38:45,330 [ERROR] Middleware:2950 - Invalid RefComponent list
2025-08-10 10:38:45,330 [ERROR] Middleware:2950 - Invalid RefComponent list
2025-08-10 10:38:45,330 [ERROR] Middleware:2950 - Invalid RefComponent list
2025-08-10 10:38:45,330 [ERROR] Middleware:2950 - Invalid RefComponent list
2025-08-10 10:38:45,330 [ERROR] Middleware:2950 - Invalid RefComponent list
2025-08-10 10:38:45,330 [ERROR] Middleware:2950 - Invalid RefComponent list
2025-08-10 10:38:45,330 [ERROR] Middleware:2950 - Invalid RefComponent list
2025-08-10 10:38:45,330 [ERROR] Middleware:2950 - Invalid RefComponent list
2025-08-10 10:38:45,330 [ERROR] Middleware:2950 - Invalid RefComponent list
2025-08-10 10:38:45,330 [ERROR] Middleware:2950 - Invalid RefComponent list
2025-08-10 10:38:45,330 [ERROR] Middleware:2950 - Invalid RefComponent list
2025-08-10 10:38:45,330 [ERROR] Middleware:2950 - Invalid RefComponent list
2025-08-10 10:38:45,330 [ERROR] Middleware:2950 - Invalid RefComponent list
2025-08-10 10:38:45,330 [ERROR] Middleware:2950 - Invalid RefComponent list
2025-08-10 10:38:45,330 [ERROR] Middleware:2950 - Invalid RefComponent list
2025-08-10 10:38:45,330 [ERROR] Middleware:2950 - Invalid RefComponent list
2025-08-10 10:38:45,330 [ERROR] Middleware:2950 - Invalid RefComponent list
2025-08-10 10:38:45,330 [ERROR] Middleware:2950 - Invalid RefComponent list
2025-08-10 10:38:45,330 [ERROR] Middleware:2950 - Invalid RefComponent list
2025-08-10 10:38:45,330 [ERROR] Middleware:2950 - Invalid RefComponent list
2025-08-10 10:38:45,330 [ERROR] Middleware:2950 - Invalid RefComponent list
2025-08-10 10:38:45,330 [ERROR] Middleware:2950 - Invalid RefComponent list
2025-08-10 10:38:45,330 [ERROR] Middleware:2950 - Invalid RefComponent list
2025-08-10 10:38:45,330 [ERROR] Middleware:2950 - Invalid RefComponent list
2025-08-10 10:38:45,330 [ERROR] Middleware:2950 - Invalid RefComponent list
2025-08-10 10:38:45,332 [ERROR] Middleware:2950 - Invalid RefComponent list
2025-08-10 10:38:45,332 [ERROR] Middleware:2950 - Invalid RefComponent list
2025-08-10 10:38:45,332 [ERROR] Middleware:2950 - Invalid RefComponent list
2025-08-10 10:38:45,332 [ERROR] Middleware:2950 - Invalid RefComponent list
2025-08-10 10:38:45,332 [ERROR] Middleware:2950 - Invalid RefComponent list
2025-08-10 10:38:45,332 [ERROR] Middleware:2950 - Invalid RefComponent list
2025-08-10 10:38:45,332 [ERROR] Middleware:2950 - Invalid RefComponent list
2025-08-10 10:38:45,332 [ERROR] Middleware:2950 - Invalid RefComponent list
2025-08-10 10:38:45,332 [ERROR] Middleware:2950 - Invalid RefComponent list
2025-08-10 10:38:45,332 [ERROR] Middleware:2950 - Invalid RefComponent list
2025-08-10 10:38:45,332 [ERROR] Middleware:2950 - Invalid RefComponent list
2025-08-10 10:38:45,332 [ERROR] Middleware:2950 - Invalid RefComponent list
2025-08-10 10:38:45,332 [ERROR] Middleware:2950 - Invalid RefComponent list
2025-08-10 10:38:45,332 [ERROR] Middleware:2950 - Invalid RefComponent list
2025-08-10 10:38:45,332 [ERROR] Middleware:2950 - Invalid RefComponent list
2025-08-10 10:38:45,332 [ERROR] Middleware:2950 - Invalid RefComponent list
2025-08-10 10:38:45,332 [ERROR] Middleware:2950 - Invalid RefComponent list
2025-08-10 10:38:45,332 [ERROR] Middleware:2950 - Invalid RefComponent list
2025-08-10 10:38:45,332 [ERROR] Middleware:2950 - Invalid RefComponent list
2025-08-10 10:38:45,333 [ERROR] Middleware:2950 - Invalid RefComponent list
2025-08-10 10:38:45,333 [ERROR] Middleware:2950 - Invalid RefComponent list
2025-08-10 10:38:45,333 [ERROR] Middleware:2950 - Invalid RefComponent list
2025-08-10 10:38:45,333 [ERROR] Middleware:2950 - Invalid RefComponent list
2025-08-10 10:38:45,333 [ERROR] Middleware:2950 - Invalid RefComponent list
2025-08-10 10:38:45,333 [ERROR] Middleware:2950 - Invalid RefComponent list
2025-08-10 10:38:45,333 [ERROR] Middleware:2950 - Invalid RefComponent list
2025-08-10 10:38:45,333 [ERROR] Middleware:2950 - Invalid RefComponent list
2025-08-10 10:38:45,333 [ERROR] Middleware:2950 - Invalid RefComponent list
2025-08-10 10:38:45,334 [ERROR] Middleware:2950 - Invalid RefComponent list
2025-08-10 10:38:45,334 [ERROR] Middleware:2950 - Invalid RefComponent list
2025-08-10 10:38:45,335 [ERROR] Middleware:2950 - Invalid RefComponent list
2025-08-10 10:38:45,335 [ERROR] Middleware:2950 - Invalid RefComponent list
2025-08-10 10:38:45,335 [ERROR] Middleware:2950 - Invalid RefComponent list
2025-08-10 10:38:45,335 [ERROR] Middleware:2950 - Invalid RefComponent list
2025-08-10 10:38:45,335 [ERROR] Middleware:2950 - Invalid RefComponent list
2025-08-10 10:38:45,335 [ERROR] Middleware:2950 - Invalid RefComponent list
2025-08-10 10:38:45,335 [ERROR] Middleware:2950 - Invalid RefComponent list
2025-08-10 10:38:45,335 [ERROR] Middleware:2950 - Invalid RefComponent list
2025-08-10 10:38:45,335 [ERROR] Middleware:2950 - Invalid RefComponent list
2025-08-10 10:38:45,336 [ERROR] Middleware:2950 - Invalid RefComponent list
2025-08-10 10:38:45,336 [ERROR] Middleware:2950 - Invalid RefComponent list
2025-08-10 10:38:45,336 [ERROR] Middleware:2950 - Invalid RefComponent list
2025-08-10 10:38:45,336 [ERROR] Middleware:2950 - Invalid RefComponent list
2025-08-10 10:38:45,336 [ERROR] Middleware:2950 - Invalid RefComponent list
2025-08-10 10:38:45,336 [ERROR] Middleware:2950 - Invalid RefComponent list
2025-08-10 10:38:45,336 [ERROR] Middleware:2950 - Invalid RefComponent list
2025-08-10 10:38:45,336 [ERROR] Middleware:2950 - Invalid RefComponent list
2025-08-10 10:38:45,336 [ERROR] Middleware:2950 - Invalid RefComponent list
2025-08-10 10:38:45,337 [ERROR] Middleware:2950 - Invalid RefComponent list
2025-08-10 10:38:45,337 [ERROR] Middleware:2950 - Invalid RefComponent list
2025-08-10 10:38:45,337 [ERROR] Middleware:2950 - Invalid RefComponent list
2025-08-10 10:38:45,337 [ERROR] Middleware:2950 - Invalid RefComponent list
2025-08-10 10:38:45,337 [ERROR] Middleware:2950 - Invalid RefComponent list
2025-08-10 10:38:45,337 [ERROR] Middleware:2950 - Invalid RefComponent list
2025-08-10 10:38:45,337 [ERROR] Middleware:2950 - Invalid RefComponent list
2025-08-10 10:38:45,337 [ERROR] Middleware:2950 - Invalid RefComponent list
2025-08-10 10:38:45,337 [ERROR] Middleware:2950 - Invalid RefComponent list
2025-08-10 10:38:45,337 [ERROR] Middleware:2950 - Invalid RefComponent list
2025-08-10 10:38:45,337 [ERROR] Middleware:2950 - Invalid RefComponent list
2025-08-10 10:38:45,337 [ERROR] Middleware:2950 - Invalid RefComponent list
2025-08-10 10:38:45,337 [ERROR] Middleware:2950 - Invalid RefComponent list
2025-08-10 10:38:45,337 [ERROR] Middleware:2950 - Invalid RefComponent list
2025-08-10 10:38:45,337 [ERROR] Middleware:2950 - Invalid RefComponent list
2025-08-10 10:38:45,337 [ERROR] Middleware:2950 - Invalid RefComponent list
2025-08-10 10:38:45,339 [ERROR] Middleware:2950 - Invalid RefComponent list
2025-08-10 10:38:45,339 [ERROR] Middleware:2950 - Invalid RefComponent list
2025-08-10 10:38:45,339 [ERROR] Middleware:2950 - Invalid RefComponent list
2025-08-10 10:38:45,339 [ERROR] Middleware:2950 - Invalid RefComponent list
2025-08-10 10:38:45,339 [ERROR] Middleware:2950 - Invalid RefComponent list
2025-08-10 10:38:45,339 [ERROR] Middleware:2950 - Invalid RefComponent list
2025-08-10 10:38:45,339 [ERROR] Middleware:2950 - Invalid RefComponent list
2025-08-10 10:38:45,339 [ERROR] Middleware:2950 - Invalid RefComponent list
2025-08-10 10:38:45,339 [ERROR] Middleware:2950 - Invalid RefComponent list
2025-08-10 10:38:45,339 [ERROR] Middleware:2950 - Invalid RefComponent list
2025-08-10 10:38:45,339 [ERROR] Middleware:2950 - Invalid RefComponent list
2025-08-10 10:38:45,339 [ERROR] Middleware:2950 - Invalid RefComponent list
2025-08-10 10:38:45,339 [ERROR] Middleware:2950 - Invalid RefComponent list
2025-08-10 10:38:45,340 [WARN] ThirdPartyIpManager:480 - Condition 'CM33 IAR Condition' not fulfilled in pack 'STMicroelectronics.X-CUBE-FREERTOS.1.3.1'
2025-08-10 10:38:45,341 [WARN] ThirdPartyIpManager:480 - Condition 'CM33 IAR Condition' not fulfilled in pack 'STMicroelectronics.X-CUBE-FREERTOS.1.3.1'
2025-08-10 10:38:45,341 [WARN] ThirdPartyIpManager:480 - Condition 'CM33 IAR Condition' not fulfilled in pack 'STMicroelectronics.X-CUBE-FREERTOS.1.3.1'
2025-08-10 10:38:45,342 [WARN] ThirdPartyIpManager:480 - Condition 'CM0 IAR Condition' not fulfilled in pack 'STMicroelectronics.X-CUBE-FREERTOS.1.3.1'
2025-08-10 10:38:45,342 [WARN] ThirdPartyIpManager:480 - Condition 'CM0 IAR Condition' not fulfilled in pack 'STMicroelectronics.X-CUBE-FREERTOS.1.3.1'
2025-08-10 10:38:45,342 [WARN] ThirdPartyIpManager:480 - Condition 'CM0 IAR Condition' not fulfilled in pack 'STMicroelectronics.X-CUBE-FREERTOS.1.3.1'
2025-08-10 10:38:45,342 [WARN] ThirdPartyIpManager:480 - Condition 'CM0 GNU ARMC6 Condition' not fulfilled in pack 'STMicroelectronics.X-CUBE-FREERTOS.1.3.1'
2025-08-10 10:38:45,343 [WARN] ThirdPartyIpManager:480 - Condition 'CM0 GNU ARMC6 Condition' not fulfilled in pack 'STMicroelectronics.X-CUBE-FREERTOS.1.3.1'
2025-08-10 10:38:45,666 [INFO] ProjectBuilder:9437 - Time for Copy ThirdParty[1] : 311mS.
2025-08-10 10:38:45,679 [INFO] ProjectBuilder:5216 - Project Generator version: 4.7.0-B52
2025-08-10 10:38:45,827 [INFO] ConfigFileManager:1595 - The Die is : DIE482
2025-08-10 10:38:48,323 [INFO] ProjectBuilder:5496 - Time for Generating toolchain IDE Files: 2644mS.
2025-08-10 10:38:48,324 [INFO] ProjectBuilder:3463 - Time for Copy CMSIS : 1mS.
2025-08-10 10:38:48,334 [INFO] ProjectBuilder:3463 - Time for Copy CMSIS : 0mS.
2025-08-10 13:05:02,009 [INFO] NvicIntPanel:101 - NVIC parent = com.st.microxplorer.plugins.ip.nvic.MultiNvicIntPanel[,0,0,0x0,invalid,layout=javax.swing.BoxLayout,alignmentX=0.0,alignmentY=0.0,border=,flags=9,maximumSize=,minimumSize=,preferredSize=]
2025-08-10 13:17:44,302 [INFO] RtosManager:803 -  ==== DEBUG ==== Saving {key/value} = {rtos.0.tasks.0/allocationType,Dynamic;bufferName,NULL;codeGen,Default;controlBlockName,NULL;entry,StartDefaultTask;name,defaultTask;parameter,NULL;priority,osPriorityNormal;stackSize,128}
2025-08-10 13:17:44,304 [INFO] UtilMem:75 - End SaveConfig() Used Memory: 868296256 Bytes (1073741824)
2025-08-10 13:17:46,004 [INFO] RtosManager:803 -  ==== DEBUG ==== Saving {key/value} = {rtos.0.tasks.0/allocationType,Dynamic;bufferName,NULL;codeGen,Default;controlBlockName,NULL;entry,StartDefaultTask;name,defaultTask;parameter,NULL;priority,osPriorityNormal;stackSize,128}
2025-08-10 13:17:46,005 [INFO] UtilMem:75 - End SaveConfig() Used Memory: 896085568 Bytes (1073741824)
2025-08-10 13:17:46,695 [INFO] RtosManager:803 -  ==== DEBUG ==== Saving {key/value} = {rtos.0.tasks.0/allocationType,Dynamic;bufferName,NULL;codeGen,Default;controlBlockName,NULL;entry,StartDefaultTask;name,defaultTask;parameter,NULL;priority,osPriorityNormal;stackSize,128}
2025-08-10 13:17:46,696 [INFO] UtilMem:75 - End SaveConfig() Used Memory: 592455840 Bytes (1073741824)
2025-08-10 13:17:51,208 [INFO] BlockDiagram:2775 - set Specific Code input for plugin: PWR
2025-08-10 13:17:51,208 [INFO] BlockDiagram:2775 - set Specific Code input for plugin: RCC
2025-08-10 13:17:51,208 [INFO] BlockDiagram:2775 - set Specific Code input for plugin: I2C
2025-08-10 13:17:51,209 [INFO] BlockDiagram:2775 - set Specific Code input for plugin: USART
2025-08-10 13:17:51,209 [INFO] BlockDiagram:2775 - set Specific Code input for plugin: STMicroelectronics.X-CUBE-FREERTOS.1.3.1
2025-08-10 13:17:51,209 [INFO] BlockDiagram:2775 - set Specific Code input for plugin: OCTOSPI
2025-08-10 13:17:51,209 [INFO] BlockDiagram:2775 - set Specific Code input for plugin: MEMORYMAP
2025-08-10 13:17:51,209 [INFO] BlockDiagram:2775 - set Specific Code input for plugin: SYS
2025-08-10 13:17:51,209 [INFO] BlockDiagram:2775 - set Specific Code input for plugin: LPBAM
2025-08-10 13:17:51,209 [INFO] BlockDiagram:2775 - set Specific Code input for plugin: NVIC
2025-08-10 13:17:51,209 [INFO] BlockDiagram:2775 - set Specific Code input for plugin: DMA2D
2025-08-10 13:17:51,209 [INFO] BlockDiagram:2775 - set Specific Code input for plugin: ICACHE
2025-08-10 13:17:51,209 [INFO] BlockDiagram:2775 - set Specific Code input for plugin: GPIO
2025-08-10 13:17:51,209 [INFO] BlockDiagram:2775 - set Specific Code input for plugin: LPBAMQUEUE
2025-08-10 13:17:51,215 [WARN] ThirdPartyIpManager:480 - Condition 'CM33 IAR Condition' not fulfilled in pack 'STMicroelectronics.X-CUBE-FREERTOS.1.3.1'
2025-08-10 13:17:51,216 [WARN] ThirdPartyIpManager:480 - Condition 'CM33 IAR Condition' not fulfilled in pack 'STMicroelectronics.X-CUBE-FREERTOS.1.3.1'
2025-08-10 13:17:51,216 [WARN] ThirdPartyIpManager:480 - Condition 'CM33 IAR Condition' not fulfilled in pack 'STMicroelectronics.X-CUBE-FREERTOS.1.3.1'
2025-08-10 13:17:51,217 [WARN] ThirdPartyIpManager:480 - Condition 'CM0 IAR Condition' not fulfilled in pack 'STMicroelectronics.X-CUBE-FREERTOS.1.3.1'
2025-08-10 13:17:51,217 [WARN] ThirdPartyIpManager:480 - Condition 'CM0 IAR Condition' not fulfilled in pack 'STMicroelectronics.X-CUBE-FREERTOS.1.3.1'
2025-08-10 13:17:51,217 [WARN] ThirdPartyIpManager:480 - Condition 'CM0 IAR Condition' not fulfilled in pack 'STMicroelectronics.X-CUBE-FREERTOS.1.3.1'
2025-08-10 13:17:51,217 [WARN] ThirdPartyIpManager:480 - Condition 'CM0 GNU ARMC6 Condition' not fulfilled in pack 'STMicroelectronics.X-CUBE-FREERTOS.1.3.1'
2025-08-10 13:17:51,217 [WARN] ThirdPartyIpManager:480 - Condition 'CM0 GNU ARMC6 Condition' not fulfilled in pack 'STMicroelectronics.X-CUBE-FREERTOS.1.3.1'
2025-08-10 13:17:51,223 [INFO] CodeGenerator:892 - code generatio: config db path: C:\ST\STM32CubeIDE_1.19.0\STM32CubeIDE\plugins\com.st.stm32cube.common.mx_6.15.0.202507011659\\db\
2025-08-10 13:17:51,457 [INFO] IP:3347 - RTE template : freertos_start.ftl
2025-08-10 13:17:51,480 [INFO] CodeEngine:265 - oldGeneratedFile, C:\Users\joaki\iCloudDrive\Projekt\Smartwatch\Firmware\STM32U575CIU6Q_firmware\MXTmpFiles\license.tmp_save
2025-08-10 13:17:52,012 [INFO] CodeEngine:289 - Generated code: C:\Users\joaki\iCloudDrive\Projekt\Smartwatch\Firmware\STM32U575CIU6Q_firmware\MXTmpFiles\license.tmp
2025-08-10 13:17:52,142 [INFO] CodeEngine:265 - oldGeneratedFile, C:\Users\joaki\iCloudDrive\Projekt\Smartwatch\Firmware\STM32U575CIU6Q_firmware\MXTmpFiles\gpio.tmp_save
2025-08-10 13:17:52,347 [INFO] CodeEngine:289 - Generated code: C:\Users\joaki\iCloudDrive\Projekt\Smartwatch\Firmware\STM32U575CIU6Q_firmware\MXTmpFiles\gpio.tmp
2025-08-10 13:17:52,689 [WARN] IPConfigManager:103 - WARNING: Missing Config File for MEMORYMAP ip!!
2025-08-10 13:17:52,691 [WARN] IP:2250 - DefaultDataRegion not found: check if there is a RefParameter without a condition.
2025-08-10 13:17:53,180 [INFO] Middleware:1452 - No code input for Bsp Dependency
2025-08-10 13:17:53,202 [INFO] CodeEngine:265 - oldGeneratedFile, C:\Users\joaki\iCloudDrive\Projekt\Smartwatch\Firmware\STM32U575CIU6Q_firmware\MXTmpFiles\rtos_obj_creat.tmp_save
2025-08-10 13:17:53,340 [INFO] CodeEngine:289 - Generated code: C:\Users\joaki\iCloudDrive\Projekt\Smartwatch\Firmware\STM32U575CIU6Q_firmware\MXTmpFiles\rtos_obj_creat.tmp
2025-08-10 13:17:53,352 [INFO] CodeEngine:265 - oldGeneratedFile, C:\Users\joaki\iCloudDrive\Projekt\Smartwatch\Firmware\STM32U575CIU6Q_firmware\MXTmpFiles\rtos_typedefs.tmp_save
2025-08-10 13:17:53,474 [INFO] CodeEngine:289 - Generated code: C:\Users\joaki\iCloudDrive\Projekt\Smartwatch\Firmware\STM32U575CIU6Q_firmware\MXTmpFiles\rtos_typedefs.tmp
2025-08-10 13:17:53,487 [INFO] CodeEngine:265 - oldGeneratedFile, C:\Users\joaki\iCloudDrive\Projekt\Smartwatch\Firmware\STM32U575CIU6Q_firmware\MXTmpFiles\rtos_vars.tmp_save
2025-08-10 13:17:53,590 [INFO] CodeEngine:289 - Generated code: C:\Users\joaki\iCloudDrive\Projekt\Smartwatch\Firmware\STM32U575CIU6Q_firmware\MXTmpFiles\rtos_vars.tmp
2025-08-10 13:17:53,601 [INFO] CodeEngine:265 - oldGeneratedFile, C:\Users\joaki\iCloudDrive\Projekt\Smartwatch\Firmware\STM32U575CIU6Q_firmware\MXTmpFiles\rtos_threads.tmp_save
2025-08-10 13:17:53,704 [INFO] CodeEngine:289 - Generated code: C:\Users\joaki\iCloudDrive\Projekt\Smartwatch\Firmware\STM32U575CIU6Q_firmware\MXTmpFiles\rtos_threads.tmp
2025-08-10 13:17:53,714 [INFO] CodeEngine:265 - oldGeneratedFile, C:\Users\joaki\iCloudDrive\Projekt\Smartwatch\Firmware\STM32U575CIU6Q_firmware\MXTmpFiles\rtos_inc.tmp_save
2025-08-10 13:17:53,809 [INFO] CodeEngine:289 - Generated code: C:\Users\joaki\iCloudDrive\Projekt\Smartwatch\Firmware\STM32U575CIU6Q_firmware\MXTmpFiles\rtos_inc.tmp
2025-08-10 13:17:53,819 [INFO] CodeEngine:265 - oldGeneratedFile, C:\Users\joaki\iCloudDrive\Projekt\Smartwatch\Firmware\STM32U575CIU6Q_firmware\MXTmpFiles\rtos_pfp.tmp_save
2025-08-10 13:17:53,921 [INFO] CodeEngine:289 - Generated code: C:\Users\joaki\iCloudDrive\Projekt\Smartwatch\Firmware\STM32U575CIU6Q_firmware\MXTmpFiles\rtos_pfp.tmp
2025-08-10 13:17:53,932 [INFO] CodeEngine:265 - oldGeneratedFile, C:\Users\joaki\iCloudDrive\Projekt\Smartwatch\Firmware\STM32U575CIU6Q_firmware\MXTmpFiles\rtos_kernelInit.tmp_save
2025-08-10 13:17:54,042 [INFO] CodeEngine:289 - Generated code: C:\Users\joaki\iCloudDrive\Projekt\Smartwatch\Firmware\STM32U575CIU6Q_firmware\MXTmpFiles\rtos_kernelInit.tmp
2025-08-10 13:17:54,059 [INFO] CodeEngine:265 - oldGeneratedFile, C:\Users\joaki\iCloudDrive\Projekt\Smartwatch\Firmware\STM32U575CIU6Q_firmware\MXTmpFiles\rtos_kernelStart.tmp_save
2025-08-10 13:17:54,166 [INFO] CodeEngine:289 - Generated code: C:\Users\joaki\iCloudDrive\Projekt\Smartwatch\Firmware\STM32U575CIU6Q_firmware\MXTmpFiles\rtos_kernelStart.tmp
2025-08-10 13:17:54,181 [INFO] Middleware:1452 - No code input for Bsp Dependency
2025-08-10 13:17:54,205 [INFO] CodeEngine:265 - oldGeneratedFile, C:\Users\joaki\iCloudDrive\Projekt\Smartwatch\Firmware\STM32U575CIU6Q_firmware\MXTmpFiles\rtos_obj_creat.tmp_save
2025-08-10 13:17:54,299 [INFO] CodeEngine:289 - Generated code: C:\Users\joaki\iCloudDrive\Projekt\Smartwatch\Firmware\STM32U575CIU6Q_firmware\MXTmpFiles\rtos_obj_creat.tmp
2025-08-10 13:17:54,313 [INFO] CodeEngine:265 - oldGeneratedFile, C:\Users\joaki\iCloudDrive\Projekt\Smartwatch\Firmware\STM32U575CIU6Q_firmware\MXTmpFiles\rtos_typedefs.tmp_save
2025-08-10 13:17:54,399 [INFO] CodeEngine:289 - Generated code: C:\Users\joaki\iCloudDrive\Projekt\Smartwatch\Firmware\STM32U575CIU6Q_firmware\MXTmpFiles\rtos_typedefs.tmp
2025-08-10 13:17:54,416 [INFO] CodeEngine:265 - oldGeneratedFile, C:\Users\joaki\iCloudDrive\Projekt\Smartwatch\Firmware\STM32U575CIU6Q_firmware\MXTmpFiles\rtos_vars.tmp_save
2025-08-10 13:17:54,522 [INFO] CodeEngine:289 - Generated code: C:\Users\joaki\iCloudDrive\Projekt\Smartwatch\Firmware\STM32U575CIU6Q_firmware\MXTmpFiles\rtos_vars.tmp
2025-08-10 13:17:54,535 [INFO] CodeEngine:265 - oldGeneratedFile, C:\Users\joaki\iCloudDrive\Projekt\Smartwatch\Firmware\STM32U575CIU6Q_firmware\MXTmpFiles\rtos_threads.tmp_save
2025-08-10 13:17:54,644 [INFO] CodeEngine:289 - Generated code: C:\Users\joaki\iCloudDrive\Projekt\Smartwatch\Firmware\STM32U575CIU6Q_firmware\MXTmpFiles\rtos_threads.tmp
2025-08-10 13:17:54,659 [INFO] CodeEngine:265 - oldGeneratedFile, C:\Users\joaki\iCloudDrive\Projekt\Smartwatch\Firmware\STM32U575CIU6Q_firmware\MXTmpFiles\rtos_inc.tmp_save
2025-08-10 13:17:54,751 [INFO] CodeEngine:289 - Generated code: C:\Users\joaki\iCloudDrive\Projekt\Smartwatch\Firmware\STM32U575CIU6Q_firmware\MXTmpFiles\rtos_inc.tmp
2025-08-10 13:17:54,766 [INFO] CodeEngine:265 - oldGeneratedFile, C:\Users\joaki\iCloudDrive\Projekt\Smartwatch\Firmware\STM32U575CIU6Q_firmware\MXTmpFiles\rtos_pfp.tmp_save
2025-08-10 13:17:54,856 [INFO] CodeEngine:289 - Generated code: C:\Users\joaki\iCloudDrive\Projekt\Smartwatch\Firmware\STM32U575CIU6Q_firmware\MXTmpFiles\rtos_pfp.tmp
2025-08-10 13:17:54,867 [INFO] CodeEngine:265 - oldGeneratedFile, C:\Users\joaki\iCloudDrive\Projekt\Smartwatch\Firmware\STM32U575CIU6Q_firmware\MXTmpFiles\rtos_kernelInit.tmp_save
2025-08-10 13:17:54,933 [INFO] CodeEngine:289 - Generated code: C:\Users\joaki\iCloudDrive\Projekt\Smartwatch\Firmware\STM32U575CIU6Q_firmware\MXTmpFiles\rtos_kernelInit.tmp
2025-08-10 13:17:54,942 [INFO] CodeEngine:265 - oldGeneratedFile, C:\Users\joaki\iCloudDrive\Projekt\Smartwatch\Firmware\STM32U575CIU6Q_firmware\MXTmpFiles\rtos_kernelStart.tmp_save
2025-08-10 13:17:55,013 [INFO] CodeEngine:289 - Generated code: C:\Users\joaki\iCloudDrive\Projekt\Smartwatch\Firmware\STM32U575CIU6Q_firmware\MXTmpFiles\rtos_kernelStart.tmp
2025-08-10 13:17:55,026 [INFO] CodeEngine:265 - oldGeneratedFile, C:\Users\joaki\iCloudDrive\Projekt\Smartwatch\Firmware\STM32U575CIU6Q_firmware\Core\Inc\FreeRTOSConfig.h_save
2025-08-10 13:17:55,140 [INFO] CodeEngine:289 - Generated code: C:\Users\joaki\iCloudDrive\Projekt\Smartwatch\Firmware\STM32U575CIU6Q_firmware\Core\Inc\FreeRTOSConfig.h
2025-08-10 13:17:55,155 [INFO] CodeEngine:265 - oldGeneratedFile, C:\Users\joaki\iCloudDrive\Projekt\Smartwatch\Firmware\STM32U575CIU6Q_firmware\Core\Src\app_freertos.c_save
2025-08-10 13:17:55,268 [INFO] CodeEngine:289 - Generated code: C:\Users\joaki\iCloudDrive\Projekt\Smartwatch\Firmware\STM32U575CIU6Q_firmware\Core\Src\app_freertos.c
2025-08-10 13:17:55,282 [INFO] CodeEngine:265 - oldGeneratedFile, C:\Users\joaki\iCloudDrive\Projekt\Smartwatch\Firmware\STM32U575CIU6Q_firmware\Core\Inc\app_freertos.h_save
2025-08-10 13:17:55,391 [INFO] CodeEngine:289 - Generated code: C:\Users\joaki\iCloudDrive\Projekt\Smartwatch\Firmware\STM32U575CIU6Q_firmware\Core\Inc\app_freertos.h
2025-08-10 13:17:55,418 [INFO] CodeEngine:265 - oldGeneratedFile, C:\Users\joaki\iCloudDrive\Projekt\Smartwatch\Firmware\STM32U575CIU6Q_firmware\MXTmpFiles\cortex.tmp_save
2025-08-10 13:17:55,529 [INFO] CodeEngine:289 - Generated code: C:\Users\joaki\iCloudDrive\Projekt\Smartwatch\Firmware\STM32U575CIU6Q_firmware\MXTmpFiles\cortex.tmp
2025-08-10 13:17:55,596 [INFO] CodeEngine:265 - oldGeneratedFile, C:\Users\joaki\iCloudDrive\Projekt\Smartwatch\Firmware\STM32U575CIU6Q_firmware\Core\Src\stm32u5xx_it.c_save
2025-08-10 13:17:55,836 [INFO] CodeEngine:289 - Generated code: C:\Users\joaki\iCloudDrive\Projekt\Smartwatch\Firmware\STM32U575CIU6Q_firmware\Core\Src\stm32u5xx_it.c
2025-08-10 13:17:55,851 [INFO] CodeEngine:265 - oldGeneratedFile, C:\Users\joaki\iCloudDrive\Projekt\Smartwatch\Firmware\STM32U575CIU6Q_firmware\Core\Inc\stm32u5xx_it.h_save
2025-08-10 13:17:55,935 [INFO] CodeEngine:289 - Generated code: C:\Users\joaki\iCloudDrive\Projekt\Smartwatch\Firmware\STM32U575CIU6Q_firmware\Core\Inc\stm32u5xx_it.h
2025-08-10 13:17:56,017 [INFO] CodeEngine:265 - oldGeneratedFile, C:\Users\joaki\iCloudDrive\Projekt\Smartwatch\Firmware\STM32U575CIU6Q_firmware\Core\Src\stm32u5xx_hal_msp.c_save
2025-08-10 13:17:56,178 [INFO] CodeEngine:289 - Generated code: C:\Users\joaki\iCloudDrive\Projekt\Smartwatch\Firmware\STM32U575CIU6Q_firmware\Core\Src\stm32u5xx_hal_msp.c
2025-08-10 13:17:56,189 [INFO] CodeEngine:265 - oldGeneratedFile, C:\Users\joaki\iCloudDrive\Projekt\Smartwatch\Firmware\STM32U575CIU6Q_firmware\MXTmpFiles\system.tmp_save
2025-08-10 13:17:56,267 [INFO] CodeEngine:289 - Generated code: C:\Users\joaki\iCloudDrive\Projekt\Smartwatch\Firmware\STM32U575CIU6Q_firmware\MXTmpFiles\system.tmp
2025-08-10 13:17:56,286 [INFO] CodeEngine:321 - oldGeneratedFile, C:\Users\joaki\iCloudDrive\Projekt\Smartwatch\Firmware\STM32U575CIU6Q_firmware\Core\Inc\stm32u5xx_hal_conf.h_save
2025-08-10 13:17:56,377 [INFO] CodeEngine:345 - Generated code: C:\Users\joaki\iCloudDrive\Projekt\Smartwatch\Firmware\STM32U575CIU6Q_firmware\Core\Inc\stm32u5xx_hal_conf.h
2025-08-10 13:17:56,429 [INFO] CodeEngine:265 - oldGeneratedFile, C:\Users\joaki\iCloudDrive\Projekt\Smartwatch\Firmware\STM32U575CIU6Q_firmware\Core\Inc\main.h_save
2025-08-10 13:17:56,540 [INFO] CodeEngine:289 - Generated code: C:\Users\joaki\iCloudDrive\Projekt\Smartwatch\Firmware\STM32U575CIU6Q_firmware\Core\Inc\main.h
2025-08-10 13:17:56,555 [INFO] CodeEngine:265 - oldGeneratedFile, C:\Users\joaki\iCloudDrive\Projekt\Smartwatch\Firmware\STM32U575CIU6Q_firmware\Core\Src\main.c_save
2025-08-10 13:17:56,712 [INFO] CodeEngine:289 - Generated code: C:\Users\joaki\iCloudDrive\Projekt\Smartwatch\Firmware\STM32U575CIU6Q_firmware\Core\Src\main.c
2025-08-10 13:17:58,432 [INFO] ProjectBuilder:3606 - Time for Copy HAL[1] : 1310mS.
2025-08-10 13:17:58,433 [ERROR] Middleware:2950 - Invalid RefComponent list
2025-08-10 13:17:58,433 [ERROR] Middleware:2950 - Invalid RefComponent list
2025-08-10 13:17:58,433 [ERROR] Middleware:2950 - Invalid RefComponent list
2025-08-10 13:17:58,433 [ERROR] Middleware:2950 - Invalid RefComponent list
2025-08-10 13:17:58,433 [ERROR] Middleware:2950 - Invalid RefComponent list
2025-08-10 13:17:58,433 [ERROR] Middleware:2950 - Invalid RefComponent list
2025-08-10 13:17:58,433 [ERROR] Middleware:2950 - Invalid RefComponent list
2025-08-10 13:17:58,433 [ERROR] Middleware:2950 - Invalid RefComponent list
2025-08-10 13:17:58,433 [ERROR] Middleware:2950 - Invalid RefComponent list
2025-08-10 13:17:58,433 [ERROR] Middleware:2950 - Invalid RefComponent list
2025-08-10 13:17:58,433 [ERROR] Middleware:2950 - Invalid RefComponent list
2025-08-10 13:17:58,433 [ERROR] Middleware:2950 - Invalid RefComponent list
2025-08-10 13:17:58,434 [ERROR] Middleware:2950 - Invalid RefComponent list
2025-08-10 13:17:58,434 [ERROR] Middleware:2950 - Invalid RefComponent list
2025-08-10 13:17:58,434 [ERROR] Middleware:2950 - Invalid RefComponent list
2025-08-10 13:17:58,434 [ERROR] Middleware:2950 - Invalid RefComponent list
2025-08-10 13:17:58,434 [ERROR] Middleware:2950 - Invalid RefComponent list
2025-08-10 13:17:58,434 [ERROR] Middleware:2950 - Invalid RefComponent list
2025-08-10 13:17:58,434 [ERROR] Middleware:2950 - Invalid RefComponent list
2025-08-10 13:17:58,434 [ERROR] Middleware:2950 - Invalid RefComponent list
2025-08-10 13:17:58,434 [ERROR] Middleware:2950 - Invalid RefComponent list
2025-08-10 13:17:58,434 [ERROR] Middleware:2950 - Invalid RefComponent list
2025-08-10 13:17:58,434 [ERROR] Middleware:2950 - Invalid RefComponent list
2025-08-10 13:17:58,434 [ERROR] Middleware:2950 - Invalid RefComponent list
2025-08-10 13:17:58,434 [ERROR] Middleware:2950 - Invalid RefComponent list
2025-08-10 13:17:58,434 [ERROR] Middleware:2950 - Invalid RefComponent list
2025-08-10 13:17:58,434 [ERROR] Middleware:2950 - Invalid RefComponent list
2025-08-10 13:17:58,434 [ERROR] Middleware:2950 - Invalid RefComponent list
2025-08-10 13:17:58,434 [ERROR] Middleware:2950 - Invalid RefComponent list
2025-08-10 13:17:58,434 [ERROR] Middleware:2950 - Invalid RefComponent list
2025-08-10 13:17:58,434 [ERROR] Middleware:2950 - Invalid RefComponent list
2025-08-10 13:17:58,434 [ERROR] Middleware:2950 - Invalid RefComponent list
2025-08-10 13:17:58,434 [ERROR] Middleware:2950 - Invalid RefComponent list
2025-08-10 13:17:58,434 [ERROR] Middleware:2950 - Invalid RefComponent list
2025-08-10 13:17:58,434 [ERROR] Middleware:2950 - Invalid RefComponent list
2025-08-10 13:17:58,434 [ERROR] Middleware:2950 - Invalid RefComponent list
2025-08-10 13:17:58,434 [ERROR] Middleware:2950 - Invalid RefComponent list
2025-08-10 13:17:58,434 [ERROR] Middleware:2950 - Invalid RefComponent list
2025-08-10 13:17:58,434 [ERROR] Middleware:2950 - Invalid RefComponent list
2025-08-10 13:17:58,434 [ERROR] Middleware:2950 - Invalid RefComponent list
2025-08-10 13:17:58,434 [ERROR] Middleware:2950 - Invalid RefComponent list
2025-08-10 13:17:58,434 [ERROR] Middleware:2950 - Invalid RefComponent list
2025-08-10 13:17:58,434 [ERROR] Middleware:2950 - Invalid RefComponent list
2025-08-10 13:17:58,435 [ERROR] Middleware:2950 - Invalid RefComponent list
2025-08-10 13:17:58,435 [ERROR] Middleware:2950 - Invalid RefComponent list
2025-08-10 13:17:58,435 [ERROR] Middleware:2950 - Invalid RefComponent list
2025-08-10 13:17:58,435 [ERROR] Middleware:2950 - Invalid RefComponent list
2025-08-10 13:17:58,435 [ERROR] Middleware:2950 - Invalid RefComponent list
2025-08-10 13:17:58,435 [ERROR] Middleware:2950 - Invalid RefComponent list
2025-08-10 13:17:58,435 [ERROR] Middleware:2950 - Invalid RefComponent list
2025-08-10 13:17:58,435 [ERROR] Middleware:2950 - Invalid RefComponent list
2025-08-10 13:17:58,435 [ERROR] Middleware:2950 - Invalid RefComponent list
2025-08-10 13:17:58,435 [ERROR] Middleware:2950 - Invalid RefComponent list
2025-08-10 13:17:58,435 [ERROR] Middleware:2950 - Invalid RefComponent list
2025-08-10 13:17:58,435 [ERROR] Middleware:2950 - Invalid RefComponent list
2025-08-10 13:17:58,435 [ERROR] Middleware:2950 - Invalid RefComponent list
2025-08-10 13:17:58,435 [ERROR] Middleware:2950 - Invalid RefComponent list
2025-08-10 13:17:58,435 [ERROR] Middleware:2950 - Invalid RefComponent list
2025-08-10 13:17:58,435 [ERROR] Middleware:2950 - Invalid RefComponent list
2025-08-10 13:17:58,435 [ERROR] Middleware:2950 - Invalid RefComponent list
2025-08-10 13:17:58,435 [ERROR] Middleware:2950 - Invalid RefComponent list
2025-08-10 13:17:58,435 [ERROR] Middleware:2950 - Invalid RefComponent list
2025-08-10 13:17:58,435 [ERROR] Middleware:2950 - Invalid RefComponent list
2025-08-10 13:17:58,435 [ERROR] Middleware:2950 - Invalid RefComponent list
2025-08-10 13:17:58,435 [ERROR] Middleware:2950 - Invalid RefComponent list
2025-08-10 13:17:58,435 [ERROR] Middleware:2950 - Invalid RefComponent list
2025-08-10 13:17:58,435 [ERROR] Middleware:2950 - Invalid RefComponent list
2025-08-10 13:17:58,435 [ERROR] Middleware:2950 - Invalid RefComponent list
2025-08-10 13:17:58,435 [ERROR] Middleware:2950 - Invalid RefComponent list
2025-08-10 13:17:58,435 [ERROR] Middleware:2950 - Invalid RefComponent list
2025-08-10 13:17:58,435 [ERROR] Middleware:2950 - Invalid RefComponent list
2025-08-10 13:17:58,435 [ERROR] Middleware:2950 - Invalid RefComponent list
2025-08-10 13:17:58,435 [ERROR] Middleware:2950 - Invalid RefComponent list
2025-08-10 13:17:58,437 [ERROR] Middleware:2950 - Invalid RefComponent list
2025-08-10 13:17:58,437 [ERROR] Middleware:2950 - Invalid RefComponent list
2025-08-10 13:17:58,437 [ERROR] Middleware:2950 - Invalid RefComponent list
2025-08-10 13:17:58,437 [ERROR] Middleware:2950 - Invalid RefComponent list
2025-08-10 13:17:58,437 [ERROR] Middleware:2950 - Invalid RefComponent list
2025-08-10 13:17:58,437 [ERROR] Middleware:2950 - Invalid RefComponent list
2025-08-10 13:17:58,437 [ERROR] Middleware:2950 - Invalid RefComponent list
2025-08-10 13:17:58,437 [ERROR] Middleware:2950 - Invalid RefComponent list
2025-08-10 13:17:58,437 [ERROR] Middleware:2950 - Invalid RefComponent list
2025-08-10 13:17:58,437 [ERROR] Middleware:2950 - Invalid RefComponent list
2025-08-10 13:17:58,437 [ERROR] Middleware:2950 - Invalid RefComponent list
2025-08-10 13:17:58,437 [ERROR] Middleware:2950 - Invalid RefComponent list
2025-08-10 13:17:58,437 [ERROR] Middleware:2950 - Invalid RefComponent list
2025-08-10 13:17:58,437 [ERROR] Middleware:2950 - Invalid RefComponent list
2025-08-10 13:17:58,437 [ERROR] Middleware:2950 - Invalid RefComponent list
2025-08-10 13:17:58,437 [ERROR] Middleware:2950 - Invalid RefComponent list
2025-08-10 13:17:58,437 [ERROR] Middleware:2950 - Invalid RefComponent list
2025-08-10 13:17:58,437 [ERROR] Middleware:2950 - Invalid RefComponent list
2025-08-10 13:17:58,437 [ERROR] Middleware:2950 - Invalid RefComponent list
2025-08-10 13:17:58,437 [ERROR] Middleware:2950 - Invalid RefComponent list
2025-08-10 13:17:58,437 [ERROR] Middleware:2950 - Invalid RefComponent list
2025-08-10 13:17:58,438 [ERROR] Middleware:2950 - Invalid RefComponent list
2025-08-10 13:17:58,438 [ERROR] Middleware:2950 - Invalid RefComponent list
2025-08-10 13:17:58,438 [ERROR] Middleware:2950 - Invalid RefComponent list
2025-08-10 13:17:58,438 [ERROR] Middleware:2950 - Invalid RefComponent list
2025-08-10 13:17:58,438 [ERROR] Middleware:2950 - Invalid RefComponent list
2025-08-10 13:17:58,438 [ERROR] Middleware:2950 - Invalid RefComponent list
2025-08-10 13:17:58,438 [ERROR] Middleware:2950 - Invalid RefComponent list
2025-08-10 13:17:58,438 [ERROR] Middleware:2950 - Invalid RefComponent list
2025-08-10 13:17:58,438 [ERROR] Middleware:2950 - Invalid RefComponent list
2025-08-10 13:17:58,438 [ERROR] Middleware:2950 - Invalid RefComponent list
2025-08-10 13:17:58,438 [ERROR] Middleware:2950 - Invalid RefComponent list
2025-08-10 13:17:58,438 [ERROR] Middleware:2950 - Invalid RefComponent list
2025-08-10 13:17:58,438 [ERROR] Middleware:2950 - Invalid RefComponent list
2025-08-10 13:17:58,438 [ERROR] Middleware:2950 - Invalid RefComponent list
2025-08-10 13:17:58,438 [ERROR] Middleware:2950 - Invalid RefComponent list
2025-08-10 13:17:58,438 [ERROR] Middleware:2950 - Invalid RefComponent list
2025-08-10 13:17:58,439 [ERROR] Middleware:2950 - Invalid RefComponent list
2025-08-10 13:17:58,439 [ERROR] Middleware:2950 - Invalid RefComponent list
2025-08-10 13:17:58,439 [ERROR] Middleware:2950 - Invalid RefComponent list
2025-08-10 13:17:58,439 [ERROR] Middleware:2950 - Invalid RefComponent list
2025-08-10 13:17:58,439 [ERROR] Middleware:2950 - Invalid RefComponent list
2025-08-10 13:17:58,439 [ERROR] Middleware:2950 - Invalid RefComponent list
2025-08-10 13:17:58,439 [ERROR] Middleware:2950 - Invalid RefComponent list
2025-08-10 13:17:58,439 [ERROR] Middleware:2950 - Invalid RefComponent list
2025-08-10 13:17:58,439 [ERROR] Middleware:2950 - Invalid RefComponent list
2025-08-10 13:17:58,439 [ERROR] Middleware:2950 - Invalid RefComponent list
2025-08-10 13:17:58,439 [ERROR] Middleware:2950 - Invalid RefComponent list
2025-08-10 13:17:58,439 [ERROR] Middleware:2950 - Invalid RefComponent list
2025-08-10 13:17:58,439 [ERROR] Middleware:2950 - Invalid RefComponent list
2025-08-10 13:17:58,439 [ERROR] Middleware:2950 - Invalid RefComponent list
2025-08-10 13:17:58,439 [ERROR] Middleware:2950 - Invalid RefComponent list
2025-08-10 13:17:58,439 [ERROR] Middleware:2950 - Invalid RefComponent list
2025-08-10 13:17:58,439 [ERROR] Middleware:2950 - Invalid RefComponent list
2025-08-10 13:17:58,439 [ERROR] Middleware:2950 - Invalid RefComponent list
2025-08-10 13:17:58,439 [ERROR] Middleware:2950 - Invalid RefComponent list
2025-08-10 13:17:58,439 [ERROR] Middleware:2950 - Invalid RefComponent list
2025-08-10 13:17:58,439 [ERROR] Middleware:2950 - Invalid RefComponent list
2025-08-10 13:17:58,439 [ERROR] Middleware:2950 - Invalid RefComponent list
2025-08-10 13:17:58,439 [ERROR] Middleware:2950 - Invalid RefComponent list
2025-08-10 13:17:58,439 [ERROR] Middleware:2950 - Invalid RefComponent list
2025-08-10 13:17:58,439 [ERROR] Middleware:2950 - Invalid RefComponent list
2025-08-10 13:17:58,439 [ERROR] Middleware:2950 - Invalid RefComponent list
2025-08-10 13:17:58,439 [ERROR] Middleware:2950 - Invalid RefComponent list
2025-08-10 13:17:58,439 [ERROR] Middleware:2950 - Invalid RefComponent list
2025-08-10 13:17:58,439 [ERROR] Middleware:2950 - Invalid RefComponent list
2025-08-10 13:17:58,440 [ERROR] Middleware:2950 - Invalid RefComponent list
2025-08-10 13:17:58,440 [ERROR] Middleware:2950 - Invalid RefComponent list
2025-08-10 13:17:58,440 [ERROR] Middleware:2950 - Invalid RefComponent list
2025-08-10 13:17:58,440 [ERROR] Middleware:2950 - Invalid RefComponent list
2025-08-10 13:17:58,440 [ERROR] Middleware:2950 - Invalid RefComponent list
2025-08-10 13:17:58,440 [ERROR] Middleware:2950 - Invalid RefComponent list
2025-08-10 13:17:58,440 [ERROR] Middleware:2950 - Invalid RefComponent list
2025-08-10 13:17:58,440 [ERROR] Middleware:2950 - Invalid RefComponent list
2025-08-10 13:17:58,440 [ERROR] Middleware:2950 - Invalid RefComponent list
2025-08-10 13:17:58,440 [ERROR] Middleware:2950 - Invalid RefComponent list
2025-08-10 13:17:58,440 [ERROR] Middleware:2950 - Invalid RefComponent list
2025-08-10 13:17:58,440 [ERROR] Middleware:2950 - Invalid RefComponent list
2025-08-10 13:17:58,440 [ERROR] Middleware:2950 - Invalid RefComponent list
2025-08-10 13:17:58,440 [ERROR] Middleware:2950 - Invalid RefComponent list
2025-08-10 13:17:58,440 [ERROR] Middleware:2950 - Invalid RefComponent list
2025-08-10 13:17:58,440 [ERROR] Middleware:2950 - Invalid RefComponent list
2025-08-10 13:17:58,440 [ERROR] Middleware:2950 - Invalid RefComponent list
2025-08-10 13:17:58,440 [ERROR] Middleware:2950 - Invalid RefComponent list
2025-08-10 13:17:58,440 [ERROR] Middleware:2950 - Invalid RefComponent list
2025-08-10 13:17:58,440 [ERROR] Middleware:2950 - Invalid RefComponent list
2025-08-10 13:17:58,440 [ERROR] Middleware:2950 - Invalid RefComponent list
2025-08-10 13:17:58,440 [ERROR] Middleware:2950 - Invalid RefComponent list
2025-08-10 13:17:58,440 [ERROR] Middleware:2950 - Invalid RefComponent list
2025-08-10 13:17:58,440 [ERROR] Middleware:2950 - Invalid RefComponent list
2025-08-10 13:17:58,440 [ERROR] Middleware:2950 - Invalid RefComponent list
2025-08-10 13:17:58,441 [WARN] ThirdPartyIpManager:480 - Condition 'CM33 IAR Condition' not fulfilled in pack 'STMicroelectronics.X-CUBE-FREERTOS.1.3.1'
2025-08-10 13:17:58,441 [WARN] ThirdPartyIpManager:480 - Condition 'CM33 IAR Condition' not fulfilled in pack 'STMicroelectronics.X-CUBE-FREERTOS.1.3.1'
2025-08-10 13:17:58,441 [WARN] ThirdPartyIpManager:480 - Condition 'CM33 IAR Condition' not fulfilled in pack 'STMicroelectronics.X-CUBE-FREERTOS.1.3.1'
2025-08-10 13:17:58,442 [WARN] ThirdPartyIpManager:480 - Condition 'CM0 IAR Condition' not fulfilled in pack 'STMicroelectronics.X-CUBE-FREERTOS.1.3.1'
2025-08-10 13:17:58,442 [WARN] ThirdPartyIpManager:480 - Condition 'CM0 IAR Condition' not fulfilled in pack 'STMicroelectronics.X-CUBE-FREERTOS.1.3.1'
2025-08-10 13:17:58,442 [WARN] ThirdPartyIpManager:480 - Condition 'CM0 IAR Condition' not fulfilled in pack 'STMicroelectronics.X-CUBE-FREERTOS.1.3.1'
2025-08-10 13:17:58,442 [WARN] ThirdPartyIpManager:480 - Condition 'CM0 GNU ARMC6 Condition' not fulfilled in pack 'STMicroelectronics.X-CUBE-FREERTOS.1.3.1'
2025-08-10 13:17:58,442 [WARN] ThirdPartyIpManager:480 - Condition 'CM0 GNU ARMC6 Condition' not fulfilled in pack 'STMicroelectronics.X-CUBE-FREERTOS.1.3.1'
2025-08-10 13:17:59,075 [INFO] ProjectBuilder:9437 - Time for Copy ThirdParty[1] : 629mS.
2025-08-10 13:17:59,082 [INFO] ProjectBuilder:5216 - Project Generator version: 4.7.0-B52
2025-08-10 13:17:59,193 [INFO] ConfigFileManager:1595 - The Die is : DIE482
2025-08-10 13:18:02,131 [INFO] ProjectBuilder:5496 - Time for Generating toolchain IDE Files: 3049mS.
2025-08-10 13:18:02,133 [INFO] ProjectBuilder:3463 - Time for Copy CMSIS : 1mS.
2025-08-10 13:18:02,152 [INFO] ProjectBuilder:3463 - Time for Copy CMSIS : 0mS.
2025-08-10 13:54:38,364 [WARN] IP:2250 - PLL3_VCI_Range not found: check if there is a RefParameter without a condition.
2025-08-10 13:54:38,437 [WARN] IP:2250 - PLL2SourceARG not found: check if there is a RefParameter without a condition.
2025-08-10 13:54:38,635 [WARN] IP:2250 - GPIO_AF not found: check if there is a RefParameter without a condition.
2025-08-10 13:54:38,636 [WARN] IP:2250 - GPIOx not found: check if there is a RefParameter without a condition.
2025-08-10 13:54:38,637 [WARN] IP:2250 - GPIO_Pin not found: check if there is a RefParameter without a condition.
2025-08-10 13:54:38,637 [WARN] IP:2250 - PinAttribute not found: check if there is a RefParameter without a condition.
2025-08-10 13:54:38,639 [WARN] IP:2250 - GPIO_AF not found: check if there is a RefParameter without a condition.
2025-08-10 13:54:39,254 [INFO] I2cTimingTraitement:330 - 0x00000E14
2025-08-10 13:57:39,595 [INFO] RtosManager:803 -  ==== DEBUG ==== Saving {key/value} = {rtos.0.tasks.0/allocationType,Dynamic;bufferName,NULL;codeGen,Default;controlBlockName,NULL;entry,StartDefaultTask;name,defaultTask;parameter,NULL;priority,osPriorityNormal;stackSize,128}
2025-08-10 13:57:39,595 [INFO] UtilMem:75 - End SaveConfig() Used Memory: 630714200 Bytes (1073741824)
2025-08-10 13:57:41,215 [INFO] RtosManager:803 -  ==== DEBUG ==== Saving {key/value} = {rtos.0.tasks.0/allocationType,Dynamic;bufferName,NULL;codeGen,Default;controlBlockName,NULL;entry,StartDefaultTask;name,defaultTask;parameter,NULL;priority,osPriorityNormal;stackSize,128}
2025-08-10 13:57:41,216 [INFO] UtilMem:75 - End SaveConfig() Used Memory: 638576472 Bytes (1073741824)
2025-08-10 13:57:45,732 [INFO] RtosManager:803 -  ==== DEBUG ==== Saving {key/value} = {rtos.0.tasks.0/allocationType,Dynamic;bufferName,NULL;codeGen,Default;controlBlockName,NULL;entry,StartDefaultTask;name,defaultTask;parameter,NULL;priority,osPriorityNormal;stackSize,128}
2025-08-10 13:57:45,733 [INFO] UtilMem:75 - End SaveConfig() Used Memory: 791668568 Bytes (1073741824)
2025-08-10 13:57:49,949 [INFO] BlockDiagram:2775 - set Specific Code input for plugin: PWR
2025-08-10 13:57:49,951 [INFO] BlockDiagram:2775 - set Specific Code input for plugin: RCC
2025-08-10 13:57:49,951 [INFO] BlockDiagram:2775 - set Specific Code input for plugin: I2C
2025-08-10 13:57:49,952 [INFO] BlockDiagram:2775 - set Specific Code input for plugin: USART
2025-08-10 13:57:49,953 [INFO] BlockDiagram:2775 - set Specific Code input for plugin: STMicroelectronics.X-CUBE-FREERTOS.1.3.1
2025-08-10 13:57:49,953 [INFO] BlockDiagram:2775 - set Specific Code input for plugin: OCTOSPI
2025-08-10 13:57:49,953 [INFO] BlockDiagram:2775 - set Specific Code input for plugin: MEMORYMAP
2025-08-10 13:57:49,953 [INFO] BlockDiagram:2775 - set Specific Code input for plugin: SYS
2025-08-10 13:57:49,954 [INFO] BlockDiagram:2775 - set Specific Code input for plugin: LPBAM
2025-08-10 13:57:49,954 [INFO] BlockDiagram:2775 - set Specific Code input for plugin: NVIC
2025-08-10 13:57:49,955 [INFO] BlockDiagram:2775 - set Specific Code input for plugin: DMA2D
2025-08-10 13:57:49,956 [INFO] BlockDiagram:2775 - set Specific Code input for plugin: ICACHE
2025-08-10 13:57:49,957 [INFO] BlockDiagram:2775 - set Specific Code input for plugin: GPIO
2025-08-10 13:57:49,958 [INFO] BlockDiagram:2775 - set Specific Code input for plugin: LPBAMQUEUE
2025-08-10 13:57:49,964 [WARN] ThirdPartyIpManager:480 - Condition 'CM33 IAR Condition' not fulfilled in pack 'STMicroelectronics.X-CUBE-FREERTOS.1.3.1'
2025-08-10 13:57:49,964 [WARN] ThirdPartyIpManager:480 - Condition 'CM33 IAR Condition' not fulfilled in pack 'STMicroelectronics.X-CUBE-FREERTOS.1.3.1'
2025-08-10 13:57:49,964 [WARN] ThirdPartyIpManager:480 - Condition 'CM33 IAR Condition' not fulfilled in pack 'STMicroelectronics.X-CUBE-FREERTOS.1.3.1'
2025-08-10 13:57:49,968 [WARN] ThirdPartyIpManager:480 - Condition 'CM0 IAR Condition' not fulfilled in pack 'STMicroelectronics.X-CUBE-FREERTOS.1.3.1'
2025-08-10 13:57:49,968 [WARN] ThirdPartyIpManager:480 - Condition 'CM0 IAR Condition' not fulfilled in pack 'STMicroelectronics.X-CUBE-FREERTOS.1.3.1'
2025-08-10 13:57:49,969 [WARN] ThirdPartyIpManager:480 - Condition 'CM0 IAR Condition' not fulfilled in pack 'STMicroelectronics.X-CUBE-FREERTOS.1.3.1'
2025-08-10 13:57:49,970 [WARN] ThirdPartyIpManager:480 - Condition 'CM0 GNU ARMC6 Condition' not fulfilled in pack 'STMicroelectronics.X-CUBE-FREERTOS.1.3.1'
2025-08-10 13:57:49,971 [WARN] ThirdPartyIpManager:480 - Condition 'CM0 GNU ARMC6 Condition' not fulfilled in pack 'STMicroelectronics.X-CUBE-FREERTOS.1.3.1'
2025-08-10 13:57:49,983 [INFO] CodeGenerator:892 - code generatio: config db path: C:\ST\STM32CubeIDE_1.19.0\STM32CubeIDE\plugins\com.st.stm32cube.common.mx_6.15.0.202507011659\\db\
2025-08-10 13:57:50,328 [INFO] IP:3347 - RTE template : freertos_start.ftl
2025-08-10 13:57:50,351 [INFO] CodeEngine:265 - oldGeneratedFile, C:\Users\joaki\iCloudDrive\Projekt\Smartwatch\Firmware\STM32U575CIU6Q_firmware\MXTmpFiles\license.tmp_save
2025-08-10 13:57:50,864 [INFO] CodeEngine:289 - Generated code: C:\Users\joaki\iCloudDrive\Projekt\Smartwatch\Firmware\STM32U575CIU6Q_firmware\MXTmpFiles\license.tmp
2025-08-10 13:57:51,013 [INFO] CodeEngine:265 - oldGeneratedFile, C:\Users\joaki\iCloudDrive\Projekt\Smartwatch\Firmware\STM32U575CIU6Q_firmware\MXTmpFiles\gpio.tmp_save
2025-08-10 13:57:51,234 [INFO] CodeEngine:289 - Generated code: C:\Users\joaki\iCloudDrive\Projekt\Smartwatch\Firmware\STM32U575CIU6Q_firmware\MXTmpFiles\gpio.tmp
2025-08-10 13:57:51,676 [WARN] IPConfigManager:103 - WARNING: Missing Config File for MEMORYMAP ip!!
2025-08-10 13:57:51,678 [WARN] IP:2250 - DefaultDataRegion not found: check if there is a RefParameter without a condition.
2025-08-10 13:57:52,313 [INFO] Middleware:1452 - No code input for Bsp Dependency
2025-08-10 13:57:52,335 [INFO] CodeEngine:265 - oldGeneratedFile, C:\Users\joaki\iCloudDrive\Projekt\Smartwatch\Firmware\STM32U575CIU6Q_firmware\MXTmpFiles\rtos_obj_creat.tmp_save
2025-08-10 13:57:52,498 [INFO] CodeEngine:289 - Generated code: C:\Users\joaki\iCloudDrive\Projekt\Smartwatch\Firmware\STM32U575CIU6Q_firmware\MXTmpFiles\rtos_obj_creat.tmp
2025-08-10 13:57:52,511 [INFO] CodeEngine:265 - oldGeneratedFile, C:\Users\joaki\iCloudDrive\Projekt\Smartwatch\Firmware\STM32U575CIU6Q_firmware\MXTmpFiles\rtos_typedefs.tmp_save
2025-08-10 13:57:52,679 [INFO] CodeEngine:289 - Generated code: C:\Users\joaki\iCloudDrive\Projekt\Smartwatch\Firmware\STM32U575CIU6Q_firmware\MXTmpFiles\rtos_typedefs.tmp
2025-08-10 13:57:52,692 [INFO] CodeEngine:265 - oldGeneratedFile, C:\Users\joaki\iCloudDrive\Projekt\Smartwatch\Firmware\STM32U575CIU6Q_firmware\MXTmpFiles\rtos_vars.tmp_save
2025-08-10 13:57:52,840 [INFO] CodeEngine:289 - Generated code: C:\Users\joaki\iCloudDrive\Projekt\Smartwatch\Firmware\STM32U575CIU6Q_firmware\MXTmpFiles\rtos_vars.tmp
2025-08-10 13:57:52,854 [INFO] CodeEngine:265 - oldGeneratedFile, C:\Users\joaki\iCloudDrive\Projekt\Smartwatch\Firmware\STM32U575CIU6Q_firmware\MXTmpFiles\rtos_threads.tmp_save
2025-08-10 13:57:52,998 [INFO] CodeEngine:289 - Generated code: C:\Users\joaki\iCloudDrive\Projekt\Smartwatch\Firmware\STM32U575CIU6Q_firmware\MXTmpFiles\rtos_threads.tmp
2025-08-10 13:57:53,009 [INFO] CodeEngine:265 - oldGeneratedFile, C:\Users\joaki\iCloudDrive\Projekt\Smartwatch\Firmware\STM32U575CIU6Q_firmware\MXTmpFiles\rtos_inc.tmp_save
2025-08-10 13:57:53,144 [INFO] CodeEngine:289 - Generated code: C:\Users\joaki\iCloudDrive\Projekt\Smartwatch\Firmware\STM32U575CIU6Q_firmware\MXTmpFiles\rtos_inc.tmp
2025-08-10 13:57:53,155 [INFO] CodeEngine:265 - oldGeneratedFile, C:\Users\joaki\iCloudDrive\Projekt\Smartwatch\Firmware\STM32U575CIU6Q_firmware\MXTmpFiles\rtos_pfp.tmp_save
2025-08-10 13:57:53,298 [INFO] CodeEngine:289 - Generated code: C:\Users\joaki\iCloudDrive\Projekt\Smartwatch\Firmware\STM32U575CIU6Q_firmware\MXTmpFiles\rtos_pfp.tmp
2025-08-10 13:57:53,310 [INFO] CodeEngine:265 - oldGeneratedFile, C:\Users\joaki\iCloudDrive\Projekt\Smartwatch\Firmware\STM32U575CIU6Q_firmware\MXTmpFiles\rtos_kernelInit.tmp_save
2025-08-10 13:57:53,452 [INFO] CodeEngine:289 - Generated code: C:\Users\joaki\iCloudDrive\Projekt\Smartwatch\Firmware\STM32U575CIU6Q_firmware\MXTmpFiles\rtos_kernelInit.tmp
2025-08-10 13:57:53,464 [INFO] CodeEngine:265 - oldGeneratedFile, C:\Users\joaki\iCloudDrive\Projekt\Smartwatch\Firmware\STM32U575CIU6Q_firmware\MXTmpFiles\rtos_kernelStart.tmp_save
2025-08-10 13:57:53,610 [INFO] CodeEngine:289 - Generated code: C:\Users\joaki\iCloudDrive\Projekt\Smartwatch\Firmware\STM32U575CIU6Q_firmware\MXTmpFiles\rtos_kernelStart.tmp
2025-08-10 13:57:53,622 [INFO] Middleware:1452 - No code input for Bsp Dependency
2025-08-10 13:57:53,642 [INFO] CodeEngine:265 - oldGeneratedFile, C:\Users\joaki\iCloudDrive\Projekt\Smartwatch\Firmware\STM32U575CIU6Q_firmware\MXTmpFiles\rtos_obj_creat.tmp_save
2025-08-10 13:57:53,774 [INFO] CodeEngine:289 - Generated code: C:\Users\joaki\iCloudDrive\Projekt\Smartwatch\Firmware\STM32U575CIU6Q_firmware\MXTmpFiles\rtos_obj_creat.tmp
2025-08-10 13:57:53,791 [INFO] CodeEngine:265 - oldGeneratedFile, C:\Users\joaki\iCloudDrive\Projekt\Smartwatch\Firmware\STM32U575CIU6Q_firmware\MXTmpFiles\rtos_typedefs.tmp_save
2025-08-10 13:57:53,918 [INFO] CodeEngine:289 - Generated code: C:\Users\joaki\iCloudDrive\Projekt\Smartwatch\Firmware\STM32U575CIU6Q_firmware\MXTmpFiles\rtos_typedefs.tmp
2025-08-10 13:57:53,938 [INFO] CodeEngine:265 - oldGeneratedFile, C:\Users\joaki\iCloudDrive\Projekt\Smartwatch\Firmware\STM32U575CIU6Q_firmware\MXTmpFiles\rtos_vars.tmp_save
2025-08-10 13:57:54,054 [INFO] CodeEngine:289 - Generated code: C:\Users\joaki\iCloudDrive\Projekt\Smartwatch\Firmware\STM32U575CIU6Q_firmware\MXTmpFiles\rtos_vars.tmp
2025-08-10 13:57:54,070 [INFO] CodeEngine:265 - oldGeneratedFile, C:\Users\joaki\iCloudDrive\Projekt\Smartwatch\Firmware\STM32U575CIU6Q_firmware\MXTmpFiles\rtos_threads.tmp_save
2025-08-10 13:57:54,179 [INFO] CodeEngine:289 - Generated code: C:\Users\joaki\iCloudDrive\Projekt\Smartwatch\Firmware\STM32U575CIU6Q_firmware\MXTmpFiles\rtos_threads.tmp
2025-08-10 13:57:54,196 [INFO] CodeEngine:265 - oldGeneratedFile, C:\Users\joaki\iCloudDrive\Projekt\Smartwatch\Firmware\STM32U575CIU6Q_firmware\MXTmpFiles\rtos_inc.tmp_save
2025-08-10 13:57:54,308 [INFO] CodeEngine:289 - Generated code: C:\Users\joaki\iCloudDrive\Projekt\Smartwatch\Firmware\STM32U575CIU6Q_firmware\MXTmpFiles\rtos_inc.tmp
2025-08-10 13:57:54,325 [INFO] CodeEngine:265 - oldGeneratedFile, C:\Users\joaki\iCloudDrive\Projekt\Smartwatch\Firmware\STM32U575CIU6Q_firmware\MXTmpFiles\rtos_pfp.tmp_save
2025-08-10 13:57:54,430 [INFO] CodeEngine:289 - Generated code: C:\Users\joaki\iCloudDrive\Projekt\Smartwatch\Firmware\STM32U575CIU6Q_firmware\MXTmpFiles\rtos_pfp.tmp
2025-08-10 13:57:54,447 [INFO] CodeEngine:265 - oldGeneratedFile, C:\Users\joaki\iCloudDrive\Projekt\Smartwatch\Firmware\STM32U575CIU6Q_firmware\MXTmpFiles\rtos_kernelInit.tmp_save
2025-08-10 13:57:54,558 [INFO] CodeEngine:289 - Generated code: C:\Users\joaki\iCloudDrive\Projekt\Smartwatch\Firmware\STM32U575CIU6Q_firmware\MXTmpFiles\rtos_kernelInit.tmp
2025-08-10 13:57:54,574 [INFO] CodeEngine:265 - oldGeneratedFile, C:\Users\joaki\iCloudDrive\Projekt\Smartwatch\Firmware\STM32U575CIU6Q_firmware\MXTmpFiles\rtos_kernelStart.tmp_save
2025-08-10 13:57:54,684 [INFO] CodeEngine:289 - Generated code: C:\Users\joaki\iCloudDrive\Projekt\Smartwatch\Firmware\STM32U575CIU6Q_firmware\MXTmpFiles\rtos_kernelStart.tmp
2025-08-10 13:57:54,701 [INFO] CodeEngine:265 - oldGeneratedFile, C:\Users\joaki\iCloudDrive\Projekt\Smartwatch\Firmware\STM32U575CIU6Q_firmware\Core\Inc\FreeRTOSConfig.h_save
2025-08-10 13:57:54,858 [INFO] CodeEngine:289 - Generated code: C:\Users\joaki\iCloudDrive\Projekt\Smartwatch\Firmware\STM32U575CIU6Q_firmware\Core\Inc\FreeRTOSConfig.h
2025-08-10 13:57:54,874 [INFO] CodeEngine:265 - oldGeneratedFile, C:\Users\joaki\iCloudDrive\Projekt\Smartwatch\Firmware\STM32U575CIU6Q_firmware\Core\Src\app_freertos.c_save
2025-08-10 13:57:55,010 [INFO] CodeEngine:289 - Generated code: C:\Users\joaki\iCloudDrive\Projekt\Smartwatch\Firmware\STM32U575CIU6Q_firmware\Core\Src\app_freertos.c
2025-08-10 13:57:55,028 [INFO] CodeEngine:265 - oldGeneratedFile, C:\Users\joaki\iCloudDrive\Projekt\Smartwatch\Firmware\STM32U575CIU6Q_firmware\Core\Inc\app_freertos.h_save
2025-08-10 13:57:55,147 [INFO] CodeEngine:289 - Generated code: C:\Users\joaki\iCloudDrive\Projekt\Smartwatch\Firmware\STM32U575CIU6Q_firmware\Core\Inc\app_freertos.h
2025-08-10 13:57:55,177 [INFO] CodeEngine:265 - oldGeneratedFile, C:\Users\joaki\iCloudDrive\Projekt\Smartwatch\Firmware\STM32U575CIU6Q_firmware\MXTmpFiles\cortex.tmp_save
2025-08-10 13:57:55,300 [INFO] CodeEngine:289 - Generated code: C:\Users\joaki\iCloudDrive\Projekt\Smartwatch\Firmware\STM32U575CIU6Q_firmware\MXTmpFiles\cortex.tmp
2025-08-10 13:57:55,368 [INFO] CodeEngine:265 - oldGeneratedFile, C:\Users\joaki\iCloudDrive\Projekt\Smartwatch\Firmware\STM32U575CIU6Q_firmware\Core\Src\stm32u5xx_it.c_save
2025-08-10 13:57:55,671 [INFO] CodeEngine:289 - Generated code: C:\Users\joaki\iCloudDrive\Projekt\Smartwatch\Firmware\STM32U575CIU6Q_firmware\Core\Src\stm32u5xx_it.c
2025-08-10 13:57:55,688 [INFO] CodeEngine:265 - oldGeneratedFile, C:\Users\joaki\iCloudDrive\Projekt\Smartwatch\Firmware\STM32U575CIU6Q_firmware\Core\Inc\stm32u5xx_it.h_save
2025-08-10 13:57:55,792 [INFO] CodeEngine:289 - Generated code: C:\Users\joaki\iCloudDrive\Projekt\Smartwatch\Firmware\STM32U575CIU6Q_firmware\Core\Inc\stm32u5xx_it.h
2025-08-10 13:57:55,920 [INFO] CodeEngine:265 - oldGeneratedFile, C:\Users\joaki\iCloudDrive\Projekt\Smartwatch\Firmware\STM32U575CIU6Q_firmware\Core\Src\stm32u5xx_hal_msp.c_save
2025-08-10 13:57:56,197 [INFO] CodeEngine:289 - Generated code: C:\Users\joaki\iCloudDrive\Projekt\Smartwatch\Firmware\STM32U575CIU6Q_firmware\Core\Src\stm32u5xx_hal_msp.c
2025-08-10 13:57:56,574 [INFO] CodeEngine:265 - oldGeneratedFile, C:\Users\joaki\iCloudDrive\Projekt\Smartwatch\Firmware\STM32U575CIU6Q_firmware\MXTmpFiles\system.tmp_save
2025-08-10 13:57:56,645 [INFO] CodeEngine:289 - Generated code: C:\Users\joaki\iCloudDrive\Projekt\Smartwatch\Firmware\STM32U575CIU6Q_firmware\MXTmpFiles\system.tmp
2025-08-10 13:57:56,666 [INFO] CodeEngine:321 - oldGeneratedFile, C:\Users\joaki\iCloudDrive\Projekt\Smartwatch\Firmware\STM32U575CIU6Q_firmware\Core\Inc\stm32u5xx_hal_conf.h_save
2025-08-10 13:57:56,748 [INFO] CodeEngine:345 - Generated code: C:\Users\joaki\iCloudDrive\Projekt\Smartwatch\Firmware\STM32U575CIU6Q_firmware\Core\Inc\stm32u5xx_hal_conf.h
2025-08-10 13:57:56,813 [INFO] CodeEngine:265 - oldGeneratedFile, C:\Users\joaki\iCloudDrive\Projekt\Smartwatch\Firmware\STM32U575CIU6Q_firmware\Core\Inc\main.h_save
2025-08-10 13:57:56,929 [INFO] CodeEngine:289 - Generated code: C:\Users\joaki\iCloudDrive\Projekt\Smartwatch\Firmware\STM32U575CIU6Q_firmware\Core\Inc\main.h
2025-08-10 13:57:56,940 [INFO] CodeEngine:265 - oldGeneratedFile, C:\Users\joaki\iCloudDrive\Projekt\Smartwatch\Firmware\STM32U575CIU6Q_firmware\Core\Src\main.c_save
2025-08-10 13:57:57,128 [INFO] CodeEngine:289 - Generated code: C:\Users\joaki\iCloudDrive\Projekt\Smartwatch\Firmware\STM32U575CIU6Q_firmware\Core\Src\main.c
2025-08-10 13:58:06,317 [INFO] ProjectBuilder:3606 - Time for Copy HAL[1] : 8451mS.
2025-08-10 13:58:06,318 [ERROR] Middleware:2950 - Invalid RefComponent list
2025-08-10 13:58:06,318 [ERROR] Middleware:2950 - Invalid RefComponent list
2025-08-10 13:58:06,318 [ERROR] Middleware:2950 - Invalid RefComponent list
2025-08-10 13:58:06,318 [ERROR] Middleware:2950 - Invalid RefComponent list
2025-08-10 13:58:06,318 [ERROR] Middleware:2950 - Invalid RefComponent list
2025-08-10 13:58:06,318 [ERROR] Middleware:2950 - Invalid RefComponent list
2025-08-10 13:58:06,318 [ERROR] Middleware:2950 - Invalid RefComponent list
2025-08-10 13:58:06,318 [ERROR] Middleware:2950 - Invalid RefComponent list
2025-08-10 13:58:06,318 [ERROR] Middleware:2950 - Invalid RefComponent list
2025-08-10 13:58:06,318 [ERROR] Middleware:2950 - Invalid RefComponent list
2025-08-10 13:58:06,318 [ERROR] Middleware:2950 - Invalid RefComponent list
2025-08-10 13:58:06,319 [ERROR] Middleware:2950 - Invalid RefComponent list
2025-08-10 13:58:06,319 [ERROR] Middleware:2950 - Invalid RefComponent list
2025-08-10 13:58:06,319 [ERROR] Middleware:2950 - Invalid RefComponent list
2025-08-10 13:58:06,319 [ERROR] Middleware:2950 - Invalid RefComponent list
2025-08-10 13:58:06,319 [ERROR] Middleware:2950 - Invalid RefComponent list
2025-08-10 13:58:06,319 [ERROR] Middleware:2950 - Invalid RefComponent list
2025-08-10 13:58:06,319 [ERROR] Middleware:2950 - Invalid RefComponent list
2025-08-10 13:58:06,319 [ERROR] Middleware:2950 - Invalid RefComponent list
2025-08-10 13:58:06,319 [ERROR] Middleware:2950 - Invalid RefComponent list
2025-08-10 13:58:06,320 [ERROR] Middleware:2950 - Invalid RefComponent list
2025-08-10 13:58:06,320 [ERROR] Middleware:2950 - Invalid RefComponent list
2025-08-10 13:58:06,320 [ERROR] Middleware:2950 - Invalid RefComponent list
2025-08-10 13:58:06,320 [ERROR] Middleware:2950 - Invalid RefComponent list
2025-08-10 13:58:06,320 [ERROR] Middleware:2950 - Invalid RefComponent list
2025-08-10 13:58:06,320 [ERROR] Middleware:2950 - Invalid RefComponent list
2025-08-10 13:58:06,320 [ERROR] Middleware:2950 - Invalid RefComponent list
2025-08-10 13:58:06,320 [ERROR] Middleware:2950 - Invalid RefComponent list
2025-08-10 13:58:06,321 [ERROR] Middleware:2950 - Invalid RefComponent list
2025-08-10 13:58:06,322 [ERROR] Middleware:2950 - Invalid RefComponent list
2025-08-10 13:58:06,322 [ERROR] Middleware:2950 - Invalid RefComponent list
2025-08-10 13:58:06,322 [ERROR] Middleware:2950 - Invalid RefComponent list
2025-08-10 13:58:06,323 [ERROR] Middleware:2950 - Invalid RefComponent list
2025-08-10 13:58:06,323 [ERROR] Middleware:2950 - Invalid RefComponent list
2025-08-10 13:58:06,323 [ERROR] Middleware:2950 - Invalid RefComponent list
2025-08-10 13:58:06,323 [ERROR] Middleware:2950 - Invalid RefComponent list
2025-08-10 13:58:06,323 [ERROR] Middleware:2950 - Invalid RefComponent list
2025-08-10 13:58:06,323 [ERROR] Middleware:2950 - Invalid RefComponent list
2025-08-10 13:58:06,323 [ERROR] Middleware:2950 - Invalid RefComponent list
2025-08-10 13:58:06,323 [ERROR] Middleware:2950 - Invalid RefComponent list
2025-08-10 13:58:06,323 [ERROR] Middleware:2950 - Invalid RefComponent list
2025-08-10 13:58:06,323 [ERROR] Middleware:2950 - Invalid RefComponent list
2025-08-10 13:58:06,323 [ERROR] Middleware:2950 - Invalid RefComponent list
2025-08-10 13:58:06,323 [ERROR] Middleware:2950 - Invalid RefComponent list
2025-08-10 13:58:06,323 [ERROR] Middleware:2950 - Invalid RefComponent list
2025-08-10 13:58:06,325 [ERROR] Middleware:2950 - Invalid RefComponent list
2025-08-10 13:58:06,325 [ERROR] Middleware:2950 - Invalid RefComponent list
2025-08-10 13:58:06,325 [ERROR] Middleware:2950 - Invalid RefComponent list
2025-08-10 13:58:06,325 [ERROR] Middleware:2950 - Invalid RefComponent list
2025-08-10 13:58:06,325 [ERROR] Middleware:2950 - Invalid RefComponent list
2025-08-10 13:58:06,325 [ERROR] Middleware:2950 - Invalid RefComponent list
2025-08-10 13:58:06,325 [ERROR] Middleware:2950 - Invalid RefComponent list
2025-08-10 13:58:06,326 [ERROR] Middleware:2950 - Invalid RefComponent list
2025-08-10 13:58:06,326 [ERROR] Middleware:2950 - Invalid RefComponent list
2025-08-10 13:58:06,326 [ERROR] Middleware:2950 - Invalid RefComponent list
2025-08-10 13:58:06,326 [ERROR] Middleware:2950 - Invalid RefComponent list
2025-08-10 13:58:06,326 [ERROR] Middleware:2950 - Invalid RefComponent list
2025-08-10 13:58:06,327 [ERROR] Middleware:2950 - Invalid RefComponent list
2025-08-10 13:58:06,327 [ERROR] Middleware:2950 - Invalid RefComponent list
2025-08-10 13:58:06,328 [ERROR] Middleware:2950 - Invalid RefComponent list
2025-08-10 13:58:06,328 [ERROR] Middleware:2950 - Invalid RefComponent list
2025-08-10 13:58:06,328 [ERROR] Middleware:2950 - Invalid RefComponent list
2025-08-10 13:58:06,328 [ERROR] Middleware:2950 - Invalid RefComponent list
2025-08-10 13:58:06,328 [ERROR] Middleware:2950 - Invalid RefComponent list
2025-08-10 13:58:06,328 [ERROR] Middleware:2950 - Invalid RefComponent list
2025-08-10 13:58:06,329 [ERROR] Middleware:2950 - Invalid RefComponent list
2025-08-10 13:58:06,329 [ERROR] Middleware:2950 - Invalid RefComponent list
2025-08-10 13:58:06,329 [ERROR] Middleware:2950 - Invalid RefComponent list
2025-08-10 13:58:06,329 [ERROR] Middleware:2950 - Invalid RefComponent list
2025-08-10 13:58:06,329 [ERROR] Middleware:2950 - Invalid RefComponent list
2025-08-10 13:58:06,329 [ERROR] Middleware:2950 - Invalid RefComponent list
2025-08-10 13:58:06,329 [ERROR] Middleware:2950 - Invalid RefComponent list
2025-08-10 13:58:06,329 [ERROR] Middleware:2950 - Invalid RefComponent list
2025-08-10 13:58:06,329 [ERROR] Middleware:2950 - Invalid RefComponent list
2025-08-10 13:58:06,329 [ERROR] Middleware:2950 - Invalid RefComponent list
2025-08-10 13:58:06,329 [ERROR] Middleware:2950 - Invalid RefComponent list
2025-08-10 13:58:06,329 [ERROR] Middleware:2950 - Invalid RefComponent list
2025-08-10 13:58:06,329 [ERROR] Middleware:2950 - Invalid RefComponent list
2025-08-10 13:58:06,329 [ERROR] Middleware:2950 - Invalid RefComponent list
2025-08-10 13:58:06,329 [ERROR] Middleware:2950 - Invalid RefComponent list
2025-08-10 13:58:06,329 [ERROR] Middleware:2950 - Invalid RefComponent list
2025-08-10 13:58:06,329 [ERROR] Middleware:2950 - Invalid RefComponent list
2025-08-10 13:58:06,330 [ERROR] Middleware:2950 - Invalid RefComponent list
2025-08-10 13:58:06,330 [ERROR] Middleware:2950 - Invalid RefComponent list
2025-08-10 13:58:06,330 [ERROR] Middleware:2950 - Invalid RefComponent list
2025-08-10 13:58:06,330 [ERROR] Middleware:2950 - Invalid RefComponent list
2025-08-10 13:58:06,330 [ERROR] Middleware:2950 - Invalid RefComponent list
2025-08-10 13:58:06,330 [ERROR] Middleware:2950 - Invalid RefComponent list
2025-08-10 13:58:06,330 [ERROR] Middleware:2950 - Invalid RefComponent list
2025-08-10 13:58:06,330 [ERROR] Middleware:2950 - Invalid RefComponent list
2025-08-10 13:58:06,330 [ERROR] Middleware:2950 - Invalid RefComponent list
2025-08-10 13:58:06,330 [ERROR] Middleware:2950 - Invalid RefComponent list
2025-08-10 13:58:06,330 [ERROR] Middleware:2950 - Invalid RefComponent list
2025-08-10 13:58:06,330 [ERROR] Middleware:2950 - Invalid RefComponent list
2025-08-10 13:58:06,330 [ERROR] Middleware:2950 - Invalid RefComponent list
2025-08-10 13:58:06,330 [ERROR] Middleware:2950 - Invalid RefComponent list
2025-08-10 13:58:06,330 [ERROR] Middleware:2950 - Invalid RefComponent list
2025-08-10 13:58:06,330 [ERROR] Middleware:2950 - Invalid RefComponent list
2025-08-10 13:58:06,331 [ERROR] Middleware:2950 - Invalid RefComponent list
2025-08-10 13:58:06,331 [ERROR] Middleware:2950 - Invalid RefComponent list
2025-08-10 13:58:06,331 [ERROR] Middleware:2950 - Invalid RefComponent list
2025-08-10 13:58:06,331 [ERROR] Middleware:2950 - Invalid RefComponent list
2025-08-10 13:58:06,331 [ERROR] Middleware:2950 - Invalid RefComponent list
2025-08-10 13:58:06,331 [ERROR] Middleware:2950 - Invalid RefComponent list
2025-08-10 13:58:06,331 [ERROR] Middleware:2950 - Invalid RefComponent list
2025-08-10 13:58:06,331 [ERROR] Middleware:2950 - Invalid RefComponent list
2025-08-10 13:58:06,331 [ERROR] Middleware:2950 - Invalid RefComponent list
2025-08-10 13:58:06,331 [ERROR] Middleware:2950 - Invalid RefComponent list
2025-08-10 13:58:06,331 [ERROR] Middleware:2950 - Invalid RefComponent list
2025-08-10 13:58:06,331 [ERROR] Middleware:2950 - Invalid RefComponent list
2025-08-10 13:58:06,331 [ERROR] Middleware:2950 - Invalid RefComponent list
2025-08-10 13:58:06,331 [ERROR] Middleware:2950 - Invalid RefComponent list
2025-08-10 13:58:06,332 [ERROR] Middleware:2950 - Invalid RefComponent list
2025-08-10 13:58:06,332 [ERROR] Middleware:2950 - Invalid RefComponent list
2025-08-10 13:58:06,332 [ERROR] Middleware:2950 - Invalid RefComponent list
2025-08-10 13:58:06,332 [ERROR] Middleware:2950 - Invalid RefComponent list
2025-08-10 13:58:06,332 [ERROR] Middleware:2950 - Invalid RefComponent list
2025-08-10 13:58:06,332 [ERROR] Middleware:2950 - Invalid RefComponent list
2025-08-10 13:58:06,332 [ERROR] Middleware:2950 - Invalid RefComponent list
2025-08-10 13:58:06,332 [ERROR] Middleware:2950 - Invalid RefComponent list
2025-08-10 13:58:06,332 [ERROR] Middleware:2950 - Invalid RefComponent list
2025-08-10 13:58:06,332 [ERROR] Middleware:2950 - Invalid RefComponent list
2025-08-10 13:58:06,332 [ERROR] Middleware:2950 - Invalid RefComponent list
2025-08-10 13:58:06,332 [ERROR] Middleware:2950 - Invalid RefComponent list
2025-08-10 13:58:06,333 [ERROR] Middleware:2950 - Invalid RefComponent list
2025-08-10 13:58:06,333 [ERROR] Middleware:2950 - Invalid RefComponent list
2025-08-10 13:58:06,333 [ERROR] Middleware:2950 - Invalid RefComponent list
2025-08-10 13:58:06,333 [ERROR] Middleware:2950 - Invalid RefComponent list
2025-08-10 13:58:06,333 [ERROR] Middleware:2950 - Invalid RefComponent list
2025-08-10 13:58:06,333 [ERROR] Middleware:2950 - Invalid RefComponent list
2025-08-10 13:58:06,333 [ERROR] Middleware:2950 - Invalid RefComponent list
2025-08-10 13:58:06,333 [ERROR] Middleware:2950 - Invalid RefComponent list
2025-08-10 13:58:06,333 [ERROR] Middleware:2950 - Invalid RefComponent list
2025-08-10 13:58:06,333 [ERROR] Middleware:2950 - Invalid RefComponent list
2025-08-10 13:58:06,333 [ERROR] Middleware:2950 - Invalid RefComponent list
2025-08-10 13:58:06,333 [ERROR] Middleware:2950 - Invalid RefComponent list
2025-08-10 13:58:06,333 [ERROR] Middleware:2950 - Invalid RefComponent list
2025-08-10 13:58:06,333 [ERROR] Middleware:2950 - Invalid RefComponent list
2025-08-10 13:58:06,334 [ERROR] Middleware:2950 - Invalid RefComponent list
2025-08-10 13:58:06,334 [ERROR] Middleware:2950 - Invalid RefComponent list
2025-08-10 13:58:06,334 [ERROR] Middleware:2950 - Invalid RefComponent list
2025-08-10 13:58:06,334 [ERROR] Middleware:2950 - Invalid RefComponent list
2025-08-10 13:58:06,334 [ERROR] Middleware:2950 - Invalid RefComponent list
2025-08-10 13:58:06,334 [ERROR] Middleware:2950 - Invalid RefComponent list
2025-08-10 13:58:06,334 [ERROR] Middleware:2950 - Invalid RefComponent list
2025-08-10 13:58:06,334 [ERROR] Middleware:2950 - Invalid RefComponent list
2025-08-10 13:58:06,334 [ERROR] Middleware:2950 - Invalid RefComponent list
2025-08-10 13:58:06,334 [ERROR] Middleware:2950 - Invalid RefComponent list
2025-08-10 13:58:06,334 [ERROR] Middleware:2950 - Invalid RefComponent list
2025-08-10 13:58:06,334 [ERROR] Middleware:2950 - Invalid RefComponent list
2025-08-10 13:58:06,334 [ERROR] Middleware:2950 - Invalid RefComponent list
2025-08-10 13:58:06,334 [ERROR] Middleware:2950 - Invalid RefComponent list
2025-08-10 13:58:06,334 [ERROR] Middleware:2950 - Invalid RefComponent list
2025-08-10 13:58:06,334 [ERROR] Middleware:2950 - Invalid RefComponent list
2025-08-10 13:58:06,334 [ERROR] Middleware:2950 - Invalid RefComponent list
2025-08-10 13:58:06,335 [ERROR] Middleware:2950 - Invalid RefComponent list
2025-08-10 13:58:06,335 [ERROR] Middleware:2950 - Invalid RefComponent list
2025-08-10 13:58:06,335 [ERROR] Middleware:2950 - Invalid RefComponent list
2025-08-10 13:58:06,335 [ERROR] Middleware:2950 - Invalid RefComponent list
2025-08-10 13:58:06,335 [ERROR] Middleware:2950 - Invalid RefComponent list
2025-08-10 13:58:06,335 [ERROR] Middleware:2950 - Invalid RefComponent list
2025-08-10 13:58:06,335 [ERROR] Middleware:2950 - Invalid RefComponent list
2025-08-10 13:58:06,335 [ERROR] Middleware:2950 - Invalid RefComponent list
2025-08-10 13:58:06,335 [ERROR] Middleware:2950 - Invalid RefComponent list
2025-08-10 13:58:06,336 [WARN] ThirdPartyIpManager:480 - Condition 'CM33 IAR Condition' not fulfilled in pack 'STMicroelectronics.X-CUBE-FREERTOS.1.3.1'
2025-08-10 13:58:06,336 [WARN] ThirdPartyIpManager:480 - Condition 'CM33 IAR Condition' not fulfilled in pack 'STMicroelectronics.X-CUBE-FREERTOS.1.3.1'
2025-08-10 13:58:06,336 [WARN] ThirdPartyIpManager:480 - Condition 'CM33 IAR Condition' not fulfilled in pack 'STMicroelectronics.X-CUBE-FREERTOS.1.3.1'
2025-08-10 13:58:06,336 [WARN] ThirdPartyIpManager:480 - Condition 'CM0 IAR Condition' not fulfilled in pack 'STMicroelectronics.X-CUBE-FREERTOS.1.3.1'
2025-08-10 13:58:06,336 [WARN] ThirdPartyIpManager:480 - Condition 'CM0 IAR Condition' not fulfilled in pack 'STMicroelectronics.X-CUBE-FREERTOS.1.3.1'
2025-08-10 13:58:06,336 [WARN] ThirdPartyIpManager:480 - Condition 'CM0 IAR Condition' not fulfilled in pack 'STMicroelectronics.X-CUBE-FREERTOS.1.3.1'
2025-08-10 13:58:06,336 [WARN] ThirdPartyIpManager:480 - Condition 'CM0 GNU ARMC6 Condition' not fulfilled in pack 'STMicroelectronics.X-CUBE-FREERTOS.1.3.1'
2025-08-10 13:58:06,336 [WARN] ThirdPartyIpManager:480 - Condition 'CM0 GNU ARMC6 Condition' not fulfilled in pack 'STMicroelectronics.X-CUBE-FREERTOS.1.3.1'
2025-08-10 13:58:07,234 [INFO] ProjectBuilder:9437 - Time for Copy ThirdParty[1] : 893mS.
2025-08-10 13:58:07,246 [INFO] ProjectBuilder:5216 - Project Generator version: 4.7.0-B52
2025-08-10 13:58:07,361 [INFO] ConfigFileManager:1595 - The Die is : DIE482
2025-08-10 13:58:09,552 [INFO] ProjectBuilder:5496 - Time for Generating toolchain IDE Files: 2308mS.
2025-08-10 13:58:09,553 [INFO] ProjectBuilder:3463 - Time for Copy CMSIS : 0mS.
2025-08-10 13:58:09,568 [INFO] ProjectBuilder:3463 - Time for Copy CMSIS : 0mS.
2025-08-10 13:58:39,889 [INFO] RtosManager:803 -  ==== DEBUG ==== Saving {key/value} = {rtos.0.tasks.0/allocationType,Dynamic;bufferName,NULL;codeGen,Default;controlBlockName,NULL;entry,StartDefaultTask;name,defaultTask;parameter,NULL;priority,osPriorityNormal;stackSize,128}
2025-08-10 13:58:39,890 [INFO] UtilMem:75 - End SaveConfig() Used Memory: 582674712 Bytes (1073741824)
2025-08-10 13:58:42,913 [INFO] BlockDiagram:2775 - set Specific Code input for plugin: PWR
2025-08-10 13:58:42,913 [INFO] BlockDiagram:2775 - set Specific Code input for plugin: RCC
2025-08-10 13:58:42,913 [INFO] BlockDiagram:2775 - set Specific Code input for plugin: I2C
2025-08-10 13:58:42,913 [INFO] BlockDiagram:2775 - set Specific Code input for plugin: USART
2025-08-10 13:58:42,913 [INFO] BlockDiagram:2775 - set Specific Code input for plugin: STMicroelectronics.X-CUBE-FREERTOS.1.3.1
2025-08-10 13:58:42,913 [INFO] BlockDiagram:2775 - set Specific Code input for plugin: OCTOSPI
2025-08-10 13:58:42,914 [INFO] BlockDiagram:2775 - set Specific Code input for plugin: MEMORYMAP
2025-08-10 13:58:42,914 [INFO] BlockDiagram:2775 - set Specific Code input for plugin: SYS
2025-08-10 13:58:42,914 [INFO] BlockDiagram:2775 - set Specific Code input for plugin: LPBAM
2025-08-10 13:58:42,914 [INFO] BlockDiagram:2775 - set Specific Code input for plugin: NVIC
2025-08-10 13:58:42,914 [INFO] BlockDiagram:2775 - set Specific Code input for plugin: DMA2D
2025-08-10 13:58:42,914 [INFO] BlockDiagram:2775 - set Specific Code input for plugin: ICACHE
2025-08-10 13:58:42,915 [INFO] BlockDiagram:2775 - set Specific Code input for plugin: GPIO
2025-08-10 13:58:42,915 [INFO] BlockDiagram:2775 - set Specific Code input for plugin: LPBAMQUEUE
2025-08-10 13:58:42,920 [WARN] ThirdPartyIpManager:480 - Condition 'CM33 IAR Condition' not fulfilled in pack 'STMicroelectronics.X-CUBE-FREERTOS.1.3.1'
2025-08-10 13:58:42,920 [WARN] ThirdPartyIpManager:480 - Condition 'CM33 IAR Condition' not fulfilled in pack 'STMicroelectronics.X-CUBE-FREERTOS.1.3.1'
2025-08-10 13:58:42,920 [WARN] ThirdPartyIpManager:480 - Condition 'CM33 IAR Condition' not fulfilled in pack 'STMicroelectronics.X-CUBE-FREERTOS.1.3.1'
2025-08-10 13:58:42,921 [WARN] ThirdPartyIpManager:480 - Condition 'CM0 IAR Condition' not fulfilled in pack 'STMicroelectronics.X-CUBE-FREERTOS.1.3.1'
2025-08-10 13:58:42,921 [WARN] ThirdPartyIpManager:480 - Condition 'CM0 IAR Condition' not fulfilled in pack 'STMicroelectronics.X-CUBE-FREERTOS.1.3.1'
2025-08-10 13:58:42,923 [WARN] ThirdPartyIpManager:480 - Condition 'CM0 IAR Condition' not fulfilled in pack 'STMicroelectronics.X-CUBE-FREERTOS.1.3.1'
2025-08-10 13:58:42,923 [WARN] ThirdPartyIpManager:480 - Condition 'CM0 GNU ARMC6 Condition' not fulfilled in pack 'STMicroelectronics.X-CUBE-FREERTOS.1.3.1'
2025-08-10 13:58:42,924 [WARN] ThirdPartyIpManager:480 - Condition 'CM0 GNU ARMC6 Condition' not fulfilled in pack 'STMicroelectronics.X-CUBE-FREERTOS.1.3.1'
2025-08-10 13:58:42,931 [INFO] CodeGenerator:892 - code generatio: config db path: C:\ST\STM32CubeIDE_1.19.0\STM32CubeIDE\plugins\com.st.stm32cube.common.mx_6.15.0.202507011659\\db\
2025-08-10 13:58:43,175 [INFO] IP:3347 - RTE template : freertos_start.ftl
2025-08-10 13:58:43,191 [INFO] CodeEngine:265 - oldGeneratedFile, C:\Users\joaki\iCloudDrive\Projekt\Smartwatch\Firmware\STM32U575CIU6Q_firmware\MXTmpFiles\license.tmp_save
2025-08-10 13:58:43,278 [INFO] CodeEngine:289 - Generated code: C:\Users\joaki\iCloudDrive\Projekt\Smartwatch\Firmware\STM32U575CIU6Q_firmware\MXTmpFiles\license.tmp
2025-08-10 13:58:43,352 [INFO] CodeEngine:265 - oldGeneratedFile, C:\Users\joaki\iCloudDrive\Projekt\Smartwatch\Firmware\STM32U575CIU6Q_firmware\MXTmpFiles\gpio.tmp_save
2025-08-10 13:58:43,441 [INFO] CodeEngine:289 - Generated code: C:\Users\joaki\iCloudDrive\Projekt\Smartwatch\Firmware\STM32U575CIU6Q_firmware\MXTmpFiles\gpio.tmp
2025-08-10 13:58:43,665 [WARN] IPConfigManager:103 - WARNING: Missing Config File for MEMORYMAP ip!!
2025-08-10 13:58:43,665 [WARN] IP:2250 - DefaultDataRegion not found: check if there is a RefParameter without a condition.
2025-08-10 13:58:44,049 [INFO] Middleware:1452 - No code input for Bsp Dependency
2025-08-10 13:58:44,064 [INFO] CodeEngine:265 - oldGeneratedFile, C:\Users\joaki\iCloudDrive\Projekt\Smartwatch\Firmware\STM32U575CIU6Q_firmware\MXTmpFiles\rtos_obj_creat.tmp_save
2025-08-10 13:58:44,163 [INFO] CodeEngine:289 - Generated code: C:\Users\joaki\iCloudDrive\Projekt\Smartwatch\Firmware\STM32U575CIU6Q_firmware\MXTmpFiles\rtos_obj_creat.tmp
2025-08-10 13:58:44,174 [INFO] CodeEngine:265 - oldGeneratedFile, C:\Users\joaki\iCloudDrive\Projekt\Smartwatch\Firmware\STM32U575CIU6Q_firmware\MXTmpFiles\rtos_typedefs.tmp_save
2025-08-10 13:58:44,252 [INFO] CodeEngine:289 - Generated code: C:\Users\joaki\iCloudDrive\Projekt\Smartwatch\Firmware\STM32U575CIU6Q_firmware\MXTmpFiles\rtos_typedefs.tmp
2025-08-10 13:58:44,260 [INFO] CodeEngine:265 - oldGeneratedFile, C:\Users\joaki\iCloudDrive\Projekt\Smartwatch\Firmware\STM32U575CIU6Q_firmware\MXTmpFiles\rtos_vars.tmp_save
2025-08-10 13:58:44,334 [INFO] CodeEngine:289 - Generated code: C:\Users\joaki\iCloudDrive\Projekt\Smartwatch\Firmware\STM32U575CIU6Q_firmware\MXTmpFiles\rtos_vars.tmp
2025-08-10 13:58:44,341 [INFO] CodeEngine:265 - oldGeneratedFile, C:\Users\joaki\iCloudDrive\Projekt\Smartwatch\Firmware\STM32U575CIU6Q_firmware\MXTmpFiles\rtos_threads.tmp_save
2025-08-10 13:58:44,412 [INFO] CodeEngine:289 - Generated code: C:\Users\joaki\iCloudDrive\Projekt\Smartwatch\Firmware\STM32U575CIU6Q_firmware\MXTmpFiles\rtos_threads.tmp
2025-08-10 13:58:44,419 [INFO] CodeEngine:265 - oldGeneratedFile, C:\Users\joaki\iCloudDrive\Projekt\Smartwatch\Firmware\STM32U575CIU6Q_firmware\MXTmpFiles\rtos_inc.tmp_save
2025-08-10 13:58:44,492 [INFO] CodeEngine:289 - Generated code: C:\Users\joaki\iCloudDrive\Projekt\Smartwatch\Firmware\STM32U575CIU6Q_firmware\MXTmpFiles\rtos_inc.tmp
2025-08-10 13:58:44,500 [INFO] CodeEngine:265 - oldGeneratedFile, C:\Users\joaki\iCloudDrive\Projekt\Smartwatch\Firmware\STM32U575CIU6Q_firmware\MXTmpFiles\rtos_pfp.tmp_save
2025-08-10 13:58:44,576 [INFO] CodeEngine:289 - Generated code: C:\Users\joaki\iCloudDrive\Projekt\Smartwatch\Firmware\STM32U575CIU6Q_firmware\MXTmpFiles\rtos_pfp.tmp
2025-08-10 13:58:44,584 [INFO] CodeEngine:265 - oldGeneratedFile, C:\Users\joaki\iCloudDrive\Projekt\Smartwatch\Firmware\STM32U575CIU6Q_firmware\MXTmpFiles\rtos_kernelInit.tmp_save
2025-08-10 13:58:44,659 [INFO] CodeEngine:289 - Generated code: C:\Users\joaki\iCloudDrive\Projekt\Smartwatch\Firmware\STM32U575CIU6Q_firmware\MXTmpFiles\rtos_kernelInit.tmp
2025-08-10 13:58:44,666 [INFO] CodeEngine:265 - oldGeneratedFile, C:\Users\joaki\iCloudDrive\Projekt\Smartwatch\Firmware\STM32U575CIU6Q_firmware\MXTmpFiles\rtos_kernelStart.tmp_save
2025-08-10 13:58:44,735 [INFO] CodeEngine:289 - Generated code: C:\Users\joaki\iCloudDrive\Projekt\Smartwatch\Firmware\STM32U575CIU6Q_firmware\MXTmpFiles\rtos_kernelStart.tmp
2025-08-10 13:58:44,975 [INFO] Middleware:1452 - No code input for Bsp Dependency
2025-08-10 13:58:44,987 [INFO] CodeEngine:265 - oldGeneratedFile, C:\Users\joaki\iCloudDrive\Projekt\Smartwatch\Firmware\STM32U575CIU6Q_firmware\MXTmpFiles\rtos_obj_creat.tmp_save
2025-08-10 13:58:45,056 [INFO] CodeEngine:289 - Generated code: C:\Users\joaki\iCloudDrive\Projekt\Smartwatch\Firmware\STM32U575CIU6Q_firmware\MXTmpFiles\rtos_obj_creat.tmp
2025-08-10 13:58:45,066 [INFO] CodeEngine:265 - oldGeneratedFile, C:\Users\joaki\iCloudDrive\Projekt\Smartwatch\Firmware\STM32U575CIU6Q_firmware\MXTmpFiles\rtos_typedefs.tmp_save
2025-08-10 13:58:45,142 [INFO] CodeEngine:289 - Generated code: C:\Users\joaki\iCloudDrive\Projekt\Smartwatch\Firmware\STM32U575CIU6Q_firmware\MXTmpFiles\rtos_typedefs.tmp
2025-08-10 13:58:45,155 [INFO] CodeEngine:265 - oldGeneratedFile, C:\Users\joaki\iCloudDrive\Projekt\Smartwatch\Firmware\STM32U575CIU6Q_firmware\MXTmpFiles\rtos_vars.tmp_save
2025-08-10 13:58:45,232 [INFO] CodeEngine:289 - Generated code: C:\Users\joaki\iCloudDrive\Projekt\Smartwatch\Firmware\STM32U575CIU6Q_firmware\MXTmpFiles\rtos_vars.tmp
2025-08-10 13:58:45,246 [INFO] CodeEngine:265 - oldGeneratedFile, C:\Users\joaki\iCloudDrive\Projekt\Smartwatch\Firmware\STM32U575CIU6Q_firmware\MXTmpFiles\rtos_threads.tmp_save
2025-08-10 13:58:45,323 [INFO] CodeEngine:289 - Generated code: C:\Users\joaki\iCloudDrive\Projekt\Smartwatch\Firmware\STM32U575CIU6Q_firmware\MXTmpFiles\rtos_threads.tmp
2025-08-10 13:58:45,335 [INFO] CodeEngine:265 - oldGeneratedFile, C:\Users\joaki\iCloudDrive\Projekt\Smartwatch\Firmware\STM32U575CIU6Q_firmware\MXTmpFiles\rtos_inc.tmp_save
2025-08-10 13:58:45,417 [INFO] CodeEngine:289 - Generated code: C:\Users\joaki\iCloudDrive\Projekt\Smartwatch\Firmware\STM32U575CIU6Q_firmware\MXTmpFiles\rtos_inc.tmp
2025-08-10 13:58:45,429 [INFO] CodeEngine:265 - oldGeneratedFile, C:\Users\joaki\iCloudDrive\Projekt\Smartwatch\Firmware\STM32U575CIU6Q_firmware\MXTmpFiles\rtos_pfp.tmp_save
2025-08-10 13:58:45,505 [INFO] CodeEngine:289 - Generated code: C:\Users\joaki\iCloudDrive\Projekt\Smartwatch\Firmware\STM32U575CIU6Q_firmware\MXTmpFiles\rtos_pfp.tmp
2025-08-10 13:58:45,516 [INFO] CodeEngine:265 - oldGeneratedFile, C:\Users\joaki\iCloudDrive\Projekt\Smartwatch\Firmware\STM32U575CIU6Q_firmware\MXTmpFiles\rtos_kernelInit.tmp_save
2025-08-10 13:58:45,592 [INFO] CodeEngine:289 - Generated code: C:\Users\joaki\iCloudDrive\Projekt\Smartwatch\Firmware\STM32U575CIU6Q_firmware\MXTmpFiles\rtos_kernelInit.tmp
2025-08-10 13:58:45,604 [INFO] CodeEngine:265 - oldGeneratedFile, C:\Users\joaki\iCloudDrive\Projekt\Smartwatch\Firmware\STM32U575CIU6Q_firmware\MXTmpFiles\rtos_kernelStart.tmp_save
2025-08-10 13:58:45,676 [INFO] CodeEngine:289 - Generated code: C:\Users\joaki\iCloudDrive\Projekt\Smartwatch\Firmware\STM32U575CIU6Q_firmware\MXTmpFiles\rtos_kernelStart.tmp
2025-08-10 13:58:45,687 [INFO] CodeEngine:265 - oldGeneratedFile, C:\Users\joaki\iCloudDrive\Projekt\Smartwatch\Firmware\STM32U575CIU6Q_firmware\Core\Inc\FreeRTOSConfig.h_save
2025-08-10 13:58:45,784 [INFO] CodeEngine:289 - Generated code: C:\Users\joaki\iCloudDrive\Projekt\Smartwatch\Firmware\STM32U575CIU6Q_firmware\Core\Inc\FreeRTOSConfig.h
2025-08-10 13:58:45,795 [INFO] CodeEngine:265 - oldGeneratedFile, C:\Users\joaki\iCloudDrive\Projekt\Smartwatch\Firmware\STM32U575CIU6Q_firmware\Core\Src\app_freertos.c_save
2025-08-10 13:58:45,885 [INFO] CodeEngine:289 - Generated code: C:\Users\joaki\iCloudDrive\Projekt\Smartwatch\Firmware\STM32U575CIU6Q_firmware\Core\Src\app_freertos.c
2025-08-10 13:58:45,897 [INFO] CodeEngine:265 - oldGeneratedFile, C:\Users\joaki\iCloudDrive\Projekt\Smartwatch\Firmware\STM32U575CIU6Q_firmware\Core\Inc\app_freertos.h_save
2025-08-10 13:58:45,979 [INFO] CodeEngine:289 - Generated code: C:\Users\joaki\iCloudDrive\Projekt\Smartwatch\Firmware\STM32U575CIU6Q_firmware\Core\Inc\app_freertos.h
2025-08-10 13:58:45,995 [INFO] CodeEngine:265 - oldGeneratedFile, C:\Users\joaki\iCloudDrive\Projekt\Smartwatch\Firmware\STM32U575CIU6Q_firmware\MXTmpFiles\cortex.tmp_save
2025-08-10 13:58:46,066 [INFO] CodeEngine:289 - Generated code: C:\Users\joaki\iCloudDrive\Projekt\Smartwatch\Firmware\STM32U575CIU6Q_firmware\MXTmpFiles\cortex.tmp
2025-08-10 13:58:46,112 [INFO] CodeEngine:265 - oldGeneratedFile, C:\Users\joaki\iCloudDrive\Projekt\Smartwatch\Firmware\STM32U575CIU6Q_firmware\Core\Src\stm32u5xx_it.c_save
2025-08-10 13:58:46,195 [INFO] CodeEngine:289 - Generated code: C:\Users\joaki\iCloudDrive\Projekt\Smartwatch\Firmware\STM32U575CIU6Q_firmware\Core\Src\stm32u5xx_it.c
2025-08-10 13:58:46,203 [INFO] CodeEngine:265 - oldGeneratedFile, C:\Users\joaki\iCloudDrive\Projekt\Smartwatch\Firmware\STM32U575CIU6Q_firmware\Core\Inc\stm32u5xx_it.h_save
2025-08-10 13:58:46,283 [INFO] CodeEngine:289 - Generated code: C:\Users\joaki\iCloudDrive\Projekt\Smartwatch\Firmware\STM32U575CIU6Q_firmware\Core\Inc\stm32u5xx_it.h
2025-08-10 13:58:46,365 [INFO] CodeEngine:265 - oldGeneratedFile, C:\Users\joaki\iCloudDrive\Projekt\Smartwatch\Firmware\STM32U575CIU6Q_firmware\Core\Src\stm32u5xx_hal_msp.c_save
2025-08-10 13:58:46,485 [INFO] CodeEngine:289 - Generated code: C:\Users\joaki\iCloudDrive\Projekt\Smartwatch\Firmware\STM32U575CIU6Q_firmware\Core\Src\stm32u5xx_hal_msp.c
2025-08-10 13:58:46,493 [INFO] CodeEngine:265 - oldGeneratedFile, C:\Users\joaki\iCloudDrive\Projekt\Smartwatch\Firmware\STM32U575CIU6Q_firmware\MXTmpFiles\system.tmp_save
2025-08-10 13:58:46,564 [INFO] CodeEngine:289 - Generated code: C:\Users\joaki\iCloudDrive\Projekt\Smartwatch\Firmware\STM32U575CIU6Q_firmware\MXTmpFiles\system.tmp
2025-08-10 13:58:46,585 [INFO] CodeEngine:321 - oldGeneratedFile, C:\Users\joaki\iCloudDrive\Projekt\Smartwatch\Firmware\STM32U575CIU6Q_firmware\Core\Inc\stm32u5xx_hal_conf.h_save
2025-08-10 13:58:46,667 [INFO] CodeEngine:345 - Generated code: C:\Users\joaki\iCloudDrive\Projekt\Smartwatch\Firmware\STM32U575CIU6Q_firmware\Core\Inc\stm32u5xx_hal_conf.h
2025-08-10 13:58:46,716 [INFO] CodeEngine:265 - oldGeneratedFile, C:\Users\joaki\iCloudDrive\Projekt\Smartwatch\Firmware\STM32U575CIU6Q_firmware\Core\Inc\main.h_save
2025-08-10 13:58:46,803 [INFO] CodeEngine:289 - Generated code: C:\Users\joaki\iCloudDrive\Projekt\Smartwatch\Firmware\STM32U575CIU6Q_firmware\Core\Inc\main.h
2025-08-10 13:58:46,814 [INFO] CodeEngine:265 - oldGeneratedFile, C:\Users\joaki\iCloudDrive\Projekt\Smartwatch\Firmware\STM32U575CIU6Q_firmware\Core\Src\main.c_save
2025-08-10 13:58:46,965 [INFO] CodeEngine:289 - Generated code: C:\Users\joaki\iCloudDrive\Projekt\Smartwatch\Firmware\STM32U575CIU6Q_firmware\Core\Src\main.c
2025-08-10 13:58:47,751 [INFO] ProjectBuilder:3606 - Time for Copy HAL[1] : 469mS.
2025-08-10 13:58:47,752 [ERROR] Middleware:2950 - Invalid RefComponent list
2025-08-10 13:58:47,752 [ERROR] Middleware:2950 - Invalid RefComponent list
2025-08-10 13:58:47,752 [ERROR] Middleware:2950 - Invalid RefComponent list
2025-08-10 13:58:47,752 [ERROR] Middleware:2950 - Invalid RefComponent list
2025-08-10 13:58:47,752 [ERROR] Middleware:2950 - Invalid RefComponent list
2025-08-10 13:58:47,752 [ERROR] Middleware:2950 - Invalid RefComponent list
2025-08-10 13:58:47,752 [ERROR] Middleware:2950 - Invalid RefComponent list
2025-08-10 13:58:47,752 [ERROR] Middleware:2950 - Invalid RefComponent list
2025-08-10 13:58:47,752 [ERROR] Middleware:2950 - Invalid RefComponent list
2025-08-10 13:58:47,752 [ERROR] Middleware:2950 - Invalid RefComponent list
2025-08-10 13:58:47,752 [ERROR] Middleware:2950 - Invalid RefComponent list
2025-08-10 13:58:47,752 [ERROR] Middleware:2950 - Invalid RefComponent list
2025-08-10 13:58:47,752 [ERROR] Middleware:2950 - Invalid RefComponent list
2025-08-10 13:58:47,752 [ERROR] Middleware:2950 - Invalid RefComponent list
2025-08-10 13:58:47,753 [ERROR] Middleware:2950 - Invalid RefComponent list
2025-08-10 13:58:47,753 [ERROR] Middleware:2950 - Invalid RefComponent list
2025-08-10 13:58:47,753 [ERROR] Middleware:2950 - Invalid RefComponent list
2025-08-10 13:58:47,753 [ERROR] Middleware:2950 - Invalid RefComponent list
2025-08-10 13:58:47,753 [ERROR] Middleware:2950 - Invalid RefComponent list
2025-08-10 13:58:47,753 [ERROR] Middleware:2950 - Invalid RefComponent list
2025-08-10 13:58:47,753 [ERROR] Middleware:2950 - Invalid RefComponent list
2025-08-10 13:58:47,753 [ERROR] Middleware:2950 - Invalid RefComponent list
2025-08-10 13:58:47,753 [ERROR] Middleware:2950 - Invalid RefComponent list
2025-08-10 13:58:47,753 [ERROR] Middleware:2950 - Invalid RefComponent list
2025-08-10 13:58:47,753 [ERROR] Middleware:2950 - Invalid RefComponent list
2025-08-10 13:58:47,753 [ERROR] Middleware:2950 - Invalid RefComponent list
2025-08-10 13:58:47,753 [ERROR] Middleware:2950 - Invalid RefComponent list
2025-08-10 13:58:47,753 [ERROR] Middleware:2950 - Invalid RefComponent list
2025-08-10 13:58:47,753 [ERROR] Middleware:2950 - Invalid RefComponent list
2025-08-10 13:58:47,753 [ERROR] Middleware:2950 - Invalid RefComponent list
2025-08-10 13:58:47,753 [ERROR] Middleware:2950 - Invalid RefComponent list
2025-08-10 13:58:47,753 [ERROR] Middleware:2950 - Invalid RefComponent list
2025-08-10 13:58:47,753 [ERROR] Middleware:2950 - Invalid RefComponent list
2025-08-10 13:58:47,753 [ERROR] Middleware:2950 - Invalid RefComponent list
2025-08-10 13:58:47,754 [ERROR] Middleware:2950 - Invalid RefComponent list
2025-08-10 13:58:47,754 [ERROR] Middleware:2950 - Invalid RefComponent list
2025-08-10 13:58:47,754 [ERROR] Middleware:2950 - Invalid RefComponent list
2025-08-10 13:58:47,754 [ERROR] Middleware:2950 - Invalid RefComponent list
2025-08-10 13:58:47,754 [ERROR] Middleware:2950 - Invalid RefComponent list
2025-08-10 13:58:47,754 [ERROR] Middleware:2950 - Invalid RefComponent list
2025-08-10 13:58:47,754 [ERROR] Middleware:2950 - Invalid RefComponent list
2025-08-10 13:58:47,754 [ERROR] Middleware:2950 - Invalid RefComponent list
2025-08-10 13:58:47,754 [ERROR] Middleware:2950 - Invalid RefComponent list
2025-08-10 13:58:47,754 [ERROR] Middleware:2950 - Invalid RefComponent list
2025-08-10 13:58:47,754 [ERROR] Middleware:2950 - Invalid RefComponent list
2025-08-10 13:58:47,754 [ERROR] Middleware:2950 - Invalid RefComponent list
2025-08-10 13:58:47,754 [ERROR] Middleware:2950 - Invalid RefComponent list
2025-08-10 13:58:47,754 [ERROR] Middleware:2950 - Invalid RefComponent list
2025-08-10 13:58:47,754 [ERROR] Middleware:2950 - Invalid RefComponent list
2025-08-10 13:58:47,754 [ERROR] Middleware:2950 - Invalid RefComponent list
2025-08-10 13:58:47,754 [ERROR] Middleware:2950 - Invalid RefComponent list
2025-08-10 13:58:47,754 [ERROR] Middleware:2950 - Invalid RefComponent list
2025-08-10 13:58:47,754 [ERROR] Middleware:2950 - Invalid RefComponent list
2025-08-10 13:58:47,754 [ERROR] Middleware:2950 - Invalid RefComponent list
2025-08-10 13:58:47,754 [ERROR] Middleware:2950 - Invalid RefComponent list
2025-08-10 13:58:47,754 [ERROR] Middleware:2950 - Invalid RefComponent list
2025-08-10 13:58:47,754 [ERROR] Middleware:2950 - Invalid RefComponent list
2025-08-10 13:58:47,754 [ERROR] Middleware:2950 - Invalid RefComponent list
2025-08-10 13:58:47,755 [ERROR] Middleware:2950 - Invalid RefComponent list
2025-08-10 13:58:47,755 [ERROR] Middleware:2950 - Invalid RefComponent list
2025-08-10 13:58:47,755 [ERROR] Middleware:2950 - Invalid RefComponent list
2025-08-10 13:58:47,755 [ERROR] Middleware:2950 - Invalid RefComponent list
2025-08-10 13:58:47,755 [ERROR] Middleware:2950 - Invalid RefComponent list
2025-08-10 13:58:47,755 [ERROR] Middleware:2950 - Invalid RefComponent list
2025-08-10 13:58:47,755 [ERROR] Middleware:2950 - Invalid RefComponent list
2025-08-10 13:58:47,755 [ERROR] Middleware:2950 - Invalid RefComponent list
2025-08-10 13:58:47,755 [ERROR] Middleware:2950 - Invalid RefComponent list
2025-08-10 13:58:47,755 [ERROR] Middleware:2950 - Invalid RefComponent list
2025-08-10 13:58:47,755 [ERROR] Middleware:2950 - Invalid RefComponent list
2025-08-10 13:58:47,755 [ERROR] Middleware:2950 - Invalid RefComponent list
2025-08-10 13:58:47,755 [ERROR] Middleware:2950 - Invalid RefComponent list
2025-08-10 13:58:47,755 [ERROR] Middleware:2950 - Invalid RefComponent list
2025-08-10 13:58:47,755 [ERROR] Middleware:2950 - Invalid RefComponent list
2025-08-10 13:58:47,755 [ERROR] Middleware:2950 - Invalid RefComponent list
2025-08-10 13:58:47,755 [ERROR] Middleware:2950 - Invalid RefComponent list
2025-08-10 13:58:47,755 [ERROR] Middleware:2950 - Invalid RefComponent list
2025-08-10 13:58:47,755 [ERROR] Middleware:2950 - Invalid RefComponent list
2025-08-10 13:58:47,755 [ERROR] Middleware:2950 - Invalid RefComponent list
2025-08-10 13:58:47,755 [ERROR] Middleware:2950 - Invalid RefComponent list
2025-08-10 13:58:47,755 [ERROR] Middleware:2950 - Invalid RefComponent list
2025-08-10 13:58:47,755 [ERROR] Middleware:2950 - Invalid RefComponent list
2025-08-10 13:58:47,756 [ERROR] Middleware:2950 - Invalid RefComponent list
2025-08-10 13:58:47,756 [ERROR] Middleware:2950 - Invalid RefComponent list
2025-08-10 13:58:47,756 [ERROR] Middleware:2950 - Invalid RefComponent list
2025-08-10 13:58:47,756 [ERROR] Middleware:2950 - Invalid RefComponent list
2025-08-10 13:58:47,756 [ERROR] Middleware:2950 - Invalid RefComponent list
2025-08-10 13:58:47,757 [ERROR] Middleware:2950 - Invalid RefComponent list
2025-08-10 13:58:47,757 [ERROR] Middleware:2950 - Invalid RefComponent list
2025-08-10 13:58:47,757 [ERROR] Middleware:2950 - Invalid RefComponent list
2025-08-10 13:58:47,757 [ERROR] Middleware:2950 - Invalid RefComponent list
2025-08-10 13:58:47,757 [ERROR] Middleware:2950 - Invalid RefComponent list
2025-08-10 13:58:47,757 [ERROR] Middleware:2950 - Invalid RefComponent list
2025-08-10 13:58:47,757 [ERROR] Middleware:2950 - Invalid RefComponent list
2025-08-10 13:58:47,757 [ERROR] Middleware:2950 - Invalid RefComponent list
2025-08-10 13:58:47,757 [ERROR] Middleware:2950 - Invalid RefComponent list
2025-08-10 13:58:47,757 [ERROR] Middleware:2950 - Invalid RefComponent list
2025-08-10 13:58:47,757 [ERROR] Middleware:2950 - Invalid RefComponent list
2025-08-10 13:58:47,757 [ERROR] Middleware:2950 - Invalid RefComponent list
2025-08-10 13:58:47,757 [ERROR] Middleware:2950 - Invalid RefComponent list
2025-08-10 13:58:47,757 [ERROR] Middleware:2950 - Invalid RefComponent list
2025-08-10 13:58:47,757 [ERROR] Middleware:2950 - Invalid RefComponent list
2025-08-10 13:58:47,757 [ERROR] Middleware:2950 - Invalid RefComponent list
2025-08-10 13:58:47,757 [ERROR] Middleware:2950 - Invalid RefComponent list
2025-08-10 13:58:47,757 [ERROR] Middleware:2950 - Invalid RefComponent list
2025-08-10 13:58:47,757 [ERROR] Middleware:2950 - Invalid RefComponent list
2025-08-10 13:58:47,757 [ERROR] Middleware:2950 - Invalid RefComponent list
2025-08-10 13:58:47,757 [ERROR] Middleware:2950 - Invalid RefComponent list
2025-08-10 13:58:47,757 [ERROR] Middleware:2950 - Invalid RefComponent list
2025-08-10 13:58:47,757 [ERROR] Middleware:2950 - Invalid RefComponent list
2025-08-10 13:58:47,757 [ERROR] Middleware:2950 - Invalid RefComponent list
2025-08-10 13:58:47,757 [ERROR] Middleware:2950 - Invalid RefComponent list
2025-08-10 13:58:47,757 [ERROR] Middleware:2950 - Invalid RefComponent list
2025-08-10 13:58:47,757 [ERROR] Middleware:2950 - Invalid RefComponent list
2025-08-10 13:58:47,757 [ERROR] Middleware:2950 - Invalid RefComponent list
2025-08-10 13:58:47,757 [ERROR] Middleware:2950 - Invalid RefComponent list
2025-08-10 13:58:47,757 [ERROR] Middleware:2950 - Invalid RefComponent list
2025-08-10 13:58:47,757 [ERROR] Middleware:2950 - Invalid RefComponent list
2025-08-10 13:58:47,757 [ERROR] Middleware:2950 - Invalid RefComponent list
2025-08-10 13:58:47,757 [ERROR] Middleware:2950 - Invalid RefComponent list
2025-08-10 13:58:47,757 [ERROR] Middleware:2950 - Invalid RefComponent list
2025-08-10 13:58:47,758 [ERROR] Middleware:2950 - Invalid RefComponent list
2025-08-10 13:58:47,758 [ERROR] Middleware:2950 - Invalid RefComponent list
2025-08-10 13:58:47,758 [ERROR] Middleware:2950 - Invalid RefComponent list
2025-08-10 13:58:47,758 [ERROR] Middleware:2950 - Invalid RefComponent list
2025-08-10 13:58:47,758 [ERROR] Middleware:2950 - Invalid RefComponent list
2025-08-10 13:58:47,758 [ERROR] Middleware:2950 - Invalid RefComponent list
2025-08-10 13:58:47,758 [ERROR] Middleware:2950 - Invalid RefComponent list
2025-08-10 13:58:47,758 [ERROR] Middleware:2950 - Invalid RefComponent list
2025-08-10 13:58:47,758 [ERROR] Middleware:2950 - Invalid RefComponent list
2025-08-10 13:58:47,758 [ERROR] Middleware:2950 - Invalid RefComponent list
2025-08-10 13:58:47,758 [ERROR] Middleware:2950 - Invalid RefComponent list
2025-08-10 13:58:47,758 [ERROR] Middleware:2950 - Invalid RefComponent list
2025-08-10 13:58:47,758 [ERROR] Middleware:2950 - Invalid RefComponent list
2025-08-10 13:58:47,758 [ERROR] Middleware:2950 - Invalid RefComponent list
2025-08-10 13:58:47,758 [ERROR] Middleware:2950 - Invalid RefComponent list
2025-08-10 13:58:47,758 [ERROR] Middleware:2950 - Invalid RefComponent list
2025-08-10 13:58:47,758 [ERROR] Middleware:2950 - Invalid RefComponent list
2025-08-10 13:58:47,758 [ERROR] Middleware:2950 - Invalid RefComponent list
2025-08-10 13:58:47,758 [ERROR] Middleware:2950 - Invalid RefComponent list
2025-08-10 13:58:47,758 [ERROR] Middleware:2950 - Invalid RefComponent list
2025-08-10 13:58:47,758 [ERROR] Middleware:2950 - Invalid RefComponent list
2025-08-10 13:58:47,758 [ERROR] Middleware:2950 - Invalid RefComponent list
2025-08-10 13:58:47,758 [ERROR] Middleware:2950 - Invalid RefComponent list
2025-08-10 13:58:47,758 [ERROR] Middleware:2950 - Invalid RefComponent list
2025-08-10 13:58:47,758 [ERROR] Middleware:2950 - Invalid RefComponent list
2025-08-10 13:58:47,758 [ERROR] Middleware:2950 - Invalid RefComponent list
2025-08-10 13:58:47,758 [ERROR] Middleware:2950 - Invalid RefComponent list
2025-08-10 13:58:47,758 [ERROR] Middleware:2950 - Invalid RefComponent list
2025-08-10 13:58:47,758 [ERROR] Middleware:2950 - Invalid RefComponent list
2025-08-10 13:58:47,758 [ERROR] Middleware:2950 - Invalid RefComponent list
2025-08-10 13:58:47,759 [ERROR] Middleware:2950 - Invalid RefComponent list
2025-08-10 13:58:47,759 [ERROR] Middleware:2950 - Invalid RefComponent list
2025-08-10 13:58:47,759 [ERROR] Middleware:2950 - Invalid RefComponent list
2025-08-10 13:58:47,759 [ERROR] Middleware:2950 - Invalid RefComponent list
2025-08-10 13:58:47,759 [ERROR] Middleware:2950 - Invalid RefComponent list
2025-08-10 13:58:47,759 [ERROR] Middleware:2950 - Invalid RefComponent list
2025-08-10 13:58:47,759 [ERROR] Middleware:2950 - Invalid RefComponent list
2025-08-10 13:58:47,759 [ERROR] Middleware:2950 - Invalid RefComponent list
2025-08-10 13:58:47,759 [ERROR] Middleware:2950 - Invalid RefComponent list
2025-08-10 13:58:47,759 [ERROR] Middleware:2950 - Invalid RefComponent list
2025-08-10 13:58:47,759 [ERROR] Middleware:2950 - Invalid RefComponent list
2025-08-10 13:58:47,759 [ERROR] Middleware:2950 - Invalid RefComponent list
2025-08-10 13:58:47,759 [ERROR] Middleware:2950 - Invalid RefComponent list
2025-08-10 13:58:47,759 [ERROR] Middleware:2950 - Invalid RefComponent list
2025-08-10 13:58:47,760 [WARN] ThirdPartyIpManager:480 - Condition 'CM33 IAR Condition' not fulfilled in pack 'STMicroelectronics.X-CUBE-FREERTOS.1.3.1'
2025-08-10 13:58:47,760 [WARN] ThirdPartyIpManager:480 - Condition 'CM33 IAR Condition' not fulfilled in pack 'STMicroelectronics.X-CUBE-FREERTOS.1.3.1'
2025-08-10 13:58:47,761 [WARN] ThirdPartyIpManager:480 - Condition 'CM33 IAR Condition' not fulfilled in pack 'STMicroelectronics.X-CUBE-FREERTOS.1.3.1'
2025-08-10 13:58:47,762 [WARN] ThirdPartyIpManager:480 - Condition 'CM0 IAR Condition' not fulfilled in pack 'STMicroelectronics.X-CUBE-FREERTOS.1.3.1'
2025-08-10 13:58:47,762 [WARN] ThirdPartyIpManager:480 - Condition 'CM0 IAR Condition' not fulfilled in pack 'STMicroelectronics.X-CUBE-FREERTOS.1.3.1'
2025-08-10 13:58:47,762 [WARN] ThirdPartyIpManager:480 - Condition 'CM0 IAR Condition' not fulfilled in pack 'STMicroelectronics.X-CUBE-FREERTOS.1.3.1'
2025-08-10 13:58:47,762 [WARN] ThirdPartyIpManager:480 - Condition 'CM0 GNU ARMC6 Condition' not fulfilled in pack 'STMicroelectronics.X-CUBE-FREERTOS.1.3.1'
2025-08-10 13:58:47,762 [WARN] ThirdPartyIpManager:480 - Condition 'CM0 GNU ARMC6 Condition' not fulfilled in pack 'STMicroelectronics.X-CUBE-FREERTOS.1.3.1'
2025-08-10 13:58:47,945 [INFO] ProjectBuilder:9437 - Time for Copy ThirdParty[1] : 177mS.
2025-08-10 13:58:47,951 [INFO] ProjectBuilder:5216 - Project Generator version: 4.7.0-B52
2025-08-10 13:58:48,069 [INFO] ConfigFileManager:1595 - The Die is : DIE482
2025-08-10 13:58:50,135 [INFO] ProjectBuilder:5496 - Time for Generating toolchain IDE Files: 2182mS.
2025-08-10 13:58:50,137 [INFO] ProjectBuilder:3463 - Time for Copy CMSIS : 0mS.
2025-08-10 13:58:50,155 [INFO] ProjectBuilder:3463 - Time for Copy CMSIS : 1mS.
2025-08-10 14:04:19,415 [INFO] RtosManager:803 -  ==== DEBUG ==== Saving {key/value} = {rtos.0.tasks.0/allocationType,Dynamic;bufferName,NULL;codeGen,Default;controlBlockName,NULL;entry,StartDefaultTask;name,defaultTask;parameter,NULL;priority,osPriorityNormal;stackSize,128}
2025-08-10 14:04:19,416 [INFO] UtilMem:75 - End SaveConfig() Used Memory: 672430720 Bytes (1073741824)
2025-08-10 14:04:22,353 [INFO] BlockDiagram:2775 - set Specific Code input for plugin: PWR
2025-08-10 14:04:22,353 [INFO] BlockDiagram:2775 - set Specific Code input for plugin: RCC
2025-08-10 14:04:22,353 [INFO] BlockDiagram:2775 - set Specific Code input for plugin: I2C
2025-08-10 14:04:22,353 [INFO] BlockDiagram:2775 - set Specific Code input for plugin: USART
2025-08-10 14:04:22,353 [INFO] BlockDiagram:2775 - set Specific Code input for plugin: STMicroelectronics.X-CUBE-FREERTOS.1.3.1
2025-08-10 14:04:22,353 [INFO] BlockDiagram:2775 - set Specific Code input for plugin: OCTOSPI
2025-08-10 14:04:22,353 [INFO] BlockDiagram:2775 - set Specific Code input for plugin: MEMORYMAP
2025-08-10 14:04:22,353 [INFO] BlockDiagram:2775 - set Specific Code input for plugin: SYS
2025-08-10 14:04:22,353 [INFO] BlockDiagram:2775 - set Specific Code input for plugin: LPBAM
2025-08-10 14:04:22,355 [INFO] BlockDiagram:2775 - set Specific Code input for plugin: NVIC
2025-08-10 14:04:22,355 [INFO] BlockDiagram:2775 - set Specific Code input for plugin: DMA2D
2025-08-10 14:04:22,355 [INFO] BlockDiagram:2775 - set Specific Code input for plugin: ICACHE
2025-08-10 14:04:22,355 [INFO] BlockDiagram:2775 - set Specific Code input for plugin: GPIO
2025-08-10 14:04:22,355 [INFO] BlockDiagram:2775 - set Specific Code input for plugin: LPBAMQUEUE
2025-08-10 14:04:22,359 [WARN] ThirdPartyIpManager:480 - Condition 'CM33 IAR Condition' not fulfilled in pack 'STMicroelectronics.X-CUBE-FREERTOS.1.3.1'
2025-08-10 14:04:22,359 [WARN] ThirdPartyIpManager:480 - Condition 'CM33 IAR Condition' not fulfilled in pack 'STMicroelectronics.X-CUBE-FREERTOS.1.3.1'
2025-08-10 14:04:22,359 [WARN] ThirdPartyIpManager:480 - Condition 'CM33 IAR Condition' not fulfilled in pack 'STMicroelectronics.X-CUBE-FREERTOS.1.3.1'
2025-08-10 14:04:22,360 [WARN] ThirdPartyIpManager:480 - Condition 'CM0 IAR Condition' not fulfilled in pack 'STMicroelectronics.X-CUBE-FREERTOS.1.3.1'
2025-08-10 14:04:22,360 [WARN] ThirdPartyIpManager:480 - Condition 'CM0 IAR Condition' not fulfilled in pack 'STMicroelectronics.X-CUBE-FREERTOS.1.3.1'
2025-08-10 14:04:22,360 [WARN] ThirdPartyIpManager:480 - Condition 'CM0 IAR Condition' not fulfilled in pack 'STMicroelectronics.X-CUBE-FREERTOS.1.3.1'
2025-08-10 14:04:22,360 [WARN] ThirdPartyIpManager:480 - Condition 'CM0 GNU ARMC6 Condition' not fulfilled in pack 'STMicroelectronics.X-CUBE-FREERTOS.1.3.1'
2025-08-10 14:04:22,360 [WARN] ThirdPartyIpManager:480 - Condition 'CM0 GNU ARMC6 Condition' not fulfilled in pack 'STMicroelectronics.X-CUBE-FREERTOS.1.3.1'
2025-08-10 14:04:22,366 [INFO] CodeGenerator:892 - code generatio: config db path: C:\ST\STM32CubeIDE_1.19.0\STM32CubeIDE\plugins\com.st.stm32cube.common.mx_6.15.0.202507011659\\db\
2025-08-10 14:04:22,606 [INFO] IP:3347 - RTE template : freertos_start.ftl
2025-08-10 14:04:22,620 [INFO] CodeEngine:265 - oldGeneratedFile, C:\Users\joaki\iCloudDrive\Projekt\Smartwatch\Firmware\STM32U575CIU6Q_firmware\MXTmpFiles\license.tmp_save
2025-08-10 14:04:22,701 [INFO] CodeEngine:289 - Generated code: C:\Users\joaki\iCloudDrive\Projekt\Smartwatch\Firmware\STM32U575CIU6Q_firmware\MXTmpFiles\license.tmp
2025-08-10 14:04:22,767 [INFO] CodeEngine:265 - oldGeneratedFile, C:\Users\joaki\iCloudDrive\Projekt\Smartwatch\Firmware\STM32U575CIU6Q_firmware\MXTmpFiles\gpio.tmp_save
2025-08-10 14:04:22,854 [INFO] CodeEngine:289 - Generated code: C:\Users\joaki\iCloudDrive\Projekt\Smartwatch\Firmware\STM32U575CIU6Q_firmware\MXTmpFiles\gpio.tmp
2025-08-10 14:04:23,085 [WARN] IPConfigManager:103 - WARNING: Missing Config File for MEMORYMAP ip!!
2025-08-10 14:04:23,086 [WARN] IP:2250 - DefaultDataRegion not found: check if there is a RefParameter without a condition.
2025-08-10 14:04:23,409 [INFO] Middleware:1452 - No code input for Bsp Dependency
2025-08-10 14:04:23,420 [INFO] CodeEngine:265 - oldGeneratedFile, C:\Users\joaki\iCloudDrive\Projekt\Smartwatch\Firmware\STM32U575CIU6Q_firmware\MXTmpFiles\rtos_obj_creat.tmp_save
2025-08-10 14:04:23,496 [INFO] CodeEngine:289 - Generated code: C:\Users\joaki\iCloudDrive\Projekt\Smartwatch\Firmware\STM32U575CIU6Q_firmware\MXTmpFiles\rtos_obj_creat.tmp
2025-08-10 14:04:23,504 [INFO] CodeEngine:265 - oldGeneratedFile, C:\Users\joaki\iCloudDrive\Projekt\Smartwatch\Firmware\STM32U575CIU6Q_firmware\MXTmpFiles\rtos_typedefs.tmp_save
2025-08-10 14:04:23,583 [INFO] CodeEngine:289 - Generated code: C:\Users\joaki\iCloudDrive\Projekt\Smartwatch\Firmware\STM32U575CIU6Q_firmware\MXTmpFiles\rtos_typedefs.tmp
2025-08-10 14:04:23,591 [INFO] CodeEngine:265 - oldGeneratedFile, C:\Users\joaki\iCloudDrive\Projekt\Smartwatch\Firmware\STM32U575CIU6Q_firmware\MXTmpFiles\rtos_vars.tmp_save
2025-08-10 14:04:23,658 [INFO] CodeEngine:289 - Generated code: C:\Users\joaki\iCloudDrive\Projekt\Smartwatch\Firmware\STM32U575CIU6Q_firmware\MXTmpFiles\rtos_vars.tmp
2025-08-10 14:04:23,664 [INFO] CodeEngine:265 - oldGeneratedFile, C:\Users\joaki\iCloudDrive\Projekt\Smartwatch\Firmware\STM32U575CIU6Q_firmware\MXTmpFiles\rtos_threads.tmp_save
2025-08-10 14:04:23,729 [INFO] CodeEngine:289 - Generated code: C:\Users\joaki\iCloudDrive\Projekt\Smartwatch\Firmware\STM32U575CIU6Q_firmware\MXTmpFiles\rtos_threads.tmp
2025-08-10 14:04:23,736 [INFO] CodeEngine:265 - oldGeneratedFile, C:\Users\joaki\iCloudDrive\Projekt\Smartwatch\Firmware\STM32U575CIU6Q_firmware\MXTmpFiles\rtos_inc.tmp_save
2025-08-10 14:04:23,804 [INFO] CodeEngine:289 - Generated code: C:\Users\joaki\iCloudDrive\Projekt\Smartwatch\Firmware\STM32U575CIU6Q_firmware\MXTmpFiles\rtos_inc.tmp
2025-08-10 14:04:23,812 [INFO] CodeEngine:265 - oldGeneratedFile, C:\Users\joaki\iCloudDrive\Projekt\Smartwatch\Firmware\STM32U575CIU6Q_firmware\MXTmpFiles\rtos_pfp.tmp_save
2025-08-10 14:04:23,885 [INFO] CodeEngine:289 - Generated code: C:\Users\joaki\iCloudDrive\Projekt\Smartwatch\Firmware\STM32U575CIU6Q_firmware\MXTmpFiles\rtos_pfp.tmp
2025-08-10 14:04:23,893 [INFO] CodeEngine:265 - oldGeneratedFile, C:\Users\joaki\iCloudDrive\Projekt\Smartwatch\Firmware\STM32U575CIU6Q_firmware\MXTmpFiles\rtos_kernelInit.tmp_save
2025-08-10 14:04:23,964 [INFO] CodeEngine:289 - Generated code: C:\Users\joaki\iCloudDrive\Projekt\Smartwatch\Firmware\STM32U575CIU6Q_firmware\MXTmpFiles\rtos_kernelInit.tmp
2025-08-10 14:04:23,973 [INFO] CodeEngine:265 - oldGeneratedFile, C:\Users\joaki\iCloudDrive\Projekt\Smartwatch\Firmware\STM32U575CIU6Q_firmware\MXTmpFiles\rtos_kernelStart.tmp_save
2025-08-10 14:04:24,048 [INFO] CodeEngine:289 - Generated code: C:\Users\joaki\iCloudDrive\Projekt\Smartwatch\Firmware\STM32U575CIU6Q_firmware\MXTmpFiles\rtos_kernelStart.tmp
2025-08-10 14:04:24,055 [INFO] Middleware:1452 - No code input for Bsp Dependency
2025-08-10 14:04:24,069 [INFO] CodeEngine:265 - oldGeneratedFile, C:\Users\joaki\iCloudDrive\Projekt\Smartwatch\Firmware\STM32U575CIU6Q_firmware\MXTmpFiles\rtos_obj_creat.tmp_save
2025-08-10 14:04:24,139 [INFO] CodeEngine:289 - Generated code: C:\Users\joaki\iCloudDrive\Projekt\Smartwatch\Firmware\STM32U575CIU6Q_firmware\MXTmpFiles\rtos_obj_creat.tmp
2025-08-10 14:04:24,151 [INFO] CodeEngine:265 - oldGeneratedFile, C:\Users\joaki\iCloudDrive\Projekt\Smartwatch\Firmware\STM32U575CIU6Q_firmware\MXTmpFiles\rtos_typedefs.tmp_save
2025-08-10 14:04:24,227 [INFO] CodeEngine:289 - Generated code: C:\Users\joaki\iCloudDrive\Projekt\Smartwatch\Firmware\STM32U575CIU6Q_firmware\MXTmpFiles\rtos_typedefs.tmp
2025-08-10 14:04:24,238 [INFO] CodeEngine:265 - oldGeneratedFile, C:\Users\joaki\iCloudDrive\Projekt\Smartwatch\Firmware\STM32U575CIU6Q_firmware\MXTmpFiles\rtos_vars.tmp_save
2025-08-10 14:04:24,319 [INFO] CodeEngine:289 - Generated code: C:\Users\joaki\iCloudDrive\Projekt\Smartwatch\Firmware\STM32U575CIU6Q_firmware\MXTmpFiles\rtos_vars.tmp
2025-08-10 14:04:24,328 [INFO] CodeEngine:265 - oldGeneratedFile, C:\Users\joaki\iCloudDrive\Projekt\Smartwatch\Firmware\STM32U575CIU6Q_firmware\MXTmpFiles\rtos_threads.tmp_save
2025-08-10 14:04:24,399 [INFO] CodeEngine:289 - Generated code: C:\Users\joaki\iCloudDrive\Projekt\Smartwatch\Firmware\STM32U575CIU6Q_firmware\MXTmpFiles\rtos_threads.tmp
2025-08-10 14:04:24,410 [INFO] CodeEngine:265 - oldGeneratedFile, C:\Users\joaki\iCloudDrive\Projekt\Smartwatch\Firmware\STM32U575CIU6Q_firmware\MXTmpFiles\rtos_inc.tmp_save
2025-08-10 14:04:24,482 [INFO] CodeEngine:289 - Generated code: C:\Users\joaki\iCloudDrive\Projekt\Smartwatch\Firmware\STM32U575CIU6Q_firmware\MXTmpFiles\rtos_inc.tmp
2025-08-10 14:04:24,492 [INFO] CodeEngine:265 - oldGeneratedFile, C:\Users\joaki\iCloudDrive\Projekt\Smartwatch\Firmware\STM32U575CIU6Q_firmware\MXTmpFiles\rtos_pfp.tmp_save
2025-08-10 14:04:24,571 [INFO] CodeEngine:289 - Generated code: C:\Users\joaki\iCloudDrive\Projekt\Smartwatch\Firmware\STM32U575CIU6Q_firmware\MXTmpFiles\rtos_pfp.tmp
2025-08-10 14:04:24,583 [INFO] CodeEngine:265 - oldGeneratedFile, C:\Users\joaki\iCloudDrive\Projekt\Smartwatch\Firmware\STM32U575CIU6Q_firmware\MXTmpFiles\rtos_kernelInit.tmp_save
2025-08-10 14:04:24,653 [INFO] CodeEngine:289 - Generated code: C:\Users\joaki\iCloudDrive\Projekt\Smartwatch\Firmware\STM32U575CIU6Q_firmware\MXTmpFiles\rtos_kernelInit.tmp
2025-08-10 14:04:24,664 [INFO] CodeEngine:265 - oldGeneratedFile, C:\Users\joaki\iCloudDrive\Projekt\Smartwatch\Firmware\STM32U575CIU6Q_firmware\MXTmpFiles\rtos_kernelStart.tmp_save
2025-08-10 14:04:24,735 [INFO] CodeEngine:289 - Generated code: C:\Users\joaki\iCloudDrive\Projekt\Smartwatch\Firmware\STM32U575CIU6Q_firmware\MXTmpFiles\rtos_kernelStart.tmp
2025-08-10 14:04:24,744 [INFO] CodeEngine:265 - oldGeneratedFile, C:\Users\joaki\iCloudDrive\Projekt\Smartwatch\Firmware\STM32U575CIU6Q_firmware\Core\Inc\FreeRTOSConfig.h_save
2025-08-10 14:04:24,831 [INFO] CodeEngine:289 - Generated code: C:\Users\joaki\iCloudDrive\Projekt\Smartwatch\Firmware\STM32U575CIU6Q_firmware\Core\Inc\FreeRTOSConfig.h
2025-08-10 14:04:24,842 [INFO] CodeEngine:265 - oldGeneratedFile, C:\Users\joaki\iCloudDrive\Projekt\Smartwatch\Firmware\STM32U575CIU6Q_firmware\Core\Src\app_freertos.c_save
2025-08-10 14:04:24,931 [INFO] CodeEngine:289 - Generated code: C:\Users\joaki\iCloudDrive\Projekt\Smartwatch\Firmware\STM32U575CIU6Q_firmware\Core\Src\app_freertos.c
2025-08-10 14:04:24,942 [INFO] CodeEngine:265 - oldGeneratedFile, C:\Users\joaki\iCloudDrive\Projekt\Smartwatch\Firmware\STM32U575CIU6Q_firmware\Core\Inc\app_freertos.h_save
2025-08-10 14:04:25,018 [INFO] CodeEngine:289 - Generated code: C:\Users\joaki\iCloudDrive\Projekt\Smartwatch\Firmware\STM32U575CIU6Q_firmware\Core\Inc\app_freertos.h
2025-08-10 14:04:25,034 [INFO] CodeEngine:265 - oldGeneratedFile, C:\Users\joaki\iCloudDrive\Projekt\Smartwatch\Firmware\STM32U575CIU6Q_firmware\MXTmpFiles\cortex.tmp_save
2025-08-10 14:04:25,102 [INFO] CodeEngine:289 - Generated code: C:\Users\joaki\iCloudDrive\Projekt\Smartwatch\Firmware\STM32U575CIU6Q_firmware\MXTmpFiles\cortex.tmp
2025-08-10 14:04:25,139 [INFO] CodeEngine:265 - oldGeneratedFile, C:\Users\joaki\iCloudDrive\Projekt\Smartwatch\Firmware\STM32U575CIU6Q_firmware\Core\Src\stm32u5xx_it.c_save
2025-08-10 14:04:25,219 [INFO] CodeEngine:289 - Generated code: C:\Users\joaki\iCloudDrive\Projekt\Smartwatch\Firmware\STM32U575CIU6Q_firmware\Core\Src\stm32u5xx_it.c
2025-08-10 14:04:25,228 [INFO] CodeEngine:265 - oldGeneratedFile, C:\Users\joaki\iCloudDrive\Projekt\Smartwatch\Firmware\STM32U575CIU6Q_firmware\Core\Inc\stm32u5xx_it.h_save
2025-08-10 14:04:25,300 [INFO] CodeEngine:289 - Generated code: C:\Users\joaki\iCloudDrive\Projekt\Smartwatch\Firmware\STM32U575CIU6Q_firmware\Core\Inc\stm32u5xx_it.h
2025-08-10 14:04:25,366 [INFO] CodeEngine:265 - oldGeneratedFile, C:\Users\joaki\iCloudDrive\Projekt\Smartwatch\Firmware\STM32U575CIU6Q_firmware\Core\Src\stm32u5xx_hal_msp.c_save
2025-08-10 14:04:25,478 [INFO] CodeEngine:289 - Generated code: C:\Users\joaki\iCloudDrive\Projekt\Smartwatch\Firmware\STM32U575CIU6Q_firmware\Core\Src\stm32u5xx_hal_msp.c
2025-08-10 14:04:25,487 [INFO] CodeEngine:265 - oldGeneratedFile, C:\Users\joaki\iCloudDrive\Projekt\Smartwatch\Firmware\STM32U575CIU6Q_firmware\MXTmpFiles\system.tmp_save
2025-08-10 14:04:25,590 [INFO] CodeEngine:289 - Generated code: C:\Users\joaki\iCloudDrive\Projekt\Smartwatch\Firmware\STM32U575CIU6Q_firmware\MXTmpFiles\system.tmp
2025-08-10 14:04:25,611 [INFO] CodeEngine:321 - oldGeneratedFile, C:\Users\joaki\iCloudDrive\Projekt\Smartwatch\Firmware\STM32U575CIU6Q_firmware\Core\Inc\stm32u5xx_hal_conf.h_save
2025-08-10 14:04:25,697 [INFO] CodeEngine:345 - Generated code: C:\Users\joaki\iCloudDrive\Projekt\Smartwatch\Firmware\STM32U575CIU6Q_firmware\Core\Inc\stm32u5xx_hal_conf.h
2025-08-10 14:04:25,741 [INFO] CodeEngine:265 - oldGeneratedFile, C:\Users\joaki\iCloudDrive\Projekt\Smartwatch\Firmware\STM32U575CIU6Q_firmware\Core\Inc\main.h_save
2025-08-10 14:04:25,818 [INFO] CodeEngine:289 - Generated code: C:\Users\joaki\iCloudDrive\Projekt\Smartwatch\Firmware\STM32U575CIU6Q_firmware\Core\Inc\main.h
2025-08-10 14:04:25,829 [INFO] CodeEngine:265 - oldGeneratedFile, C:\Users\joaki\iCloudDrive\Projekt\Smartwatch\Firmware\STM32U575CIU6Q_firmware\Core\Src\main.c_save
2025-08-10 14:04:25,979 [INFO] CodeEngine:289 - Generated code: C:\Users\joaki\iCloudDrive\Projekt\Smartwatch\Firmware\STM32U575CIU6Q_firmware\Core\Src\main.c
2025-08-10 14:05:06,154 [INFO] ProjectBuilder:3606 - Time for Copy HAL[1] : 39826mS.
2025-08-10 14:05:06,154 [ERROR] Middleware:2950 - Invalid RefComponent list
2025-08-10 14:05:06,154 [ERROR] Middleware:2950 - Invalid RefComponent list
2025-08-10 14:05:06,154 [ERROR] Middleware:2950 - Invalid RefComponent list
2025-08-10 14:05:06,154 [ERROR] Middleware:2950 - Invalid RefComponent list
2025-08-10 14:05:06,154 [ERROR] Middleware:2950 - Invalid RefComponent list
2025-08-10 14:05:06,155 [ERROR] Middleware:2950 - Invalid RefComponent list
2025-08-10 14:05:06,155 [ERROR] Middleware:2950 - Invalid RefComponent list
2025-08-10 14:05:06,155 [ERROR] Middleware:2950 - Invalid RefComponent list
2025-08-10 14:05:06,155 [ERROR] Middleware:2950 - Invalid RefComponent list
2025-08-10 14:05:06,155 [ERROR] Middleware:2950 - Invalid RefComponent list
2025-08-10 14:05:06,155 [ERROR] Middleware:2950 - Invalid RefComponent list
2025-08-10 14:05:06,155 [ERROR] Middleware:2950 - Invalid RefComponent list
2025-08-10 14:05:06,155 [ERROR] Middleware:2950 - Invalid RefComponent list
2025-08-10 14:05:06,155 [ERROR] Middleware:2950 - Invalid RefComponent list
2025-08-10 14:05:06,155 [ERROR] Middleware:2950 - Invalid RefComponent list
2025-08-10 14:05:06,155 [ERROR] Middleware:2950 - Invalid RefComponent list
2025-08-10 14:05:06,155 [ERROR] Middleware:2950 - Invalid RefComponent list
2025-08-10 14:05:06,155 [ERROR] Middleware:2950 - Invalid RefComponent list
2025-08-10 14:05:06,155 [ERROR] Middleware:2950 - Invalid RefComponent list
2025-08-10 14:05:06,155 [ERROR] Middleware:2950 - Invalid RefComponent list
2025-08-10 14:05:06,156 [ERROR] Middleware:2950 - Invalid RefComponent list
2025-08-10 14:05:06,156 [ERROR] Middleware:2950 - Invalid RefComponent list
2025-08-10 14:05:06,156 [ERROR] Middleware:2950 - Invalid RefComponent list
2025-08-10 14:05:06,156 [ERROR] Middleware:2950 - Invalid RefComponent list
2025-08-10 14:05:06,156 [ERROR] Middleware:2950 - Invalid RefComponent list
2025-08-10 14:05:06,156 [ERROR] Middleware:2950 - Invalid RefComponent list
2025-08-10 14:05:06,156 [ERROR] Middleware:2950 - Invalid RefComponent list
2025-08-10 14:05:06,156 [ERROR] Middleware:2950 - Invalid RefComponent list
2025-08-10 14:05:06,156 [ERROR] Middleware:2950 - Invalid RefComponent list
2025-08-10 14:05:06,156 [ERROR] Middleware:2950 - Invalid RefComponent list
2025-08-10 14:05:06,156 [ERROR] Middleware:2950 - Invalid RefComponent list
2025-08-10 14:05:06,156 [ERROR] Middleware:2950 - Invalid RefComponent list
2025-08-10 14:05:06,156 [ERROR] Middleware:2950 - Invalid RefComponent list
2025-08-10 14:05:06,156 [ERROR] Middleware:2950 - Invalid RefComponent list
2025-08-10 14:05:06,156 [ERROR] Middleware:2950 - Invalid RefComponent list
2025-08-10 14:05:06,156 [ERROR] Middleware:2950 - Invalid RefComponent list
2025-08-10 14:05:06,157 [ERROR] Middleware:2950 - Invalid RefComponent list
2025-08-10 14:05:06,157 [ERROR] Middleware:2950 - Invalid RefComponent list
2025-08-10 14:05:06,157 [ERROR] Middleware:2950 - Invalid RefComponent list
2025-08-10 14:05:06,157 [ERROR] Middleware:2950 - Invalid RefComponent list
2025-08-10 14:05:06,157 [ERROR] Middleware:2950 - Invalid RefComponent list
2025-08-10 14:05:06,157 [ERROR] Middleware:2950 - Invalid RefComponent list
2025-08-10 14:05:06,157 [ERROR] Middleware:2950 - Invalid RefComponent list
2025-08-10 14:05:06,157 [ERROR] Middleware:2950 - Invalid RefComponent list
2025-08-10 14:05:06,157 [ERROR] Middleware:2950 - Invalid RefComponent list
2025-08-10 14:05:06,157 [ERROR] Middleware:2950 - Invalid RefComponent list
2025-08-10 14:05:06,157 [ERROR] Middleware:2950 - Invalid RefComponent list
2025-08-10 14:05:06,157 [ERROR] Middleware:2950 - Invalid RefComponent list
2025-08-10 14:05:06,157 [ERROR] Middleware:2950 - Invalid RefComponent list
2025-08-10 14:05:06,157 [ERROR] Middleware:2950 - Invalid RefComponent list
2025-08-10 14:05:06,157 [ERROR] Middleware:2950 - Invalid RefComponent list
2025-08-10 14:05:06,158 [ERROR] Middleware:2950 - Invalid RefComponent list
2025-08-10 14:05:06,158 [ERROR] Middleware:2950 - Invalid RefComponent list
2025-08-10 14:05:06,158 [ERROR] Middleware:2950 - Invalid RefComponent list
2025-08-10 14:05:06,158 [ERROR] Middleware:2950 - Invalid RefComponent list
2025-08-10 14:05:06,158 [ERROR] Middleware:2950 - Invalid RefComponent list
2025-08-10 14:05:06,158 [ERROR] Middleware:2950 - Invalid RefComponent list
2025-08-10 14:05:06,158 [ERROR] Middleware:2950 - Invalid RefComponent list
2025-08-10 14:05:06,158 [ERROR] Middleware:2950 - Invalid RefComponent list
2025-08-10 14:05:06,158 [ERROR] Middleware:2950 - Invalid RefComponent list
2025-08-10 14:05:06,158 [ERROR] Middleware:2950 - Invalid RefComponent list
2025-08-10 14:05:06,158 [ERROR] Middleware:2950 - Invalid RefComponent list
2025-08-10 14:05:06,158 [ERROR] Middleware:2950 - Invalid RefComponent list
2025-08-10 14:05:06,158 [ERROR] Middleware:2950 - Invalid RefComponent list
2025-08-10 14:05:06,158 [ERROR] Middleware:2950 - Invalid RefComponent list
2025-08-10 14:05:06,158 [ERROR] Middleware:2950 - Invalid RefComponent list
2025-08-10 14:05:06,158 [ERROR] Middleware:2950 - Invalid RefComponent list
2025-08-10 14:05:06,159 [ERROR] Middleware:2950 - Invalid RefComponent list
2025-08-10 14:05:06,159 [ERROR] Middleware:2950 - Invalid RefComponent list
2025-08-10 14:05:06,159 [ERROR] Middleware:2950 - Invalid RefComponent list
2025-08-10 14:05:06,159 [ERROR] Middleware:2950 - Invalid RefComponent list
2025-08-10 14:05:06,159 [ERROR] Middleware:2950 - Invalid RefComponent list
2025-08-10 14:05:06,159 [ERROR] Middleware:2950 - Invalid RefComponent list
2025-08-10 14:05:06,159 [ERROR] Middleware:2950 - Invalid RefComponent list
2025-08-10 14:05:06,159 [ERROR] Middleware:2950 - Invalid RefComponent list
2025-08-10 14:05:06,159 [ERROR] Middleware:2950 - Invalid RefComponent list
2025-08-10 14:05:06,159 [ERROR] Middleware:2950 - Invalid RefComponent list
2025-08-10 14:05:06,159 [ERROR] Middleware:2950 - Invalid RefComponent list
2025-08-10 14:05:06,159 [ERROR] Middleware:2950 - Invalid RefComponent list
2025-08-10 14:05:06,159 [ERROR] Middleware:2950 - Invalid RefComponent list
2025-08-10 14:05:06,159 [ERROR] Middleware:2950 - Invalid RefComponent list
2025-08-10 14:05:06,159 [ERROR] Middleware:2950 - Invalid RefComponent list
2025-08-10 14:05:06,159 [ERROR] Middleware:2950 - Invalid RefComponent list
2025-08-10 14:05:06,159 [ERROR] Middleware:2950 - Invalid RefComponent list
2025-08-10 14:05:06,159 [ERROR] Middleware:2950 - Invalid RefComponent list
2025-08-10 14:05:06,159 [ERROR] Middleware:2950 - Invalid RefComponent list
2025-08-10 14:05:06,159 [ERROR] Middleware:2950 - Invalid RefComponent list
2025-08-10 14:05:06,160 [ERROR] Middleware:2950 - Invalid RefComponent list
2025-08-10 14:05:06,160 [ERROR] Middleware:2950 - Invalid RefComponent list
2025-08-10 14:05:06,160 [ERROR] Middleware:2950 - Invalid RefComponent list
2025-08-10 14:05:06,160 [ERROR] Middleware:2950 - Invalid RefComponent list
2025-08-10 14:05:06,160 [ERROR] Middleware:2950 - Invalid RefComponent list
2025-08-10 14:05:06,160 [ERROR] Middleware:2950 - Invalid RefComponent list
2025-08-10 14:05:06,160 [ERROR] Middleware:2950 - Invalid RefComponent list
2025-08-10 14:05:06,160 [ERROR] Middleware:2950 - Invalid RefComponent list
2025-08-10 14:05:06,160 [ERROR] Middleware:2950 - Invalid RefComponent list
2025-08-10 14:05:06,160 [ERROR] Middleware:2950 - Invalid RefComponent list
2025-08-10 14:05:06,160 [ERROR] Middleware:2950 - Invalid RefComponent list
2025-08-10 14:05:06,160 [ERROR] Middleware:2950 - Invalid RefComponent list
2025-08-10 14:05:06,160 [ERROR] Middleware:2950 - Invalid RefComponent list
2025-08-10 14:05:06,160 [ERROR] Middleware:2950 - Invalid RefComponent list
2025-08-10 14:05:06,160 [ERROR] Middleware:2950 - Invalid RefComponent list
2025-08-10 14:05:06,160 [ERROR] Middleware:2950 - Invalid RefComponent list
2025-08-10 14:05:06,160 [ERROR] Middleware:2950 - Invalid RefComponent list
2025-08-10 14:05:06,160 [ERROR] Middleware:2950 - Invalid RefComponent list
2025-08-10 14:05:06,160 [ERROR] Middleware:2950 - Invalid RefComponent list
2025-08-10 14:05:06,160 [ERROR] Middleware:2950 - Invalid RefComponent list
2025-08-10 14:05:06,160 [ERROR] Middleware:2950 - Invalid RefComponent list
2025-08-10 14:05:06,160 [ERROR] Middleware:2950 - Invalid RefComponent list
2025-08-10 14:05:06,160 [ERROR] Middleware:2950 - Invalid RefComponent list
2025-08-10 14:05:06,160 [ERROR] Middleware:2950 - Invalid RefComponent list
2025-08-10 14:05:06,160 [ERROR] Middleware:2950 - Invalid RefComponent list
2025-08-10 14:05:06,160 [ERROR] Middleware:2950 - Invalid RefComponent list
2025-08-10 14:05:06,160 [ERROR] Middleware:2950 - Invalid RefComponent list
2025-08-10 14:05:06,160 [ERROR] Middleware:2950 - Invalid RefComponent list
2025-08-10 14:05:06,160 [ERROR] Middleware:2950 - Invalid RefComponent list
2025-08-10 14:05:06,161 [ERROR] Middleware:2950 - Invalid RefComponent list
2025-08-10 14:05:06,161 [ERROR] Middleware:2950 - Invalid RefComponent list
2025-08-10 14:05:06,161 [ERROR] Middleware:2950 - Invalid RefComponent list
2025-08-10 14:05:06,161 [ERROR] Middleware:2950 - Invalid RefComponent list
2025-08-10 14:05:06,161 [ERROR] Middleware:2950 - Invalid RefComponent list
2025-08-10 14:05:06,161 [ERROR] Middleware:2950 - Invalid RefComponent list
2025-08-10 14:05:06,161 [ERROR] Middleware:2950 - Invalid RefComponent list
2025-08-10 14:05:06,161 [ERROR] Middleware:2950 - Invalid RefComponent list
2025-08-10 14:05:06,161 [ERROR] Middleware:2950 - Invalid RefComponent list
2025-08-10 14:05:06,161 [ERROR] Middleware:2950 - Invalid RefComponent list
2025-08-10 14:05:06,161 [ERROR] Middleware:2950 - Invalid RefComponent list
2025-08-10 14:05:06,161 [ERROR] Middleware:2950 - Invalid RefComponent list
2025-08-10 14:05:06,161 [ERROR] Middleware:2950 - Invalid RefComponent list
2025-08-10 14:05:06,161 [ERROR] Middleware:2950 - Invalid RefComponent list
2025-08-10 14:05:06,161 [ERROR] Middleware:2950 - Invalid RefComponent list
2025-08-10 14:05:06,161 [ERROR] Middleware:2950 - Invalid RefComponent list
2025-08-10 14:05:06,161 [ERROR] Middleware:2950 - Invalid RefComponent list
2025-08-10 14:05:06,161 [ERROR] Middleware:2950 - Invalid RefComponent list
2025-08-10 14:05:06,161 [ERROR] Middleware:2950 - Invalid RefComponent list
2025-08-10 14:05:06,161 [ERROR] Middleware:2950 - Invalid RefComponent list
2025-08-10 14:05:06,161 [ERROR] Middleware:2950 - Invalid RefComponent list
2025-08-10 14:05:06,162 [ERROR] Middleware:2950 - Invalid RefComponent list
2025-08-10 14:05:06,162 [ERROR] Middleware:2950 - Invalid RefComponent list
2025-08-10 14:05:06,162 [ERROR] Middleware:2950 - Invalid RefComponent list
2025-08-10 14:05:06,162 [ERROR] Middleware:2950 - Invalid RefComponent list
2025-08-10 14:05:06,162 [ERROR] Middleware:2950 - Invalid RefComponent list
2025-08-10 14:05:06,162 [ERROR] Middleware:2950 - Invalid RefComponent list
2025-08-10 14:05:06,162 [ERROR] Middleware:2950 - Invalid RefComponent list
2025-08-10 14:05:06,162 [ERROR] Middleware:2950 - Invalid RefComponent list
2025-08-10 14:05:06,162 [ERROR] Middleware:2950 - Invalid RefComponent list
2025-08-10 14:05:06,162 [ERROR] Middleware:2950 - Invalid RefComponent list
2025-08-10 14:05:06,162 [ERROR] Middleware:2950 - Invalid RefComponent list
2025-08-10 14:05:06,162 [ERROR] Middleware:2950 - Invalid RefComponent list
2025-08-10 14:05:06,162 [ERROR] Middleware:2950 - Invalid RefComponent list
2025-08-10 14:05:06,163 [ERROR] Middleware:2950 - Invalid RefComponent list
2025-08-10 14:05:06,163 [ERROR] Middleware:2950 - Invalid RefComponent list
2025-08-10 14:05:06,163 [ERROR] Middleware:2950 - Invalid RefComponent list
2025-08-10 14:05:06,163 [ERROR] Middleware:2950 - Invalid RefComponent list
2025-08-10 14:05:06,163 [ERROR] Middleware:2950 - Invalid RefComponent list
2025-08-10 14:05:06,163 [ERROR] Middleware:2950 - Invalid RefComponent list
2025-08-10 14:05:06,163 [ERROR] Middleware:2950 - Invalid RefComponent list
2025-08-10 14:05:06,163 [ERROR] Middleware:2950 - Invalid RefComponent list
2025-08-10 14:05:06,163 [ERROR] Middleware:2950 - Invalid RefComponent list
2025-08-10 14:05:06,163 [ERROR] Middleware:2950 - Invalid RefComponent list
2025-08-10 14:05:06,163 [ERROR] Middleware:2950 - Invalid RefComponent list
2025-08-10 14:05:06,163 [ERROR] Middleware:2950 - Invalid RefComponent list
2025-08-10 14:05:06,163 [ERROR] Middleware:2950 - Invalid RefComponent list
2025-08-10 14:05:06,163 [ERROR] Middleware:2950 - Invalid RefComponent list
2025-08-10 14:05:06,164 [WARN] ThirdPartyIpManager:480 - Condition 'CM33 IAR Condition' not fulfilled in pack 'STMicroelectronics.X-CUBE-FREERTOS.1.3.1'
2025-08-10 14:05:06,164 [WARN] ThirdPartyIpManager:480 - Condition 'CM33 IAR Condition' not fulfilled in pack 'STMicroelectronics.X-CUBE-FREERTOS.1.3.1'
2025-08-10 14:05:06,164 [WARN] ThirdPartyIpManager:480 - Condition 'CM33 IAR Condition' not fulfilled in pack 'STMicroelectronics.X-CUBE-FREERTOS.1.3.1'
2025-08-10 14:05:06,165 [WARN] ThirdPartyIpManager:480 - Condition 'CM0 IAR Condition' not fulfilled in pack 'STMicroelectronics.X-CUBE-FREERTOS.1.3.1'
2025-08-10 14:05:06,165 [WARN] ThirdPartyIpManager:480 - Condition 'CM0 IAR Condition' not fulfilled in pack 'STMicroelectronics.X-CUBE-FREERTOS.1.3.1'
2025-08-10 14:05:06,165 [WARN] ThirdPartyIpManager:480 - Condition 'CM0 IAR Condition' not fulfilled in pack 'STMicroelectronics.X-CUBE-FREERTOS.1.3.1'
2025-08-10 14:05:06,165 [WARN] ThirdPartyIpManager:480 - Condition 'CM0 GNU ARMC6 Condition' not fulfilled in pack 'STMicroelectronics.X-CUBE-FREERTOS.1.3.1'
2025-08-10 14:05:06,165 [WARN] ThirdPartyIpManager:480 - Condition 'CM0 GNU ARMC6 Condition' not fulfilled in pack 'STMicroelectronics.X-CUBE-FREERTOS.1.3.1'
2025-08-10 14:05:16,528 [INFO] ProjectBuilder:9437 - Time for Copy ThirdParty[1] : 10359mS.
2025-08-10 14:05:16,532 [INFO] ProjectBuilder:5216 - Project Generator version: 4.7.0-B52
2025-08-10 14:05:16,635 [INFO] ConfigFileManager:1595 - The Die is : DIE482
2025-08-10 14:05:18,222 [INFO] ProjectBuilder:5496 - Time for Generating toolchain IDE Files: 1690mS.
2025-08-10 14:05:18,223 [INFO] ProjectBuilder:3463 - Time for Copy CMSIS : 1mS.
2025-08-10 14:05:18,240 [INFO] ProjectBuilder:3463 - Time for Copy CMSIS : 0mS.
2025-08-10 16:08:18,797 [ERROR] LogOutputStream:75 - [STDERR_REDIRECT] 
