2025-08-29 18:24:19,122 [INFO] Activator:176 - 


2025-08-29 18:24:19,123 [INFO] Activator:177 - !SESSION log4j initialized
2025-08-29 18:24:20,848 [INFO] LogOutputStream:77 - [STDOUT_REDIRECT] 
2025-08-29 18:24:22,181 [INFO] ApplicationProperties:184 - Using Application install path: /home/joakim-wennergren/st/stm32cubeide_1.19.0/plugins/com.st.stm32cube.common.mx_6.15.0.202507011659
2025-08-29 18:24:22,192 [INFO] DbMcusXml:78 - Set database path to: /home/joakim-wennergren/st/stm32cubeide_1.19.0/plugins/com.st.stm32cube.common.mx_6.15.0.202507011659//db//mcu/
2025-08-29 18:24:22,192 [INFO] ApiDb:274 - Set plugin database path to: /home/joakim-wennergren/st/stm32cubeide_1.19.0/plugins/com.st.stm32cube.common.mx_6.15.0.202507011659//db//plugins/boardmanager/
2025-08-29 18:24:22,193 [WARN] ApiDb:259 - Overriding images path with different value:  => /home/joakim-wennergren/st/stm32cubeide_1.19.0/plugins/com.st.stm32cube.common.mx_6.15.0.202507011659//db//plugins/mcufinder/images/
2025-08-29 18:24:22,850 [WARN] ApiFinderProperties:113 - /home/joakim-wennergren/.stmcufinder/plugins/mcufinder/mcu/mcuFinder.mfd doesn't exist
2025-08-29 18:24:22,850 [INFO] ApiDb:250 - Set database path to: /home/joakim-wennergren/.stmcufinder/plugins/mcufinder//mcu/
2025-08-29 18:24:22,851 [INFO] DbMcusAds:125 - Set database path to: /home/joakim-wennergren/.stmcufinder/plugins/mcufinder//mcu/
2025-08-29 18:24:22,852 [INFO] CrossReferenceDbSqlite:203 - Set database path to: /home/joakim-wennergren/.stmcufinder/plugins/mcufinder//mcu/cs/
2025-08-29 18:24:22,931 [INFO] RulesReader:64 - Compatibility file has been processed (317 Rules)
2025-08-29 18:24:22,959 [INFO] DbMcusXml:78 - Set database path to: /home/joakim-wennergren/st/stm32cubeide_1.19.0/plugins/com.st.stm32cube.common.mx_6.15.0.202507011659//db//mcu/
2025-08-29 18:24:22,959 [INFO] ApiDb:274 - Set plugin database path to: /home/joakim-wennergren/st/stm32cubeide_1.19.0/plugins/com.st.stm32cube.common.mx_6.15.0.202507011659//db//plugins/boardmanager/
2025-08-29 18:24:22,959 [INFO] ApiDb:261 - Set plugin images path to: /home/joakim-wennergren/st/stm32cubeide_1.19.0/plugins/com.st.stm32cube.common.mx_6.15.0.202507011659//db//plugins/mcufinder/images/
2025-08-29 18:24:22,959 [WARN] DbFile:41 - Overriding database path with different value: /home/joakim-wennergren/.stmcufinder/plugins/mcufinder/ => /home/joakim-wennergren/.stmcufinder/plugins/mcufinder
2025-08-29 18:24:22,959 [INFO] ApiDb:250 - Set database path to: /home/joakim-wennergren/.stmcufinder/plugins/mcufinder//mcu/
2025-08-29 18:24:22,959 [WARN] DbFile:41 - Overriding database path with different value: /home/joakim-wennergren/.stmcufinder/plugins/mcufinder/ => /home/joakim-wennergren/.stmcufinder/plugins/mcufinder
2025-08-29 18:24:22,959 [INFO] DbMcusAds:125 - Set database path to: /home/joakim-wennergren/.stmcufinder/plugins/mcufinder//mcu/
2025-08-29 18:24:22,959 [WARN] DbFile:41 - Overriding database path with different value: /home/joakim-wennergren/.stmcufinder/plugins/mcufinder/ => /home/joakim-wennergren/.stmcufinder/plugins/mcufinder
2025-08-29 18:24:22,959 [WARN] DbFile:41 - Overriding database path with different value: /home/joakim-wennergren/.stmcufinder/plugins/mcufinder/ => /home/joakim-wennergren/.stmcufinder/plugins/mcufinder
2025-08-29 18:24:22,960 [INFO] CrossReferenceDbSqlite:203 - Set database path to: /home/joakim-wennergren/.stmcufinder/plugins/mcufinder//mcu/cs/
2025-08-29 18:24:22,993 [INFO] MainPanel:274 - HeapMemory: 268435456
2025-08-29 18:24:23,104 [INFO] DbMcusXml:78 - Set database path to: /home/joakim-wennergren/st/stm32cubeide_1.19.0/plugins/com.st.stm32cube.common.mx_6.15.0.202507011659//db//mcu/
2025-08-29 18:24:23,104 [INFO] ApiDb:274 - Set plugin database path to: /home/joakim-wennergren/st/stm32cubeide_1.19.0/plugins/com.st.stm32cube.common.mx_6.15.0.202507011659//db//plugins/boardmanager/
2025-08-29 18:24:23,104 [INFO] ApiDb:261 - Set plugin images path to: /home/joakim-wennergren/st/stm32cubeide_1.19.0/plugins/com.st.stm32cube.common.mx_6.15.0.202507011659//db//plugins/mcufinder/images/
2025-08-29 18:24:23,105 [WARN] DbFile:41 - Overriding database path with different value: /home/joakim-wennergren/.stmcufinder/plugins/mcufinder/ => /home/joakim-wennergren/.stmcufinder/plugins/mcufinder
2025-08-29 18:24:23,105 [INFO] ApiDb:250 - Set database path to: /home/joakim-wennergren/.stmcufinder/plugins/mcufinder//mcu/
2025-08-29 18:24:23,105 [WARN] DbFile:41 - Overriding database path with different value: /home/joakim-wennergren/.stmcufinder/plugins/mcufinder/ => /home/joakim-wennergren/.stmcufinder/plugins/mcufinder
2025-08-29 18:24:23,105 [INFO] DbMcusAds:125 - Set database path to: /home/joakim-wennergren/.stmcufinder/plugins/mcufinder//mcu/
2025-08-29 18:24:23,105 [WARN] DbFile:41 - Overriding database path with different value: /home/joakim-wennergren/.stmcufinder/plugins/mcufinder/ => /home/joakim-wennergren/.stmcufinder/plugins/mcufinder
2025-08-29 18:24:23,105 [WARN] DbFile:41 - Overriding database path with different value: /home/joakim-wennergren/.stmcufinder/plugins/mcufinder/ => /home/joakim-wennergren/.stmcufinder/plugins/mcufinder
2025-08-29 18:24:23,105 [INFO] CrossReferenceDbSqlite:203 - Set database path to: /home/joakim-wennergren/.stmcufinder/plugins/mcufinder//mcu/cs/
2025-08-29 18:24:23,114 [INFO] ApplicationProperties:184 - Using Application install path: /home/joakim-wennergren/st/stm32cubeide_1.19.0/plugins/com.st.stm32cube.common.mx_6.15.0.202507011659
2025-08-29 18:24:23,115 [INFO] PluginManage:196 - Search for loadable plugins [exclusion list=, ]
2025-08-29 18:24:23,115 [INFO] PluginManage:310 - Check plugin analytics
2025-08-29 18:24:23,216 [INFO] AnalyticsPlugin:253 - Accepted Software Licenses: 
2025-08-29 18:24:23,216 [INFO] AnalyticsPlugin:255 - Accepted CMSIS Pack Licenses: 
2025-08-29 18:24:23,216 [INFO] AnalyticsPlugin:257 - Accepted Firmware Licenses: 
2025-08-29 18:24:23,218 [INFO] PluginManage:359 - Loaded plugin analytics (category:tool,tabindex:-1)
2025-08-29 18:24:23,218 [INFO] PluginManage:310 - Check plugin cadmodel
2025-08-29 18:24:23,220 [INFO] CADModel:105 - Init CAD model plugin
2025-08-29 18:24:23,220 [INFO] PluginManage:359 - Loaded plugin cadmodel (category:power,tabindex:5)
2025-08-29 18:24:23,220 [INFO] PluginManage:310 - Check plugin clock
2025-08-29 18:24:23,224 [INFO] PluginManage:359 - Loaded plugin clock (category:base,tabindex:2)
2025-08-29 18:24:23,224 [INFO] PluginManage:310 - Check plugin ddr
2025-08-29 18:24:23,225 [INFO] PluginManage:359 - Loaded plugin ddr (category:tool,tabindex:6)
2025-08-29 18:24:23,225 [INFO] PluginManage:310 - Check plugin filemanager
2025-08-29 18:24:23,313 [INFO] PluginManage:359 - Loaded plugin filemanager (category:base,tabindex:10)
2025-08-29 18:24:23,313 [INFO] PluginManage:310 - Check plugin ipmanager
2025-08-29 18:24:23,316 [INFO] PluginManage:359 - Loaded plugin ipmanager (category:base,tabindex:5)
2025-08-29 18:24:23,317 [INFO] PluginManage:310 - Check plugin lpbam
2025-08-29 18:24:23,321 [INFO] PluginManage:359 - Loaded plugin lpbam (category:base,tabindex:0)
2025-08-29 18:24:23,321 [INFO] PluginManage:310 - Check plugin memorymap
2025-08-29 18:24:23,328 [INFO] PluginManage:359 - Loaded plugin memorymap (category:base,tabindex:4)
2025-08-29 18:24:23,328 [INFO] PluginManage:310 - Check plugin pinoutandconfiguration
2025-08-29 18:24:23,346 [INFO] PluginManage:359 - Loaded plugin pinoutandconfiguration (category:base,tabindex:1)
2025-08-29 18:24:23,346 [INFO] PluginManage:310 - Check plugin pinoutconfig
2025-08-29 18:24:23,426 [WARN] SupportedApi:132 - Cannot load RTOS API schema: s4s-elt-must-match.1: The content of 'definitions' must match (annotation?, (simpleType | complexType)?, (unique | key | keyref)*)). A problem was found starting at: attribute.
2025-08-29 18:24:23,506 [INFO] PluginManage:359 - Loaded plugin pinoutconfig (category:base,tabindex:0)
2025-08-29 18:24:23,506 [INFO] PluginManage:310 - Check plugin power
2025-08-29 18:24:23,511 [INFO] PluginManage:359 - Loaded plugin power (category:power,tabindex:4)
2025-08-29 18:24:23,511 [INFO] PluginManage:310 - Check plugin projectmanager
2025-08-29 18:24:23,520 [INFO] PluginManage:359 - Loaded plugin projectmanager (category:projectmanager,tabindex:4)
2025-08-29 18:24:23,520 [INFO] PluginManage:310 - Check plugin rif
2025-08-29 18:24:23,525 [INFO] PluginManage:359 - Loaded plugin rif (category:base,tabindex:3)
2025-08-29 18:24:23,525 [INFO] PluginManage:310 - Check plugin thirdparty
2025-08-29 18:24:23,582 [INFO] PluginManage:359 - Loaded plugin thirdparty (category:base,tabindex:-1)
2025-08-29 18:24:23,582 [INFO] PluginManage:310 - Check plugin tools
2025-08-29 18:24:23,582 [WARN] IntegrityCheckThread:84 - waiting for thirdparty lock release [integrity check]
2025-08-29 18:24:23,582 [INFO] IntegrityCheckThread:86 - entering critical section [integrity check]
2025-08-29 18:24:23,583 [INFO] ThirdPartyUpdaterWithRetryManager:70 - Updater plugin not ready yet. [1/15]
2025-08-29 18:24:23,583 [INFO] PluginManage:359 - Loaded plugin tools (category:base,tabindex:7)
2025-08-29 18:24:23,583 [INFO] PluginManage:310 - Check plugin tutovideos
2025-08-29 18:24:23,694 [INFO] PluginManage:359 - Loaded plugin tutovideos (category:base,tabindex:-1)
2025-08-29 18:24:23,694 [INFO] PluginManage:310 - Check plugin updater
2025-08-29 18:24:23,708 [INFO] PluginManage:359 - Loaded plugin updater (category:base,tabindex:12)
2025-08-29 18:24:23,708 [INFO] PluginManage:310 - Check plugin userauth
2025-08-29 18:24:23,710 [INFO] UserAuth:118 - Init User Auth plugin
2025-08-29 18:24:23,710 [INFO] PluginManage:359 - Loaded plugin userauth (category:base,tabindex:14)
2025-08-29 18:24:23,711 [INFO] PluginManage:283 - PluginManage : Loaded plugins [18]
2025-08-29 18:24:23,815 [INFO] PinOutPanel:1589 - setPackage(No Configuration,No Configuration)
2025-08-29 18:24:23,860 [INFO] CADModel:165 - CPN selected for project level
2025-08-29 18:24:23,860 [INFO] CADModel:114 - Register for checkConnection events
2025-08-29 18:24:23,867 [INFO] IPUIPlugin:80 - create IPUIPlugin
2025-08-29 18:24:23,867 [INFO] PluginManager:220 - loadIPPluginJar : add opamp
2025-08-29 18:24:23,868 [INFO] IPUIPlugin:80 - create IPUIPlugin
2025-08-29 18:24:23,868 [INFO] PluginManager:220 - loadIPPluginJar : add ipddr
2025-08-29 18:24:23,870 [INFO] IPUIPlugin:80 - create IPUIPlugin
2025-08-29 18:24:23,870 [INFO] PluginManager:220 - loadIPPluginJar : add sai
2025-08-29 18:24:23,871 [INFO] IPUIPlugin:80 - create IPUIPlugin
2025-08-29 18:24:23,871 [INFO] PluginManager:220 - loadIPPluginJar : add can
2025-08-29 18:24:23,872 [INFO] IPUIPlugin:80 - create IPUIPlugin
2025-08-29 18:24:23,872 [INFO] PluginManager:220 - loadIPPluginJar : add gfxmmu
2025-08-29 18:24:23,875 [INFO] IPUIPlugin:80 - create IPUIPlugin
2025-08-29 18:24:23,875 [INFO] PluginManager:220 - loadIPPluginJar : add stm32_wpan
2025-08-29 18:24:23,876 [INFO] IPUIPlugin:80 - create IPUIPlugin
2025-08-29 18:24:23,876 [INFO] PluginManager:220 - loadIPPluginJar : add touchsensing
2025-08-29 18:24:23,877 [INFO] IPUIPlugin:80 - create IPUIPlugin
2025-08-29 18:24:23,878 [INFO] PluginManager:220 - loadIPPluginJar : add i2c
2025-08-29 18:24:23,879 [INFO] IPUIPlugin:80 - create IPUIPlugin
2025-08-29 18:24:23,879 [INFO] PluginManager:220 - loadIPPluginJar : add i2s
2025-08-29 18:24:23,879 [INFO] IPUIPlugin:80 - create IPUIPlugin
2025-08-29 18:24:23,880 [INFO] PluginManager:220 - loadIPPluginJar : add tracer_emb
2025-08-29 18:24:23,880 [INFO] IPUIPlugin:80 - create IPUIPlugin
2025-08-29 18:24:23,881 [INFO] PluginManager:220 - loadIPPluginJar : add aes
2025-08-29 18:24:23,881 [INFO] IPUIPlugin:80 - create IPUIPlugin
2025-08-29 18:24:23,881 [INFO] PluginManager:220 - loadIPPluginJar : add quadspi
2025-08-29 18:24:23,882 [INFO] IPUIPlugin:80 - create IPUIPlugin
2025-08-29 18:24:23,882 [INFO] PluginManager:220 - loadIPPluginJar : add radio
2025-08-29 18:24:23,883 [INFO] IPUIPlugin:80 - create IPUIPlugin
2025-08-29 18:24:23,883 [INFO] PluginManager:220 - loadIPPluginJar : add i3c
2025-08-29 18:24:23,884 [INFO] IPUIPlugin:80 - create IPUIPlugin
2025-08-29 18:24:23,884 [INFO] PluginManager:220 - loadIPPluginJar : add ucpd
2025-08-29 18:24:23,885 [INFO] IPUIPlugin:80 - create IPUIPlugin
2025-08-29 18:24:23,885 [INFO] PluginManager:220 - loadIPPluginJar : add genericplugin
2025-08-29 18:24:23,885 [INFO] IPUIPlugin:80 - create IPUIPlugin
2025-08-29 18:24:23,885 [INFO] PluginManager:220 - loadIPPluginJar : add fatfs
2025-08-29 18:24:23,887 [INFO] IPUIPlugin:80 - create IPUIPlugin
2025-08-29 18:24:23,887 [INFO] PluginManager:220 - loadIPPluginJar : add resmgrutility
2025-08-29 18:24:23,887 [INFO] IPUIPlugin:80 - create IPUIPlugin
2025-08-29 18:24:23,887 [INFO] PluginManager:220 - loadIPPluginJar : add ts
2025-08-29 18:24:23,890 [INFO] IPUIPlugin:80 - create IPUIPlugin
2025-08-29 18:24:23,890 [INFO] PluginManager:220 - loadIPPluginJar : add freertos
2025-08-29 18:24:23,891 [INFO] IPUIPlugin:80 - create IPUIPlugin
2025-08-29 18:24:23,891 [INFO] PluginManager:220 - loadIPPluginJar : add extmemmanager
2025-08-29 18:24:23,894 [INFO] IPUIPlugin:80 - create IPUIPlugin
2025-08-29 18:24:23,894 [INFO] PluginManager:220 - loadIPPluginJar : add gic
2025-08-29 18:24:23,898 [INFO] IPUIPlugin:80 - create IPUIPlugin
2025-08-29 18:24:23,898 [INFO] PluginManager:220 - loadIPPluginJar : add linkedlist
2025-08-29 18:24:23,899 [INFO] IPUIPlugin:80 - create IPUIPlugin
2025-08-29 18:24:23,899 [INFO] PluginManager:220 - loadIPPluginJar : add tim
2025-08-29 18:24:23,900 [INFO] IPUIPlugin:80 - create IPUIPlugin
2025-08-29 18:24:23,900 [INFO] PluginManager:220 - loadIPPluginJar : add usart
2025-08-29 18:24:23,901 [INFO] IPUIPlugin:80 - create IPUIPlugin
2025-08-29 18:24:23,901 [INFO] PluginManager:220 - loadIPPluginJar : add gtzc
2025-08-29 18:24:23,902 [INFO] IPUIPlugin:80 - create IPUIPlugin
2025-08-29 18:24:23,902 [INFO] PluginManager:220 - loadIPPluginJar : add spi
2025-08-29 18:24:23,903 [INFO] IPUIPlugin:80 - create IPUIPlugin
2025-08-29 18:24:23,903 [INFO] PluginManager:220 - loadIPPluginJar : add usbx
2025-08-29 18:24:23,905 [INFO] IPUIPlugin:80 - create IPUIPlugin
2025-08-29 18:24:23,905 [INFO] PluginManager:220 - loadIPPluginJar : add fmc
2025-08-29 18:24:23,906 [INFO] IPUIPlugin:80 - create IPUIPlugin
2025-08-29 18:24:23,906 [INFO] PluginManager:220 - loadIPPluginJar : add comp
2025-08-29 18:24:23,907 [INFO] IPUIPlugin:80 - create IPUIPlugin
2025-08-29 18:24:23,907 [INFO] PluginManager:220 - loadIPPluginJar : add cryp
2025-08-29 18:24:23,908 [INFO] IPUIPlugin:80 - create IPUIPlugin
2025-08-29 18:24:23,908 [INFO] PluginManager:220 - loadIPPluginJar : add lorawan
2025-08-29 18:24:23,910 [INFO] IPUIPlugin:80 - create IPUIPlugin
2025-08-29 18:24:23,910 [INFO] PluginManager:220 - loadIPPluginJar : add gpio
2025-08-29 18:24:23,913 [INFO] IPUIPlugin:80 - create IPUIPlugin
2025-08-29 18:24:23,913 [INFO] PluginManager:220 - loadIPPluginJar : add mdma
2025-08-29 18:24:23,914 [INFO] IPUIPlugin:80 - create IPUIPlugin
2025-08-29 18:24:23,914 [INFO] PluginManager:220 - loadIPPluginJar : add openamp
2025-08-29 18:24:23,915 [INFO] IPUIPlugin:80 - create IPUIPlugin
2025-08-29 18:24:23,915 [INFO] PluginManager:220 - loadIPPluginJar : add ddr_ctrl_phy
2025-08-29 18:24:23,916 [INFO] IPUIPlugin:80 - create IPUIPlugin
2025-08-29 18:24:23,916 [INFO] PluginManager:220 - loadIPPluginJar : add dma3
2025-08-29 18:24:23,917 [INFO] IPUIPlugin:80 - create IPUIPlugin
2025-08-29 18:24:23,917 [INFO] PluginManager:220 - loadIPPluginJar : add nvic
2025-08-29 18:24:23,920 [INFO] IPUIPlugin:80 - create IPUIPlugin
2025-08-29 18:24:23,920 [INFO] PluginManager:220 - loadIPPluginJar : add dma
2025-08-29 18:24:23,921 [INFO] IPUIPlugin:80 - create IPUIPlugin
2025-08-29 18:24:23,922 [INFO] PluginManager:220 - loadIPPluginJar : add hash
2025-08-29 18:24:23,922 [INFO] IPUIPlugin:80 - create IPUIPlugin
2025-08-29 18:24:23,922 [INFO] PluginManager:220 - loadIPPluginJar : add ltdc
2025-08-29 18:24:23,923 [INFO] IPUIPlugin:80 - create IPUIPlugin
2025-08-29 18:24:23,923 [INFO] PluginManager:220 - loadIPPluginJar : add pdm2pcm
2025-08-29 18:24:23,924 [INFO] IPUIPlugin:80 - create IPUIPlugin
2025-08-29 18:24:23,924 [INFO] PluginManager:220 - loadIPPluginJar : add tsc
2025-08-29 18:24:23,927 [INFO] IPUIPlugin:80 - create IPUIPlugin
2025-08-29 18:24:23,927 [INFO] PluginManager:220 - loadIPPluginJar : add adc
2025-08-29 18:24:23,928 [INFO] IPUIPlugin:80 - create IPUIPlugin
2025-08-29 18:24:23,928 [INFO] PluginManager:220 - loadIPPluginJar : add dfsdm
2025-08-29 18:24:23,931 [INFO] IPUIPlugin:80 - create IPUIPlugin
2025-08-29 18:24:23,932 [INFO] PluginManager:220 - loadIPPluginJar : add plateformsettings
2025-08-29 18:24:24,023 [FATAL] Updater:351 - Updater called before beeing initialized
2025-08-29 18:24:24,042 [INFO] RulesReader:64 - Compatibility file has been processed (317 Rules)
2025-08-29 18:24:24,051 [INFO] RulesReader:64 - Compatibility file has been processed (317 Rules)
2025-08-29 18:24:24,056 [INFO] CADModel:165 - CPN selected for project level
2025-08-29 18:24:24,056 [INFO] CADModel:114 - Register for checkConnection events
2025-08-29 18:24:24,056 [FATAL] Updater:351 - Updater called before beeing initialized
2025-08-29 18:24:24,056 [ERROR] CADModel:125 - Updater not yet initialized, retry later 
2025-08-29 18:24:24,127 [FATAL] Updater:351 - Updater called before beeing initialized
2025-08-29 18:24:24,128 [INFO] CADModel:165 - CPN selected for project level
2025-08-29 18:24:24,128 [INFO] CADModel:114 - Register for checkConnection events
2025-08-29 18:24:24,129 [FATAL] Updater:351 - Updater called before beeing initialized
2025-08-29 18:24:24,129 [ERROR] CADModel:125 - Updater not yet initialized, retry later 
2025-08-29 18:24:24,131 [FATAL] Updater:351 - Updater called before beeing initialized
2025-08-29 18:24:24,177 [FATAL] Updater:351 - Updater called before beeing initialized
2025-08-29 18:24:24,179 [INFO] DbMcusAds:53 - JSON generation date=Thu Sep 30 08:55:09 CEST 2021 (1632984909247)
2025-08-29 18:24:24,180 [FATAL] Updater:351 - Updater called before beeing initialized
2025-08-29 18:24:24,202 [WARN] DetailPanel:346 - Failed to get advertising image, set to default
2025-08-29 18:24:24,261 [FATAL] Updater:351 - Updater called before beeing initialized
2025-08-29 18:24:24,262 [FATAL] Updater:351 - Updater called before beeing initialized
2025-08-29 18:24:24,262 [FATAL] Updater:351 - Updater called before beeing initialized
2025-08-29 18:24:24,262 [WARN] DetailPanel:346 - Failed to get advertising image, set to default
2025-08-29 18:24:24,263 [FATAL] Updater:351 - Updater called before beeing initialized
2025-08-29 18:24:24,282 [ERROR] Updater:1198 - MainUpdater not yet initialized. External WinMGr cannot be set.
2025-08-29 18:24:24,283 [INFO] Updater:1134 - Updater Version found : 6.15.0
2025-08-29 18:24:24,293 [INFO] ApplicationProperties:184 - Using Application install path: /home/joakim-wennergren/st/stm32cubeide_1.19.0/plugins/com.st.stm32cube.common.mx_6.15.0.202507011659
2025-08-29 18:24:24,300 [ERROR] LogOutputStream:75 - [STDERR_REDIRECT] Aug 29, 2025 6:24:24 PM java.util.prefs.FileSystemPreferences$2 run
2025-08-29 18:24:24,300 [ERROR] LogOutputStream:75 - [STDERR_REDIRECT] INFO: Created system preferences directory in java.home.
2025-08-29 18:24:24,300 [ERROR] LogOutputStream:75 - [STDERR_REDIRECT] 
2025-08-29 18:24:24,310 [INFO] MainUpdater:525 - Copy updater definitions from MX database
2025-08-29 18:24:24,331 [INFO] MainUpdater:558 - Copy flag file definitions from MX database
2025-08-29 18:24:24,331 [INFO] MainUpdater:574 - Copy thirdparty index definitions from MX database
2025-08-29 18:24:24,332 [INFO] MainUpdater:593 - Copy default thirdparty db definitions from MX database
2025-08-29 18:24:24,572 [INFO] MainUpdater:2872 - connection check result : 10
2025-08-29 18:24:24,572 [INFO] MainUpdater:3604 - Updater definition file requires update
2025-08-29 18:24:24,572 [INFO] MainUpdater:289 - Updater Check For Update Now.
2025-08-29 18:24:24,572 [INFO] MicroXplorer:498 - Change Database Version : DB.6.0.150
2025-08-29 18:24:24,577 [INFO] McuFinderGlobals:63 - Set McuFinder mode to 2 (CubeIDE integrated)
2025-08-29 18:24:24,577 [INFO] UserAuth:171 - activating auth plugin
2025-08-29 18:24:24,579 [INFO] UserAuth:487 - Internet connection configuration mode: 1
2025-08-29 18:24:24,592 [INFO] JxBrowserEngine:152 - Initiate JxBrowser Engine with user profile folder
2025-08-29 18:24:24,750 [INFO] ServerAccessManage:452 - Complete download http(s) 200
2025-08-29 18:24:24,751 [INFO] ServerAccessManage:509 - Download File updaters.zip
2025-08-29 18:24:25,123 [INFO] FileExtend:248 - Unzip File : updaters.zip
2025-08-29 18:24:25,123 [INFO] FileExtend:263 - Standard Zip Deflate
2025-08-29 18:24:25,390 [INFO] ServerAccessManage:452 - Complete download http(s) 200
2025-08-29 18:24:25,390 [INFO] ServerAccessManage:509 - Download File PacksControlFlags.xml
2025-08-29 18:24:25,589 [INFO] ServerAccessManage:452 - Complete download http(s) 200
2025-08-29 18:24:25,589 [INFO] ServerAccessManage:509 - Download File cubemx.pidx
2025-08-29 18:24:25,764 [INFO] ServerAccessManage:452 - Complete download http(s) 200
2025-08-29 18:24:25,764 [INFO] ServerAccessManage:509 - Download File STMicroelectronics.FP-ATR-ASTRA1.pdsc
2025-08-29 18:24:26,284 [INFO] ServerAccessManage:452 - Complete download http(s) 200
2025-08-29 18:24:26,284 [INFO] ServerAccessManage:509 - Download File STMicroelectronics.FP-ATR-SIGFOX1.pdsc
2025-08-29 18:24:26,455 [INFO] ServerAccessManage:452 - Complete download http(s) 200
2025-08-29 18:24:26,455 [INFO] ServerAccessManage:509 - Download File STMicroelectronics.FP-SNS-STBOX1.pdsc
2025-08-29 18:24:26,583 [WARN] MainUpdater:1193 - Updater busy. Cannot search thirdparties
2025-08-29 18:24:26,583 [INFO] ThirdPartyUpdaterWithRetryManager:96 - Updater plugin is busy. [1/15]
2025-08-29 18:24:26,760 [INFO] ServerAccessManage:452 - Complete download http(s) 200
2025-08-29 18:24:26,760 [INFO] ServerAccessManage:509 - Download File STMicroelectronics.FP-SNS-FLIGHT1.pdsc
2025-08-29 18:24:27,076 [INFO] WebApp:169 - Instantiating new browser for Auth
2025-08-29 18:24:27,210 [INFO] ServerAccessManage:452 - Complete download http(s) 200
2025-08-29 18:24:27,211 [INFO] ServerAccessManage:509 - Download File STMicroelectronics.FP-SNS-MOTENV1.pdsc
2025-08-29 18:24:27,541 [INFO] WebApp:463 - Apply proxy settings
2025-08-29 18:24:27,541 [INFO] WebApp:548 - Chromium requires no authentication
2025-08-29 18:24:27,546 [INFO] WebApp:491 - Direct internet connection detected
2025-08-29 18:24:27,557 [INFO] WebApp:900 - Register for checkConnection events
2025-08-29 18:24:27,557 [INFO] WebApp:463 - Apply proxy settings
2025-08-29 18:24:27,557 [INFO] WebApp:548 - Chromium requires no authentication
2025-08-29 18:24:27,557 [INFO] WebApp:491 - Direct internet connection detected
2025-08-29 18:24:27,610 [INFO] ServerAccessManage:452 - Complete download http(s) 200
2025-08-29 18:24:27,611 [INFO] ServerAccessManage:509 - Download File STMicroelectronics.FP-SNS-MOTENVWB1.pdsc
2025-08-29 18:24:27,636 [INFO] WebApp:225 - Starting web application
2025-08-29 18:24:27,636 [INFO] WebApp:593 - Web application path used /home/joakim-wennergren/st/stm32cubeide_1.19.0/plugins/com.st.stm32cube.common.mx_6.15.0.202507011659/db/plugins/mcufinder/reactClient1/index.html
2025-08-29 18:24:27,820 [INFO] WebApp:191 - Connection restablished
2025-08-29 18:24:28,029 [INFO] ServerAccessManage:452 - Complete download http(s) 200
2025-08-29 18:24:28,029 [INFO] ServerAccessManage:509 - Download File STMicroelectronics.FP-SNS-SMARTAG2.pdsc
2025-08-29 18:24:28,251 [INFO] ServerAccessManage:452 - Complete download http(s) 200
2025-08-29 18:24:28,251 [INFO] ServerAccessManage:509 - Download File STMicroelectronics.FP-SNS-STAIOTCFT.pdsc
2025-08-29 18:24:28,422 [INFO] ServerAccessManage:452 - Complete download http(s) 200
2025-08-29 18:24:28,422 [INFO] ServerAccessManage:509 - Download File STMicroelectronics.X-CUBE-AI.pdsc
2025-08-29 18:24:29,584 [WARN] MainUpdater:1193 - Updater busy. Cannot search thirdparties
2025-08-29 18:24:29,584 [INFO] ThirdPartyUpdaterWithRetryManager:96 - Updater plugin is busy. [2/15]
2025-08-29 18:24:30,475 [INFO] ServerAccessManage:452 - Complete download http(s) 200
2025-08-29 18:24:30,475 [INFO] ServerAccessManage:509 - Download File STMicroelectronics.X-CUBE-ALS.pdsc
2025-08-29 18:24:30,908 [INFO] ServerAccessManage:452 - Complete download http(s) 200
2025-08-29 18:24:30,908 [INFO] ServerAccessManage:509 - Download File STMicroelectronics.X-CUBE-BLE1.pdsc
2025-08-29 18:24:32,584 [WARN] MainUpdater:1193 - Updater busy. Cannot search thirdparties
2025-08-29 18:24:32,585 [INFO] ThirdPartyUpdaterWithRetryManager:96 - Updater plugin is busy. [3/15]
2025-08-29 18:24:32,587 [ERROR] ServerAccessManage:1212 - Problem, file not found on Server
2025-08-29 18:24:32,663 [INFO] ServerAccessManage:452 - Complete download http(s) 200
2025-08-29 18:24:32,663 [INFO] ServerAccessManage:509 - Download File STMicroelectronics.X-CUBE-BLE2.pdsc
2025-08-29 18:24:33,357 [INFO] ServerAccessManage:452 - Complete download http(s) 200
2025-08-29 18:24:33,357 [INFO] ServerAccessManage:509 - Download File STMicroelectronics.X-CUBE-BLEMGR.pdsc
2025-08-29 18:24:33,738 [ERROR] ServerAccessManage:1212 - Problem, file not found on Server
2025-08-29 18:24:35,044 [INFO] ServerAccessManage:452 - Complete download http(s) 200
2025-08-29 18:24:35,044 [INFO] ServerAccessManage:509 - Download File STMicroelectronics.X-CUBE-DISPLAY.pdsc
2025-08-29 18:24:35,585 [WARN] MainUpdater:1193 - Updater busy. Cannot search thirdparties
2025-08-29 18:24:35,585 [INFO] ThirdPartyUpdaterWithRetryManager:96 - Updater plugin is busy. [4/15]
2025-08-29 18:24:36,443 [INFO] ServerAccessManage:452 - Complete download http(s) 200
2025-08-29 18:24:36,444 [INFO] ServerAccessManage:509 - Download File STMicroelectronics.X-CUBE-DPOWER.pdsc
2025-08-29 18:24:36,954 [ERROR] ServerAccessManage:1212 - Problem, file not found on Server
2025-08-29 18:24:37,262 [ERROR] ServerAccessManage:1212 - Problem, file not found on Server
2025-08-29 18:24:37,565 [ERROR] ServerAccessManage:1212 - Problem, file not found on Server
2025-08-29 18:24:37,835 [ERROR] ServerAccessManage:1212 - Problem, file not found on Server
2025-08-29 18:24:38,083 [ERROR] ServerAccessManage:1212 - Problem, file not found on Server
2025-08-29 18:24:38,389 [ERROR] ServerAccessManage:1212 - Problem, file not found on Server
2025-08-29 18:24:38,585 [WARN] MainUpdater:1193 - Updater busy. Cannot search thirdparties
2025-08-29 18:24:38,585 [INFO] ThirdPartyUpdaterWithRetryManager:96 - Updater plugin is busy. [5/15]
2025-08-29 18:24:38,798 [ERROR] ServerAccessManage:1212 - Problem, file not found on Server
2025-08-29 18:24:39,207 [ERROR] ServerAccessManage:1212 - Problem, file not found on Server
2025-08-29 18:24:39,511 [ERROR] ServerAccessManage:1212 - Problem, file not found on Server
2025-08-29 18:24:39,802 [ERROR] ServerAccessManage:1212 - Problem, file not found on Server
2025-08-29 18:24:40,129 [ERROR] ServerAccessManage:1212 - Problem, file not found on Server
2025-08-29 18:24:40,235 [INFO] ServerAccessManage:452 - Complete download http(s) 200
2025-08-29 18:24:40,235 [INFO] ServerAccessManage:509 - Download File STMicroelectronics.X-CUBE-EEPRMA1.pdsc
2025-08-29 18:24:40,743 [ERROR] ServerAccessManage:1212 - Problem, file not found on Server
2025-08-29 18:24:41,256 [ERROR] ServerAccessManage:1212 - Problem, file not found on Server
2025-08-29 18:24:41,586 [WARN] MainUpdater:1193 - Updater busy. Cannot search thirdparties
2025-08-29 18:24:41,586 [INFO] ThirdPartyUpdaterWithRetryManager:96 - Updater plugin is busy. [6/15]
2025-08-29 18:24:41,773 [INFO] ServerAccessManage:452 - Complete download http(s) 200
2025-08-29 18:24:41,773 [INFO] ServerAccessManage:509 - Download File STMicroelectronics.X-CUBE-FREERTOS.pdsc
2025-08-29 18:24:43,645 [INFO] ServerAccessManage:452 - Complete download http(s) 200
2025-08-29 18:24:43,645 [INFO] ServerAccessManage:509 - Download File STMicroelectronics.X-CUBE-GNSS1.pdsc
2025-08-29 18:24:44,586 [WARN] MainUpdater:1193 - Updater busy. Cannot search thirdparties
2025-08-29 18:24:44,586 [INFO] ThirdPartyUpdaterWithRetryManager:96 - Updater plugin is busy. [7/15]
2025-08-29 18:24:45,044 [ERROR] ServerAccessManage:1212 - Problem, file not found on Server
2025-08-29 18:24:45,350 [ERROR] ServerAccessManage:1212 - Problem, file not found on Server
2025-08-29 18:24:45,563 [ERROR] ServerAccessManage:1212 - Problem, file not found on Server
2025-08-29 18:24:45,801 [ERROR] ServerAccessManage:1212 - Problem, file not found on Server
2025-08-29 18:24:46,021 [ERROR] ServerAccessManage:1212 - Problem, file not found on Server
2025-08-29 18:24:46,259 [ERROR] ServerAccessManage:1212 - Problem, file not found on Server
2025-08-29 18:24:46,323 [INFO] ServerAccessManage:452 - Complete download http(s) 200
2025-08-29 18:24:46,323 [INFO] ServerAccessManage:509 - Download File STMicroelectronics.X-CUBE-ISPU.pdsc
2025-08-29 18:24:46,703 [INFO] ServerAccessManage:452 - Complete download http(s) 200
2025-08-29 18:24:46,703 [INFO] ServerAccessManage:509 - Download File STMicroelectronics.X-CUBE-IPS.pdsc
2025-08-29 18:24:47,120 [INFO] ServerAccessManage:452 - Complete download http(s) 200
2025-08-29 18:24:47,121 [INFO] ServerAccessManage:509 - Download File STMicroelectronics.X-CUBE-MEMS1.pdsc
2025-08-29 18:24:47,586 [WARN] MainUpdater:1193 - Updater busy. Cannot search thirdparties
2025-08-29 18:24:47,587 [INFO] ThirdPartyUpdaterWithRetryManager:96 - Updater plugin is busy. [8/15]
2025-08-29 18:24:50,587 [WARN] MainUpdater:1193 - Updater busy. Cannot search thirdparties
2025-08-29 18:24:50,587 [INFO] ThirdPartyUpdaterWithRetryManager:96 - Updater plugin is busy. [9/15]
2025-08-29 18:24:53,379 [INFO] ServerAccessManage:452 - Complete download http(s) 200
2025-08-29 18:24:53,379 [INFO] ServerAccessManage:509 - Download File STMicroelectronics.X-CUBE-NFC4.pdsc
2025-08-29 18:24:53,587 [WARN] MainUpdater:1193 - Updater busy. Cannot search thirdparties
2025-08-29 18:24:53,588 [INFO] ThirdPartyUpdaterWithRetryManager:96 - Updater plugin is busy. [10/15]
2025-08-29 18:24:54,364 [INFO] ServerAccessManage:452 - Complete download http(s) 200
2025-08-29 18:24:54,364 [INFO] ServerAccessManage:509 - Download File STMicroelectronics.X-CUBE-NFC6.pdsc
2025-08-29 18:24:54,896 [INFO] ServerAccessManage:452 - Complete download http(s) 200
2025-08-29 18:24:54,896 [INFO] ServerAccessManage:509 - Download File STMicroelectronics.X-CUBE-NFC7.pdsc
2025-08-29 18:24:55,733 [INFO] ServerAccessManage:452 - Complete download http(s) 200
2025-08-29 18:24:55,733 [INFO] ServerAccessManage:509 - Download File STMicroelectronics.X-CUBE-NFC9.pdsc
2025-08-29 18:24:56,318 [INFO] ServerAccessManage:452 - Complete download http(s) 200
2025-08-29 18:24:56,318 [INFO] ServerAccessManage:509 - Download File STMicroelectronics.X-CUBE-NFC10.pdsc
2025-08-29 18:24:56,588 [WARN] MainUpdater:1193 - Updater busy. Cannot search thirdparties
2025-08-29 18:24:56,588 [INFO] ThirdPartyUpdaterWithRetryManager:96 - Updater plugin is busy. [11/15]
2025-08-29 18:24:56,759 [INFO] ServerAccessManage:452 - Complete download http(s) 200
2025-08-29 18:24:56,759 [INFO] ServerAccessManage:509 - Download File STMicroelectronics.X-CUBE-NFC12.pdsc
2025-08-29 18:24:57,193 [INFO] ServerAccessManage:452 - Complete download http(s) 200
2025-08-29 18:24:57,194 [INFO] ServerAccessManage:509 - Download File STMicroelectronics.X-CUBE-SFXS2LP1.pdsc
2025-08-29 18:24:58,461 [INFO] ServerAccessManage:452 - Complete download http(s) 200
2025-08-29 18:24:58,461 [INFO] ServerAccessManage:509 - Download File STMicroelectronics.X-CUBE-SAFEA1.pdsc
2025-08-29 18:24:59,003 [INFO] ServerAccessManage:452 - Complete download http(s) 200
2025-08-29 18:24:59,003 [INFO] ServerAccessManage:509 - Download File STMicroelectronics.X-CUBE-SUBG2.pdsc
2025-08-29 18:24:59,588 [WARN] MainUpdater:1193 - Updater busy. Cannot search thirdparties
2025-08-29 18:24:59,589 [INFO] ThirdPartyUpdaterWithRetryManager:96 - Updater plugin is busy. [12/15]
2025-08-29 18:25:01,552 [INFO] ServerAccessManage:452 - Complete download http(s) 200
2025-08-29 18:25:01,553 [INFO] ServerAccessManage:509 - Download File STMicroelectronics.X-CUBE-SMBUS.pdsc
2025-08-29 18:25:02,001 [ERROR] ServerAccessManage:1212 - Problem, file not found on Server
2025-08-29 18:25:02,280 [INFO] ServerAccessManage:452 - Complete download http(s) 200
2025-08-29 18:25:02,280 [INFO] ServerAccessManage:509 - Download File STMicroelectronics.X-CUBE-ST60.pdsc
2025-08-29 18:25:02,589 [WARN] MainUpdater:1193 - Updater busy. Cannot search thirdparties
2025-08-29 18:25:02,589 [INFO] ThirdPartyUpdaterWithRetryManager:96 - Updater plugin is busy. [13/15]
2025-08-29 18:25:04,504 [INFO] ServerAccessManage:452 - Complete download http(s) 200
2025-08-29 18:25:04,504 [INFO] ServerAccessManage:509 - Download File STMicroelectronics.X-CUBE-ST67W61.pdsc
2025-08-29 18:25:05,208 [INFO] ServerAccessManage:452 - Complete download http(s) 200
2025-08-29 18:25:05,209 [INFO] ServerAccessManage:509 - Download File STMicroelectronics.X-CUBE-PM33A1.pdsc
2025-08-29 18:25:05,589 [WARN] MainUpdater:1193 - Updater busy. Cannot search thirdparties
2025-08-29 18:25:05,589 [INFO] ThirdPartyUpdaterWithRetryManager:96 - Updater plugin is busy. [14/15]
2025-08-29 18:25:05,878 [INFO] ServerAccessManage:452 - Complete download http(s) 200
2025-08-29 18:25:05,878 [INFO] ServerAccessManage:509 - Download File STMicroelectronics.X-CUBE-TCPP.pdsc
2025-08-29 18:25:06,677 [INFO] ServerAccessManage:452 - Complete download http(s) 200
2025-08-29 18:25:06,678 [INFO] ServerAccessManage:509 - Download File STMicroelectronics.X-CUBE-TOF1.pdsc
2025-08-29 18:25:08,590 [WARN] MainUpdater:1193 - Updater busy. Cannot search thirdparties
2025-08-29 18:25:08,590 [INFO] ThirdPartyUpdaterWithRetryManager:96 - Updater plugin is busy. [15/15]
2025-08-29 18:25:08,590 [ERROR] IntegrityCheckThread:130 - Cannot retrieve database content from updater: error -1
2025-08-29 18:25:08,591 [INFO] ThirdParty:978 - Integrity check success = false
2025-08-29 18:25:08,591 [INFO] IntegrityCheckThread:100 - exiting critical section [integrity check]
2025-08-29 18:25:08,591 [INFO] IntegrityCheckThread:103 - End integrity checks thread
2025-08-29 18:25:09,185 [ERROR] ServerAccessManage:1212 - Problem, file not found on Server
2025-08-29 18:25:09,727 [INFO] ServerAccessManage:452 - Complete download http(s) 200
2025-08-29 18:25:09,727 [INFO] ServerAccessManage:509 - Download File STMicroelectronics.X-CUBE-TOUCHGFX.pdsc
2025-08-29 18:25:15,750 [INFO] ServerAccessManage:452 - Complete download http(s) 200
2025-08-29 18:25:15,750 [INFO] ServerAccessManage:509 - Download File STMicroelectronics.X-CUBE-ALGOBUILD.pdsc
2025-08-29 18:25:17,200 [INFO] ServerAccessManage:452 - Complete download http(s) 200
2025-08-29 18:25:17,201 [INFO] ServerAccessManage:509 - Download File STMicroelectronics.X-CUBE-AZRTOS-H7.pdsc
2025-08-29 18:25:19,723 [INFO] ServerAccessManage:452 - Complete download http(s) 200
2025-08-29 18:25:19,724 [INFO] ServerAccessManage:509 - Download File STMicroelectronics.X-CUBE-AZRTOS-H7RS.pdsc
2025-08-29 18:25:20,431 [INFO] ServerAccessManage:452 - Complete download http(s) 200
2025-08-29 18:25:20,432 [INFO] ServerAccessManage:509 - Download File STMicroelectronics.X-CUBE-AZRTOS-F4.pdsc
2025-08-29 18:25:21,153 [INFO] ServerAccessManage:452 - Complete download http(s) 200
2025-08-29 18:25:21,157 [INFO] ServerAccessManage:509 - Download File STMicroelectronics.X-CUBE-AZRTOS-F7.pdsc
2025-08-29 18:25:21,933 [INFO] ServerAccessManage:452 - Complete download http(s) 200
2025-08-29 18:25:21,933 [INFO] ServerAccessManage:509 - Download File STMicroelectronics.X-CUBE-AZRTOS-L4.pdsc
2025-08-29 18:25:22,700 [INFO] ServerAccessManage:452 - Complete download http(s) 200
2025-08-29 18:25:22,700 [INFO] ServerAccessManage:509 - Download File STMicroelectronics.X-CUBE-AZRTOS-L5.pdsc
2025-08-29 18:25:24,024 [INFO] ServerAccessManage:452 - Complete download http(s) 200
2025-08-29 18:25:24,025 [INFO] ServerAccessManage:509 - Download File STMicroelectronics.X-CUBE-AZRTOS-G0.pdsc
2025-08-29 18:25:25,003 [INFO] ServerAccessManage:452 - Complete download http(s) 200
2025-08-29 18:25:25,006 [INFO] ServerAccessManage:509 - Download File STMicroelectronics.X-CUBE-AZRTOS-G4.pdsc
2025-08-29 18:25:25,732 [INFO] ServerAccessManage:452 - Complete download http(s) 200
2025-08-29 18:25:25,737 [INFO] ServerAccessManage:509 - Download File STMicroelectronics.X-CUBE-AZRTOS-WB.pdsc
2025-08-29 18:25:26,446 [INFO] ServerAccessManage:452 - Complete download http(s) 200
2025-08-29 18:25:26,449 [INFO] ServerAccessManage:509 - Download File STMicroelectronics.X-CUBE-AZRTOS-WL.pdsc
2025-08-29 18:25:27,187 [INFO] ServerAccessManage:452 - Complete download http(s) 200
2025-08-29 18:25:27,190 [INFO] ServerAccessManage:509 - Download File STMicroelectronics.X-CUBE-WB05N.pdsc
2025-08-29 18:25:27,841 [INFO] ServerAccessManage:452 - Complete download http(s) 200
2025-08-29 18:25:27,841 [INFO] ServerAccessManage:509 - Download File wolfSSL.I-CUBE-wolfSSL.pdsc
2025-08-29 18:25:32,023 [ERROR] ServerAccessManage:1212 - Problem, file not found on Server
2025-08-29 18:25:32,215 [ERROR] ServerAccessManage:1212 - Problem, file not found on Server
2025-08-29 18:25:32,411 [ERROR] ServerAccessManage:1212 - Problem, file not found on Server
2025-08-29 18:25:32,523 [INFO] ServerAccessManage:452 - Complete download http(s) 200
2025-08-29 18:25:32,523 [INFO] ServerAccessManage:509 - Download File wolfSSL.I-CUBE-wolfMQTT.pdsc
2025-08-29 18:25:33,397 [ERROR] ServerAccessManage:1212 - Problem, file not found on Server
2025-08-29 18:25:33,523 [INFO] ServerAccessManage:452 - Complete download http(s) 200
2025-08-29 18:25:33,524 [INFO] ServerAccessManage:509 - Download File wolfSSL.I-CUBE-wolfTPM.pdsc
2025-08-29 18:25:36,391 [INFO] ServerAccessManage:452 - Complete download http(s) 200
2025-08-29 18:25:36,391 [INFO] ServerAccessManage:509 - Download File wolfSSL.I-CUBE-wolfSSH.pdsc
2025-08-29 18:25:38,950 [INFO] ServerAccessManage:452 - Complete download http(s) 200
2025-08-29 18:25:38,950 [INFO] ServerAccessManage:509 - Download File RealThread.X-CUBE-RT-Thread_Nano.pdsc
2025-08-29 18:25:39,243 [INFO] ServerAccessManage:452 - Complete download http(s) 200
2025-08-29 18:25:39,244 [INFO] ServerAccessManage:509 - Download File SEGGER.I-CUBE-embOS.pdsc
2025-08-29 18:25:40,339 [INFO] ServerAccessManage:452 - Complete download http(s) 200
2025-08-29 18:25:40,340 [INFO] ServerAccessManage:509 - Download File emotas.I-CUBE-CANOPEN.pdsc
2025-08-29 18:25:41,333 [INFO] ServerAccessManage:452 - Complete download http(s) 200
2025-08-29 18:25:41,334 [INFO] ServerAccessManage:509 - Download File WES.I-CUBE-Cesium.pdsc
2025-08-29 18:25:42,050 [ERROR] ServerAccessManage:1212 - Problem, file not found on Server
2025-08-29 18:25:42,305 [ERROR] ServerAccessManage:1212 - Problem, file not found on Server
2025-08-29 18:25:43,169 [INFO] ServerAccessManage:452 - Complete download http(s) 200
2025-08-29 18:25:43,169 [INFO] ServerAccessManage:509 - Download File ITTIA_DB.I-CUBE-ITTIADB.pdsc
2025-08-29 18:25:46,491 [INFO] ServerAccessManage:452 - Complete download http(s) 200
2025-08-29 18:25:46,491 [INFO] ServerAccessManage:509 - Download File Infineon.AIROC-Wi-Fi-Bluetooth-STM32.pdsc
2025-08-29 18:25:49,220 [INFO] ServerAccessManage:452 - Complete download http(s) 200
2025-08-29 18:25:49,221 [INFO] ServerAccessManage:509 - Download File Cesanta.I-CUBE-Mongoose.pdsc
2025-08-29 18:25:50,263 [INFO] ServerAccessManage:452 - Complete download http(s) 200
2025-08-29 18:25:50,264 [INFO] ServerAccessManage:509 - Download File EmbeddedOffice.I-CUBE-FS-RTOS.pdsc
2025-08-29 18:25:51,013 [INFO] ServerAccessManage:452 - Complete download http(s) 200
2025-08-29 18:25:51,013 [INFO] ServerAccessManage:509 - Download File quantropi.X-CUBE-qispace-sdk-base.pdsc
2025-08-29 18:25:51,640 [INFO] ServerAccessManage:452 - Complete download http(s) 200
2025-08-29 18:25:51,641 [INFO] ServerAccessManage:509 - Download File Avnet-IotConnect.X-CUBE-IoTC-DA16k-PMOD.pdsc
2025-08-29 18:25:51,736 [WARN] PackLoader:240 - Cannot read IP mode file for STMicroelectronics.FP-ATR-ASTRA1.2.0.2
2025-08-29 18:25:51,739 [WARN] PackLoader:240 - Cannot read IP mode file for STMicroelectronics.FP-ATR-SIGFOX1.3.2.0
2025-08-29 18:25:51,745 [WARN] PackLoader:240 - Cannot read IP mode file for STMicroelectronics.FP-SNS-STBOX1.2.1.0
2025-08-29 18:25:51,750 [WARN] PackLoader:240 - Cannot read IP mode file for STMicroelectronics.FP-SNS-FLIGHT1.5.1.0
2025-08-29 18:25:51,752 [WARN] PackLoader:240 - Cannot read IP mode file for STMicroelectronics.FP-SNS-MOTENV1.5.0.0
2025-08-29 18:25:51,756 [WARN] CheckServerUpdateThread:151 - Open CheckUpdateFile Fail
2025-08-29 18:25:51,756 [WARN] PackLoader:240 - Cannot read IP mode file for STMicroelectronics.FP-SNS-MOTENVWB1.1.4.0
2025-08-29 18:25:51,759 [WARN] PackLoader:240 - Cannot read IP mode file for STMicroelectronics.FP-SNS-SMARTAG2.1.2.0
2025-08-29 18:25:51,764 [WARN] PackLoader:240 - Cannot read IP mode file for STMicroelectronics.FP-SNS-STAIOTCFT.1.0.0
2025-08-29 18:25:51,767 [WARN] PackLoader:240 - Cannot read IP mode file for STMicroelectronics.X-CUBE-AI.10.2.0
2025-08-29 18:25:51,770 [WARN] PackLoader:240 - Cannot read IP mode file for STMicroelectronics.X-CUBE-ALS.1.0.2
2025-08-29 18:25:51,773 [WARN] PackLoader:240 - Cannot read IP mode file for STMicroelectronics.X-CUBE-BLE1.7.1.0
2025-08-29 18:25:51,775 [WARN] PackLoader:240 - Cannot read IP mode file for STMicroelectronics.X-CUBE-BLE2.3.3.0
2025-08-29 18:25:51,784 [WARN] PackLoader:240 - Cannot read IP mode file for STMicroelectronics.X-CUBE-BLEMGR.4.1.0
2025-08-29 18:25:51,792 [WARN] PackLoader:240 - Cannot read IP mode file for STMicroelectronics.X-CUBE-DISPLAY.3.0.0
2025-08-29 18:25:51,817 [WARN] PackLoader:240 - Cannot read IP mode file for STMicroelectronics.X-CUBE-DPower.1.3.0
2025-08-29 18:25:51,821 [WARN] PackLoader:240 - Cannot read IP mode file for STMicroelectronics.X-CUBE-EEPRMA1.5.2.0
2025-08-29 18:25:51,824 [WARN] PackLoader:240 - Cannot read IP mode file for STMicroelectronics.X-CUBE-FREERTOS.1.3.1
2025-08-29 18:25:51,826 [WARN] PackLoader:240 - Cannot read IP mode file for STMicroelectronics.X-CUBE-GNSS1.7.0.1
2025-08-29 18:25:51,828 [WARN] PackLoader:240 - Cannot read IP mode file for STMicroelectronics.X-CUBE-ISPU.2.1.0
2025-08-29 18:25:51,834 [WARN] PackLoader:240 - Cannot read IP mode file for STMicroelectronics.X-CUBE-IPS.3.1.0
2025-08-29 18:25:51,865 [WARN] PackLoader:240 - Cannot read IP mode file for STMicroelectronics.X-CUBE-MEMS1.11.3.0
2025-08-29 18:25:51,872 [INFO] CheckServerUpdateThread:120 - End of CheckServer Thread
2025-08-29 18:25:51,952 [WARN] PackLoader:240 - Cannot read IP mode file for STMicroelectronics.X-CUBE-NFC4.3.0.0
2025-08-29 18:25:51,956 [WARN] PackLoader:240 - Cannot read IP mode file for STMicroelectronics.X-CUBE-NFC6.3.1.0
2025-08-29 18:25:51,958 [WARN] PackLoader:240 - Cannot read IP mode file for STMicroelectronics.X-CUBE-NFC7.2.0.0
2025-08-29 18:25:51,961 [WARN] PackLoader:240 - Cannot read IP mode file for STMicroelectronics.X-CUBE-NFC9.1.0.0
2025-08-29 18:25:51,963 [WARN] PackLoader:240 - Cannot read IP mode file for STMicroelectronics.X-CUBE-NFC10.1.0.0
2025-08-29 18:25:51,966 [WARN] PackLoader:240 - Cannot read IP mode file for STMicroelectronics.X-CUBE-NFC12.1.0.0
2025-08-29 18:25:51,969 [WARN] PackLoader:240 - Cannot read IP mode file for STMicroelectronics.X-CUBE-SFXS2LP1.4.0.0
2025-08-29 18:25:51,972 [WARN] PackLoader:240 - Cannot read IP mode file for STMicroelectronics.X-CUBE-SAFEA1.1.2.2
2025-08-29 18:25:51,976 [WARN] PackLoader:240 - Cannot read IP mode file for STMicroelectronics.X-CUBE-SUBG2.5.0.0
2025-08-29 18:25:51,980 [WARN] PackLoader:240 - Cannot read IP mode file for STMicroelectronics.X-CUBE-SMBUS.2.1.0
2025-08-29 18:25:51,981 [WARN] PackLoader:240 - Cannot read IP mode file for STMicroelectronics.X-CUBE-ST60.1.0.0
2025-08-29 18:25:51,984 [WARN] PackLoader:240 - Cannot read IP mode file for STMicroelectronics.X-CUBE-ST67W61.1.0.0
2025-08-29 18:25:51,985 [WARN] PackLoader:240 - Cannot read IP mode file for STMicroelectronics.X-CUBE-PM33A1.1.0.0
2025-08-29 18:25:51,987 [WARN] PackLoader:240 - Cannot read IP mode file for STMicroelectronics.X-CUBE-TCPP.4.2.0
2025-08-29 18:25:51,992 [WARN] PackLoader:240 - Cannot read IP mode file for STMicroelectronics.X-CUBE-TOF1.3.4.3
2025-08-29 18:25:52,001 [WARN] PackLoader:240 - Cannot read IP mode file for STMicroelectronics.X-CUBE-TOUCHGFX.4.25.0
2025-08-29 18:25:52,003 [WARN] PackLoader:240 - Cannot read IP mode file for STMicroelectronics.X-CUBE-ALGOBUILD.1.4.0
2025-08-29 18:25:52,012 [WARN] PackLoader:240 - Cannot read IP mode file for STMicroelectronics.X-CUBE-AZRTOS-H7.3.4.0
2025-08-29 18:25:52,022 [WARN] PackLoader:240 - Cannot read IP mode file for STMicroelectronics.X-CUBE-AZRTOS-H7RS.1.1.0
2025-08-29 18:25:52,031 [WARN] PackLoader:240 - Cannot read IP mode file for STMicroelectronics.X-CUBE-AZRTOS-F4.1.1.0
2025-08-29 18:25:52,039 [WARN] PackLoader:240 - Cannot read IP mode file for STMicroelectronics.X-CUBE-AZRTOS-F7.1.1.0
2025-08-29 18:25:52,048 [WARN] ConditionMgr:438 - getConditionDescription Invalid condition id : LAN8742 Phy interface Condition cause : null
2025-08-29 18:25:52,048 [WARN] PackLoader:240 - Cannot read IP mode file for STMicroelectronics.X-CUBE-AZRTOS-L4.2.0.0
2025-08-29 18:25:52,048 [WARN] ConditionMgr:1044 - genDependencies : Invalid condition id : LAN8742 Phy interface Condition cause : null
2025-08-29 18:25:52,049 [WARN] ConditionMgr:1044 - genDependencies : Invalid condition id : LAN8742 Phy interface Condition cause : null
2025-08-29 18:25:52,049 [WARN] ConditionMgr:1044 - genDependencies : Invalid condition id : LAN8742 Phy interface Condition cause : null
2025-08-29 18:25:52,057 [WARN] PackLoader:240 - Cannot read IP mode file for STMicroelectronics.X-CUBE-AZRTOS-L5.2.0.0
2025-08-29 18:25:52,064 [WARN] PackLoader:240 - Cannot read IP mode file for STMicroelectronics.X-CUBE-AZRTOS-G0.1.1.0
2025-08-29 18:25:52,071 [WARN] PackLoader:240 - Cannot read IP mode file for STMicroelectronics.X-CUBE-AZRTOS-G4.2.0.0
2025-08-29 18:25:52,077 [WARN] ConditionMgr:438 - getConditionDescription Invalid condition id : UX DEVICE CLASS RTOS Condition cause : null
2025-08-29 18:25:52,077 [WARN] ConditionMgr:438 - getConditionDescription Invalid condition id : UX DEVICE CLASS RTOS Condition cause : null
2025-08-29 18:25:52,078 [WARN] PackLoader:240 - Cannot read IP mode file for STMicroelectronics.X-CUBE-AZRTOS-WB.2.0.0
2025-08-29 18:25:52,078 [WARN] ConditionMgr:1044 - genDependencies : Invalid condition id : UX DEVICE CLASS RTOS Condition cause : null
2025-08-29 18:25:52,078 [WARN] ConditionMgr:1044 - genDependencies : Invalid condition id : UX DEVICE CLASS RTOS Condition cause : null
2025-08-29 18:25:52,079 [WARN] ConditionMgr:1044 - genDependencies : Invalid condition id : UX DEVICE CLASS RTOS Condition cause : null
2025-08-29 18:25:52,079 [WARN] ConditionMgr:1044 - genDependencies : Invalid condition id : UX DEVICE CLASS RTOS Condition cause : null
2025-08-29 18:25:52,079 [WARN] ConditionMgr:1044 - genDependencies : Invalid condition id : UX DEVICE CLASS RTOS Condition cause : null
2025-08-29 18:25:52,083 [INFO] LogOutputStream:77 - [STDOUT_REDIRECT] 1 : Invalid condition id : UX_CORESTACK_Condition cause : null
2025-08-29 18:25:52,083 [INFO] LogOutputStream:77 - [STDOUT_REDIRECT] 1 : Invalid condition id : UX_CORESTACK_Condition cause : null
2025-08-29 18:25:52,083 [INFO] LogOutputStream:77 - [STDOUT_REDIRECT] 1 : Invalid condition id : UX_CORESTACK_Condition cause : null
2025-08-29 18:25:52,084 [INFO] LogOutputStream:77 - [STDOUT_REDIRECT] 1 : Invalid condition id : UX_CORESTACK_Condition cause : null
2025-08-29 18:25:52,084 [INFO] LogOutputStream:77 - [STDOUT_REDIRECT] 1 : Invalid condition id : UX_CORESTACK_Condition cause : null
2025-08-29 18:25:52,085 [WARN] PackLoader:240 - Cannot read IP mode file for STMicroelectronics.X-CUBE-AZRTOS-WL.2.0.0
2025-08-29 18:25:52,087 [WARN] PackLoader:240 - Cannot read IP mode file for STMicroelectronics.X-CUBE-WB05N.2.0.0
2025-08-29 18:25:52,089 [WARN] PackLoader:240 - Cannot read IP mode file for wolfSSL.I-CUBE-wolfSSL.5.8.2
2025-08-29 18:25:52,090 [WARN] PackLoader:240 - Cannot read IP mode file for wolfSSL.I-CUBE-wolfMQTT.1.19.2
2025-08-29 18:25:52,091 [WARN] PackLoader:240 - Cannot read IP mode file for wolfSSL.I-CUBE-wolfTPM.3.8.0
2025-08-29 18:25:52,091 [WARN] PackLoader:240 - Cannot read IP mode file for wolfSSL.I-CUBE-wolfSSH.1.4.20
2025-08-29 18:25:52,093 [WARN] PackLoader:240 - Cannot read IP mode file for RealThread.X-CUBE-RT-Thread_Nano.4.1.1
2025-08-29 18:25:52,105 [WARN] PackLoader:240 - Cannot read IP mode file for SEGGER.I-CUBE-embOS.1.3.1
2025-08-29 18:25:52,128 [WARN] PackLoader:240 - Cannot read IP mode file for emotas.I-CUBE-CANOPEN.1.3.0
2025-08-29 18:25:52,130 [WARN] PackLoader:240 - Cannot read IP mode file for WES.I-CUBE-Cesium.1.4.0
2025-08-29 18:25:52,133 [WARN] PackLoader:240 - Cannot read IP mode file for ITTIA_DB.I-CUBE-ITTIADB.8.9.0
2025-08-29 18:25:52,141 [WARN] PackLoader:240 - Cannot read IP mode file for Infineon.AIROC-Wi-Fi-Bluetooth-STM32.1.7.1
2025-08-29 18:25:52,143 [WARN] PackLoader:240 - Cannot read IP mode file for Cesanta.I-CUBE-Mongoose.7.13.0
2025-08-29 18:25:52,146 [WARN] PackLoader:240 - Cannot read IP mode file for EmbeddedOffice.I-CUBE-FS-RTOS.1.0.1
2025-08-29 18:25:52,147 [WARN] ConditionMgr:438 - getConditionDescription Invalid condition id : Cortex-A Device cause : null
2025-08-29 18:25:52,152 [WARN] ConditionMgr:1044 - genDependencies : Invalid condition id : Cortex-A Device cause : null
2025-08-29 18:25:52,152 [WARN] ConditionMgr:1044 - genDependencies : Invalid condition id : Cortex-A Device cause : null
2025-08-29 18:25:52,152 [WARN] ConditionMgr:1044 - genDependencies : Invalid condition id : Cortex-A Device cause : null
2025-08-29 18:25:52,153 [WARN] PackLoader:240 - Cannot read IP mode file for Avnet-IotConnect.X-CUBE-IoTC-DA16k-PMOD.1.0.0
2025-08-29 18:25:52,153 [INFO] PopulateThirdPartyThread:66 - Ending populate Thread
2025-08-29 18:25:52,155 [INFO] ThirdParty:1030 - CMSIS Pack Vendor :STMicroelectronics X-CUBE-PM33A1 1.0.0
2025-08-29 18:25:52,155 [INFO] ThirdParty:1030 - CMSIS Pack Vendor :STMicroelectronics X-CUBE-NFC9 1.0.0
2025-08-29 18:25:52,155 [INFO] ThirdParty:1030 - CMSIS Pack Vendor :STMicroelectronics FP-SNS-MOTENVWB1 1.4.0
2025-08-29 18:25:52,155 [INFO] ThirdParty:1030 - CMSIS Pack Vendor :STMicroelectronics X-CUBE-AZRTOS-F4 1.1.0
2025-08-29 18:25:52,155 [INFO] ThirdParty:1030 - CMSIS Pack Vendor :STMicroelectronics FP-ATR-ASTRA1 2.0.2
2025-08-29 18:25:52,155 [INFO] ThirdParty:1030 - CMSIS Pack Vendor :wolfSSL I-CUBE-wolfSSL 5.8.2
2025-08-29 18:25:52,155 [INFO] ThirdParty:1030 - CMSIS Pack Vendor :STMicroelectronics X-CUBE-BLE1 7.1.0
2025-08-29 18:25:52,155 [INFO] ThirdParty:1030 - CMSIS Pack Vendor :Avnet-IotConnect X-CUBE-IoTC-DA16k-PMOD 1.0.0
2025-08-29 18:25:52,155 [INFO] ThirdParty:1030 - CMSIS Pack Vendor :STMicroelectronics X-CUBE-SMBUS 2.1.0
2025-08-29 18:25:52,155 [INFO] ThirdParty:1030 - CMSIS Pack Vendor :wolfSSL I-CUBE-wolfMQTT 1.19.2
2025-08-29 18:25:52,155 [INFO] ThirdParty:1030 - CMSIS Pack Vendor :STMicroelectronics X-CUBE-ISPU 2.1.0
2025-08-29 18:25:52,155 [INFO] ThirdParty:1030 - CMSIS Pack Vendor :STMicroelectronics X-CUBE-BLEMGR 4.1.0
2025-08-29 18:25:52,155 [INFO] ThirdParty:1030 - CMSIS Pack Vendor :STMicroelectronics X-CUBE-EEPRMA1 5.2.0
2025-08-29 18:25:52,155 [INFO] ThirdParty:1030 - CMSIS Pack Vendor :STMicroelectronics X-CUBE-AZRTOS-WB 2.0.0
2025-08-29 18:25:52,155 [INFO] ThirdParty:1030 - CMSIS Pack Vendor :STMicroelectronics X-CUBE-ST60 1.0.0
2025-08-29 18:25:52,155 [INFO] ThirdParty:1030 - CMSIS Pack Vendor :STMicroelectronics X-CUBE-GNSS1 7.0.1
2025-08-29 18:25:52,155 [INFO] ThirdParty:1030 - CMSIS Pack Vendor :STMicroelectronics X-CUBE-NFC12 1.0.0
2025-08-29 18:25:52,155 [INFO] ThirdParty:1030 - CMSIS Pack Vendor :STMicroelectronics X-CUBE-TOUCHGFX 4.25.0
2025-08-29 18:25:52,155 [INFO] ThirdParty:1030 - CMSIS Pack Vendor :STMicroelectronics X-CUBE-AZRTOS-F7 1.1.0
2025-08-29 18:25:52,155 [INFO] ThirdParty:1030 - CMSIS Pack Vendor :STMicroelectronics X-CUBE-AZRTOS-L5 2.0.0
2025-08-29 18:25:52,155 [INFO] ThirdParty:1030 - CMSIS Pack Vendor :STMicroelectronics X-CUBE-NFC6 3.1.0
2025-08-29 18:25:52,155 [INFO] ThirdParty:1030 - CMSIS Pack Vendor :quantropi X-CUBE-qispace-sdk-base 2.1.0
2025-08-29 18:25:52,155 [INFO] ThirdParty:1030 - CMSIS Pack Vendor :STMicroelectronics X-CUBE-AZRTOS-G0 1.1.0
2025-08-29 18:25:52,156 [INFO] ThirdParty:1030 - CMSIS Pack Vendor :STMicroelectronics X-CUBE-NFC4 3.0.0
2025-08-29 18:25:52,156 [INFO] ThirdParty:1030 - CMSIS Pack Vendor :STMicroelectronics X-CUBE-SAFEA1 1.2.2
2025-08-29 18:25:52,156 [INFO] ThirdParty:1030 - CMSIS Pack Vendor :STMicroelectronics X-CUBE-SUBG2 5.0.0
2025-08-29 18:25:52,156 [INFO] ThirdParty:1030 - CMSIS Pack Vendor :STMicroelectronics X-CUBE-AZRTOS-H7RS 1.1.0
2025-08-29 18:25:52,156 [INFO] ThirdParty:1030 - CMSIS Pack Vendor :EmbeddedOffice I-CUBE-FS-RTOS 1.0.1
2025-08-29 18:25:52,156 [INFO] ThirdParty:1030 - CMSIS Pack Vendor :WES I-CUBE-Cesium 1.4.0
2025-08-29 18:25:52,156 [INFO] ThirdParty:1030 - CMSIS Pack Vendor :Cesanta I-CUBE-Mongoose 7.13.0
2025-08-29 18:25:52,156 [INFO] ThirdParty:1030 - CMSIS Pack Vendor :STMicroelectronics X-CUBE-AZRTOS-G4 2.0.0
2025-08-29 18:25:52,156 [INFO] ThirdParty:1030 - CMSIS Pack Vendor :Infineon AIROC-Wi-Fi-Bluetooth-STM32 1.7.1
2025-08-29 18:25:52,156 [INFO] ThirdParty:1030 - CMSIS Pack Vendor :STMicroelectronics X-CUBE-WB05N 2.0.0
2025-08-29 18:25:52,156 [INFO] ThirdParty:1030 - CMSIS Pack Vendor :wolfSSL I-CUBE-wolfTPM 3.8.0
2025-08-29 18:25:52,156 [INFO] ThirdParty:1030 - CMSIS Pack Vendor :STMicroelectronics X-CUBE-AZRTOS-H7 3.4.0
2025-08-29 18:25:52,156 [INFO] ThirdParty:1030 - CMSIS Pack Vendor :STMicroelectronics X-CUBE-DISPLAY 3.0.0
2025-08-29 18:25:52,156 [INFO] ThirdParty:1030 - CMSIS Pack Vendor :wolfSSL I-CUBE-wolfSSH 1.4.20
2025-08-29 18:25:52,156 [INFO] ThirdParty:1030 - CMSIS Pack Vendor :STMicroelectronics X-CUBE-NFC7 2.0.0
2025-08-29 18:25:52,156 [INFO] ThirdParty:1030 - CMSIS Pack Vendor :STMicroelectronics X-CUBE-TCPP 4.2.0
2025-08-29 18:25:52,156 [INFO] ThirdParty:1030 - CMSIS Pack Vendor :RealThread X-CUBE-RT-Thread_Nano 4.1.1
2025-08-29 18:25:52,156 [INFO] ThirdParty:1030 - CMSIS Pack Vendor :STMicroelectronics FP-ATR-SIGFOX1 3.2.0
2025-08-29 18:25:52,156 [INFO] ThirdParty:1030 - CMSIS Pack Vendor :STMicroelectronics X-CUBE-NFC10 1.0.0
2025-08-29 18:25:52,156 [INFO] ThirdParty:1030 - CMSIS Pack Vendor :STMicroelectronics X-CUBE-FREERTOS 1.3.1
2025-08-29 18:25:52,156 [INFO] ThirdParty:1030 - CMSIS Pack Vendor :STMicroelectronics X-CUBE-ALS 1.0.2
2025-08-29 18:25:52,156 [INFO] ThirdParty:1030 - CMSIS Pack Vendor :STMicroelectronics X-CUBE-IPS 3.1.0
2025-08-29 18:25:52,156 [INFO] ThirdParty:1030 - CMSIS Pack Vendor :emotas I-CUBE-CANOPEN 1.3.0
2025-08-29 18:25:52,156 [INFO] ThirdParty:1030 - CMSIS Pack Vendor :ITTIA_DB I-CUBE-ITTIADB 8.9.0
2025-08-29 18:25:52,156 [INFO] ThirdParty:1030 - CMSIS Pack Vendor :STMicroelectronics X-CUBE-ST67W61 1.0.0
2025-08-29 18:25:52,156 [INFO] ThirdParty:1030 - CMSIS Pack Vendor :STMicroelectronics FP-SNS-STBOX1 2.1.0
2025-08-29 18:25:52,156 [INFO] ThirdParty:1030 - CMSIS Pack Vendor :STMicroelectronics FP-SNS-STAIOTCFT 1.0.0
2025-08-29 18:25:52,156 [INFO] ThirdParty:1030 - CMSIS Pack Vendor :STMicroelectronics X-CUBE-AI 10.2.0
2025-08-29 18:25:52,156 [INFO] ThirdParty:1030 - CMSIS Pack Vendor :STMicroelectronics FP-SNS-SMARTAG2 1.2.0
2025-08-29 18:25:52,156 [INFO] ThirdParty:1030 - CMSIS Pack Vendor :STMicroelectronics FP-SNS-FLIGHT1 5.1.0
2025-08-29 18:25:52,156 [INFO] ThirdParty:1030 - CMSIS Pack Vendor :STMicroelectronics X-CUBE-AZRTOS-WL 2.0.0
2025-08-29 18:25:52,156 [INFO] ThirdParty:1030 - CMSIS Pack Vendor :SEGGER I-CUBE-embOS 1.3.1
2025-08-29 18:25:52,156 [INFO] ThirdParty:1030 - CMSIS Pack Vendor :STMicroelectronics X-CUBE-DPower 1.3.0
2025-08-29 18:25:52,156 [INFO] ThirdParty:1030 - CMSIS Pack Vendor :STMicroelectronics X-CUBE-ALGOBUILD 1.4.0
2025-08-29 18:25:52,156 [INFO] ThirdParty:1030 - CMSIS Pack Vendor :STMicroelectronics X-CUBE-MEMS1 11.3.0
2025-08-29 18:25:52,157 [INFO] ThirdParty:1030 - CMSIS Pack Vendor :STMicroelectronics FP-SNS-MOTENV1 5.0.0
2025-08-29 18:25:52,157 [INFO] ThirdParty:1030 - CMSIS Pack Vendor :STMicroelectronics X-CUBE-AZRTOS-L4 2.0.0
2025-08-29 18:25:52,157 [INFO] ThirdParty:1030 - CMSIS Pack Vendor :STMicroelectronics X-CUBE-SFXS2LP1 4.0.0
2025-08-29 18:25:52,157 [INFO] ThirdParty:1030 - CMSIS Pack Vendor :STMicroelectronics X-CUBE-BLE2 3.3.0
2025-08-29 18:25:52,157 [INFO] ThirdParty:1030 - CMSIS Pack Vendor :STMicroelectronics X-CUBE-TOF1 3.4.3
2025-08-29 18:25:52,157 [INFO] LoadServerUpdatesThread:375 - End of LoadServerUpdate Thread
2025-08-29 18:30:24,681 [ERROR] LogOutputStream:75 - [STDERR_REDIRECT] 
2025-08-29 18:30:24,682 [ERROR] LogOutputStream:75 - [STDERR_REDIRECT] 
2025-08-29 18:30:38,689 [INFO] Activator:176 - 


2025-08-29 18:30:38,690 [INFO] Activator:177 - !SESSION log4j initialized
2025-08-29 18:30:41,440 [INFO] LogOutputStream:77 - [STDOUT_REDIRECT] 
2025-08-29 18:30:42,066 [INFO] ApplicationProperties:184 - Using Application install path: /home/joakim-wennergren/st/stm32cubeide_1.19.0/plugins/com.st.stm32cube.common.mx_6.15.0.202507011659
2025-08-29 18:30:42,082 [INFO] DbMcusXml:78 - Set database path to: /home/joakim-wennergren/st/stm32cubeide_1.19.0/plugins/com.st.stm32cube.common.mx_6.15.0.202507011659//db//mcu/
2025-08-29 18:30:42,082 [INFO] ApiDb:274 - Set plugin database path to: /home/joakim-wennergren/st/stm32cubeide_1.19.0/plugins/com.st.stm32cube.common.mx_6.15.0.202507011659//db//plugins/boardmanager/
2025-08-29 18:30:42,082 [WARN] ApiDb:259 - Overriding images path with different value:  => /home/joakim-wennergren/st/stm32cubeide_1.19.0/plugins/com.st.stm32cube.common.mx_6.15.0.202507011659//db//plugins/mcufinder/images/
2025-08-29 18:30:42,085 [INFO] ApiDb:250 - Set database path to: /home/joakim-wennergren/.stmcufinder/plugins/mcufinder//mcu/
2025-08-29 18:30:42,086 [INFO] DbMcusAds:125 - Set database path to: /home/joakim-wennergren/.stmcufinder/plugins/mcufinder//mcu/
2025-08-29 18:30:42,088 [INFO] CrossReferenceDbSqlite:203 - Set database path to: /home/joakim-wennergren/.stmcufinder/plugins/mcufinder//mcu/cs/
2025-08-29 18:30:42,184 [INFO] RulesReader:64 - Compatibility file has been processed (317 Rules)
2025-08-29 18:30:42,229 [INFO] DbMcusXml:78 - Set database path to: /home/joakim-wennergren/st/stm32cubeide_1.19.0/plugins/com.st.stm32cube.common.mx_6.15.0.202507011659//db//mcu/
2025-08-29 18:30:42,229 [INFO] ApiDb:274 - Set plugin database path to: /home/joakim-wennergren/st/stm32cubeide_1.19.0/plugins/com.st.stm32cube.common.mx_6.15.0.202507011659//db//plugins/boardmanager/
2025-08-29 18:30:42,229 [INFO] ApiDb:261 - Set plugin images path to: /home/joakim-wennergren/st/stm32cubeide_1.19.0/plugins/com.st.stm32cube.common.mx_6.15.0.202507011659//db//plugins/mcufinder/images/
2025-08-29 18:30:42,230 [WARN] DbFile:41 - Overriding database path with different value: /home/joakim-wennergren/.stmcufinder/plugins/mcufinder/ => /home/joakim-wennergren/.stmcufinder/plugins/mcufinder
2025-08-29 18:30:42,230 [INFO] ApiDb:250 - Set database path to: /home/joakim-wennergren/.stmcufinder/plugins/mcufinder//mcu/
2025-08-29 18:30:42,230 [WARN] DbFile:41 - Overriding database path with different value: /home/joakim-wennergren/.stmcufinder/plugins/mcufinder/ => /home/joakim-wennergren/.stmcufinder/plugins/mcufinder
2025-08-29 18:30:42,230 [INFO] DbMcusAds:125 - Set database path to: /home/joakim-wennergren/.stmcufinder/plugins/mcufinder//mcu/
2025-08-29 18:30:42,230 [WARN] DbFile:41 - Overriding database path with different value: /home/joakim-wennergren/.stmcufinder/plugins/mcufinder/ => /home/joakim-wennergren/.stmcufinder/plugins/mcufinder
2025-08-29 18:30:42,230 [WARN] DbFile:41 - Overriding database path with different value: /home/joakim-wennergren/.stmcufinder/plugins/mcufinder/ => /home/joakim-wennergren/.stmcufinder/plugins/mcufinder
2025-08-29 18:30:42,230 [INFO] CrossReferenceDbSqlite:203 - Set database path to: /home/joakim-wennergren/.stmcufinder/plugins/mcufinder//mcu/cs/
2025-08-29 18:30:42,283 [INFO] MainPanel:274 - HeapMemory: 268435456
2025-08-29 18:30:42,421 [INFO] DbMcusXml:78 - Set database path to: /home/joakim-wennergren/st/stm32cubeide_1.19.0/plugins/com.st.stm32cube.common.mx_6.15.0.202507011659//db//mcu/
2025-08-29 18:30:42,421 [INFO] ApiDb:274 - Set plugin database path to: /home/joakim-wennergren/st/stm32cubeide_1.19.0/plugins/com.st.stm32cube.common.mx_6.15.0.202507011659//db//plugins/boardmanager/
2025-08-29 18:30:42,421 [INFO] ApiDb:261 - Set plugin images path to: /home/joakim-wennergren/st/stm32cubeide_1.19.0/plugins/com.st.stm32cube.common.mx_6.15.0.202507011659//db//plugins/mcufinder/images/
2025-08-29 18:30:42,422 [WARN] DbFile:41 - Overriding database path with different value: /home/joakim-wennergren/.stmcufinder/plugins/mcufinder/ => /home/joakim-wennergren/.stmcufinder/plugins/mcufinder
2025-08-29 18:30:42,422 [INFO] ApiDb:250 - Set database path to: /home/joakim-wennergren/.stmcufinder/plugins/mcufinder//mcu/
2025-08-29 18:30:42,422 [WARN] DbFile:41 - Overriding database path with different value: /home/joakim-wennergren/.stmcufinder/plugins/mcufinder/ => /home/joakim-wennergren/.stmcufinder/plugins/mcufinder
2025-08-29 18:30:42,422 [INFO] DbMcusAds:125 - Set database path to: /home/joakim-wennergren/.stmcufinder/plugins/mcufinder//mcu/
2025-08-29 18:30:42,422 [WARN] DbFile:41 - Overriding database path with different value: /home/joakim-wennergren/.stmcufinder/plugins/mcufinder/ => /home/joakim-wennergren/.stmcufinder/plugins/mcufinder
2025-08-29 18:30:42,422 [WARN] DbFile:41 - Overriding database path with different value: /home/joakim-wennergren/.stmcufinder/plugins/mcufinder/ => /home/joakim-wennergren/.stmcufinder/plugins/mcufinder
2025-08-29 18:30:42,422 [INFO] CrossReferenceDbSqlite:203 - Set database path to: /home/joakim-wennergren/.stmcufinder/plugins/mcufinder//mcu/cs/
2025-08-29 18:30:42,434 [INFO] ApplicationProperties:184 - Using Application install path: /home/joakim-wennergren/st/stm32cubeide_1.19.0/plugins/com.st.stm32cube.common.mx_6.15.0.202507011659
2025-08-29 18:30:42,436 [INFO] PluginManage:196 - Search for loadable plugins [exclusion list=, ]
2025-08-29 18:30:42,436 [INFO] PluginManage:310 - Check plugin analytics
2025-08-29 18:30:42,560 [INFO] AnalyticsPlugin:253 - Accepted Software Licenses: 
2025-08-29 18:30:42,560 [INFO] AnalyticsPlugin:255 - Accepted CMSIS Pack Licenses: 
2025-08-29 18:30:42,560 [INFO] AnalyticsPlugin:257 - Accepted Firmware Licenses: 
2025-08-29 18:30:42,562 [INFO] PluginManage:359 - Loaded plugin analytics (category:tool,tabindex:-1)
2025-08-29 18:30:42,562 [INFO] PluginManage:310 - Check plugin cadmodel
2025-08-29 18:30:42,566 [INFO] CADModel:105 - Init CAD model plugin
2025-08-29 18:30:42,566 [INFO] PluginManage:359 - Loaded plugin cadmodel (category:power,tabindex:5)
2025-08-29 18:30:42,567 [INFO] PluginManage:310 - Check plugin clock
2025-08-29 18:30:42,574 [INFO] PluginManage:359 - Loaded plugin clock (category:base,tabindex:2)
2025-08-29 18:30:42,574 [INFO] PluginManage:310 - Check plugin ddr
2025-08-29 18:30:42,575 [INFO] PluginManage:359 - Loaded plugin ddr (category:tool,tabindex:6)
2025-08-29 18:30:42,575 [INFO] PluginManage:310 - Check plugin filemanager
2025-08-29 18:30:42,687 [INFO] PluginManage:359 - Loaded plugin filemanager (category:base,tabindex:10)
2025-08-29 18:30:42,687 [INFO] PluginManage:310 - Check plugin ipmanager
2025-08-29 18:30:42,692 [INFO] PluginManage:359 - Loaded plugin ipmanager (category:base,tabindex:5)
2025-08-29 18:30:42,692 [INFO] PluginManage:310 - Check plugin lpbam
2025-08-29 18:30:42,701 [INFO] PluginManage:359 - Loaded plugin lpbam (category:base,tabindex:0)
2025-08-29 18:30:42,701 [INFO] PluginManage:310 - Check plugin memorymap
2025-08-29 18:30:42,711 [INFO] PluginManage:359 - Loaded plugin memorymap (category:base,tabindex:4)
2025-08-29 18:30:42,711 [INFO] PluginManage:310 - Check plugin pinoutandconfiguration
2025-08-29 18:30:42,719 [INFO] PluginManage:359 - Loaded plugin pinoutandconfiguration (category:base,tabindex:1)
2025-08-29 18:30:42,719 [INFO] PluginManage:310 - Check plugin pinoutconfig
2025-08-29 18:30:42,781 [WARN] SupportedApi:132 - Cannot load RTOS API schema: s4s-elt-must-match.1: The content of 'definitions' must match (annotation?, (simpleType | complexType)?, (unique | key | keyref)*)). A problem was found starting at: attribute.
2025-08-29 18:30:42,871 [INFO] PluginManage:359 - Loaded plugin pinoutconfig (category:base,tabindex:0)
2025-08-29 18:30:42,871 [INFO] PluginManage:310 - Check plugin power
2025-08-29 18:30:42,880 [INFO] PluginManage:359 - Loaded plugin power (category:power,tabindex:4)
2025-08-29 18:30:42,880 [INFO] PluginManage:310 - Check plugin projectmanager
2025-08-29 18:30:42,891 [INFO] PluginManage:359 - Loaded plugin projectmanager (category:projectmanager,tabindex:4)
2025-08-29 18:30:42,891 [INFO] PluginManage:310 - Check plugin rif
2025-08-29 18:30:42,899 [INFO] PluginManage:359 - Loaded plugin rif (category:base,tabindex:3)
2025-08-29 18:30:42,900 [INFO] PluginManage:310 - Check plugin thirdparty
2025-08-29 18:30:42,972 [INFO] PluginManage:359 - Loaded plugin thirdparty (category:base,tabindex:-1)
2025-08-29 18:30:42,972 [INFO] PluginManage:310 - Check plugin tools
2025-08-29 18:30:42,972 [WARN] IntegrityCheckThread:84 - waiting for thirdparty lock release [integrity check]
2025-08-29 18:30:42,972 [INFO] IntegrityCheckThread:86 - entering critical section [integrity check]
2025-08-29 18:30:42,973 [INFO] ThirdPartyUpdaterWithRetryManager:70 - Updater plugin not ready yet. [1/15]
2025-08-29 18:30:42,974 [INFO] PluginManage:359 - Loaded plugin tools (category:base,tabindex:7)
2025-08-29 18:30:42,974 [INFO] PluginManage:310 - Check plugin tutovideos
2025-08-29 18:30:43,116 [INFO] PluginManage:359 - Loaded plugin tutovideos (category:base,tabindex:-1)
2025-08-29 18:30:43,116 [INFO] PluginManage:310 - Check plugin updater
2025-08-29 18:30:43,133 [INFO] PluginManage:359 - Loaded plugin updater (category:base,tabindex:12)
2025-08-29 18:30:43,133 [INFO] PluginManage:310 - Check plugin userauth
2025-08-29 18:30:43,136 [INFO] UserAuth:118 - Init User Auth plugin
2025-08-29 18:30:43,137 [INFO] PluginManage:359 - Loaded plugin userauth (category:base,tabindex:14)
2025-08-29 18:30:43,137 [INFO] PluginManage:283 - PluginManage : Loaded plugins [18]
2025-08-29 18:30:43,261 [INFO] PinOutPanel:1589 - setPackage(No Configuration,No Configuration)
2025-08-29 18:30:43,316 [INFO] CADModel:165 - CPN selected for project level
2025-08-29 18:30:43,316 [INFO] CADModel:114 - Register for checkConnection events
2025-08-29 18:30:43,327 [INFO] IPUIPlugin:80 - create IPUIPlugin
2025-08-29 18:30:43,327 [INFO] PluginManager:220 - loadIPPluginJar : add opamp
2025-08-29 18:30:43,330 [INFO] IPUIPlugin:80 - create IPUIPlugin
2025-08-29 18:30:43,330 [INFO] PluginManager:220 - loadIPPluginJar : add ipddr
2025-08-29 18:30:43,332 [INFO] IPUIPlugin:80 - create IPUIPlugin
2025-08-29 18:30:43,332 [INFO] PluginManager:220 - loadIPPluginJar : add sai
2025-08-29 18:30:43,334 [INFO] IPUIPlugin:80 - create IPUIPlugin
2025-08-29 18:30:43,334 [INFO] PluginManager:220 - loadIPPluginJar : add can
2025-08-29 18:30:43,335 [INFO] IPUIPlugin:80 - create IPUIPlugin
2025-08-29 18:30:43,335 [INFO] PluginManager:220 - loadIPPluginJar : add gfxmmu
2025-08-29 18:30:43,340 [INFO] IPUIPlugin:80 - create IPUIPlugin
2025-08-29 18:30:43,340 [INFO] PluginManager:220 - loadIPPluginJar : add stm32_wpan
2025-08-29 18:30:43,342 [INFO] IPUIPlugin:80 - create IPUIPlugin
2025-08-29 18:30:43,342 [INFO] PluginManager:220 - loadIPPluginJar : add touchsensing
2025-08-29 18:30:43,344 [INFO] IPUIPlugin:80 - create IPUIPlugin
2025-08-29 18:30:43,344 [INFO] PluginManager:220 - loadIPPluginJar : add i2c
2025-08-29 18:30:43,345 [INFO] IPUIPlugin:80 - create IPUIPlugin
2025-08-29 18:30:43,346 [INFO] PluginManager:220 - loadIPPluginJar : add i2s
2025-08-29 18:30:43,347 [INFO] IPUIPlugin:80 - create IPUIPlugin
2025-08-29 18:30:43,347 [INFO] PluginManager:220 - loadIPPluginJar : add tracer_emb
2025-08-29 18:30:43,348 [INFO] IPUIPlugin:80 - create IPUIPlugin
2025-08-29 18:30:43,348 [INFO] PluginManager:220 - loadIPPluginJar : add aes
2025-08-29 18:30:43,349 [INFO] IPUIPlugin:80 - create IPUIPlugin
2025-08-29 18:30:43,349 [INFO] PluginManager:220 - loadIPPluginJar : add quadspi
2025-08-29 18:30:43,350 [INFO] IPUIPlugin:80 - create IPUIPlugin
2025-08-29 18:30:43,350 [INFO] PluginManager:220 - loadIPPluginJar : add radio
2025-08-29 18:30:43,351 [INFO] IPUIPlugin:80 - create IPUIPlugin
2025-08-29 18:30:43,352 [INFO] PluginManager:220 - loadIPPluginJar : add i3c
2025-08-29 18:30:43,353 [INFO] IPUIPlugin:80 - create IPUIPlugin
2025-08-29 18:30:43,353 [INFO] PluginManager:220 - loadIPPluginJar : add ucpd
2025-08-29 18:30:43,353 [INFO] IPUIPlugin:80 - create IPUIPlugin
2025-08-29 18:30:43,353 [INFO] PluginManager:220 - loadIPPluginJar : add genericplugin
2025-08-29 18:30:43,354 [INFO] IPUIPlugin:80 - create IPUIPlugin
2025-08-29 18:30:43,354 [INFO] PluginManager:220 - loadIPPluginJar : add fatfs
2025-08-29 18:30:43,357 [INFO] IPUIPlugin:80 - create IPUIPlugin
2025-08-29 18:30:43,357 [INFO] PluginManager:220 - loadIPPluginJar : add resmgrutility
2025-08-29 18:30:43,358 [INFO] IPUIPlugin:80 - create IPUIPlugin
2025-08-29 18:30:43,358 [INFO] PluginManager:220 - loadIPPluginJar : add ts
2025-08-29 18:30:43,362 [INFO] IPUIPlugin:80 - create IPUIPlugin
2025-08-29 18:30:43,362 [INFO] PluginManager:220 - loadIPPluginJar : add freertos
2025-08-29 18:30:43,364 [INFO] IPUIPlugin:80 - create IPUIPlugin
2025-08-29 18:30:43,364 [INFO] PluginManager:220 - loadIPPluginJar : add extmemmanager
2025-08-29 18:30:43,368 [INFO] IPUIPlugin:80 - create IPUIPlugin
2025-08-29 18:30:43,368 [INFO] PluginManager:220 - loadIPPluginJar : add gic
2025-08-29 18:30:43,372 [INFO] IPUIPlugin:80 - create IPUIPlugin
2025-08-29 18:30:43,372 [INFO] PluginManager:220 - loadIPPluginJar : add linkedlist
2025-08-29 18:30:43,373 [INFO] IPUIPlugin:80 - create IPUIPlugin
2025-08-29 18:30:43,374 [INFO] PluginManager:220 - loadIPPluginJar : add tim
2025-08-29 18:30:43,375 [INFO] IPUIPlugin:80 - create IPUIPlugin
2025-08-29 18:30:43,375 [INFO] PluginManager:220 - loadIPPluginJar : add usart
2025-08-29 18:30:43,377 [INFO] IPUIPlugin:80 - create IPUIPlugin
2025-08-29 18:30:43,377 [INFO] PluginManager:220 - loadIPPluginJar : add gtzc
2025-08-29 18:30:43,379 [INFO] IPUIPlugin:80 - create IPUIPlugin
2025-08-29 18:30:43,379 [INFO] PluginManager:220 - loadIPPluginJar : add spi
2025-08-29 18:30:43,380 [INFO] IPUIPlugin:80 - create IPUIPlugin
2025-08-29 18:30:43,380 [INFO] PluginManager:220 - loadIPPluginJar : add usbx
2025-08-29 18:30:43,383 [INFO] IPUIPlugin:80 - create IPUIPlugin
2025-08-29 18:30:43,383 [INFO] PluginManager:220 - loadIPPluginJar : add fmc
2025-08-29 18:30:43,384 [INFO] IPUIPlugin:80 - create IPUIPlugin
2025-08-29 18:30:43,384 [INFO] PluginManager:220 - loadIPPluginJar : add comp
2025-08-29 18:30:43,386 [INFO] IPUIPlugin:80 - create IPUIPlugin
2025-08-29 18:30:43,386 [INFO] PluginManager:220 - loadIPPluginJar : add cryp
2025-08-29 18:30:43,387 [INFO] IPUIPlugin:80 - create IPUIPlugin
2025-08-29 18:30:43,387 [INFO] PluginManager:220 - loadIPPluginJar : add lorawan
2025-08-29 18:30:43,391 [INFO] IPUIPlugin:80 - create IPUIPlugin
2025-08-29 18:30:43,391 [INFO] PluginManager:220 - loadIPPluginJar : add gpio
2025-08-29 18:30:43,394 [INFO] IPUIPlugin:80 - create IPUIPlugin
2025-08-29 18:30:43,394 [INFO] PluginManager:220 - loadIPPluginJar : add mdma
2025-08-29 18:30:43,396 [INFO] IPUIPlugin:80 - create IPUIPlugin
2025-08-29 18:30:43,396 [INFO] PluginManager:220 - loadIPPluginJar : add openamp
2025-08-29 18:30:43,398 [INFO] IPUIPlugin:80 - create IPUIPlugin
2025-08-29 18:30:43,398 [INFO] PluginManager:220 - loadIPPluginJar : add ddr_ctrl_phy
2025-08-29 18:30:43,399 [INFO] IPUIPlugin:80 - create IPUIPlugin
2025-08-29 18:30:43,400 [INFO] PluginManager:220 - loadIPPluginJar : add dma3
2025-08-29 18:30:43,402 [INFO] IPUIPlugin:80 - create IPUIPlugin
2025-08-29 18:30:43,402 [INFO] PluginManager:220 - loadIPPluginJar : add nvic
2025-08-29 18:30:43,406 [INFO] IPUIPlugin:80 - create IPUIPlugin
2025-08-29 18:30:43,406 [INFO] PluginManager:220 - loadIPPluginJar : add dma
2025-08-29 18:30:43,407 [INFO] IPUIPlugin:80 - create IPUIPlugin
2025-08-29 18:30:43,407 [INFO] PluginManager:220 - loadIPPluginJar : add hash
2025-08-29 18:30:43,408 [INFO] IPUIPlugin:80 - create IPUIPlugin
2025-08-29 18:30:43,408 [INFO] PluginManager:220 - loadIPPluginJar : add ltdc
2025-08-29 18:30:43,409 [INFO] IPUIPlugin:80 - create IPUIPlugin
2025-08-29 18:30:43,409 [INFO] PluginManager:220 - loadIPPluginJar : add pdm2pcm
2025-08-29 18:30:43,410 [INFO] IPUIPlugin:80 - create IPUIPlugin
2025-08-29 18:30:43,410 [INFO] PluginManager:220 - loadIPPluginJar : add tsc
2025-08-29 18:30:43,414 [INFO] IPUIPlugin:80 - create IPUIPlugin
2025-08-29 18:30:43,414 [INFO] PluginManager:220 - loadIPPluginJar : add adc
2025-08-29 18:30:43,415 [INFO] IPUIPlugin:80 - create IPUIPlugin
2025-08-29 18:30:43,415 [INFO] PluginManager:220 - loadIPPluginJar : add dfsdm
2025-08-29 18:30:43,420 [INFO] IPUIPlugin:80 - create IPUIPlugin
2025-08-29 18:30:43,422 [INFO] PluginManager:220 - loadIPPluginJar : add plateformsettings
2025-08-29 18:30:43,514 [FATAL] Updater:351 - Updater called before beeing initialized
2025-08-29 18:30:43,538 [INFO] RulesReader:64 - Compatibility file has been processed (317 Rules)
2025-08-29 18:30:43,547 [INFO] RulesReader:64 - Compatibility file has been processed (317 Rules)
2025-08-29 18:30:43,552 [INFO] CADModel:165 - CPN selected for project level
2025-08-29 18:30:43,552 [INFO] CADModel:114 - Register for checkConnection events
2025-08-29 18:30:43,552 [FATAL] Updater:351 - Updater called before beeing initialized
2025-08-29 18:30:43,553 [ERROR] CADModel:125 - Updater not yet initialized, retry later 
2025-08-29 18:30:43,648 [FATAL] Updater:351 - Updater called before beeing initialized
2025-08-29 18:30:43,649 [INFO] CADModel:165 - CPN selected for project level
2025-08-29 18:30:43,650 [INFO] CADModel:114 - Register for checkConnection events
2025-08-29 18:30:43,650 [FATAL] Updater:351 - Updater called before beeing initialized
2025-08-29 18:30:43,650 [ERROR] CADModel:125 - Updater not yet initialized, retry later 
2025-08-29 18:30:43,652 [FATAL] Updater:351 - Updater called before beeing initialized
2025-08-29 18:30:43,710 [FATAL] Updater:351 - Updater called before beeing initialized
2025-08-29 18:30:43,713 [INFO] DbMcusAds:53 - JSON generation date=Thu Sep 30 08:55:09 CEST 2021 (1632984909247)
2025-08-29 18:30:43,713 [FATAL] Updater:351 - Updater called before beeing initialized
2025-08-29 18:30:43,738 [WARN] DetailPanel:346 - Failed to get advertising image, set to default
2025-08-29 18:30:43,803 [FATAL] Updater:351 - Updater called before beeing initialized
2025-08-29 18:30:43,804 [FATAL] Updater:351 - Updater called before beeing initialized
2025-08-29 18:30:43,804 [FATAL] Updater:351 - Updater called before beeing initialized
2025-08-29 18:30:43,804 [WARN] DetailPanel:346 - Failed to get advertising image, set to default
2025-08-29 18:30:43,805 [FATAL] Updater:351 - Updater called before beeing initialized
2025-08-29 18:30:43,827 [ERROR] Updater:1198 - MainUpdater not yet initialized. External WinMGr cannot be set.
2025-08-29 18:30:43,829 [INFO] Updater:1134 - Updater Version found : 6.15.0
2025-08-29 18:30:43,843 [INFO] ApplicationProperties:184 - Using Application install path: /home/joakim-wennergren/st/stm32cubeide_1.19.0/plugins/com.st.stm32cube.common.mx_6.15.0.202507011659
2025-08-29 18:30:44,063 [INFO] MainUpdater:2872 - connection check result : 10
2025-08-29 18:30:44,064 [INFO] MainUpdater:289 - Updater Check For Update Now.
2025-08-29 18:30:44,064 [INFO] MicroXplorer:498 - Change Database Version : DB.6.0.150
2025-08-29 18:30:44,068 [INFO] McuFinderGlobals:63 - Set McuFinder mode to 2 (CubeIDE integrated)
2025-08-29 18:30:44,068 [INFO] UserAuth:171 - activating auth plugin
2025-08-29 18:30:44,071 [INFO] UserAuth:487 - Internet connection configuration mode: 1
2025-08-29 18:30:44,084 [INFO] JxBrowserEngine:152 - Initiate JxBrowser Engine with user profile folder
2025-08-29 18:30:44,227 [INFO] CheckServerUpdateThread:120 - End of CheckServer Thread
2025-08-29 18:30:44,634 [INFO] WebApp:169 - Instantiating new browser for Auth
2025-08-29 18:30:45,206 [INFO] WebApp:463 - Apply proxy settings
2025-08-29 18:30:45,206 [INFO] WebApp:548 - Chromium requires no authentication
2025-08-29 18:30:45,213 [INFO] WebApp:491 - Direct internet connection detected
2025-08-29 18:30:45,231 [INFO] WebApp:900 - Register for checkConnection events
2025-08-29 18:30:45,231 [INFO] WebApp:463 - Apply proxy settings
2025-08-29 18:30:45,231 [INFO] WebApp:548 - Chromium requires no authentication
2025-08-29 18:30:45,231 [INFO] WebApp:491 - Direct internet connection detected
2025-08-29 18:30:45,328 [INFO] WebApp:225 - Starting web application
2025-08-29 18:30:45,328 [INFO] WebApp:593 - Web application path used /home/joakim-wennergren/st/stm32cubeide_1.19.0/plugins/com.st.stm32cube.common.mx_6.15.0.202507011659/db/plugins/mcufinder/reactClient1/index.html
2025-08-29 18:30:45,587 [INFO] WebApp:191 - Connection restablished
2025-08-29 18:30:46,096 [WARN] PackLoader:240 - Cannot read IP mode file for STMicroelectronics.FP-SNS-MOTENVWB1.1.4.0
2025-08-29 18:30:46,103 [WARN] PackLoader:240 - Cannot read IP mode file for STMicroelectronics.FP-ATR-ASTRA1.2.0.2
2025-08-29 18:30:46,107 [WARN] PackLoader:240 - Cannot read IP mode file for STMicroelectronics.X-CUBE-SMBUS.2.1.0
2025-08-29 18:30:46,110 [WARN] PackLoader:240 - Cannot read IP mode file for STMicroelectronics.X-CUBE-ST60.1.0.0
2025-08-29 18:30:46,138 [WARN] PackLoader:240 - Cannot read IP mode file for STMicroelectronics.X-CUBE-AZRTOS-F7.1.1.0
2025-08-29 18:30:46,150 [WARN] PackLoader:240 - Cannot read IP mode file for WES.I-CUBE-Cesium.1.4.0
2025-08-29 18:30:46,170 [WARN] PackLoader:240 - Cannot read IP mode file for Infineon.AIROC-Wi-Fi-Bluetooth-STM32.1.7.1
2025-08-29 18:30:46,204 [WARN] PackLoader:240 - Cannot read IP mode file for STMicroelectronics.X-CUBE-AZRTOS-H7.3.4.0
2025-08-29 18:30:46,213 [WARN] PackLoader:240 - Cannot read IP mode file for STMicroelectronics.X-CUBE-DISPLAY.3.0.0
2025-08-29 18:30:46,224 [WARN] PackLoader:240 - Cannot read IP mode file for STMicroelectronics.X-CUBE-NFC10.1.0.0
2025-08-29 18:30:46,228 [WARN] PackLoader:240 - Cannot read IP mode file for emotas.I-CUBE-CANOPEN.1.3.0
2025-08-29 18:30:46,231 [WARN] PackLoader:240 - Cannot read IP mode file for STMicroelectronics.FP-SNS-STBOX1.2.1.0
2025-08-29 18:30:46,235 [WARN] PackLoader:240 - Cannot read IP mode file for STMicroelectronics.FP-SNS-SMARTAG2.1.2.0
2025-08-29 18:30:46,241 [WARN] PackLoader:240 - Cannot read IP mode file for STMicroelectronics.FP-SNS-FLIGHT1.5.1.0
2025-08-29 18:30:46,247 [INFO] LogOutputStream:77 - [STDOUT_REDIRECT] 1 : Invalid condition id : UX_CORESTACK_Condition cause : null
2025-08-29 18:30:46,247 [INFO] LogOutputStream:77 - [STDOUT_REDIRECT] 1 : Invalid condition id : UX_CORESTACK_Condition cause : null
2025-08-29 18:30:46,248 [INFO] LogOutputStream:77 - [STDOUT_REDIRECT] 1 : Invalid condition id : UX_CORESTACK_Condition cause : null
2025-08-29 18:30:46,248 [INFO] LogOutputStream:77 - [STDOUT_REDIRECT] 1 : Invalid condition id : UX_CORESTACK_Condition cause : null
2025-08-29 18:30:46,248 [INFO] LogOutputStream:77 - [STDOUT_REDIRECT] 1 : Invalid condition id : UX_CORESTACK_Condition cause : null
2025-08-29 18:30:46,250 [WARN] PackLoader:240 - Cannot read IP mode file for STMicroelectronics.X-CUBE-AZRTOS-WL.2.0.0
2025-08-29 18:30:46,253 [WARN] PackLoader:240 - Cannot read IP mode file for STMicroelectronics.FP-SNS-MOTENV1.5.0.0
2025-08-29 18:30:46,256 [WARN] PackLoader:240 - Cannot read IP mode file for STMicroelectronics.X-CUBE-BLE2.3.3.0
2025-08-29 18:30:46,259 [WARN] PackLoader:240 - Cannot read IP mode file for STMicroelectronics.X-CUBE-NFC9.1.0.0
2025-08-29 18:30:46,262 [WARN] PackLoader:240 - Cannot read IP mode file for wolfSSL.I-CUBE-wolfSSL.5.8.2
2025-08-29 18:30:46,264 [WARN] PackLoader:240 - Cannot read IP mode file for STMicroelectronics.X-CUBE-BLE1.7.1.0
2025-08-29 18:30:46,265 [WARN] PackLoader:240 - Cannot read IP mode file for wolfSSL.I-CUBE-wolfMQTT.1.19.2
2025-08-29 18:30:46,268 [WARN] PackLoader:240 - Cannot read IP mode file for STMicroelectronics.X-CUBE-EEPRMA1.5.2.0
2025-08-29 18:30:46,278 [WARN] PackLoader:240 - Cannot read IP mode file for STMicroelectronics.X-CUBE-AZRTOS-G0.1.1.0
2025-08-29 18:30:46,282 [WARN] PackLoader:240 - Cannot read IP mode file for STMicroelectronics.X-CUBE-SAFEA1.1.2.2
2025-08-29 18:30:46,285 [WARN] PackLoader:240 - Cannot read IP mode file for STMicroelectronics.X-CUBE-NFC4.3.0.0
2025-08-29 18:30:46,289 [WARN] PackLoader:240 - Cannot read IP mode file for EmbeddedOffice.I-CUBE-FS-RTOS.1.0.1
2025-08-29 18:30:46,291 [WARN] PackLoader:240 - Cannot read IP mode file for STMicroelectronics.X-CUBE-WB05N.2.0.0
2025-08-29 18:30:46,293 [WARN] PackLoader:240 - Cannot read IP mode file for wolfSSL.I-CUBE-wolfTPM.3.8.0
2025-08-29 18:30:46,295 [WARN] PackLoader:240 - Cannot read IP mode file for STMicroelectronics.X-CUBE-TCPP.4.2.0
2025-08-29 18:30:46,297 [WARN] PackLoader:240 - Cannot read IP mode file for RealThread.X-CUBE-RT-Thread_Nano.4.1.1
2025-08-29 18:30:46,299 [WARN] PackLoader:240 - Cannot read IP mode file for STMicroelectronics.FP-ATR-SIGFOX1.3.2.0
2025-08-29 18:30:46,301 [WARN] PackLoader:240 - Cannot read IP mode file for ITTIA_DB.I-CUBE-ITTIADB.8.9.0
2025-08-29 18:30:46,303 [WARN] PackLoader:240 - Cannot read IP mode file for STMicroelectronics.X-CUBE-ST67W61.1.0.0
2025-08-29 18:30:46,305 [WARN] PackLoader:240 - Cannot read IP mode file for STMicroelectronics.X-CUBE-AI.10.2.0
2025-08-29 18:30:46,319 [WARN] PackLoader:240 - Cannot read IP mode file for SEGGER.I-CUBE-embOS.1.3.1
2025-08-29 18:30:46,353 [WARN] PackLoader:240 - Cannot read IP mode file for STMicroelectronics.X-CUBE-ALGOBUILD.1.4.0
2025-08-29 18:30:46,379 [WARN] PackLoader:240 - Cannot read IP mode file for STMicroelectronics.X-CUBE-MEMS1.11.3.0
2025-08-29 18:30:46,512 [WARN] PackLoader:240 - Cannot read IP mode file for STMicroelectronics.X-CUBE-PM33A1.1.0.0
2025-08-29 18:30:46,523 [WARN] PackLoader:240 - Cannot read IP mode file for STMicroelectronics.X-CUBE-AZRTOS-F4.1.1.0
2025-08-29 18:30:46,526 [WARN] PackLoader:240 - Cannot read IP mode file for Avnet-IotConnect.X-CUBE-IoTC-DA16k-PMOD.1.0.0
2025-08-29 18:30:46,528 [WARN] PackLoader:240 - Cannot read IP mode file for STMicroelectronics.X-CUBE-ISPU.2.1.0
2025-08-29 18:30:46,531 [WARN] PackLoader:240 - Cannot read IP mode file for STMicroelectronics.X-CUBE-NFC12.1.0.0
2025-08-29 18:30:46,548 [WARN] PackLoader:240 - Cannot read IP mode file for STMicroelectronics.X-CUBE-AZRTOS-L5.2.0.0
2025-08-29 18:30:46,556 [WARN] PackLoader:240 - Cannot read IP mode file for STMicroelectronics.X-CUBE-NFC6.3.1.0
2025-08-29 18:30:46,562 [WARN] PackLoader:240 - Cannot read IP mode file for STMicroelectronics.X-CUBE-FREERTOS.1.3.1
2025-08-29 18:30:46,565 [WARN] PackLoader:240 - Cannot read IP mode file for STMicroelectronics.FP-SNS-STAIOTCFT.1.0.0
2025-08-29 18:30:46,569 [WARN] PackLoader:240 - Cannot read IP mode file for STMicroelectronics.X-CUBE-DPower.1.3.0
2025-08-29 18:30:46,581 [WARN] ConditionMgr:438 - getConditionDescription Invalid condition id : LAN8742 Phy interface Condition cause : null
2025-08-29 18:30:46,581 [WARN] PackLoader:240 - Cannot read IP mode file for STMicroelectronics.X-CUBE-AZRTOS-L4.2.0.0
2025-08-29 18:30:46,582 [WARN] ConditionMgr:1044 - genDependencies : Invalid condition id : LAN8742 Phy interface Condition cause : null
2025-08-29 18:30:46,582 [WARN] ConditionMgr:1044 - genDependencies : Invalid condition id : LAN8742 Phy interface Condition cause : null
2025-08-29 18:30:46,583 [WARN] ConditionMgr:1044 - genDependencies : Invalid condition id : LAN8742 Phy interface Condition cause : null
2025-08-29 18:30:46,587 [WARN] PackLoader:240 - Cannot read IP mode file for STMicroelectronics.X-CUBE-SFXS2LP1.4.0.0
2025-08-29 18:30:46,594 [WARN] PackLoader:240 - Cannot read IP mode file for STMicroelectronics.X-CUBE-BLEMGR.4.1.0
2025-08-29 18:30:46,607 [WARN] ConditionMgr:438 - getConditionDescription Invalid condition id : UX DEVICE CLASS RTOS Condition cause : null
2025-08-29 18:30:46,608 [WARN] ConditionMgr:438 - getConditionDescription Invalid condition id : UX DEVICE CLASS RTOS Condition cause : null
2025-08-29 18:30:46,609 [WARN] PackLoader:240 - Cannot read IP mode file for STMicroelectronics.X-CUBE-AZRTOS-WB.2.0.0
2025-08-29 18:30:46,610 [WARN] ConditionMgr:1044 - genDependencies : Invalid condition id : UX DEVICE CLASS RTOS Condition cause : null
2025-08-29 18:30:46,610 [WARN] ConditionMgr:1044 - genDependencies : Invalid condition id : UX DEVICE CLASS RTOS Condition cause : null
2025-08-29 18:30:46,610 [WARN] ConditionMgr:1044 - genDependencies : Invalid condition id : UX DEVICE CLASS RTOS Condition cause : null
2025-08-29 18:30:46,611 [WARN] ConditionMgr:1044 - genDependencies : Invalid condition id : UX DEVICE CLASS RTOS Condition cause : null
2025-08-29 18:30:46,611 [WARN] ConditionMgr:1044 - genDependencies : Invalid condition id : UX DEVICE CLASS RTOS Condition cause : null
2025-08-29 18:30:46,615 [WARN] PackLoader:240 - Cannot read IP mode file for STMicroelectronics.X-CUBE-GNSS1.7.0.1
2025-08-29 18:30:46,618 [WARN] PackLoader:240 - Cannot read IP mode file for STMicroelectronics.X-CUBE-TOUCHGFX.4.25.0
2025-08-29 18:30:46,620 [WARN] ConditionMgr:438 - getConditionDescription Invalid condition id : Cortex-A Device cause : null
2025-08-29 18:30:46,631 [WARN] ConditionMgr:1044 - genDependencies : Invalid condition id : Cortex-A Device cause : null
2025-08-29 18:30:46,631 [WARN] ConditionMgr:1044 - genDependencies : Invalid condition id : Cortex-A Device cause : null
2025-08-29 18:30:46,631 [WARN] ConditionMgr:1044 - genDependencies : Invalid condition id : Cortex-A Device cause : null
2025-08-29 18:30:46,641 [WARN] PackLoader:240 - Cannot read IP mode file for STMicroelectronics.X-CUBE-SUBG2.5.0.0
2025-08-29 18:30:46,660 [WARN] PackLoader:240 - Cannot read IP mode file for STMicroelectronics.X-CUBE-AZRTOS-H7RS.1.1.0
2025-08-29 18:30:46,664 [WARN] PackLoader:240 - Cannot read IP mode file for Cesanta.I-CUBE-Mongoose.7.13.0
2025-08-29 18:30:46,675 [WARN] PackLoader:240 - Cannot read IP mode file for STMicroelectronics.X-CUBE-AZRTOS-G4.2.0.0
2025-08-29 18:30:46,678 [WARN] PackLoader:240 - Cannot read IP mode file for wolfSSL.I-CUBE-wolfSSH.1.4.20
2025-08-29 18:30:46,681 [WARN] PackLoader:240 - Cannot read IP mode file for STMicroelectronics.X-CUBE-NFC7.2.0.0
2025-08-29 18:30:46,691 [WARN] PackLoader:240 - Cannot read IP mode file for STMicroelectronics.X-CUBE-IPS.3.1.0
2025-08-29 18:30:46,699 [WARN] PackLoader:240 - Cannot read IP mode file for STMicroelectronics.X-CUBE-ALS.1.0.2
2025-08-29 18:30:46,706 [WARN] PackLoader:240 - Cannot read IP mode file for STMicroelectronics.X-CUBE-TOF1.3.4.3
2025-08-29 18:30:46,713 [INFO] ThirdParty:978 - Integrity check success = true
2025-08-29 18:30:46,713 [INFO] IntegrityCheckThread:100 - exiting critical section [integrity check]
2025-08-29 18:30:46,713 [INFO] IntegrityCheckThread:103 - End integrity checks thread
2025-08-29 18:31:59,504 [ERROR] LogOutputStream:75 - [STDERR_REDIRECT] 
2025-08-29 18:32:10,292 [INFO] Activator:176 - 


2025-08-29 18:32:10,293 [INFO] Activator:177 - !SESSION log4j initialized
2025-08-29 18:32:12,910 [INFO] LogOutputStream:77 - [STDOUT_REDIRECT] 
2025-08-29 18:32:13,602 [INFO] ApplicationProperties:184 - Using Application install path: /home/joakim-wennergren/st/stm32cubeide_1.19.0/plugins/com.st.stm32cube.common.mx_6.15.0.202507011659
2025-08-29 18:32:13,614 [INFO] DbMcusXml:78 - Set database path to: /home/joakim-wennergren/st/stm32cubeide_1.19.0/plugins/com.st.stm32cube.common.mx_6.15.0.202507011659//db//mcu/
2025-08-29 18:32:13,614 [INFO] ApiDb:274 - Set plugin database path to: /home/joakim-wennergren/st/stm32cubeide_1.19.0/plugins/com.st.stm32cube.common.mx_6.15.0.202507011659//db//plugins/boardmanager/
2025-08-29 18:32:13,614 [WARN] ApiDb:259 - Overriding images path with different value:  => /home/joakim-wennergren/st/stm32cubeide_1.19.0/plugins/com.st.stm32cube.common.mx_6.15.0.202507011659//db//plugins/mcufinder/images/
2025-08-29 18:32:13,616 [INFO] ApiDb:250 - Set database path to: /home/joakim-wennergren/.stmcufinder/plugins/mcufinder//mcu/
2025-08-29 18:32:13,617 [INFO] DbMcusAds:125 - Set database path to: /home/joakim-wennergren/.stmcufinder/plugins/mcufinder//mcu/
2025-08-29 18:32:13,618 [INFO] CrossReferenceDbSqlite:203 - Set database path to: /home/joakim-wennergren/.stmcufinder/plugins/mcufinder//mcu/cs/
2025-08-29 18:32:13,703 [INFO] RulesReader:64 - Compatibility file has been processed (317 Rules)
2025-08-29 18:32:13,742 [INFO] DbMcusXml:78 - Set database path to: /home/joakim-wennergren/st/stm32cubeide_1.19.0/plugins/com.st.stm32cube.common.mx_6.15.0.202507011659//db//mcu/
2025-08-29 18:32:13,742 [INFO] ApiDb:274 - Set plugin database path to: /home/joakim-wennergren/st/stm32cubeide_1.19.0/plugins/com.st.stm32cube.common.mx_6.15.0.202507011659//db//plugins/boardmanager/
2025-08-29 18:32:13,742 [INFO] ApiDb:261 - Set plugin images path to: /home/joakim-wennergren/st/stm32cubeide_1.19.0/plugins/com.st.stm32cube.common.mx_6.15.0.202507011659//db//plugins/mcufinder/images/
2025-08-29 18:32:13,742 [WARN] DbFile:41 - Overriding database path with different value: /home/joakim-wennergren/.stmcufinder/plugins/mcufinder/ => /home/joakim-wennergren/.stmcufinder/plugins/mcufinder
2025-08-29 18:32:13,742 [INFO] ApiDb:250 - Set database path to: /home/joakim-wennergren/.stmcufinder/plugins/mcufinder//mcu/
2025-08-29 18:32:13,742 [WARN] DbFile:41 - Overriding database path with different value: /home/joakim-wennergren/.stmcufinder/plugins/mcufinder/ => /home/joakim-wennergren/.stmcufinder/plugins/mcufinder
2025-08-29 18:32:13,743 [INFO] DbMcusAds:125 - Set database path to: /home/joakim-wennergren/.stmcufinder/plugins/mcufinder//mcu/
2025-08-29 18:32:13,743 [WARN] DbFile:41 - Overriding database path with different value: /home/joakim-wennergren/.stmcufinder/plugins/mcufinder/ => /home/joakim-wennergren/.stmcufinder/plugins/mcufinder
2025-08-29 18:32:13,743 [WARN] DbFile:41 - Overriding database path with different value: /home/joakim-wennergren/.stmcufinder/plugins/mcufinder/ => /home/joakim-wennergren/.stmcufinder/plugins/mcufinder
2025-08-29 18:32:13,743 [INFO] CrossReferenceDbSqlite:203 - Set database path to: /home/joakim-wennergren/.stmcufinder/plugins/mcufinder//mcu/cs/
2025-08-29 18:32:13,783 [INFO] MainPanel:274 - HeapMemory: 268435456
2025-08-29 18:32:13,872 [INFO] DbMcusXml:78 - Set database path to: /home/joakim-wennergren/st/stm32cubeide_1.19.0/plugins/com.st.stm32cube.common.mx_6.15.0.202507011659//db//mcu/
2025-08-29 18:32:13,872 [INFO] ApiDb:274 - Set plugin database path to: /home/joakim-wennergren/st/stm32cubeide_1.19.0/plugins/com.st.stm32cube.common.mx_6.15.0.202507011659//db//plugins/boardmanager/
2025-08-29 18:32:13,872 [INFO] ApiDb:261 - Set plugin images path to: /home/joakim-wennergren/st/stm32cubeide_1.19.0/plugins/com.st.stm32cube.common.mx_6.15.0.202507011659//db//plugins/mcufinder/images/
2025-08-29 18:32:13,872 [WARN] DbFile:41 - Overriding database path with different value: /home/joakim-wennergren/.stmcufinder/plugins/mcufinder/ => /home/joakim-wennergren/.stmcufinder/plugins/mcufinder
2025-08-29 18:32:13,872 [INFO] ApiDb:250 - Set database path to: /home/joakim-wennergren/.stmcufinder/plugins/mcufinder//mcu/
2025-08-29 18:32:13,873 [WARN] DbFile:41 - Overriding database path with different value: /home/joakim-wennergren/.stmcufinder/plugins/mcufinder/ => /home/joakim-wennergren/.stmcufinder/plugins/mcufinder
2025-08-29 18:32:13,873 [INFO] DbMcusAds:125 - Set database path to: /home/joakim-wennergren/.stmcufinder/plugins/mcufinder//mcu/
2025-08-29 18:32:13,873 [WARN] DbFile:41 - Overriding database path with different value: /home/joakim-wennergren/.stmcufinder/plugins/mcufinder/ => /home/joakim-wennergren/.stmcufinder/plugins/mcufinder
2025-08-29 18:32:13,873 [WARN] DbFile:41 - Overriding database path with different value: /home/joakim-wennergren/.stmcufinder/plugins/mcufinder/ => /home/joakim-wennergren/.stmcufinder/plugins/mcufinder
2025-08-29 18:32:13,873 [INFO] CrossReferenceDbSqlite:203 - Set database path to: /home/joakim-wennergren/.stmcufinder/plugins/mcufinder//mcu/cs/
2025-08-29 18:32:13,882 [INFO] ApplicationProperties:184 - Using Application install path: /home/joakim-wennergren/st/stm32cubeide_1.19.0/plugins/com.st.stm32cube.common.mx_6.15.0.202507011659
2025-08-29 18:32:13,883 [INFO] PluginManage:196 - Search for loadable plugins [exclusion list=, ]
2025-08-29 18:32:13,884 [INFO] PluginManage:310 - Check plugin analytics
2025-08-29 18:32:13,981 [INFO] AnalyticsPlugin:253 - Accepted Software Licenses: 
2025-08-29 18:32:13,981 [INFO] AnalyticsPlugin:255 - Accepted CMSIS Pack Licenses: 
2025-08-29 18:32:13,981 [INFO] AnalyticsPlugin:257 - Accepted Firmware Licenses: 
2025-08-29 18:32:13,983 [INFO] PluginManage:359 - Loaded plugin analytics (category:tool,tabindex:-1)
2025-08-29 18:32:13,983 [INFO] PluginManage:310 - Check plugin cadmodel
2025-08-29 18:32:13,985 [INFO] CADModel:105 - Init CAD model plugin
2025-08-29 18:32:13,985 [INFO] PluginManage:359 - Loaded plugin cadmodel (category:power,tabindex:5)
2025-08-29 18:32:13,985 [INFO] PluginManage:310 - Check plugin clock
2025-08-29 18:32:13,990 [INFO] PluginManage:359 - Loaded plugin clock (category:base,tabindex:2)
2025-08-29 18:32:13,990 [INFO] PluginManage:310 - Check plugin ddr
2025-08-29 18:32:13,991 [INFO] PluginManage:359 - Loaded plugin ddr (category:tool,tabindex:6)
2025-08-29 18:32:13,991 [INFO] PluginManage:310 - Check plugin filemanager
2025-08-29 18:32:14,081 [INFO] PluginManage:359 - Loaded plugin filemanager (category:base,tabindex:10)
2025-08-29 18:32:14,081 [INFO] PluginManage:310 - Check plugin ipmanager
2025-08-29 18:32:14,085 [INFO] PluginManage:359 - Loaded plugin ipmanager (category:base,tabindex:5)
2025-08-29 18:32:14,085 [INFO] PluginManage:310 - Check plugin lpbam
2025-08-29 18:32:14,091 [INFO] PluginManage:359 - Loaded plugin lpbam (category:base,tabindex:0)
2025-08-29 18:32:14,091 [INFO] PluginManage:310 - Check plugin memorymap
2025-08-29 18:32:14,097 [INFO] PluginManage:359 - Loaded plugin memorymap (category:base,tabindex:4)
2025-08-29 18:32:14,097 [INFO] PluginManage:310 - Check plugin pinoutandconfiguration
2025-08-29 18:32:14,102 [INFO] PluginManage:359 - Loaded plugin pinoutandconfiguration (category:base,tabindex:1)
2025-08-29 18:32:14,102 [INFO] PluginManage:310 - Check plugin pinoutconfig
2025-08-29 18:32:14,155 [WARN] SupportedApi:132 - Cannot load RTOS API schema: s4s-elt-must-match.1: The content of 'definitions' must match (annotation?, (simpleType | complexType)?, (unique | key | keyref)*)). A problem was found starting at: attribute.
2025-08-29 18:32:14,232 [INFO] PluginManage:359 - Loaded plugin pinoutconfig (category:base,tabindex:0)
2025-08-29 18:32:14,232 [INFO] PluginManage:310 - Check plugin power
2025-08-29 18:32:14,236 [INFO] PluginManage:359 - Loaded plugin power (category:power,tabindex:4)
2025-08-29 18:32:14,236 [INFO] PluginManage:310 - Check plugin projectmanager
2025-08-29 18:32:14,247 [INFO] PluginManage:359 - Loaded plugin projectmanager (category:projectmanager,tabindex:4)
2025-08-29 18:32:14,247 [INFO] PluginManage:310 - Check plugin rif
2025-08-29 18:32:14,253 [INFO] PluginManage:359 - Loaded plugin rif (category:base,tabindex:3)
2025-08-29 18:32:14,253 [INFO] PluginManage:310 - Check plugin thirdparty
2025-08-29 18:32:14,314 [INFO] PluginManage:359 - Loaded plugin thirdparty (category:base,tabindex:-1)
2025-08-29 18:32:14,315 [INFO] PluginManage:310 - Check plugin tools
2025-08-29 18:32:14,315 [WARN] IntegrityCheckThread:84 - waiting for thirdparty lock release [integrity check]
2025-08-29 18:32:14,315 [INFO] IntegrityCheckThread:86 - entering critical section [integrity check]
2025-08-29 18:32:14,315 [INFO] ThirdPartyUpdaterWithRetryManager:70 - Updater plugin not ready yet. [1/15]
2025-08-29 18:32:14,316 [INFO] PluginManage:359 - Loaded plugin tools (category:base,tabindex:7)
2025-08-29 18:32:14,316 [INFO] PluginManage:310 - Check plugin tutovideos
2025-08-29 18:32:14,439 [INFO] PluginManage:359 - Loaded plugin tutovideos (category:base,tabindex:-1)
2025-08-29 18:32:14,439 [INFO] PluginManage:310 - Check plugin updater
2025-08-29 18:32:14,457 [INFO] PluginManage:359 - Loaded plugin updater (category:base,tabindex:12)
2025-08-29 18:32:14,457 [INFO] PluginManage:310 - Check plugin userauth
2025-08-29 18:32:14,459 [INFO] UserAuth:118 - Init User Auth plugin
2025-08-29 18:32:14,460 [INFO] PluginManage:359 - Loaded plugin userauth (category:base,tabindex:14)
2025-08-29 18:32:14,460 [INFO] PluginManage:283 - PluginManage : Loaded plugins [18]
2025-08-29 18:32:14,572 [INFO] PinOutPanel:1589 - setPackage(No Configuration,No Configuration)
2025-08-29 18:32:14,616 [INFO] CADModel:165 - CPN selected for project level
2025-08-29 18:32:14,616 [INFO] CADModel:114 - Register for checkConnection events
2025-08-29 18:32:14,623 [INFO] IPUIPlugin:80 - create IPUIPlugin
2025-08-29 18:32:14,624 [INFO] PluginManager:220 - loadIPPluginJar : add opamp
2025-08-29 18:32:14,625 [INFO] IPUIPlugin:80 - create IPUIPlugin
2025-08-29 18:32:14,625 [INFO] PluginManager:220 - loadIPPluginJar : add ipddr
2025-08-29 18:32:14,627 [INFO] IPUIPlugin:80 - create IPUIPlugin
2025-08-29 18:32:14,627 [INFO] PluginManager:220 - loadIPPluginJar : add sai
2025-08-29 18:32:14,628 [INFO] IPUIPlugin:80 - create IPUIPlugin
2025-08-29 18:32:14,628 [INFO] PluginManager:220 - loadIPPluginJar : add can
2025-08-29 18:32:14,629 [INFO] IPUIPlugin:80 - create IPUIPlugin
2025-08-29 18:32:14,629 [INFO] PluginManager:220 - loadIPPluginJar : add gfxmmu
2025-08-29 18:32:14,633 [INFO] IPUIPlugin:80 - create IPUIPlugin
2025-08-29 18:32:14,633 [INFO] PluginManager:220 - loadIPPluginJar : add stm32_wpan
2025-08-29 18:32:14,634 [INFO] IPUIPlugin:80 - create IPUIPlugin
2025-08-29 18:32:14,634 [INFO] PluginManager:220 - loadIPPluginJar : add touchsensing
2025-08-29 18:32:14,635 [INFO] IPUIPlugin:80 - create IPUIPlugin
2025-08-29 18:32:14,635 [INFO] PluginManager:220 - loadIPPluginJar : add i2c
2025-08-29 18:32:14,636 [INFO] IPUIPlugin:80 - create IPUIPlugin
2025-08-29 18:32:14,636 [INFO] PluginManager:220 - loadIPPluginJar : add i2s
2025-08-29 18:32:14,637 [INFO] IPUIPlugin:80 - create IPUIPlugin
2025-08-29 18:32:14,637 [INFO] PluginManager:220 - loadIPPluginJar : add tracer_emb
2025-08-29 18:32:14,638 [INFO] IPUIPlugin:80 - create IPUIPlugin
2025-08-29 18:32:14,638 [INFO] PluginManager:220 - loadIPPluginJar : add aes
2025-08-29 18:32:14,639 [INFO] IPUIPlugin:80 - create IPUIPlugin
2025-08-29 18:32:14,639 [INFO] PluginManager:220 - loadIPPluginJar : add quadspi
2025-08-29 18:32:14,639 [INFO] IPUIPlugin:80 - create IPUIPlugin
2025-08-29 18:32:14,640 [INFO] PluginManager:220 - loadIPPluginJar : add radio
2025-08-29 18:32:14,641 [INFO] IPUIPlugin:80 - create IPUIPlugin
2025-08-29 18:32:14,641 [INFO] PluginManager:220 - loadIPPluginJar : add i3c
2025-08-29 18:32:14,642 [INFO] IPUIPlugin:80 - create IPUIPlugin
2025-08-29 18:32:14,642 [INFO] PluginManager:220 - loadIPPluginJar : add ucpd
2025-08-29 18:32:14,642 [INFO] IPUIPlugin:80 - create IPUIPlugin
2025-08-29 18:32:14,642 [INFO] PluginManager:220 - loadIPPluginJar : add genericplugin
2025-08-29 18:32:14,643 [INFO] IPUIPlugin:80 - create IPUIPlugin
2025-08-29 18:32:14,643 [INFO] PluginManager:220 - loadIPPluginJar : add fatfs
2025-08-29 18:32:14,645 [INFO] IPUIPlugin:80 - create IPUIPlugin
2025-08-29 18:32:14,645 [INFO] PluginManager:220 - loadIPPluginJar : add resmgrutility
2025-08-29 18:32:14,646 [INFO] IPUIPlugin:80 - create IPUIPlugin
2025-08-29 18:32:14,646 [INFO] PluginManager:220 - loadIPPluginJar : add ts
2025-08-29 18:32:14,649 [INFO] IPUIPlugin:80 - create IPUIPlugin
2025-08-29 18:32:14,649 [INFO] PluginManager:220 - loadIPPluginJar : add freertos
2025-08-29 18:32:14,650 [INFO] IPUIPlugin:80 - create IPUIPlugin
2025-08-29 18:32:14,650 [INFO] PluginManager:220 - loadIPPluginJar : add extmemmanager
2025-08-29 18:32:14,653 [INFO] IPUIPlugin:80 - create IPUIPlugin
2025-08-29 18:32:14,653 [INFO] PluginManager:220 - loadIPPluginJar : add gic
2025-08-29 18:32:14,657 [INFO] IPUIPlugin:80 - create IPUIPlugin
2025-08-29 18:32:14,657 [INFO] PluginManager:220 - loadIPPluginJar : add linkedlist
2025-08-29 18:32:14,658 [INFO] IPUIPlugin:80 - create IPUIPlugin
2025-08-29 18:32:14,658 [INFO] PluginManager:220 - loadIPPluginJar : add tim
2025-08-29 18:32:14,659 [INFO] IPUIPlugin:80 - create IPUIPlugin
2025-08-29 18:32:14,659 [INFO] PluginManager:220 - loadIPPluginJar : add usart
2025-08-29 18:32:14,660 [INFO] IPUIPlugin:80 - create IPUIPlugin
2025-08-29 18:32:14,660 [INFO] PluginManager:220 - loadIPPluginJar : add gtzc
2025-08-29 18:32:14,661 [INFO] IPUIPlugin:80 - create IPUIPlugin
2025-08-29 18:32:14,661 [INFO] PluginManager:220 - loadIPPluginJar : add spi
2025-08-29 18:32:14,662 [INFO] IPUIPlugin:80 - create IPUIPlugin
2025-08-29 18:32:14,663 [INFO] PluginManager:220 - loadIPPluginJar : add usbx
2025-08-29 18:32:14,665 [INFO] IPUIPlugin:80 - create IPUIPlugin
2025-08-29 18:32:14,665 [INFO] PluginManager:220 - loadIPPluginJar : add fmc
2025-08-29 18:32:14,665 [INFO] IPUIPlugin:80 - create IPUIPlugin
2025-08-29 18:32:14,665 [INFO] PluginManager:220 - loadIPPluginJar : add comp
2025-08-29 18:32:14,666 [INFO] IPUIPlugin:80 - create IPUIPlugin
2025-08-29 18:32:14,666 [INFO] PluginManager:220 - loadIPPluginJar : add cryp
2025-08-29 18:32:14,667 [INFO] IPUIPlugin:80 - create IPUIPlugin
2025-08-29 18:32:14,667 [INFO] PluginManager:220 - loadIPPluginJar : add lorawan
2025-08-29 18:32:14,669 [INFO] IPUIPlugin:80 - create IPUIPlugin
2025-08-29 18:32:14,669 [INFO] PluginManager:220 - loadIPPluginJar : add gpio
2025-08-29 18:32:14,673 [INFO] IPUIPlugin:80 - create IPUIPlugin
2025-08-29 18:32:14,673 [INFO] PluginManager:220 - loadIPPluginJar : add mdma
2025-08-29 18:32:14,674 [INFO] IPUIPlugin:80 - create IPUIPlugin
2025-08-29 18:32:14,674 [INFO] PluginManager:220 - loadIPPluginJar : add openamp
2025-08-29 18:32:14,675 [INFO] IPUIPlugin:80 - create IPUIPlugin
2025-08-29 18:32:14,675 [INFO] PluginManager:220 - loadIPPluginJar : add ddr_ctrl_phy
2025-08-29 18:32:14,676 [INFO] IPUIPlugin:80 - create IPUIPlugin
2025-08-29 18:32:14,676 [INFO] PluginManager:220 - loadIPPluginJar : add dma3
2025-08-29 18:32:14,678 [INFO] IPUIPlugin:80 - create IPUIPlugin
2025-08-29 18:32:14,678 [INFO] PluginManager:220 - loadIPPluginJar : add nvic
2025-08-29 18:32:14,682 [INFO] IPUIPlugin:80 - create IPUIPlugin
2025-08-29 18:32:14,682 [INFO] PluginManager:220 - loadIPPluginJar : add dma
2025-08-29 18:32:14,683 [INFO] IPUIPlugin:80 - create IPUIPlugin
2025-08-29 18:32:14,683 [INFO] PluginManager:220 - loadIPPluginJar : add hash
2025-08-29 18:32:14,684 [INFO] IPUIPlugin:80 - create IPUIPlugin
2025-08-29 18:32:14,684 [INFO] PluginManager:220 - loadIPPluginJar : add ltdc
2025-08-29 18:32:14,685 [INFO] IPUIPlugin:80 - create IPUIPlugin
2025-08-29 18:32:14,685 [INFO] PluginManager:220 - loadIPPluginJar : add pdm2pcm
2025-08-29 18:32:14,685 [INFO] IPUIPlugin:80 - create IPUIPlugin
2025-08-29 18:32:14,685 [INFO] PluginManager:220 - loadIPPluginJar : add tsc
2025-08-29 18:32:14,689 [INFO] IPUIPlugin:80 - create IPUIPlugin
2025-08-29 18:32:14,689 [INFO] PluginManager:220 - loadIPPluginJar : add adc
2025-08-29 18:32:14,690 [INFO] IPUIPlugin:80 - create IPUIPlugin
2025-08-29 18:32:14,690 [INFO] PluginManager:220 - loadIPPluginJar : add dfsdm
2025-08-29 18:32:14,693 [INFO] IPUIPlugin:80 - create IPUIPlugin
2025-08-29 18:32:14,695 [INFO] PluginManager:220 - loadIPPluginJar : add plateformsettings
2025-08-29 18:32:14,788 [FATAL] Updater:351 - Updater called before beeing initialized
2025-08-29 18:32:14,808 [INFO] RulesReader:64 - Compatibility file has been processed (317 Rules)
2025-08-29 18:32:14,817 [INFO] RulesReader:64 - Compatibility file has been processed (317 Rules)
2025-08-29 18:32:14,822 [INFO] CADModel:165 - CPN selected for project level
2025-08-29 18:32:14,822 [INFO] CADModel:114 - Register for checkConnection events
2025-08-29 18:32:14,822 [FATAL] Updater:351 - Updater called before beeing initialized
2025-08-29 18:32:14,822 [ERROR] CADModel:125 - Updater not yet initialized, retry later 
2025-08-29 18:32:14,897 [FATAL] Updater:351 - Updater called before beeing initialized
2025-08-29 18:32:14,899 [INFO] CADModel:165 - CPN selected for project level
2025-08-29 18:32:14,899 [INFO] CADModel:114 - Register for checkConnection events
2025-08-29 18:32:14,899 [FATAL] Updater:351 - Updater called before beeing initialized
2025-08-29 18:32:14,899 [ERROR] CADModel:125 - Updater not yet initialized, retry later 
2025-08-29 18:32:14,901 [FATAL] Updater:351 - Updater called before beeing initialized
2025-08-29 18:32:14,949 [FATAL] Updater:351 - Updater called before beeing initialized
2025-08-29 18:32:14,951 [INFO] DbMcusAds:53 - JSON generation date=Thu Sep 30 08:55:09 CEST 2021 (1632984909247)
2025-08-29 18:32:14,952 [FATAL] Updater:351 - Updater called before beeing initialized
2025-08-29 18:32:14,975 [WARN] DetailPanel:346 - Failed to get advertising image, set to default
2025-08-29 18:32:15,039 [FATAL] Updater:351 - Updater called before beeing initialized
2025-08-29 18:32:15,040 [FATAL] Updater:351 - Updater called before beeing initialized
2025-08-29 18:32:15,040 [FATAL] Updater:351 - Updater called before beeing initialized
2025-08-29 18:32:15,040 [WARN] DetailPanel:346 - Failed to get advertising image, set to default
2025-08-29 18:32:15,041 [FATAL] Updater:351 - Updater called before beeing initialized
2025-08-29 18:32:15,063 [ERROR] Updater:1198 - MainUpdater not yet initialized. External WinMGr cannot be set.
2025-08-29 18:32:15,064 [INFO] Updater:1134 - Updater Version found : 6.15.0
2025-08-29 18:32:15,076 [INFO] ApplicationProperties:184 - Using Application install path: /home/joakim-wennergren/st/stm32cubeide_1.19.0/plugins/com.st.stm32cube.common.mx_6.15.0.202507011659
2025-08-29 18:32:15,274 [INFO] MainUpdater:2872 - connection check result : 10
2025-08-29 18:32:15,275 [INFO] MainUpdater:289 - Updater Check For Update Now.
2025-08-29 18:32:15,275 [INFO] MicroXplorer:498 - Change Database Version : DB.6.0.150
2025-08-29 18:32:15,278 [INFO] McuFinderGlobals:63 - Set McuFinder mode to 2 (CubeIDE integrated)
2025-08-29 18:32:15,278 [INFO] UserAuth:171 - activating auth plugin
2025-08-29 18:32:15,280 [INFO] UserAuth:487 - Internet connection configuration mode: 1
2025-08-29 18:32:15,293 [INFO] JxBrowserEngine:152 - Initiate JxBrowser Engine with user profile folder
2025-08-29 18:32:15,449 [INFO] CheckServerUpdateThread:120 - End of CheckServer Thread
2025-08-29 18:32:15,810 [INFO] WebApp:169 - Instantiating new browser for Auth
2025-08-29 18:32:16,368 [INFO] WebApp:463 - Apply proxy settings
2025-08-29 18:32:16,369 [INFO] WebApp:548 - Chromium requires no authentication
2025-08-29 18:32:16,376 [INFO] WebApp:491 - Direct internet connection detected
2025-08-29 18:32:16,389 [INFO] WebApp:900 - Register for checkConnection events
2025-08-29 18:32:16,389 [INFO] WebApp:463 - Apply proxy settings
2025-08-29 18:32:16,389 [INFO] WebApp:548 - Chromium requires no authentication
2025-08-29 18:32:16,389 [INFO] WebApp:491 - Direct internet connection detected
2025-08-29 18:32:16,471 [INFO] WebApp:225 - Starting web application
2025-08-29 18:32:16,472 [INFO] WebApp:593 - Web application path used /home/joakim-wennergren/st/stm32cubeide_1.19.0/plugins/com.st.stm32cube.common.mx_6.15.0.202507011659/db/plugins/mcufinder/reactClient1/index.html
2025-08-29 18:32:16,636 [INFO] WebApp:191 - Connection restablished
2025-08-29 18:32:17,423 [WARN] PackLoader:240 - Cannot read IP mode file for STMicroelectronics.FP-SNS-MOTENVWB1.1.4.0
2025-08-29 18:32:17,429 [WARN] PackLoader:240 - Cannot read IP mode file for STMicroelectronics.FP-ATR-ASTRA1.2.0.2
2025-08-29 18:32:17,434 [WARN] PackLoader:240 - Cannot read IP mode file for STMicroelectronics.X-CUBE-SMBUS.2.1.0
2025-08-29 18:32:17,437 [WARN] PackLoader:240 - Cannot read IP mode file for STMicroelectronics.X-CUBE-ST60.1.0.0
2025-08-29 18:32:17,460 [WARN] PackLoader:240 - Cannot read IP mode file for STMicroelectronics.X-CUBE-AZRTOS-F7.1.1.0
2025-08-29 18:32:17,469 [WARN] PackLoader:240 - Cannot read IP mode file for WES.I-CUBE-Cesium.1.4.0
2025-08-29 18:32:17,485 [WARN] PackLoader:240 - Cannot read IP mode file for Infineon.AIROC-Wi-Fi-Bluetooth-STM32.1.7.1
2025-08-29 18:32:17,507 [WARN] PackLoader:240 - Cannot read IP mode file for STMicroelectronics.X-CUBE-AZRTOS-H7.3.4.0
2025-08-29 18:32:17,514 [WARN] PackLoader:240 - Cannot read IP mode file for STMicroelectronics.X-CUBE-DISPLAY.3.0.0
2025-08-29 18:32:17,523 [WARN] PackLoader:240 - Cannot read IP mode file for STMicroelectronics.X-CUBE-NFC10.1.0.0
2025-08-29 18:32:17,526 [WARN] PackLoader:240 - Cannot read IP mode file for emotas.I-CUBE-CANOPEN.1.3.0
2025-08-29 18:32:17,531 [WARN] PackLoader:240 - Cannot read IP mode file for STMicroelectronics.FP-SNS-STBOX1.2.1.0
2025-08-29 18:32:17,534 [WARN] PackLoader:240 - Cannot read IP mode file for STMicroelectronics.FP-SNS-SMARTAG2.1.2.0
2025-08-29 18:32:17,536 [WARN] PackLoader:240 - Cannot read IP mode file for STMicroelectronics.FP-SNS-FLIGHT1.5.1.0
2025-08-29 18:32:17,541 [INFO] LogOutputStream:77 - [STDOUT_REDIRECT] 1 : Invalid condition id : UX_CORESTACK_Condition cause : null
2025-08-29 18:32:17,541 [INFO] LogOutputStream:77 - [STDOUT_REDIRECT] 1 : Invalid condition id : UX_CORESTACK_Condition cause : null
2025-08-29 18:32:17,541 [INFO] LogOutputStream:77 - [STDOUT_REDIRECT] 1 : Invalid condition id : UX_CORESTACK_Condition cause : null
2025-08-29 18:32:17,542 [INFO] LogOutputStream:77 - [STDOUT_REDIRECT] 1 : Invalid condition id : UX_CORESTACK_Condition cause : null
2025-08-29 18:32:17,542 [INFO] LogOutputStream:77 - [STDOUT_REDIRECT] 1 : Invalid condition id : UX_CORESTACK_Condition cause : null
2025-08-29 18:32:17,544 [WARN] PackLoader:240 - Cannot read IP mode file for STMicroelectronics.X-CUBE-AZRTOS-WL.2.0.0
2025-08-29 18:32:17,547 [WARN] PackLoader:240 - Cannot read IP mode file for STMicroelectronics.FP-SNS-MOTENV1.5.0.0
2025-08-29 18:32:17,551 [WARN] PackLoader:240 - Cannot read IP mode file for STMicroelectronics.X-CUBE-BLE2.3.3.0
2025-08-29 18:32:17,555 [WARN] PackLoader:240 - Cannot read IP mode file for STMicroelectronics.X-CUBE-NFC9.1.0.0
2025-08-29 18:32:17,560 [WARN] PackLoader:240 - Cannot read IP mode file for wolfSSL.I-CUBE-wolfSSL.5.8.2
2025-08-29 18:32:17,579 [WARN] PackLoader:240 - Cannot read IP mode file for STMicroelectronics.X-CUBE-BLE1.7.1.0
2025-08-29 18:32:17,582 [WARN] PackLoader:240 - Cannot read IP mode file for wolfSSL.I-CUBE-wolfMQTT.1.19.2
2025-08-29 18:32:17,585 [WARN] PackLoader:240 - Cannot read IP mode file for STMicroelectronics.X-CUBE-EEPRMA1.5.2.0
2025-08-29 18:32:17,597 [WARN] PackLoader:240 - Cannot read IP mode file for STMicroelectronics.X-CUBE-AZRTOS-G0.1.1.0
2025-08-29 18:32:17,602 [WARN] PackLoader:240 - Cannot read IP mode file for STMicroelectronics.X-CUBE-SAFEA1.1.2.2
2025-08-29 18:32:17,606 [WARN] PackLoader:240 - Cannot read IP mode file for STMicroelectronics.X-CUBE-NFC4.3.0.0
2025-08-29 18:32:17,611 [WARN] PackLoader:240 - Cannot read IP mode file for EmbeddedOffice.I-CUBE-FS-RTOS.1.0.1
2025-08-29 18:32:17,615 [WARN] PackLoader:240 - Cannot read IP mode file for STMicroelectronics.X-CUBE-WB05N.2.0.0
2025-08-29 18:32:17,617 [WARN] PackLoader:240 - Cannot read IP mode file for wolfSSL.I-CUBE-wolfTPM.3.8.0
2025-08-29 18:32:17,620 [WARN] PackLoader:240 - Cannot read IP mode file for STMicroelectronics.X-CUBE-TCPP.4.2.0
2025-08-29 18:32:17,623 [WARN] PackLoader:240 - Cannot read IP mode file for RealThread.X-CUBE-RT-Thread_Nano.4.1.1
2025-08-29 18:32:17,625 [WARN] PackLoader:240 - Cannot read IP mode file for STMicroelectronics.FP-ATR-SIGFOX1.3.2.0
2025-08-29 18:32:17,628 [WARN] PackLoader:240 - Cannot read IP mode file for ITTIA_DB.I-CUBE-ITTIADB.8.9.0
2025-08-29 18:32:17,631 [WARN] PackLoader:240 - Cannot read IP mode file for STMicroelectronics.X-CUBE-ST67W61.1.0.0
2025-08-29 18:32:17,634 [WARN] PackLoader:240 - Cannot read IP mode file for STMicroelectronics.X-CUBE-AI.10.2.0
2025-08-29 18:32:17,665 [WARN] PackLoader:240 - Cannot read IP mode file for SEGGER.I-CUBE-embOS.1.3.1
2025-08-29 18:32:17,695 [WARN] PackLoader:240 - Cannot read IP mode file for STMicroelectronics.X-CUBE-ALGOBUILD.1.4.0
2025-08-29 18:32:17,721 [WARN] PackLoader:240 - Cannot read IP mode file for STMicroelectronics.X-CUBE-MEMS1.11.3.0
2025-08-29 18:32:17,801 [WARN] PackLoader:240 - Cannot read IP mode file for STMicroelectronics.X-CUBE-PM33A1.1.0.0
2025-08-29 18:32:17,811 [WARN] PackLoader:240 - Cannot read IP mode file for STMicroelectronics.X-CUBE-AZRTOS-F4.1.1.0
2025-08-29 18:32:17,815 [WARN] PackLoader:240 - Cannot read IP mode file for Avnet-IotConnect.X-CUBE-IoTC-DA16k-PMOD.1.0.0
2025-08-29 18:32:17,817 [WARN] PackLoader:240 - Cannot read IP mode file for STMicroelectronics.X-CUBE-ISPU.2.1.0
2025-08-29 18:32:17,821 [WARN] PackLoader:240 - Cannot read IP mode file for STMicroelectronics.X-CUBE-NFC12.1.0.0
2025-08-29 18:32:17,831 [WARN] PackLoader:240 - Cannot read IP mode file for STMicroelectronics.X-CUBE-AZRTOS-L5.2.0.0
2025-08-29 18:32:17,847 [WARN] PackLoader:240 - Cannot read IP mode file for STMicroelectronics.X-CUBE-NFC6.3.1.0
2025-08-29 18:32:17,853 [WARN] PackLoader:240 - Cannot read IP mode file for STMicroelectronics.X-CUBE-FREERTOS.1.3.1
2025-08-29 18:32:17,857 [WARN] PackLoader:240 - Cannot read IP mode file for STMicroelectronics.FP-SNS-STAIOTCFT.1.0.0
2025-08-29 18:32:17,861 [WARN] PackLoader:240 - Cannot read IP mode file for STMicroelectronics.X-CUBE-DPower.1.3.0
2025-08-29 18:32:17,875 [WARN] ConditionMgr:438 - getConditionDescription Invalid condition id : LAN8742 Phy interface Condition cause : null
2025-08-29 18:32:17,876 [WARN] PackLoader:240 - Cannot read IP mode file for STMicroelectronics.X-CUBE-AZRTOS-L4.2.0.0
2025-08-29 18:32:17,877 [WARN] ConditionMgr:1044 - genDependencies : Invalid condition id : LAN8742 Phy interface Condition cause : null
2025-08-29 18:32:17,877 [WARN] ConditionMgr:1044 - genDependencies : Invalid condition id : LAN8742 Phy interface Condition cause : null
2025-08-29 18:32:17,877 [WARN] ConditionMgr:1044 - genDependencies : Invalid condition id : LAN8742 Phy interface Condition cause : null
2025-08-29 18:32:17,883 [WARN] PackLoader:240 - Cannot read IP mode file for STMicroelectronics.X-CUBE-SFXS2LP1.4.0.0
2025-08-29 18:32:17,891 [WARN] PackLoader:240 - Cannot read IP mode file for STMicroelectronics.X-CUBE-BLEMGR.4.1.0
2025-08-29 18:32:17,902 [WARN] ConditionMgr:438 - getConditionDescription Invalid condition id : UX DEVICE CLASS RTOS Condition cause : null
2025-08-29 18:32:17,902 [WARN] ConditionMgr:438 - getConditionDescription Invalid condition id : UX DEVICE CLASS RTOS Condition cause : null
2025-08-29 18:32:17,904 [WARN] PackLoader:240 - Cannot read IP mode file for STMicroelectronics.X-CUBE-AZRTOS-WB.2.0.0
2025-08-29 18:32:17,905 [WARN] ConditionMgr:1044 - genDependencies : Invalid condition id : UX DEVICE CLASS RTOS Condition cause : null
2025-08-29 18:32:17,905 [WARN] ConditionMgr:1044 - genDependencies : Invalid condition id : UX DEVICE CLASS RTOS Condition cause : null
2025-08-29 18:32:17,905 [WARN] ConditionMgr:1044 - genDependencies : Invalid condition id : UX DEVICE CLASS RTOS Condition cause : null
2025-08-29 18:32:17,905 [WARN] ConditionMgr:1044 - genDependencies : Invalid condition id : UX DEVICE CLASS RTOS Condition cause : null
2025-08-29 18:32:17,905 [WARN] ConditionMgr:1044 - genDependencies : Invalid condition id : UX DEVICE CLASS RTOS Condition cause : null
2025-08-29 18:32:17,909 [WARN] PackLoader:240 - Cannot read IP mode file for STMicroelectronics.X-CUBE-GNSS1.7.0.1
2025-08-29 18:32:17,912 [WARN] PackLoader:240 - Cannot read IP mode file for STMicroelectronics.X-CUBE-TOUCHGFX.4.25.0
2025-08-29 18:32:17,914 [WARN] ConditionMgr:438 - getConditionDescription Invalid condition id : Cortex-A Device cause : null
2025-08-29 18:32:17,924 [WARN] ConditionMgr:1044 - genDependencies : Invalid condition id : Cortex-A Device cause : null
2025-08-29 18:32:17,924 [WARN] ConditionMgr:1044 - genDependencies : Invalid condition id : Cortex-A Device cause : null
2025-08-29 18:32:17,924 [WARN] ConditionMgr:1044 - genDependencies : Invalid condition id : Cortex-A Device cause : null
2025-08-29 18:32:17,931 [WARN] PackLoader:240 - Cannot read IP mode file for STMicroelectronics.X-CUBE-SUBG2.5.0.0
2025-08-29 18:32:17,949 [WARN] PackLoader:240 - Cannot read IP mode file for STMicroelectronics.X-CUBE-AZRTOS-H7RS.1.1.0
2025-08-29 18:32:17,952 [WARN] PackLoader:240 - Cannot read IP mode file for Cesanta.I-CUBE-Mongoose.7.13.0
2025-08-29 18:32:17,958 [WARN] PackLoader:240 - Cannot read IP mode file for STMicroelectronics.X-CUBE-AZRTOS-G4.2.0.0
2025-08-29 18:32:17,960 [WARN] PackLoader:240 - Cannot read IP mode file for wolfSSL.I-CUBE-wolfSSH.1.4.20
2025-08-29 18:32:17,962 [WARN] PackLoader:240 - Cannot read IP mode file for STMicroelectronics.X-CUBE-NFC7.2.0.0
2025-08-29 18:32:17,969 [WARN] PackLoader:240 - Cannot read IP mode file for STMicroelectronics.X-CUBE-IPS.3.1.0
2025-08-29 18:32:17,973 [WARN] PackLoader:240 - Cannot read IP mode file for STMicroelectronics.X-CUBE-ALS.1.0.2
2025-08-29 18:32:17,978 [WARN] PackLoader:240 - Cannot read IP mode file for STMicroelectronics.X-CUBE-TOF1.3.4.3
2025-08-29 18:32:17,984 [INFO] ThirdParty:978 - Integrity check success = true
2025-08-29 18:32:17,984 [INFO] IntegrityCheckThread:100 - exiting critical section [integrity check]
2025-08-29 18:32:17,984 [INFO] IntegrityCheckThread:103 - End integrity checks thread
2025-08-29 18:36:41,196 [ERROR] LogOutputStream:75 - [STDERR_REDIRECT] 
2025-08-29 18:36:44,617 [INFO] Activator:176 - 


2025-08-29 18:36:44,618 [INFO] Activator:177 - !SESSION log4j initialized
2025-08-29 18:36:47,162 [INFO] LogOutputStream:77 - [STDOUT_REDIRECT] 
2025-08-29 18:36:47,834 [INFO] ApplicationProperties:184 - Using Application install path: /home/joakim-wennergren/st/stm32cubeide_1.19.0/plugins/com.st.stm32cube.common.mx_6.15.0.202507011659
2025-08-29 18:36:47,846 [INFO] DbMcusXml:78 - Set database path to: /home/joakim-wennergren/st/stm32cubeide_1.19.0/plugins/com.st.stm32cube.common.mx_6.15.0.202507011659//db//mcu/
2025-08-29 18:36:47,847 [INFO] ApiDb:274 - Set plugin database path to: /home/joakim-wennergren/st/stm32cubeide_1.19.0/plugins/com.st.stm32cube.common.mx_6.15.0.202507011659//db//plugins/boardmanager/
2025-08-29 18:36:47,847 [WARN] ApiDb:259 - Overriding images path with different value:  => /home/joakim-wennergren/st/stm32cubeide_1.19.0/plugins/com.st.stm32cube.common.mx_6.15.0.202507011659//db//plugins/mcufinder/images/
2025-08-29 18:36:47,849 [INFO] ApiDb:250 - Set database path to: /home/joakim-wennergren/.stmcufinder/plugins/mcufinder//mcu/
2025-08-29 18:36:47,850 [INFO] DbMcusAds:125 - Set database path to: /home/joakim-wennergren/.stmcufinder/plugins/mcufinder//mcu/
2025-08-29 18:36:47,852 [INFO] CrossReferenceDbSqlite:203 - Set database path to: /home/joakim-wennergren/.stmcufinder/plugins/mcufinder//mcu/cs/
2025-08-29 18:36:47,943 [INFO] RulesReader:64 - Compatibility file has been processed (317 Rules)
2025-08-29 18:36:47,980 [INFO] DbMcusXml:78 - Set database path to: /home/joakim-wennergren/st/stm32cubeide_1.19.0/plugins/com.st.stm32cube.common.mx_6.15.0.202507011659//db//mcu/
2025-08-29 18:36:47,981 [INFO] ApiDb:274 - Set plugin database path to: /home/joakim-wennergren/st/stm32cubeide_1.19.0/plugins/com.st.stm32cube.common.mx_6.15.0.202507011659//db//plugins/boardmanager/
2025-08-29 18:36:47,981 [INFO] ApiDb:261 - Set plugin images path to: /home/joakim-wennergren/st/stm32cubeide_1.19.0/plugins/com.st.stm32cube.common.mx_6.15.0.202507011659//db//plugins/mcufinder/images/
2025-08-29 18:36:47,981 [WARN] DbFile:41 - Overriding database path with different value: /home/joakim-wennergren/.stmcufinder/plugins/mcufinder/ => /home/joakim-wennergren/.stmcufinder/plugins/mcufinder
2025-08-29 18:36:47,981 [INFO] ApiDb:250 - Set database path to: /home/joakim-wennergren/.stmcufinder/plugins/mcufinder//mcu/
2025-08-29 18:36:47,981 [WARN] DbFile:41 - Overriding database path with different value: /home/joakim-wennergren/.stmcufinder/plugins/mcufinder/ => /home/joakim-wennergren/.stmcufinder/plugins/mcufinder
2025-08-29 18:36:47,981 [INFO] DbMcusAds:125 - Set database path to: /home/joakim-wennergren/.stmcufinder/plugins/mcufinder//mcu/
2025-08-29 18:36:47,981 [WARN] DbFile:41 - Overriding database path with different value: /home/joakim-wennergren/.stmcufinder/plugins/mcufinder/ => /home/joakim-wennergren/.stmcufinder/plugins/mcufinder
2025-08-29 18:36:47,981 [WARN] DbFile:41 - Overriding database path with different value: /home/joakim-wennergren/.stmcufinder/plugins/mcufinder/ => /home/joakim-wennergren/.stmcufinder/plugins/mcufinder
2025-08-29 18:36:47,981 [INFO] CrossReferenceDbSqlite:203 - Set database path to: /home/joakim-wennergren/.stmcufinder/plugins/mcufinder//mcu/cs/
2025-08-29 18:36:48,017 [INFO] MainPanel:274 - HeapMemory: 268435456
2025-08-29 18:36:48,106 [INFO] DbMcusXml:78 - Set database path to: /home/joakim-wennergren/st/stm32cubeide_1.19.0/plugins/com.st.stm32cube.common.mx_6.15.0.202507011659//db//mcu/
2025-08-29 18:36:48,107 [INFO] ApiDb:274 - Set plugin database path to: /home/joakim-wennergren/st/stm32cubeide_1.19.0/plugins/com.st.stm32cube.common.mx_6.15.0.202507011659//db//plugins/boardmanager/
2025-08-29 18:36:48,107 [INFO] ApiDb:261 - Set plugin images path to: /home/joakim-wennergren/st/stm32cubeide_1.19.0/plugins/com.st.stm32cube.common.mx_6.15.0.202507011659//db//plugins/mcufinder/images/
2025-08-29 18:36:48,107 [WARN] DbFile:41 - Overriding database path with different value: /home/joakim-wennergren/.stmcufinder/plugins/mcufinder/ => /home/joakim-wennergren/.stmcufinder/plugins/mcufinder
2025-08-29 18:36:48,107 [INFO] ApiDb:250 - Set database path to: /home/joakim-wennergren/.stmcufinder/plugins/mcufinder//mcu/
2025-08-29 18:36:48,107 [WARN] DbFile:41 - Overriding database path with different value: /home/joakim-wennergren/.stmcufinder/plugins/mcufinder/ => /home/joakim-wennergren/.stmcufinder/plugins/mcufinder
2025-08-29 18:36:48,107 [INFO] DbMcusAds:125 - Set database path to: /home/joakim-wennergren/.stmcufinder/plugins/mcufinder//mcu/
2025-08-29 18:36:48,107 [WARN] DbFile:41 - Overriding database path with different value: /home/joakim-wennergren/.stmcufinder/plugins/mcufinder/ => /home/joakim-wennergren/.stmcufinder/plugins/mcufinder
2025-08-29 18:36:48,107 [WARN] DbFile:41 - Overriding database path with different value: /home/joakim-wennergren/.stmcufinder/plugins/mcufinder/ => /home/joakim-wennergren/.stmcufinder/plugins/mcufinder
2025-08-29 18:36:48,107 [INFO] CrossReferenceDbSqlite:203 - Set database path to: /home/joakim-wennergren/.stmcufinder/plugins/mcufinder//mcu/cs/
2025-08-29 18:36:48,117 [INFO] ApplicationProperties:184 - Using Application install path: /home/joakim-wennergren/st/stm32cubeide_1.19.0/plugins/com.st.stm32cube.common.mx_6.15.0.202507011659
2025-08-29 18:36:48,118 [INFO] PluginManage:196 - Search for loadable plugins [exclusion list=, ]
2025-08-29 18:36:48,119 [INFO] PluginManage:310 - Check plugin analytics
2025-08-29 18:36:48,224 [INFO] AnalyticsPlugin:253 - Accepted Software Licenses: 
2025-08-29 18:36:48,224 [INFO] AnalyticsPlugin:255 - Accepted CMSIS Pack Licenses: 
2025-08-29 18:36:48,224 [INFO] AnalyticsPlugin:257 - Accepted Firmware Licenses: 
2025-08-29 18:36:48,226 [INFO] PluginManage:359 - Loaded plugin analytics (category:tool,tabindex:-1)
2025-08-29 18:36:48,226 [INFO] PluginManage:310 - Check plugin cadmodel
2025-08-29 18:36:48,228 [INFO] CADModel:105 - Init CAD model plugin
2025-08-29 18:36:48,229 [INFO] PluginManage:359 - Loaded plugin cadmodel (category:power,tabindex:5)
2025-08-29 18:36:48,229 [INFO] PluginManage:310 - Check plugin clock
2025-08-29 18:36:48,234 [INFO] PluginManage:359 - Loaded plugin clock (category:base,tabindex:2)
2025-08-29 18:36:48,234 [INFO] PluginManage:310 - Check plugin ddr
2025-08-29 18:36:48,235 [INFO] PluginManage:359 - Loaded plugin ddr (category:tool,tabindex:6)
2025-08-29 18:36:48,235 [INFO] PluginManage:310 - Check plugin filemanager
2025-08-29 18:36:48,326 [INFO] PluginManage:359 - Loaded plugin filemanager (category:base,tabindex:10)
2025-08-29 18:36:48,326 [INFO] PluginManage:310 - Check plugin ipmanager
2025-08-29 18:36:48,329 [INFO] PluginManage:359 - Loaded plugin ipmanager (category:base,tabindex:5)
2025-08-29 18:36:48,329 [INFO] PluginManage:310 - Check plugin lpbam
2025-08-29 18:36:48,335 [INFO] PluginManage:359 - Loaded plugin lpbam (category:base,tabindex:0)
2025-08-29 18:36:48,335 [INFO] PluginManage:310 - Check plugin memorymap
2025-08-29 18:36:48,344 [INFO] PluginManage:359 - Loaded plugin memorymap (category:base,tabindex:4)
2025-08-29 18:36:48,344 [INFO] PluginManage:310 - Check plugin pinoutandconfiguration
2025-08-29 18:36:48,349 [INFO] PluginManage:359 - Loaded plugin pinoutandconfiguration (category:base,tabindex:1)
2025-08-29 18:36:48,349 [INFO] PluginManage:310 - Check plugin pinoutconfig
2025-08-29 18:36:48,400 [WARN] SupportedApi:132 - Cannot load RTOS API schema: s4s-elt-must-match.1: The content of 'definitions' must match (annotation?, (simpleType | complexType)?, (unique | key | keyref)*)). A problem was found starting at: attribute.
2025-08-29 18:36:48,472 [INFO] PluginManage:359 - Loaded plugin pinoutconfig (category:base,tabindex:0)
2025-08-29 18:36:48,472 [INFO] PluginManage:310 - Check plugin power
2025-08-29 18:36:48,477 [INFO] PluginManage:359 - Loaded plugin power (category:power,tabindex:4)
2025-08-29 18:36:48,477 [INFO] PluginManage:310 - Check plugin projectmanager
2025-08-29 18:36:48,486 [INFO] PluginManage:359 - Loaded plugin projectmanager (category:projectmanager,tabindex:4)
2025-08-29 18:36:48,486 [INFO] PluginManage:310 - Check plugin rif
2025-08-29 18:36:48,491 [INFO] PluginManage:359 - Loaded plugin rif (category:base,tabindex:3)
2025-08-29 18:36:48,491 [INFO] PluginManage:310 - Check plugin thirdparty
2025-08-29 18:36:48,552 [INFO] PluginManage:359 - Loaded plugin thirdparty (category:base,tabindex:-1)
2025-08-29 18:36:48,552 [INFO] PluginManage:310 - Check plugin tools
2025-08-29 18:36:48,552 [WARN] IntegrityCheckThread:84 - waiting for thirdparty lock release [integrity check]
2025-08-29 18:36:48,552 [INFO] IntegrityCheckThread:86 - entering critical section [integrity check]
2025-08-29 18:36:48,552 [INFO] ThirdPartyUpdaterWithRetryManager:70 - Updater plugin not ready yet. [1/15]
2025-08-29 18:36:48,553 [INFO] PluginManage:359 - Loaded plugin tools (category:base,tabindex:7)
2025-08-29 18:36:48,553 [INFO] PluginManage:310 - Check plugin tutovideos
2025-08-29 18:36:48,676 [INFO] PluginManage:359 - Loaded plugin tutovideos (category:base,tabindex:-1)
2025-08-29 18:36:48,676 [INFO] PluginManage:310 - Check plugin updater
2025-08-29 18:36:48,690 [INFO] PluginManage:359 - Loaded plugin updater (category:base,tabindex:12)
2025-08-29 18:36:48,691 [INFO] PluginManage:310 - Check plugin userauth
2025-08-29 18:36:48,693 [INFO] UserAuth:118 - Init User Auth plugin
2025-08-29 18:36:48,693 [INFO] PluginManage:359 - Loaded plugin userauth (category:base,tabindex:14)
2025-08-29 18:36:48,693 [INFO] PluginManage:283 - PluginManage : Loaded plugins [18]
2025-08-29 18:36:48,792 [INFO] PinOutPanel:1589 - setPackage(No Configuration,No Configuration)
2025-08-29 18:36:48,832 [INFO] CADModel:165 - CPN selected for project level
2025-08-29 18:36:48,833 [INFO] CADModel:114 - Register for checkConnection events
2025-08-29 18:36:48,840 [INFO] IPUIPlugin:80 - create IPUIPlugin
2025-08-29 18:36:48,841 [INFO] PluginManager:220 - loadIPPluginJar : add opamp
2025-08-29 18:36:48,842 [INFO] IPUIPlugin:80 - create IPUIPlugin
2025-08-29 18:36:48,842 [INFO] PluginManager:220 - loadIPPluginJar : add ipddr
2025-08-29 18:36:48,844 [INFO] IPUIPlugin:80 - create IPUIPlugin
2025-08-29 18:36:48,844 [INFO] PluginManager:220 - loadIPPluginJar : add sai
2025-08-29 18:36:48,845 [INFO] IPUIPlugin:80 - create IPUIPlugin
2025-08-29 18:36:48,845 [INFO] PluginManager:220 - loadIPPluginJar : add can
2025-08-29 18:36:48,846 [INFO] IPUIPlugin:80 - create IPUIPlugin
2025-08-29 18:36:48,846 [INFO] PluginManager:220 - loadIPPluginJar : add gfxmmu
2025-08-29 18:36:48,849 [INFO] IPUIPlugin:80 - create IPUIPlugin
2025-08-29 18:36:48,849 [INFO] PluginManager:220 - loadIPPluginJar : add stm32_wpan
2025-08-29 18:36:48,851 [INFO] IPUIPlugin:80 - create IPUIPlugin
2025-08-29 18:36:48,851 [INFO] PluginManager:220 - loadIPPluginJar : add touchsensing
2025-08-29 18:36:48,852 [INFO] IPUIPlugin:80 - create IPUIPlugin
2025-08-29 18:36:48,852 [INFO] PluginManager:220 - loadIPPluginJar : add i2c
2025-08-29 18:36:48,853 [INFO] IPUIPlugin:80 - create IPUIPlugin
2025-08-29 18:36:48,853 [INFO] PluginManager:220 - loadIPPluginJar : add i2s
2025-08-29 18:36:48,854 [INFO] IPUIPlugin:80 - create IPUIPlugin
2025-08-29 18:36:48,854 [INFO] PluginManager:220 - loadIPPluginJar : add tracer_emb
2025-08-29 18:36:48,855 [INFO] IPUIPlugin:80 - create IPUIPlugin
2025-08-29 18:36:48,855 [INFO] PluginManager:220 - loadIPPluginJar : add aes
2025-08-29 18:36:48,855 [INFO] IPUIPlugin:80 - create IPUIPlugin
2025-08-29 18:36:48,855 [INFO] PluginManager:220 - loadIPPluginJar : add quadspi
2025-08-29 18:36:48,856 [INFO] IPUIPlugin:80 - create IPUIPlugin
2025-08-29 18:36:48,856 [INFO] PluginManager:220 - loadIPPluginJar : add radio
2025-08-29 18:36:48,857 [INFO] IPUIPlugin:80 - create IPUIPlugin
2025-08-29 18:36:48,857 [INFO] PluginManager:220 - loadIPPluginJar : add i3c
2025-08-29 18:36:48,858 [INFO] IPUIPlugin:80 - create IPUIPlugin
2025-08-29 18:36:48,858 [INFO] PluginManager:220 - loadIPPluginJar : add ucpd
2025-08-29 18:36:48,859 [INFO] IPUIPlugin:80 - create IPUIPlugin
2025-08-29 18:36:48,859 [INFO] PluginManager:220 - loadIPPluginJar : add genericplugin
2025-08-29 18:36:48,859 [INFO] IPUIPlugin:80 - create IPUIPlugin
2025-08-29 18:36:48,859 [INFO] PluginManager:220 - loadIPPluginJar : add fatfs
2025-08-29 18:36:48,861 [INFO] IPUIPlugin:80 - create IPUIPlugin
2025-08-29 18:36:48,861 [INFO] PluginManager:220 - loadIPPluginJar : add resmgrutility
2025-08-29 18:36:48,861 [INFO] IPUIPlugin:80 - create IPUIPlugin
2025-08-29 18:36:48,862 [INFO] PluginManager:220 - loadIPPluginJar : add ts
2025-08-29 18:36:48,864 [INFO] IPUIPlugin:80 - create IPUIPlugin
2025-08-29 18:36:48,864 [INFO] PluginManager:220 - loadIPPluginJar : add freertos
2025-08-29 18:36:48,866 [INFO] IPUIPlugin:80 - create IPUIPlugin
2025-08-29 18:36:48,866 [INFO] PluginManager:220 - loadIPPluginJar : add extmemmanager
2025-08-29 18:36:48,868 [INFO] IPUIPlugin:80 - create IPUIPlugin
2025-08-29 18:36:48,868 [INFO] PluginManager:220 - loadIPPluginJar : add gic
2025-08-29 18:36:48,872 [INFO] IPUIPlugin:80 - create IPUIPlugin
2025-08-29 18:36:48,872 [INFO] PluginManager:220 - loadIPPluginJar : add linkedlist
2025-08-29 18:36:48,873 [INFO] IPUIPlugin:80 - create IPUIPlugin
2025-08-29 18:36:48,873 [INFO] PluginManager:220 - loadIPPluginJar : add tim
2025-08-29 18:36:48,874 [INFO] IPUIPlugin:80 - create IPUIPlugin
2025-08-29 18:36:48,874 [INFO] PluginManager:220 - loadIPPluginJar : add usart
2025-08-29 18:36:48,875 [INFO] IPUIPlugin:80 - create IPUIPlugin
2025-08-29 18:36:48,875 [INFO] PluginManager:220 - loadIPPluginJar : add gtzc
2025-08-29 18:36:48,876 [INFO] IPUIPlugin:80 - create IPUIPlugin
2025-08-29 18:36:48,876 [INFO] PluginManager:220 - loadIPPluginJar : add spi
2025-08-29 18:36:48,878 [INFO] IPUIPlugin:80 - create IPUIPlugin
2025-08-29 18:36:48,878 [INFO] PluginManager:220 - loadIPPluginJar : add usbx
2025-08-29 18:36:48,880 [INFO] IPUIPlugin:80 - create IPUIPlugin
2025-08-29 18:36:48,880 [INFO] PluginManager:220 - loadIPPluginJar : add fmc
2025-08-29 18:36:48,881 [INFO] IPUIPlugin:80 - create IPUIPlugin
2025-08-29 18:36:48,881 [INFO] PluginManager:220 - loadIPPluginJar : add comp
2025-08-29 18:36:48,882 [INFO] IPUIPlugin:80 - create IPUIPlugin
2025-08-29 18:36:48,882 [INFO] PluginManager:220 - loadIPPluginJar : add cryp
2025-08-29 18:36:48,883 [INFO] IPUIPlugin:80 - create IPUIPlugin
2025-08-29 18:36:48,883 [INFO] PluginManager:220 - loadIPPluginJar : add lorawan
2025-08-29 18:36:48,885 [INFO] IPUIPlugin:80 - create IPUIPlugin
2025-08-29 18:36:48,885 [INFO] PluginManager:220 - loadIPPluginJar : add gpio
2025-08-29 18:36:48,888 [INFO] IPUIPlugin:80 - create IPUIPlugin
2025-08-29 18:36:48,888 [INFO] PluginManager:220 - loadIPPluginJar : add mdma
2025-08-29 18:36:48,889 [INFO] IPUIPlugin:80 - create IPUIPlugin
2025-08-29 18:36:48,889 [INFO] PluginManager:220 - loadIPPluginJar : add openamp
2025-08-29 18:36:48,890 [INFO] IPUIPlugin:80 - create IPUIPlugin
2025-08-29 18:36:48,890 [INFO] PluginManager:220 - loadIPPluginJar : add ddr_ctrl_phy
2025-08-29 18:36:48,891 [INFO] IPUIPlugin:80 - create IPUIPlugin
2025-08-29 18:36:48,891 [INFO] PluginManager:220 - loadIPPluginJar : add dma3
2025-08-29 18:36:48,892 [INFO] IPUIPlugin:80 - create IPUIPlugin
2025-08-29 18:36:48,892 [INFO] PluginManager:220 - loadIPPluginJar : add nvic
2025-08-29 18:36:48,896 [INFO] IPUIPlugin:80 - create IPUIPlugin
2025-08-29 18:36:48,896 [INFO] PluginManager:220 - loadIPPluginJar : add dma
2025-08-29 18:36:48,897 [INFO] IPUIPlugin:80 - create IPUIPlugin
2025-08-29 18:36:48,897 [INFO] PluginManager:220 - loadIPPluginJar : add hash
2025-08-29 18:36:48,897 [INFO] IPUIPlugin:80 - create IPUIPlugin
2025-08-29 18:36:48,897 [INFO] PluginManager:220 - loadIPPluginJar : add ltdc
2025-08-29 18:36:48,898 [INFO] IPUIPlugin:80 - create IPUIPlugin
2025-08-29 18:36:48,898 [INFO] PluginManager:220 - loadIPPluginJar : add pdm2pcm
2025-08-29 18:36:48,899 [INFO] IPUIPlugin:80 - create IPUIPlugin
2025-08-29 18:36:48,899 [INFO] PluginManager:220 - loadIPPluginJar : add tsc
2025-08-29 18:36:48,902 [INFO] IPUIPlugin:80 - create IPUIPlugin
2025-08-29 18:36:48,902 [INFO] PluginManager:220 - loadIPPluginJar : add adc
2025-08-29 18:36:48,903 [INFO] IPUIPlugin:80 - create IPUIPlugin
2025-08-29 18:36:48,903 [INFO] PluginManager:220 - loadIPPluginJar : add dfsdm
2025-08-29 18:36:48,906 [INFO] IPUIPlugin:80 - create IPUIPlugin
2025-08-29 18:36:48,908 [INFO] PluginManager:220 - loadIPPluginJar : add plateformsettings
2025-08-29 18:36:48,997 [FATAL] Updater:351 - Updater called before beeing initialized
2025-08-29 18:36:49,014 [INFO] RulesReader:64 - Compatibility file has been processed (317 Rules)
2025-08-29 18:36:49,023 [INFO] RulesReader:64 - Compatibility file has been processed (317 Rules)
2025-08-29 18:36:49,027 [INFO] CADModel:165 - CPN selected for project level
2025-08-29 18:36:49,027 [INFO] CADModel:114 - Register for checkConnection events
2025-08-29 18:36:49,027 [FATAL] Updater:351 - Updater called before beeing initialized
2025-08-29 18:36:49,028 [ERROR] CADModel:125 - Updater not yet initialized, retry later 
2025-08-29 18:36:49,100 [FATAL] Updater:351 - Updater called before beeing initialized
2025-08-29 18:36:49,101 [INFO] CADModel:165 - CPN selected for project level
2025-08-29 18:36:49,101 [INFO] CADModel:114 - Register for checkConnection events
2025-08-29 18:36:49,101 [FATAL] Updater:351 - Updater called before beeing initialized
2025-08-29 18:36:49,101 [ERROR] CADModel:125 - Updater not yet initialized, retry later 
2025-08-29 18:36:49,103 [FATAL] Updater:351 - Updater called before beeing initialized
2025-08-29 18:36:49,150 [FATAL] Updater:351 - Updater called before beeing initialized
2025-08-29 18:36:49,153 [INFO] DbMcusAds:53 - JSON generation date=Thu Sep 30 08:55:09 CEST 2021 (1632984909247)
2025-08-29 18:36:49,153 [FATAL] Updater:351 - Updater called before beeing initialized
2025-08-29 18:36:49,175 [WARN] DetailPanel:346 - Failed to get advertising image, set to default
2025-08-29 18:36:49,238 [FATAL] Updater:351 - Updater called before beeing initialized
2025-08-29 18:36:49,239 [FATAL] Updater:351 - Updater called before beeing initialized
2025-08-29 18:36:49,239 [FATAL] Updater:351 - Updater called before beeing initialized
2025-08-29 18:36:49,239 [WARN] DetailPanel:346 - Failed to get advertising image, set to default
2025-08-29 18:36:49,240 [FATAL] Updater:351 - Updater called before beeing initialized
2025-08-29 18:36:49,260 [ERROR] Updater:1198 - MainUpdater not yet initialized. External WinMGr cannot be set.
2025-08-29 18:36:49,261 [INFO] Updater:1134 - Updater Version found : 6.15.0
2025-08-29 18:36:49,273 [INFO] ApplicationProperties:184 - Using Application install path: /home/joakim-wennergren/st/stm32cubeide_1.19.0/plugins/com.st.stm32cube.common.mx_6.15.0.202507011659
2025-08-29 18:36:49,625 [INFO] MainUpdater:2872 - connection check result : 10
2025-08-29 18:36:49,625 [INFO] MainUpdater:289 - Updater Check For Update Now.
2025-08-29 18:36:49,626 [INFO] MicroXplorer:498 - Change Database Version : DB.6.0.150
2025-08-29 18:36:49,629 [INFO] McuFinderGlobals:63 - Set McuFinder mode to 2 (CubeIDE integrated)
2025-08-29 18:36:49,629 [INFO] UserAuth:171 - activating auth plugin
2025-08-29 18:36:49,631 [INFO] UserAuth:487 - Internet connection configuration mode: 1
2025-08-29 18:36:49,642 [INFO] JxBrowserEngine:152 - Initiate JxBrowser Engine with user profile folder
2025-08-29 18:36:49,790 [INFO] CheckServerUpdateThread:120 - End of CheckServer Thread
2025-08-29 18:36:50,091 [INFO] WebApp:169 - Instantiating new browser for Auth
2025-08-29 18:36:50,583 [INFO] WebApp:463 - Apply proxy settings
2025-08-29 18:36:50,583 [INFO] WebApp:548 - Chromium requires no authentication
2025-08-29 18:36:50,588 [INFO] WebApp:491 - Direct internet connection detected
2025-08-29 18:36:50,600 [INFO] WebApp:900 - Register for checkConnection events
2025-08-29 18:36:50,600 [INFO] WebApp:463 - Apply proxy settings
2025-08-29 18:36:50,600 [INFO] WebApp:548 - Chromium requires no authentication
2025-08-29 18:36:50,600 [INFO] WebApp:491 - Direct internet connection detected
2025-08-29 18:36:50,684 [INFO] WebApp:225 - Starting web application
2025-08-29 18:36:50,684 [INFO] WebApp:593 - Web application path used /home/joakim-wennergren/st/stm32cubeide_1.19.0/plugins/com.st.stm32cube.common.mx_6.15.0.202507011659/db/plugins/mcufinder/reactClient1/index.html
2025-08-29 18:36:50,856 [INFO] WebApp:191 - Connection restablished
2025-08-29 18:36:51,656 [WARN] PackLoader:240 - Cannot read IP mode file for STMicroelectronics.FP-SNS-MOTENVWB1.1.4.0
2025-08-29 18:36:51,661 [WARN] PackLoader:240 - Cannot read IP mode file for STMicroelectronics.FP-ATR-ASTRA1.2.0.2
2025-08-29 18:36:51,665 [WARN] PackLoader:240 - Cannot read IP mode file for STMicroelectronics.X-CUBE-SMBUS.2.1.0
2025-08-29 18:36:51,667 [WARN] PackLoader:240 - Cannot read IP mode file for STMicroelectronics.X-CUBE-ST60.1.0.0
2025-08-29 18:36:51,689 [WARN] PackLoader:240 - Cannot read IP mode file for STMicroelectronics.X-CUBE-AZRTOS-F7.1.1.0
2025-08-29 18:36:51,698 [WARN] PackLoader:240 - Cannot read IP mode file for WES.I-CUBE-Cesium.1.4.0
2025-08-29 18:36:51,715 [WARN] PackLoader:240 - Cannot read IP mode file for Infineon.AIROC-Wi-Fi-Bluetooth-STM32.1.7.1
2025-08-29 18:36:51,734 [WARN] PackLoader:240 - Cannot read IP mode file for STMicroelectronics.X-CUBE-AZRTOS-H7.3.4.0
2025-08-29 18:36:51,740 [WARN] PackLoader:240 - Cannot read IP mode file for STMicroelectronics.X-CUBE-DISPLAY.3.0.0
2025-08-29 18:36:51,748 [WARN] PackLoader:240 - Cannot read IP mode file for STMicroelectronics.X-CUBE-NFC10.1.0.0
2025-08-29 18:36:51,753 [WARN] PackLoader:240 - Cannot read IP mode file for emotas.I-CUBE-CANOPEN.1.3.0
2025-08-29 18:36:51,756 [WARN] PackLoader:240 - Cannot read IP mode file for STMicroelectronics.FP-SNS-STBOX1.2.1.0
2025-08-29 18:36:51,760 [WARN] PackLoader:240 - Cannot read IP mode file for STMicroelectronics.FP-SNS-SMARTAG2.1.2.0
2025-08-29 18:36:51,762 [WARN] PackLoader:240 - Cannot read IP mode file for STMicroelectronics.FP-SNS-FLIGHT1.5.1.0
2025-08-29 18:36:51,767 [INFO] LogOutputStream:77 - [STDOUT_REDIRECT] 1 : Invalid condition id : UX_CORESTACK_Condition cause : null
2025-08-29 18:36:51,767 [INFO] LogOutputStream:77 - [STDOUT_REDIRECT] 1 : Invalid condition id : UX_CORESTACK_Condition cause : null
2025-08-29 18:36:51,767 [INFO] LogOutputStream:77 - [STDOUT_REDIRECT] 1 : Invalid condition id : UX_CORESTACK_Condition cause : null
2025-08-29 18:36:51,768 [INFO] LogOutputStream:77 - [STDOUT_REDIRECT] 1 : Invalid condition id : UX_CORESTACK_Condition cause : null
2025-08-29 18:36:51,768 [INFO] LogOutputStream:77 - [STDOUT_REDIRECT] 1 : Invalid condition id : UX_CORESTACK_Condition cause : null
2025-08-29 18:36:51,770 [WARN] PackLoader:240 - Cannot read IP mode file for STMicroelectronics.X-CUBE-AZRTOS-WL.2.0.0
2025-08-29 18:36:51,785 [WARN] PackLoader:240 - Cannot read IP mode file for STMicroelectronics.FP-SNS-MOTENV1.5.0.0
2025-08-29 18:36:51,790 [WARN] PackLoader:240 - Cannot read IP mode file for STMicroelectronics.X-CUBE-BLE2.3.3.0
2025-08-29 18:36:51,793 [WARN] PackLoader:240 - Cannot read IP mode file for STMicroelectronics.X-CUBE-NFC9.1.0.0
2025-08-29 18:36:51,797 [WARN] PackLoader:240 - Cannot read IP mode file for wolfSSL.I-CUBE-wolfSSL.5.8.2
2025-08-29 18:36:51,799 [WARN] PackLoader:240 - Cannot read IP mode file for STMicroelectronics.X-CUBE-BLE1.7.1.0
2025-08-29 18:36:51,801 [WARN] PackLoader:240 - Cannot read IP mode file for wolfSSL.I-CUBE-wolfMQTT.1.19.2
2025-08-29 18:36:51,804 [WARN] PackLoader:240 - Cannot read IP mode file for STMicroelectronics.X-CUBE-EEPRMA1.5.2.0
2025-08-29 18:36:51,814 [WARN] PackLoader:240 - Cannot read IP mode file for STMicroelectronics.X-CUBE-AZRTOS-G0.1.1.0
2025-08-29 18:36:51,818 [WARN] PackLoader:240 - Cannot read IP mode file for STMicroelectronics.X-CUBE-SAFEA1.1.2.2
2025-08-29 18:36:51,821 [WARN] PackLoader:240 - Cannot read IP mode file for STMicroelectronics.X-CUBE-NFC4.3.0.0
2025-08-29 18:36:51,825 [WARN] PackLoader:240 - Cannot read IP mode file for EmbeddedOffice.I-CUBE-FS-RTOS.1.0.1
2025-08-29 18:36:51,827 [WARN] PackLoader:240 - Cannot read IP mode file for STMicroelectronics.X-CUBE-WB05N.2.0.0
2025-08-29 18:36:51,829 [WARN] PackLoader:240 - Cannot read IP mode file for wolfSSL.I-CUBE-wolfTPM.3.8.0
2025-08-29 18:36:51,832 [WARN] PackLoader:240 - Cannot read IP mode file for STMicroelectronics.X-CUBE-TCPP.4.2.0
2025-08-29 18:36:51,834 [WARN] PackLoader:240 - Cannot read IP mode file for RealThread.X-CUBE-RT-Thread_Nano.4.1.1
2025-08-29 18:36:51,836 [WARN] PackLoader:240 - Cannot read IP mode file for STMicroelectronics.FP-ATR-SIGFOX1.3.2.0
2025-08-29 18:36:51,838 [WARN] PackLoader:240 - Cannot read IP mode file for ITTIA_DB.I-CUBE-ITTIADB.8.9.0
2025-08-29 18:36:51,841 [WARN] PackLoader:240 - Cannot read IP mode file for STMicroelectronics.X-CUBE-ST67W61.1.0.0
2025-08-29 18:36:51,842 [WARN] PackLoader:240 - Cannot read IP mode file for STMicroelectronics.X-CUBE-AI.10.2.0
2025-08-29 18:36:51,859 [WARN] PackLoader:240 - Cannot read IP mode file for SEGGER.I-CUBE-embOS.1.3.1
2025-08-29 18:36:51,886 [WARN] PackLoader:240 - Cannot read IP mode file for STMicroelectronics.X-CUBE-ALGOBUILD.1.4.0
2025-08-29 18:36:51,913 [WARN] PackLoader:240 - Cannot read IP mode file for STMicroelectronics.X-CUBE-MEMS1.11.3.0
2025-08-29 18:36:52,028 [WARN] PackLoader:240 - Cannot read IP mode file for STMicroelectronics.X-CUBE-PM33A1.1.0.0
2025-08-29 18:36:52,037 [WARN] PackLoader:240 - Cannot read IP mode file for STMicroelectronics.X-CUBE-AZRTOS-F4.1.1.0
2025-08-29 18:36:52,040 [WARN] PackLoader:240 - Cannot read IP mode file for Avnet-IotConnect.X-CUBE-IoTC-DA16k-PMOD.1.0.0
2025-08-29 18:36:52,042 [WARN] PackLoader:240 - Cannot read IP mode file for STMicroelectronics.X-CUBE-ISPU.2.1.0
2025-08-29 18:36:52,045 [WARN] PackLoader:240 - Cannot read IP mode file for STMicroelectronics.X-CUBE-NFC12.1.0.0
2025-08-29 18:36:52,054 [WARN] PackLoader:240 - Cannot read IP mode file for STMicroelectronics.X-CUBE-AZRTOS-L5.2.0.0
2025-08-29 18:36:52,058 [WARN] PackLoader:240 - Cannot read IP mode file for STMicroelectronics.X-CUBE-NFC6.3.1.0
2025-08-29 18:36:52,062 [WARN] PackLoader:240 - Cannot read IP mode file for STMicroelectronics.X-CUBE-FREERTOS.1.3.1
2025-08-29 18:36:52,063 [WARN] PackLoader:240 - Cannot read IP mode file for STMicroelectronics.FP-SNS-STAIOTCFT.1.0.0
2025-08-29 18:36:52,065 [WARN] PackLoader:240 - Cannot read IP mode file for STMicroelectronics.X-CUBE-DPower.1.3.0
2025-08-29 18:36:52,073 [WARN] ConditionMgr:438 - getConditionDescription Invalid condition id : LAN8742 Phy interface Condition cause : null
2025-08-29 18:36:52,074 [WARN] PackLoader:240 - Cannot read IP mode file for STMicroelectronics.X-CUBE-AZRTOS-L4.2.0.0
2025-08-29 18:36:52,074 [WARN] ConditionMgr:1044 - genDependencies : Invalid condition id : LAN8742 Phy interface Condition cause : null
2025-08-29 18:36:52,074 [WARN] ConditionMgr:1044 - genDependencies : Invalid condition id : LAN8742 Phy interface Condition cause : null
2025-08-29 18:36:52,075 [WARN] ConditionMgr:1044 - genDependencies : Invalid condition id : LAN8742 Phy interface Condition cause : null
2025-08-29 18:36:52,078 [WARN] PackLoader:240 - Cannot read IP mode file for STMicroelectronics.X-CUBE-SFXS2LP1.4.0.0
2025-08-29 18:36:52,091 [WARN] PackLoader:240 - Cannot read IP mode file for STMicroelectronics.X-CUBE-BLEMGR.4.1.0
2025-08-29 18:36:52,100 [WARN] ConditionMgr:438 - getConditionDescription Invalid condition id : UX DEVICE CLASS RTOS Condition cause : null
2025-08-29 18:36:52,101 [WARN] ConditionMgr:438 - getConditionDescription Invalid condition id : UX DEVICE CLASS RTOS Condition cause : null
2025-08-29 18:36:52,102 [WARN] PackLoader:240 - Cannot read IP mode file for STMicroelectronics.X-CUBE-AZRTOS-WB.2.0.0
2025-08-29 18:36:52,102 [WARN] ConditionMgr:1044 - genDependencies : Invalid condition id : UX DEVICE CLASS RTOS Condition cause : null
2025-08-29 18:36:52,102 [WARN] ConditionMgr:1044 - genDependencies : Invalid condition id : UX DEVICE CLASS RTOS Condition cause : null
2025-08-29 18:36:52,102 [WARN] ConditionMgr:1044 - genDependencies : Invalid condition id : UX DEVICE CLASS RTOS Condition cause : null
2025-08-29 18:36:52,102 [WARN] ConditionMgr:1044 - genDependencies : Invalid condition id : UX DEVICE CLASS RTOS Condition cause : null
2025-08-29 18:36:52,103 [WARN] ConditionMgr:1044 - genDependencies : Invalid condition id : UX DEVICE CLASS RTOS Condition cause : null
2025-08-29 18:36:52,105 [WARN] PackLoader:240 - Cannot read IP mode file for STMicroelectronics.X-CUBE-GNSS1.7.0.1
2025-08-29 18:36:52,108 [WARN] PackLoader:240 - Cannot read IP mode file for STMicroelectronics.X-CUBE-TOUCHGFX.4.25.0
2025-08-29 18:36:52,109 [WARN] ConditionMgr:438 - getConditionDescription Invalid condition id : Cortex-A Device cause : null
2025-08-29 18:36:52,116 [WARN] ConditionMgr:1044 - genDependencies : Invalid condition id : Cortex-A Device cause : null
2025-08-29 18:36:52,116 [WARN] ConditionMgr:1044 - genDependencies : Invalid condition id : Cortex-A Device cause : null
2025-08-29 18:36:52,116 [WARN] ConditionMgr:1044 - genDependencies : Invalid condition id : Cortex-A Device cause : null
2025-08-29 18:36:52,120 [WARN] PackLoader:240 - Cannot read IP mode file for STMicroelectronics.X-CUBE-SUBG2.5.0.0
2025-08-29 18:36:52,130 [WARN] PackLoader:240 - Cannot read IP mode file for STMicroelectronics.X-CUBE-AZRTOS-H7RS.1.1.0
2025-08-29 18:36:52,133 [WARN] PackLoader:240 - Cannot read IP mode file for Cesanta.I-CUBE-Mongoose.7.13.0
2025-08-29 18:36:52,139 [WARN] PackLoader:240 - Cannot read IP mode file for STMicroelectronics.X-CUBE-AZRTOS-G4.2.0.0
2025-08-29 18:36:52,141 [WARN] PackLoader:240 - Cannot read IP mode file for wolfSSL.I-CUBE-wolfSSH.1.4.20
2025-08-29 18:36:52,142 [WARN] PackLoader:240 - Cannot read IP mode file for STMicroelectronics.X-CUBE-NFC7.2.0.0
2025-08-29 18:36:52,148 [WARN] PackLoader:240 - Cannot read IP mode file for STMicroelectronics.X-CUBE-IPS.3.1.0
2025-08-29 18:36:52,152 [WARN] PackLoader:240 - Cannot read IP mode file for STMicroelectronics.X-CUBE-ALS.1.0.2
2025-08-29 18:36:52,157 [WARN] PackLoader:240 - Cannot read IP mode file for STMicroelectronics.X-CUBE-TOF1.3.4.3
2025-08-29 18:36:52,162 [INFO] ThirdParty:978 - Integrity check success = true
2025-08-29 18:36:52,163 [INFO] IntegrityCheckThread:100 - exiting critical section [integrity check]
2025-08-29 18:36:52,163 [INFO] IntegrityCheckThread:103 - End integrity checks thread
2025-08-29 19:08:36,654 [INFO] WebApp:194 - Connection lost
2025-08-29 19:30:35,130 [INFO] WebApp:191 - Connection restablished
2025-08-29 19:30:40,356 [INFO] WebApp:194 - Connection lost
2025-08-29 19:30:40,470 [INFO] WebApp:191 - Connection restablished
2025-08-29 19:38:35,127 [INFO] WebApp:194 - Connection lost
2025-08-29 19:53:33,727 [INFO] WebApp:191 - Connection restablished
2025-08-29 22:04:12,869 [INFO] McuFinderGlobals:63 - Set McuFinder mode to 2 (CubeIDE integrated)
2025-08-29 22:04:14,675 [INFO] MainUpdater:2872 - connection check result : 10
2025-08-29 22:04:14,675 [INFO] MainUpdater:2872 - connection check result : 10
2025-08-29 22:04:14,700 [INFO] MicroXplorer:468 - Change Database Path : 
2025-08-29 22:04:14,701 [INFO] MicroXplorer:498 - Change Database Version : DB.6.0.150
2025-08-29 22:04:14,707 [WARN] ThirdParty:871 - waiting for thirdparty lock release [close project]
2025-08-29 22:04:14,708 [INFO] ThirdParty:873 - entering critical section [close project]
2025-08-29 22:04:14,710 [INFO] ThirdParty:883 - exiting critical section [close project]
2025-08-29 22:04:14,713 [INFO] PinOutPanel:1589 - setPackage(No Configuration,No Configuration)
2025-08-29 22:04:14,718 [INFO] UtilMem:75 - Begin LoadConfig() Used Memory: 362846240 Bytes (533725184)
2025-08-29 22:04:14,721 [INFO] MicroXplorer:468 - Change Database Path : 
2025-08-29 22:04:14,722 [INFO] MicroXplorer:498 - Change Database Version : DB.6.0.150
2025-08-29 22:04:14,722 [INFO] OpenFileManager:355 - Change cursor
2025-08-29 22:04:18,272 [ERROR] LogOutputStream:75 - [STDERR_REDIRECT] Exception in thread "AWT-EventQueue-0" java.lang.ClassCastException: class javax.swing.SwingUtilities$SharedOwnerFrame cannot be cast to class javax.swing.JFrame (javax.swing.SwingUtilities$SharedOwnerFrame and javax.swing.JFrame are in module java.desktop of loader 'bootstrap')
2025-08-29 22:04:18,273 [ERROR] LogOutputStream:75 - [STDERR_REDIRECT] 	at com.st.microxplorer.plugins.thirdparty.ThirdPartyDownloadManager$1.actionPerformed(ThirdPartyDownloadManager.java:128)
2025-08-29 22:04:18,274 [ERROR] LogOutputStream:75 - [STDERR_REDIRECT] 	at java.desktop/javax.swing.AbstractButton.fireActionPerformed(AbstractButton.java:1972)
2025-08-29 22:04:18,274 [ERROR] LogOutputStream:75 - [STDERR_REDIRECT] 	at java.desktop/javax.swing.AbstractButton$Handler.actionPerformed(AbstractButton.java:2314)
2025-08-29 22:04:18,274 [ERROR] LogOutputStream:75 - [STDERR_REDIRECT] 	at java.desktop/javax.swing.DefaultButtonModel.fireActionPerformed(DefaultButtonModel.java:407)
2025-08-29 22:04:18,275 [ERROR] LogOutputStream:75 - [STDERR_REDIRECT] 	at java.desktop/javax.swing.DefaultButtonModel.setPressed(DefaultButtonModel.java:262)
2025-08-29 22:04:18,275 [ERROR] LogOutputStream:75 - [STDERR_REDIRECT] 	at java.desktop/javax.swing.plaf.basic.BasicButtonListener.mouseReleased(BasicButtonListener.java:279)
2025-08-29 22:04:18,275 [ERROR] LogOutputStream:75 - [STDERR_REDIRECT] 	at java.desktop/java.awt.Component.processMouseEvent(Component.java:6621)
2025-08-29 22:04:18,276 [ERROR] LogOutputStream:75 - [STDERR_REDIRECT] 	at java.desktop/javax.swing.JComponent.processMouseEvent(JComponent.java:3398)
2025-08-29 22:04:18,276 [ERROR] LogOutputStream:75 - [STDERR_REDIRECT] 	at java.desktop/java.awt.Component.processEvent(Component.java:6386)
2025-08-29 22:04:18,276 [ERROR] LogOutputStream:75 - [STDERR_REDIRECT] 	at java.desktop/java.awt.Container.processEvent(Container.java:2266)
2025-08-29 22:04:18,276 [ERROR] LogOutputStream:75 - [STDERR_REDIRECT] 	at java.desktop/java.awt.Component.dispatchEventImpl(Component.java:4996)
2025-08-29 22:04:18,277 [ERROR] LogOutputStream:75 - [STDERR_REDIRECT] 	at java.desktop/java.awt.Container.dispatchEventImpl(Container.java:2324)
2025-08-29 22:04:18,277 [ERROR] LogOutputStream:75 - [STDERR_REDIRECT] 	at java.desktop/java.awt.Component.dispatchEvent(Component.java:4828)
2025-08-29 22:04:18,277 [ERROR] LogOutputStream:75 - [STDERR_REDIRECT] 	at java.desktop/java.awt.LightweightDispatcher.retargetMouseEvent(Container.java:4948)
2025-08-29 22:04:18,278 [ERROR] LogOutputStream:75 - [STDERR_REDIRECT] 	at java.desktop/java.awt.LightweightDispatcher.processMouseEvent(Container.java:4575)
2025-08-29 22:04:18,278 [ERROR] LogOutputStream:75 - [STDERR_REDIRECT] 	at java.desktop/java.awt.LightweightDispatcher.dispatchEvent(Container.java:4516)
2025-08-29 22:04:18,278 [ERROR] LogOutputStream:75 - [STDERR_REDIRECT] 	at java.desktop/java.awt.Container.dispatchEventImpl(Container.java:2310)
2025-08-29 22:04:18,278 [ERROR] LogOutputStream:75 - [STDERR_REDIRECT] 	at java.desktop/java.awt.Window.dispatchEventImpl(Window.java:2780)
2025-08-29 22:04:18,279 [ERROR] LogOutputStream:75 - [STDERR_REDIRECT] 	at java.desktop/java.awt.Component.dispatchEvent(Component.java:4828)
2025-08-29 22:04:18,279 [ERROR] LogOutputStream:75 - [STDERR_REDIRECT] 	at java.desktop/java.awt.EventQueue.dispatchEventImpl(EventQueue.java:775)
2025-08-29 22:04:18,279 [ERROR] LogOutputStream:75 - [STDERR_REDIRECT] 	at java.desktop/java.awt.EventQueue$4.run(EventQueue.java:720)
2025-08-29 22:04:18,279 [ERROR] LogOutputStream:75 - [STDERR_REDIRECT] 	at java.desktop/java.awt.EventQueue$4.run(EventQueue.java:714)
2025-08-29 22:04:18,280 [ERROR] LogOutputStream:75 - [STDERR_REDIRECT] 	at java.base/java.security.AccessController.doPrivileged(AccessController.java:400)
2025-08-29 22:04:18,280 [ERROR] LogOutputStream:75 - [STDERR_REDIRECT] 	at java.base/java.security.ProtectionDomain$JavaSecurityAccessImpl.doIntersectionPrivilege(ProtectionDomain.java:87)
2025-08-29 22:04:18,280 [ERROR] LogOutputStream:75 - [STDERR_REDIRECT] 	at java.base/java.security.ProtectionDomain$JavaSecurityAccessImpl.doIntersectionPrivilege(ProtectionDomain.java:98)
2025-08-29 22:04:18,280 [ERROR] LogOutputStream:75 - [STDERR_REDIRECT] 	at java.desktop/java.awt.EventQueue$5.run(EventQueue.java:747)
2025-08-29 22:04:18,280 [ERROR] LogOutputStream:75 - [STDERR_REDIRECT] 	at java.desktop/java.awt.EventQueue$5.run(EventQueue.java:745)
2025-08-29 22:04:18,280 [ERROR] LogOutputStream:75 - [STDERR_REDIRECT] 	at java.base/java.security.AccessController.doPrivileged(AccessController.java:400)
2025-08-29 22:04:18,280 [ERROR] LogOutputStream:75 - [STDERR_REDIRECT] 	at java.base/java.security.ProtectionDomain$JavaSecurityAccessImpl.doIntersectionPrivilege(ProtectionDomain.java:87)
2025-08-29 22:04:18,280 [ERROR] LogOutputStream:75 - [STDERR_REDIRECT] 	at java.desktop/java.awt.EventQueue.dispatchEvent(EventQueue.java:744)
2025-08-29 22:04:18,281 [ERROR] LogOutputStream:75 - [STDERR_REDIRECT] 	at java.desktop/java.awt.EventDispatchThread.pumpOneEventForFilters(EventDispatchThread.java:203)
2025-08-29 22:04:18,281 [ERROR] LogOutputStream:75 - [STDERR_REDIRECT] 	at java.desktop/java.awt.EventDispatchThread.pumpEventsForFilter(EventDispatchThread.java:124)
2025-08-29 22:04:18,281 [ERROR] LogOutputStream:75 - [STDERR_REDIRECT] 	at java.desktop/java.awt.EventDispatchThread.pumpEventsForFilter(EventDispatchThread.java:117)
2025-08-29 22:04:18,281 [ERROR] LogOutputStream:75 - [STDERR_REDIRECT] 	at java.desktop/java.awt.WaitDispatchSupport$2.run(WaitDispatchSupport.java:191)
2025-08-29 22:04:18,281 [ERROR] LogOutputStream:75 - [STDERR_REDIRECT] 	at java.desktop/java.awt.WaitDispatchSupport$4.run(WaitDispatchSupport.java:236)
2025-08-29 22:04:18,281 [ERROR] LogOutputStream:75 - [STDERR_REDIRECT] 	at java.desktop/java.awt.WaitDispatchSupport$4.run(WaitDispatchSupport.java:234)
2025-08-29 22:04:18,282 [ERROR] LogOutputStream:75 - [STDERR_REDIRECT] 	at java.base/java.security.AccessController.doPrivileged(AccessController.java:319)
2025-08-29 22:04:18,282 [ERROR] LogOutputStream:75 - [STDERR_REDIRECT] 	at java.desktop/java.awt.WaitDispatchSupport.enter(WaitDispatchSupport.java:234)
2025-08-29 22:04:18,282 [ERROR] LogOutputStream:75 - [STDERR_REDIRECT] 	at java.desktop/java.awt.Dialog.show(Dialog.java:1079)
2025-08-29 22:04:18,282 [ERROR] LogOutputStream:75 - [STDERR_REDIRECT] 	at java.desktop/javax.swing.JOptionPane.showOptionDialog(JOptionPane.java:881)
2025-08-29 22:04:18,283 [ERROR] LogOutputStream:75 - [STDERR_REDIRECT] 	at com.st.microxplorer.plugins.thirdparty.ThirdPartyDownloadManager.download(ThirdPartyDownloadManager.java:145)
2025-08-29 22:04:18,283 [ERROR] LogOutputStream:75 - [STDERR_REDIRECT] 	at com.st.microxplorer.plugins.thirdparty.ThirdPartyDownloadManager.loadMissings(ThirdPartyDownloadManager.java:93)
2025-08-29 22:04:18,283 [ERROR] LogOutputStream:75 - [STDERR_REDIRECT] 	at com.st.microxplorer.plugins.thirdparty.ThirdParty.mcuCheckRequiredPacks(ThirdParty.java:764)
2025-08-29 22:04:18,283 [ERROR] LogOutputStream:75 - [STDERR_REDIRECT] 	at com.st.microxplorer.plugins.thirdparty.ThirdParty.propertyChange(ThirdParty.java:700)
2025-08-29 22:04:18,284 [ERROR] LogOutputStream:75 - [STDERR_REDIRECT] 	at java.desktop/java.beans.PropertyChangeSupport.fire(PropertyChangeSupport.java:343)
2025-08-29 22:04:18,284 [ERROR] LogOutputStream:75 - [STDERR_REDIRECT] 	at java.desktop/java.beans.PropertyChangeSupport.firePropertyChange(PropertyChangeSupport.java:335)
2025-08-29 22:04:18,284 [ERROR] LogOutputStream:75 - [STDERR_REDIRECT] 	at java.desktop/java.beans.PropertyChangeSupport.firePropertyChange(PropertyChangeSupport.java:268)
2025-08-29 22:04:18,284 [ERROR] LogOutputStream:75 - [STDERR_REDIRECT] 	at com.st.microxplorer.util.MXPropertyChangeSupport.firePropertyChange(MXPropertyChangeSupport.java:54)
2025-08-29 22:04:18,285 [ERROR] LogOutputStream:75 - [STDERR_REDIRECT] 	at com.st.microxplorer.mxsystem.MxSystem.firePropertyChange(MxSystem.java:357)
2025-08-29 22:04:18,285 [ERROR] LogOutputStream:75 - [STDERR_REDIRECT] 	at com.st.microxplorer.mxsystem.MxSystem.loadRequiredPacks(MxSystem.java:811)
2025-08-29 22:04:18,285 [ERROR] LogOutputStream:75 - [STDERR_REDIRECT] 	at com.st.microxplorer.mxsystem.MxSystem.startLoadConfig(MxSystem.java:777)
2025-08-29 22:04:18,285 [ERROR] LogOutputStream:75 - [STDERR_REDIRECT] 	at com.st.microxplorer.plugins.filemanager.engine.OpenFileManager.LoadConfig(OpenFileManager.java:357)
2025-08-29 22:04:18,286 [ERROR] LogOutputStream:75 - [STDERR_REDIRECT] 	at com.st.microxplorer.plugins.filemanager.engine.OpenFileManager.loadConfigurationFile(OpenFileManager.java:292)
2025-08-29 22:04:18,286 [ERROR] LogOutputStream:75 - [STDERR_REDIRECT] 	at com.st.microxplorer.plugins.filemanager.engine.MainFileManager.userLoadConfig(MainFileManager.java:364)
2025-08-29 22:04:18,286 [ERROR] LogOutputStream:75 - [STDERR_REDIRECT] 	at com.st.microxplorer.plugins.filemanager.engine.MainFileManager.userLoadConfig(MainFileManager.java:342)
2025-08-29 22:04:18,287 [ERROR] LogOutputStream:75 - [STDERR_REDIRECT] 	at com.st.microxplorer.plugins.filemanager.FileManagerView.getSpecificTask(FileManagerView.java:264)
2025-08-29 22:04:18,287 [ERROR] LogOutputStream:75 - [STDERR_REDIRECT] 	at com.st.stm32cube.common.mx.editor.CubeMxEditor.getMxTabbedPaneInstance(CubeMxEditor.java:1198)
2025-08-29 22:04:18,287 [ERROR] LogOutputStream:75 - [STDERR_REDIRECT] 	at com.st.stm32cube.common.mx.editor.CubeMxEditor$12$1.createSwingComponent(CubeMxEditor.java:1068)
2025-08-29 22:04:18,287 [ERROR] LogOutputStream:75 - [STDERR_REDIRECT] 	at com.st.stm32cube.common.mx.oss.core.awtswtbridge.EmbeddedSwingComposite.doComponentCreation(EmbeddedSwingComposite.java:492)
2025-08-29 22:04:18,288 [ERROR] LogOutputStream:75 - [STDERR_REDIRECT] 	at com.st.stm32cube.common.mx.oss.core.awtswtbridge.EmbeddedSwingComposite$4.run(EmbeddedSwingComposite.java:291)
2025-08-29 22:04:18,288 [ERROR] LogOutputStream:75 - [STDERR_REDIRECT] 	at com.st.stm32cube.common.mx.oss.core.awtswtbridge.AwtEnvironment$2.run(AwtEnvironment.java:166)
2025-08-29 22:04:18,288 [ERROR] LogOutputStream:75 - [STDERR_REDIRECT] 	at java.desktop/java.awt.event.InvocationEvent.dispatch(InvocationEvent.java:318)
2025-08-29 22:04:18,288 [ERROR] LogOutputStream:75 - [STDERR_REDIRECT] 	at java.desktop/java.awt.EventQueue.dispatchEventImpl(EventQueue.java:773)
2025-08-29 22:04:18,289 [ERROR] LogOutputStream:75 - [STDERR_REDIRECT] 	at java.desktop/java.awt.EventQueue$4.run(EventQueue.java:720)
2025-08-29 22:04:18,289 [ERROR] LogOutputStream:75 - [STDERR_REDIRECT] 	at java.desktop/java.awt.EventQueue$4.run(EventQueue.java:714)
2025-08-29 22:04:18,289 [ERROR] LogOutputStream:75 - [STDERR_REDIRECT] 	at java.base/java.security.AccessController.doPrivileged(AccessController.java:400)
2025-08-29 22:04:18,289 [ERROR] LogOutputStream:75 - [STDERR_REDIRECT] 	at java.base/java.security.ProtectionDomain$JavaSecurityAccessImpl.doIntersectionPrivilege(ProtectionDomain.java:87)
2025-08-29 22:04:18,290 [ERROR] LogOutputStream:75 - [STDERR_REDIRECT] 	at java.desktop/java.awt.EventQueue.dispatchEvent(EventQueue.java:742)
2025-08-29 22:04:18,290 [ERROR] LogOutputStream:75 - [STDERR_REDIRECT] 	at java.desktop/java.awt.EventDispatchThread.pumpOneEventForFilters(EventDispatchThread.java:203)
2025-08-29 22:04:18,290 [ERROR] LogOutputStream:75 - [STDERR_REDIRECT] 	at java.desktop/java.awt.EventDispatchThread.pumpEventsForFilter(EventDispatchThread.java:124)
2025-08-29 22:04:18,290 [ERROR] LogOutputStream:75 - [STDERR_REDIRECT] 	at java.desktop/java.awt.EventDispatchThread.pumpEventsForHierarchy(EventDispatchThread.java:113)
2025-08-29 22:04:18,291 [ERROR] LogOutputStream:75 - [STDERR_REDIRECT] 	at java.desktop/java.awt.EventDispatchThread.pumpEvents(EventDispatchThread.java:109)
2025-08-29 22:04:18,291 [ERROR] LogOutputStream:75 - [STDERR_REDIRECT] 	at java.desktop/java.awt.EventDispatchThread.pumpEvents(EventDispatchThread.java:101)
2025-08-29 22:04:18,291 [ERROR] LogOutputStream:75 - [STDERR_REDIRECT] 	at java.desktop/java.awt.EventDispatchThread.run(EventDispatchThread.java:90)
2025-08-29 22:04:22,828 [ERROR] LogOutputStream:75 - [STDERR_REDIRECT] Exception in thread "AWT-EventQueue-0" java.lang.ClassCastException: class javax.swing.SwingUtilities$SharedOwnerFrame cannot be cast to class javax.swing.JFrame (javax.swing.SwingUtilities$SharedOwnerFrame and javax.swing.JFrame are in module java.desktop of loader 'bootstrap')
2025-08-29 22:04:22,828 [ERROR] LogOutputStream:75 - [STDERR_REDIRECT] 	at com.st.microxplorer.plugins.thirdparty.ThirdPartyDownloadManager$1.actionPerformed(ThirdPartyDownloadManager.java:128)
2025-08-29 22:04:22,828 [ERROR] LogOutputStream:75 - [STDERR_REDIRECT] 	at java.desktop/javax.swing.AbstractButton.fireActionPerformed(AbstractButton.java:1972)
2025-08-29 22:04:22,829 [ERROR] LogOutputStream:75 - [STDERR_REDIRECT] 	at java.desktop/javax.swing.AbstractButton$Handler.actionPerformed(AbstractButton.java:2314)
2025-08-29 22:04:22,829 [ERROR] LogOutputStream:75 - [STDERR_REDIRECT] 	at java.desktop/javax.swing.DefaultButtonModel.fireActionPerformed(DefaultButtonModel.java:407)
2025-08-29 22:04:22,829 [ERROR] LogOutputStream:75 - [STDERR_REDIRECT] 	at java.desktop/javax.swing.DefaultButtonModel.setPressed(DefaultButtonModel.java:262)
2025-08-29 22:04:22,829 [ERROR] LogOutputStream:75 - [STDERR_REDIRECT] 	at java.desktop/javax.swing.plaf.basic.BasicButtonListener.mouseReleased(BasicButtonListener.java:279)
2025-08-29 22:04:22,829 [ERROR] LogOutputStream:75 - [STDERR_REDIRECT] 	at java.desktop/java.awt.Component.processMouseEvent(Component.java:6621)
2025-08-29 22:04:22,829 [ERROR] LogOutputStream:75 - [STDERR_REDIRECT] 	at java.desktop/javax.swing.JComponent.processMouseEvent(JComponent.java:3398)
2025-08-29 22:04:22,830 [ERROR] LogOutputStream:75 - [STDERR_REDIRECT] 	at java.desktop/java.awt.Component.processEvent(Component.java:6386)
2025-08-29 22:04:22,830 [ERROR] LogOutputStream:75 - [STDERR_REDIRECT] 	at java.desktop/java.awt.Container.processEvent(Container.java:2266)
2025-08-29 22:04:22,830 [ERROR] LogOutputStream:75 - [STDERR_REDIRECT] 	at java.desktop/java.awt.Component.dispatchEventImpl(Component.java:4996)
2025-08-29 22:04:22,830 [ERROR] LogOutputStream:75 - [STDERR_REDIRECT] 	at java.desktop/java.awt.Container.dispatchEventImpl(Container.java:2324)
2025-08-29 22:04:22,831 [ERROR] LogOutputStream:75 - [STDERR_REDIRECT] 	at java.desktop/java.awt.Component.dispatchEvent(Component.java:4828)
2025-08-29 22:04:22,831 [ERROR] LogOutputStream:75 - [STDERR_REDIRECT] 	at java.desktop/java.awt.LightweightDispatcher.retargetMouseEvent(Container.java:4948)
2025-08-29 22:04:22,831 [ERROR] LogOutputStream:75 - [STDERR_REDIRECT] 	at java.desktop/java.awt.LightweightDispatcher.processMouseEvent(Container.java:4575)
2025-08-29 22:04:22,831 [ERROR] LogOutputStream:75 - [STDERR_REDIRECT] 	at java.desktop/java.awt.LightweightDispatcher.dispatchEvent(Container.java:4516)
2025-08-29 22:04:22,831 [ERROR] LogOutputStream:75 - [STDERR_REDIRECT] 	at java.desktop/java.awt.Container.dispatchEventImpl(Container.java:2310)
2025-08-29 22:04:22,832 [ERROR] LogOutputStream:75 - [STDERR_REDIRECT] 	at java.desktop/java.awt.Window.dispatchEventImpl(Window.java:2780)
2025-08-29 22:04:22,832 [ERROR] LogOutputStream:75 - [STDERR_REDIRECT] 	at java.desktop/java.awt.Component.dispatchEvent(Component.java:4828)
2025-08-29 22:04:22,832 [ERROR] LogOutputStream:75 - [STDERR_REDIRECT] 	at java.desktop/java.awt.EventQueue.dispatchEventImpl(EventQueue.java:775)
2025-08-29 22:04:22,832 [ERROR] LogOutputStream:75 - [STDERR_REDIRECT] 	at java.desktop/java.awt.EventQueue$4.run(EventQueue.java:720)
2025-08-29 22:04:22,832 [ERROR] LogOutputStream:75 - [STDERR_REDIRECT] 	at java.desktop/java.awt.EventQueue$4.run(EventQueue.java:714)
2025-08-29 22:04:22,833 [ERROR] LogOutputStream:75 - [STDERR_REDIRECT] 	at java.base/java.security.AccessController.doPrivileged(AccessController.java:400)
2025-08-29 22:04:22,833 [ERROR] LogOutputStream:75 - [STDERR_REDIRECT] 	at java.base/java.security.ProtectionDomain$JavaSecurityAccessImpl.doIntersectionPrivilege(ProtectionDomain.java:87)
2025-08-29 22:04:22,833 [ERROR] LogOutputStream:75 - [STDERR_REDIRECT] 	at java.base/java.security.ProtectionDomain$JavaSecurityAccessImpl.doIntersectionPrivilege(ProtectionDomain.java:98)
2025-08-29 22:04:22,833 [ERROR] LogOutputStream:75 - [STDERR_REDIRECT] 	at java.desktop/java.awt.EventQueue$5.run(EventQueue.java:747)
2025-08-29 22:04:22,834 [ERROR] LogOutputStream:75 - [STDERR_REDIRECT] 	at java.desktop/java.awt.EventQueue$5.run(EventQueue.java:745)
2025-08-29 22:04:22,834 [ERROR] LogOutputStream:75 - [STDERR_REDIRECT] 	at java.base/java.security.AccessController.doPrivileged(AccessController.java:400)
2025-08-29 22:04:22,834 [ERROR] LogOutputStream:75 - [STDERR_REDIRECT] 	at java.base/java.security.ProtectionDomain$JavaSecurityAccessImpl.doIntersectionPrivilege(ProtectionDomain.java:87)
2025-08-29 22:04:22,834 [ERROR] LogOutputStream:75 - [STDERR_REDIRECT] 	at java.desktop/java.awt.EventQueue.dispatchEvent(EventQueue.java:744)
2025-08-29 22:04:22,834 [ERROR] LogOutputStream:75 - [STDERR_REDIRECT] 	at java.desktop/java.awt.EventDispatchThread.pumpOneEventForFilters(EventDispatchThread.java:203)
2025-08-29 22:04:22,834 [ERROR] LogOutputStream:75 - [STDERR_REDIRECT] 	at java.desktop/java.awt.EventDispatchThread.pumpEventsForFilter(EventDispatchThread.java:124)
2025-08-29 22:04:22,835 [ERROR] LogOutputStream:75 - [STDERR_REDIRECT] 	at java.desktop/java.awt.EventDispatchThread.pumpEventsForFilter(EventDispatchThread.java:117)
2025-08-29 22:04:22,835 [ERROR] LogOutputStream:75 - [STDERR_REDIRECT] 	at java.desktop/java.awt.WaitDispatchSupport$2.run(WaitDispatchSupport.java:191)
2025-08-29 22:04:22,835 [ERROR] LogOutputStream:75 - [STDERR_REDIRECT] 	at java.desktop/java.awt.WaitDispatchSupport$4.run(WaitDispatchSupport.java:236)
2025-08-29 22:04:22,835 [ERROR] LogOutputStream:75 - [STDERR_REDIRECT] 	at java.desktop/java.awt.WaitDispatchSupport$4.run(WaitDispatchSupport.java:234)
2025-08-29 22:04:22,835 [ERROR] LogOutputStream:75 - [STDERR_REDIRECT] 	at java.base/java.security.AccessController.doPrivileged(AccessController.java:319)
2025-08-29 22:04:22,836 [ERROR] LogOutputStream:75 - [STDERR_REDIRECT] 	at java.desktop/java.awt.WaitDispatchSupport.enter(WaitDispatchSupport.java:234)
2025-08-29 22:04:22,836 [ERROR] LogOutputStream:75 - [STDERR_REDIRECT] 	at java.desktop/java.awt.Dialog.show(Dialog.java:1079)
2025-08-29 22:04:22,836 [ERROR] LogOutputStream:75 - [STDERR_REDIRECT] 	at java.desktop/javax.swing.JOptionPane.showOptionDialog(JOptionPane.java:881)
2025-08-29 22:04:22,836 [ERROR] LogOutputStream:75 - [STDERR_REDIRECT] 	at com.st.microxplorer.plugins.thirdparty.ThirdPartyDownloadManager.download(ThirdPartyDownloadManager.java:145)
2025-08-29 22:04:22,836 [ERROR] LogOutputStream:75 - [STDERR_REDIRECT] 	at com.st.microxplorer.plugins.thirdparty.ThirdPartyDownloadManager.loadMissings(ThirdPartyDownloadManager.java:93)
2025-08-29 22:04:22,836 [ERROR] LogOutputStream:75 - [STDERR_REDIRECT] 	at com.st.microxplorer.plugins.thirdparty.ThirdParty.mcuCheckRequiredPacks(ThirdParty.java:764)
2025-08-29 22:04:22,837 [ERROR] LogOutputStream:75 - [STDERR_REDIRECT] 	at com.st.microxplorer.plugins.thirdparty.ThirdParty.propertyChange(ThirdParty.java:700)
2025-08-29 22:04:22,837 [ERROR] LogOutputStream:75 - [STDERR_REDIRECT] 	at java.desktop/java.beans.PropertyChangeSupport.fire(PropertyChangeSupport.java:343)
2025-08-29 22:04:22,837 [ERROR] LogOutputStream:75 - [STDERR_REDIRECT] 	at java.desktop/java.beans.PropertyChangeSupport.firePropertyChange(PropertyChangeSupport.java:335)
2025-08-29 22:04:22,837 [ERROR] LogOutputStream:75 - [STDERR_REDIRECT] 	at java.desktop/java.beans.PropertyChangeSupport.firePropertyChange(PropertyChangeSupport.java:268)
2025-08-29 22:04:22,838 [ERROR] LogOutputStream:75 - [STDERR_REDIRECT] 	at com.st.microxplorer.util.MXPropertyChangeSupport.firePropertyChange(MXPropertyChangeSupport.java:54)
2025-08-29 22:04:22,838 [ERROR] LogOutputStream:75 - [STDERR_REDIRECT] 	at com.st.microxplorer.mxsystem.MxSystem.firePropertyChange(MxSystem.java:357)
2025-08-29 22:04:22,838 [ERROR] LogOutputStream:75 - [STDERR_REDIRECT] 	at com.st.microxplorer.mxsystem.MxSystem.loadRequiredPacks(MxSystem.java:811)
2025-08-29 22:04:22,838 [ERROR] LogOutputStream:75 - [STDERR_REDIRECT] 	at com.st.microxplorer.mxsystem.MxSystem.startLoadConfig(MxSystem.java:777)
2025-08-29 22:04:22,838 [ERROR] LogOutputStream:75 - [STDERR_REDIRECT] 	at com.st.microxplorer.plugins.filemanager.engine.OpenFileManager.LoadConfig(OpenFileManager.java:357)
2025-08-29 22:04:22,838 [ERROR] LogOutputStream:75 - [STDERR_REDIRECT] 	at com.st.microxplorer.plugins.filemanager.engine.OpenFileManager.loadConfigurationFile(OpenFileManager.java:292)
2025-08-29 22:04:22,839 [ERROR] LogOutputStream:75 - [STDERR_REDIRECT] 	at com.st.microxplorer.plugins.filemanager.engine.MainFileManager.userLoadConfig(MainFileManager.java:364)
2025-08-29 22:04:22,839 [ERROR] LogOutputStream:75 - [STDERR_REDIRECT] 	at com.st.microxplorer.plugins.filemanager.engine.MainFileManager.userLoadConfig(MainFileManager.java:342)
2025-08-29 22:04:22,839 [ERROR] LogOutputStream:75 - [STDERR_REDIRECT] 	at com.st.microxplorer.plugins.filemanager.FileManagerView.getSpecificTask(FileManagerView.java:264)
2025-08-29 22:04:22,839 [ERROR] LogOutputStream:75 - [STDERR_REDIRECT] 	at com.st.stm32cube.common.mx.editor.CubeMxEditor.getMxTabbedPaneInstance(CubeMxEditor.java:1198)
2025-08-29 22:04:22,839 [ERROR] LogOutputStream:75 - [STDERR_REDIRECT] 	at com.st.stm32cube.common.mx.editor.CubeMxEditor$12$1.createSwingComponent(CubeMxEditor.java:1068)
2025-08-29 22:04:22,839 [ERROR] LogOutputStream:75 - [STDERR_REDIRECT] 	at com.st.stm32cube.common.mx.oss.core.awtswtbridge.EmbeddedSwingComposite.doComponentCreation(EmbeddedSwingComposite.java:492)
2025-08-29 22:04:22,840 [ERROR] LogOutputStream:75 - [STDERR_REDIRECT] 	at com.st.stm32cube.common.mx.oss.core.awtswtbridge.EmbeddedSwingComposite$4.run(EmbeddedSwingComposite.java:291)
2025-08-29 22:04:22,840 [ERROR] LogOutputStream:75 - [STDERR_REDIRECT] 	at com.st.stm32cube.common.mx.oss.core.awtswtbridge.AwtEnvironment$2.run(AwtEnvironment.java:166)
2025-08-29 22:04:22,840 [ERROR] LogOutputStream:75 - [STDERR_REDIRECT] 	at java.desktop/java.awt.event.InvocationEvent.dispatch(InvocationEvent.java:318)
2025-08-29 22:04:22,840 [ERROR] LogOutputStream:75 - [STDERR_REDIRECT] 	at java.desktop/java.awt.EventQueue.dispatchEventImpl(EventQueue.java:773)
2025-08-29 22:04:22,840 [ERROR] LogOutputStream:75 - [STDERR_REDIRECT] 	at java.desktop/java.awt.EventQueue$4.run(EventQueue.java:720)
2025-08-29 22:04:22,840 [ERROR] LogOutputStream:75 - [STDERR_REDIRECT] 	at java.desktop/java.awt.EventQueue$4.run(EventQueue.java:714)
2025-08-29 22:04:22,841 [ERROR] LogOutputStream:75 - [STDERR_REDIRECT] 	at java.base/java.security.AccessController.doPrivileged(AccessController.java:400)
2025-08-29 22:04:22,841 [ERROR] LogOutputStream:75 - [STDERR_REDIRECT] 	at java.base/java.security.ProtectionDomain$JavaSecurityAccessImpl.doIntersectionPrivilege(ProtectionDomain.java:87)
2025-08-29 22:04:22,841 [ERROR] LogOutputStream:75 - [STDERR_REDIRECT] 	at java.desktop/java.awt.EventQueue.dispatchEvent(EventQueue.java:742)
2025-08-29 22:04:22,841 [ERROR] LogOutputStream:75 - [STDERR_REDIRECT] 	at java.desktop/java.awt.EventDispatchThread.pumpOneEventForFilters(EventDispatchThread.java:203)
2025-08-29 22:04:22,841 [ERROR] LogOutputStream:75 - [STDERR_REDIRECT] 	at java.desktop/java.awt.EventDispatchThread.pumpEventsForFilter(EventDispatchThread.java:124)
2025-08-29 22:04:22,841 [ERROR] LogOutputStream:75 - [STDERR_REDIRECT] 	at java.desktop/java.awt.EventDispatchThread.pumpEventsForHierarchy(EventDispatchThread.java:113)
2025-08-29 22:04:22,842 [ERROR] LogOutputStream:75 - [STDERR_REDIRECT] 	at java.desktop/java.awt.EventDispatchThread.pumpEvents(EventDispatchThread.java:109)
2025-08-29 22:04:22,842 [ERROR] LogOutputStream:75 - [STDERR_REDIRECT] 	at java.desktop/java.awt.EventDispatchThread.pumpEvents(EventDispatchThread.java:101)
2025-08-29 22:04:22,842 [ERROR] LogOutputStream:75 - [STDERR_REDIRECT] 	at java.desktop/java.awt.EventDispatchThread.run(EventDispatchThread.java:90)
2025-08-29 22:04:28,797 [ERROR] LogOutputStream:75 - [STDERR_REDIRECT] Exception in thread "AWT-EventQueue-0" java.lang.ClassCastException: class javax.swing.SwingUtilities$SharedOwnerFrame cannot be cast to class javax.swing.JFrame (javax.swing.SwingUtilities$SharedOwnerFrame and javax.swing.JFrame are in module java.desktop of loader 'bootstrap')
2025-08-29 22:04:28,797 [ERROR] LogOutputStream:75 - [STDERR_REDIRECT] 	at com.st.microxplorer.plugins.thirdparty.ThirdPartyDownloadManager$1.actionPerformed(ThirdPartyDownloadManager.java:128)
2025-08-29 22:04:28,797 [ERROR] LogOutputStream:75 - [STDERR_REDIRECT] 	at java.desktop/javax.swing.AbstractButton.fireActionPerformed(AbstractButton.java:1972)
2025-08-29 22:04:28,797 [ERROR] LogOutputStream:75 - [STDERR_REDIRECT] 	at java.desktop/javax.swing.AbstractButton$Handler.actionPerformed(AbstractButton.java:2314)
2025-08-29 22:04:28,798 [ERROR] LogOutputStream:75 - [STDERR_REDIRECT] 	at java.desktop/javax.swing.DefaultButtonModel.fireActionPerformed(DefaultButtonModel.java:407)
2025-08-29 22:04:28,798 [ERROR] LogOutputStream:75 - [STDERR_REDIRECT] 	at java.desktop/javax.swing.DefaultButtonModel.setPressed(DefaultButtonModel.java:262)
2025-08-29 22:04:28,798 [ERROR] LogOutputStream:75 - [STDERR_REDIRECT] 	at java.desktop/javax.swing.plaf.basic.BasicButtonListener.mouseReleased(BasicButtonListener.java:279)
2025-08-29 22:04:28,798 [ERROR] LogOutputStream:75 - [STDERR_REDIRECT] 	at java.desktop/java.awt.Component.processMouseEvent(Component.java:6621)
2025-08-29 22:04:28,798 [ERROR] LogOutputStream:75 - [STDERR_REDIRECT] 	at java.desktop/javax.swing.JComponent.processMouseEvent(JComponent.java:3398)
2025-08-29 22:04:28,798 [ERROR] LogOutputStream:75 - [STDERR_REDIRECT] 	at java.desktop/java.awt.Component.processEvent(Component.java:6386)
2025-08-29 22:04:28,799 [ERROR] LogOutputStream:75 - [STDERR_REDIRECT] 	at java.desktop/java.awt.Container.processEvent(Container.java:2266)
2025-08-29 22:04:28,799 [ERROR] LogOutputStream:75 - [STDERR_REDIRECT] 	at java.desktop/java.awt.Component.dispatchEventImpl(Component.java:4996)
2025-08-29 22:04:28,799 [ERROR] LogOutputStream:75 - [STDERR_REDIRECT] 	at java.desktop/java.awt.Container.dispatchEventImpl(Container.java:2324)
2025-08-29 22:04:28,799 [ERROR] LogOutputStream:75 - [STDERR_REDIRECT] 	at java.desktop/java.awt.Component.dispatchEvent(Component.java:4828)
2025-08-29 22:04:28,799 [ERROR] LogOutputStream:75 - [STDERR_REDIRECT] 	at java.desktop/java.awt.LightweightDispatcher.retargetMouseEvent(Container.java:4948)
2025-08-29 22:04:28,799 [ERROR] LogOutputStream:75 - [STDERR_REDIRECT] 	at java.desktop/java.awt.LightweightDispatcher.processMouseEvent(Container.java:4575)
2025-08-29 22:04:28,800 [ERROR] LogOutputStream:75 - [STDERR_REDIRECT] 	at java.desktop/java.awt.LightweightDispatcher.dispatchEvent(Container.java:4516)
2025-08-29 22:04:28,800 [ERROR] LogOutputStream:75 - [STDERR_REDIRECT] 	at java.desktop/java.awt.Container.dispatchEventImpl(Container.java:2310)
2025-08-29 22:04:28,800 [ERROR] LogOutputStream:75 - [STDERR_REDIRECT] 	at java.desktop/java.awt.Window.dispatchEventImpl(Window.java:2780)
2025-08-29 22:04:28,800 [ERROR] LogOutputStream:75 - [STDERR_REDIRECT] 	at java.desktop/java.awt.Component.dispatchEvent(Component.java:4828)
2025-08-29 22:04:28,800 [ERROR] LogOutputStream:75 - [STDERR_REDIRECT] 	at java.desktop/java.awt.EventQueue.dispatchEventImpl(EventQueue.java:775)
2025-08-29 22:04:28,800 [ERROR] LogOutputStream:75 - [STDERR_REDIRECT] 	at java.desktop/java.awt.EventQueue$4.run(EventQueue.java:720)
2025-08-29 22:04:28,800 [ERROR] LogOutputStream:75 - [STDERR_REDIRECT] 	at java.desktop/java.awt.EventQueue$4.run(EventQueue.java:714)
2025-08-29 22:04:28,801 [ERROR] LogOutputStream:75 - [STDERR_REDIRECT] 	at java.base/java.security.AccessController.doPrivileged(AccessController.java:400)
2025-08-29 22:04:28,801 [ERROR] LogOutputStream:75 - [STDERR_REDIRECT] 	at java.base/java.security.ProtectionDomain$JavaSecurityAccessImpl.doIntersectionPrivilege(ProtectionDomain.java:87)
2025-08-29 22:04:28,801 [ERROR] LogOutputStream:75 - [STDERR_REDIRECT] 	at java.base/java.security.ProtectionDomain$JavaSecurityAccessImpl.doIntersectionPrivilege(ProtectionDomain.java:98)
2025-08-29 22:04:28,801 [ERROR] LogOutputStream:75 - [STDERR_REDIRECT] 	at java.desktop/java.awt.EventQueue$5.run(EventQueue.java:747)
2025-08-29 22:04:28,801 [ERROR] LogOutputStream:75 - [STDERR_REDIRECT] 	at java.desktop/java.awt.EventQueue$5.run(EventQueue.java:745)
2025-08-29 22:04:28,801 [ERROR] LogOutputStream:75 - [STDERR_REDIRECT] 	at java.base/java.security.AccessController.doPrivileged(AccessController.java:400)
2025-08-29 22:04:28,801 [ERROR] LogOutputStream:75 - [STDERR_REDIRECT] 	at java.base/java.security.ProtectionDomain$JavaSecurityAccessImpl.doIntersectionPrivilege(ProtectionDomain.java:87)
2025-08-29 22:04:28,802 [ERROR] LogOutputStream:75 - [STDERR_REDIRECT] 	at java.desktop/java.awt.EventQueue.dispatchEvent(EventQueue.java:744)
2025-08-29 22:04:28,802 [ERROR] LogOutputStream:75 - [STDERR_REDIRECT] 	at java.desktop/java.awt.EventDispatchThread.pumpOneEventForFilters(EventDispatchThread.java:203)
2025-08-29 22:04:28,802 [ERROR] LogOutputStream:75 - [STDERR_REDIRECT] 	at java.desktop/java.awt.EventDispatchThread.pumpEventsForFilter(EventDispatchThread.java:124)
2025-08-29 22:04:28,802 [ERROR] LogOutputStream:75 - [STDERR_REDIRECT] 	at java.desktop/java.awt.EventDispatchThread.pumpEventsForFilter(EventDispatchThread.java:117)
2025-08-29 22:04:28,802 [ERROR] LogOutputStream:75 - [STDERR_REDIRECT] 	at java.desktop/java.awt.WaitDispatchSupport$2.run(WaitDispatchSupport.java:191)
2025-08-29 22:04:28,802 [ERROR] LogOutputStream:75 - [STDERR_REDIRECT] 	at java.desktop/java.awt.WaitDispatchSupport$4.run(WaitDispatchSupport.java:236)
2025-08-29 22:04:28,803 [ERROR] LogOutputStream:75 - [STDERR_REDIRECT] 	at java.desktop/java.awt.WaitDispatchSupport$4.run(WaitDispatchSupport.java:234)
2025-08-29 22:04:28,803 [ERROR] LogOutputStream:75 - [STDERR_REDIRECT] 	at java.base/java.security.AccessController.doPrivileged(AccessController.java:319)
2025-08-29 22:04:28,803 [ERROR] LogOutputStream:75 - [STDERR_REDIRECT] 	at java.desktop/java.awt.WaitDispatchSupport.enter(WaitDispatchSupport.java:234)
2025-08-29 22:04:28,803 [ERROR] LogOutputStream:75 - [STDERR_REDIRECT] 	at java.desktop/java.awt.Dialog.show(Dialog.java:1079)
2025-08-29 22:04:28,803 [ERROR] LogOutputStream:75 - [STDERR_REDIRECT] 	at java.desktop/javax.swing.JOptionPane.showOptionDialog(JOptionPane.java:881)
2025-08-29 22:04:28,803 [ERROR] LogOutputStream:75 - [STDERR_REDIRECT] 	at com.st.microxplorer.plugins.thirdparty.ThirdPartyDownloadManager.download(ThirdPartyDownloadManager.java:145)
2025-08-29 22:04:28,804 [ERROR] LogOutputStream:75 - [STDERR_REDIRECT] 	at com.st.microxplorer.plugins.thirdparty.ThirdPartyDownloadManager.loadMissings(ThirdPartyDownloadManager.java:93)
2025-08-29 22:04:28,804 [ERROR] LogOutputStream:75 - [STDERR_REDIRECT] 	at com.st.microxplorer.plugins.thirdparty.ThirdParty.mcuCheckRequiredPacks(ThirdParty.java:764)
2025-08-29 22:04:28,804 [ERROR] LogOutputStream:75 - [STDERR_REDIRECT] 	at com.st.microxplorer.plugins.thirdparty.ThirdParty.propertyChange(ThirdParty.java:700)
2025-08-29 22:04:28,804 [ERROR] LogOutputStream:75 - [STDERR_REDIRECT] 	at java.desktop/java.beans.PropertyChangeSupport.fire(PropertyChangeSupport.java:343)
2025-08-29 22:04:28,804 [ERROR] LogOutputStream:75 - [STDERR_REDIRECT] 	at java.desktop/java.beans.PropertyChangeSupport.firePropertyChange(PropertyChangeSupport.java:335)
2025-08-29 22:04:28,804 [ERROR] LogOutputStream:75 - [STDERR_REDIRECT] 	at java.desktop/java.beans.PropertyChangeSupport.firePropertyChange(PropertyChangeSupport.java:268)
2025-08-29 22:04:28,804 [ERROR] LogOutputStream:75 - [STDERR_REDIRECT] 	at com.st.microxplorer.util.MXPropertyChangeSupport.firePropertyChange(MXPropertyChangeSupport.java:54)
2025-08-29 22:04:28,805 [ERROR] LogOutputStream:75 - [STDERR_REDIRECT] 	at com.st.microxplorer.mxsystem.MxSystem.firePropertyChange(MxSystem.java:357)
2025-08-29 22:04:28,805 [ERROR] LogOutputStream:75 - [STDERR_REDIRECT] 	at com.st.microxplorer.mxsystem.MxSystem.loadRequiredPacks(MxSystem.java:811)
2025-08-29 22:04:28,805 [ERROR] LogOutputStream:75 - [STDERR_REDIRECT] 	at com.st.microxplorer.mxsystem.MxSystem.startLoadConfig(MxSystem.java:777)
2025-08-29 22:04:28,805 [ERROR] LogOutputStream:75 - [STDERR_REDIRECT] 	at com.st.microxplorer.plugins.filemanager.engine.OpenFileManager.LoadConfig(OpenFileManager.java:357)
2025-08-29 22:04:28,805 [ERROR] LogOutputStream:75 - [STDERR_REDIRECT] 	at com.st.microxplorer.plugins.filemanager.engine.OpenFileManager.loadConfigurationFile(OpenFileManager.java:292)
2025-08-29 22:04:28,805 [ERROR] LogOutputStream:75 - [STDERR_REDIRECT] 	at com.st.microxplorer.plugins.filemanager.engine.MainFileManager.userLoadConfig(MainFileManager.java:364)
2025-08-29 22:04:28,805 [ERROR] LogOutputStream:75 - [STDERR_REDIRECT] 	at com.st.microxplorer.plugins.filemanager.engine.MainFileManager.userLoadConfig(MainFileManager.java:342)
2025-08-29 22:04:28,806 [ERROR] LogOutputStream:75 - [STDERR_REDIRECT] 	at com.st.microxplorer.plugins.filemanager.FileManagerView.getSpecificTask(FileManagerView.java:264)
2025-08-29 22:04:28,806 [ERROR] LogOutputStream:75 - [STDERR_REDIRECT] 	at com.st.stm32cube.common.mx.editor.CubeMxEditor.getMxTabbedPaneInstance(CubeMxEditor.java:1198)
2025-08-29 22:04:28,806 [ERROR] LogOutputStream:75 - [STDERR_REDIRECT] 	at com.st.stm32cube.common.mx.editor.CubeMxEditor$12$1.createSwingComponent(CubeMxEditor.java:1068)
2025-08-29 22:04:28,806 [ERROR] LogOutputStream:75 - [STDERR_REDIRECT] 	at com.st.stm32cube.common.mx.oss.core.awtswtbridge.EmbeddedSwingComposite.doComponentCreation(EmbeddedSwingComposite.java:492)
2025-08-29 22:04:28,806 [ERROR] LogOutputStream:75 - [STDERR_REDIRECT] 	at com.st.stm32cube.common.mx.oss.core.awtswtbridge.EmbeddedSwingComposite$4.run(EmbeddedSwingComposite.java:291)
2025-08-29 22:04:28,806 [ERROR] LogOutputStream:75 - [STDERR_REDIRECT] 	at com.st.stm32cube.common.mx.oss.core.awtswtbridge.AwtEnvironment$2.run(AwtEnvironment.java:166)
2025-08-29 22:04:28,807 [ERROR] LogOutputStream:75 - [STDERR_REDIRECT] 	at java.desktop/java.awt.event.InvocationEvent.dispatch(InvocationEvent.java:318)
2025-08-29 22:04:28,807 [ERROR] LogOutputStream:75 - [STDERR_REDIRECT] 	at java.desktop/java.awt.EventQueue.dispatchEventImpl(EventQueue.java:773)
2025-08-29 22:04:28,807 [ERROR] LogOutputStream:75 - [STDERR_REDIRECT] 	at java.desktop/java.awt.EventQueue$4.run(EventQueue.java:720)
2025-08-29 22:04:28,807 [ERROR] LogOutputStream:75 - [STDERR_REDIRECT] 	at java.desktop/java.awt.EventQueue$4.run(EventQueue.java:714)
2025-08-29 22:04:28,807 [ERROR] LogOutputStream:75 - [STDERR_REDIRECT] 	at java.base/java.security.AccessController.doPrivileged(AccessController.java:400)
2025-08-29 22:04:28,807 [ERROR] LogOutputStream:75 - [STDERR_REDIRECT] 	at java.base/java.security.ProtectionDomain$JavaSecurityAccessImpl.doIntersectionPrivilege(ProtectionDomain.java:87)
2025-08-29 22:04:28,808 [ERROR] LogOutputStream:75 - [STDERR_REDIRECT] 	at java.desktop/java.awt.EventQueue.dispatchEvent(EventQueue.java:742)
2025-08-29 22:04:28,808 [ERROR] LogOutputStream:75 - [STDERR_REDIRECT] 	at java.desktop/java.awt.EventDispatchThread.pumpOneEventForFilters(EventDispatchThread.java:203)
2025-08-29 22:04:28,808 [ERROR] LogOutputStream:75 - [STDERR_REDIRECT] 	at java.desktop/java.awt.EventDispatchThread.pumpEventsForFilter(EventDispatchThread.java:124)
2025-08-29 22:04:28,808 [ERROR] LogOutputStream:75 - [STDERR_REDIRECT] 	at java.desktop/java.awt.EventDispatchThread.pumpEventsForHierarchy(EventDispatchThread.java:113)
2025-08-29 22:04:28,808 [ERROR] LogOutputStream:75 - [STDERR_REDIRECT] 	at java.desktop/java.awt.EventDispatchThread.pumpEvents(EventDispatchThread.java:109)
2025-08-29 22:04:28,808 [ERROR] LogOutputStream:75 - [STDERR_REDIRECT] 	at java.desktop/java.awt.EventDispatchThread.pumpEvents(EventDispatchThread.java:101)
2025-08-29 22:04:28,809 [ERROR] LogOutputStream:75 - [STDERR_REDIRECT] 	at java.desktop/java.awt.EventDispatchThread.run(EventDispatchThread.java:90)
2025-08-29 22:04:28,987 [ERROR] LogOutputStream:75 - [STDERR_REDIRECT] Exception in thread "AWT-EventQueue-0" java.lang.ClassCastException: class javax.swing.SwingUtilities$SharedOwnerFrame cannot be cast to class javax.swing.JFrame (javax.swing.SwingUtilities$SharedOwnerFrame and javax.swing.JFrame are in module java.desktop of loader 'bootstrap')
2025-08-29 22:04:28,987 [ERROR] LogOutputStream:75 - [STDERR_REDIRECT] 	at com.st.microxplorer.plugins.thirdparty.ThirdPartyDownloadManager$1.actionPerformed(ThirdPartyDownloadManager.java:128)
2025-08-29 22:04:28,987 [ERROR] LogOutputStream:75 - [STDERR_REDIRECT] 	at java.desktop/javax.swing.AbstractButton.fireActionPerformed(AbstractButton.java:1972)
2025-08-29 22:04:28,987 [ERROR] LogOutputStream:75 - [STDERR_REDIRECT] 	at java.desktop/javax.swing.AbstractButton$Handler.actionPerformed(AbstractButton.java:2314)
2025-08-29 22:04:28,987 [ERROR] LogOutputStream:75 - [STDERR_REDIRECT] 	at java.desktop/javax.swing.DefaultButtonModel.fireActionPerformed(DefaultButtonModel.java:407)
2025-08-29 22:04:28,987 [ERROR] LogOutputStream:75 - [STDERR_REDIRECT] 	at java.desktop/javax.swing.DefaultButtonModel.setPressed(DefaultButtonModel.java:262)
2025-08-29 22:04:28,987 [ERROR] LogOutputStream:75 - [STDERR_REDIRECT] 	at java.desktop/javax.swing.plaf.basic.BasicButtonListener.mouseReleased(BasicButtonListener.java:279)
2025-08-29 22:04:28,987 [ERROR] LogOutputStream:75 - [STDERR_REDIRECT] 	at java.desktop/java.awt.Component.processMouseEvent(Component.java:6621)
2025-08-29 22:04:28,987 [ERROR] LogOutputStream:75 - [STDERR_REDIRECT] 	at java.desktop/javax.swing.JComponent.processMouseEvent(JComponent.java:3398)
2025-08-29 22:04:28,987 [ERROR] LogOutputStream:75 - [STDERR_REDIRECT] 	at java.desktop/java.awt.Component.processEvent(Component.java:6386)
2025-08-29 22:04:28,987 [ERROR] LogOutputStream:75 - [STDERR_REDIRECT] 	at java.desktop/java.awt.Container.processEvent(Container.java:2266)
2025-08-29 22:04:28,988 [ERROR] LogOutputStream:75 - [STDERR_REDIRECT] 	at java.desktop/java.awt.Component.dispatchEventImpl(Component.java:4996)
2025-08-29 22:04:28,988 [ERROR] LogOutputStream:75 - [STDERR_REDIRECT] 	at java.desktop/java.awt.Container.dispatchEventImpl(Container.java:2324)
2025-08-29 22:04:28,988 [ERROR] LogOutputStream:75 - [STDERR_REDIRECT] 	at java.desktop/java.awt.Component.dispatchEvent(Component.java:4828)
2025-08-29 22:04:28,988 [ERROR] LogOutputStream:75 - [STDERR_REDIRECT] 	at java.desktop/java.awt.LightweightDispatcher.retargetMouseEvent(Container.java:4948)
2025-08-29 22:04:28,988 [ERROR] LogOutputStream:75 - [STDERR_REDIRECT] 	at java.desktop/java.awt.LightweightDispatcher.processMouseEvent(Container.java:4575)
2025-08-29 22:04:28,988 [ERROR] LogOutputStream:75 - [STDERR_REDIRECT] 	at java.desktop/java.awt.LightweightDispatcher.dispatchEvent(Container.java:4516)
2025-08-29 22:04:28,988 [ERROR] LogOutputStream:75 - [STDERR_REDIRECT] 	at java.desktop/java.awt.Container.dispatchEventImpl(Container.java:2310)
2025-08-29 22:04:28,988 [ERROR] LogOutputStream:75 - [STDERR_REDIRECT] 	at java.desktop/java.awt.Window.dispatchEventImpl(Window.java:2780)
2025-08-29 22:04:28,988 [ERROR] LogOutputStream:75 - [STDERR_REDIRECT] 	at java.desktop/java.awt.Component.dispatchEvent(Component.java:4828)
2025-08-29 22:04:28,988 [ERROR] LogOutputStream:75 - [STDERR_REDIRECT] 	at java.desktop/java.awt.EventQueue.dispatchEventImpl(EventQueue.java:775)
2025-08-29 22:04:28,989 [ERROR] LogOutputStream:75 - [STDERR_REDIRECT] 	at java.desktop/java.awt.EventQueue$4.run(EventQueue.java:720)
2025-08-29 22:04:28,989 [ERROR] LogOutputStream:75 - [STDERR_REDIRECT] 	at java.desktop/java.awt.EventQueue$4.run(EventQueue.java:714)
2025-08-29 22:04:28,989 [ERROR] LogOutputStream:75 - [STDERR_REDIRECT] 	at java.base/java.security.AccessController.doPrivileged(AccessController.java:400)
2025-08-29 22:04:28,989 [ERROR] LogOutputStream:75 - [STDERR_REDIRECT] 	at java.base/java.security.ProtectionDomain$JavaSecurityAccessImpl.doIntersectionPrivilege(ProtectionDomain.java:87)
2025-08-29 22:04:28,989 [ERROR] LogOutputStream:75 - [STDERR_REDIRECT] 	at java.base/java.security.ProtectionDomain$JavaSecurityAccessImpl.doIntersectionPrivilege(ProtectionDomain.java:98)
2025-08-29 22:04:28,989 [ERROR] LogOutputStream:75 - [STDERR_REDIRECT] 	at java.desktop/java.awt.EventQueue$5.run(EventQueue.java:747)
2025-08-29 22:04:28,989 [ERROR] LogOutputStream:75 - [STDERR_REDIRECT] 	at java.desktop/java.awt.EventQueue$5.run(EventQueue.java:745)
2025-08-29 22:04:28,989 [ERROR] LogOutputStream:75 - [STDERR_REDIRECT] 	at java.base/java.security.AccessController.doPrivileged(AccessController.java:400)
2025-08-29 22:04:28,989 [ERROR] LogOutputStream:75 - [STDERR_REDIRECT] 	at java.base/java.security.ProtectionDomain$JavaSecurityAccessImpl.doIntersectionPrivilege(ProtectionDomain.java:87)
2025-08-29 22:04:28,989 [ERROR] LogOutputStream:75 - [STDERR_REDIRECT] 	at java.desktop/java.awt.EventQueue.dispatchEvent(EventQueue.java:744)
2025-08-29 22:04:28,990 [ERROR] LogOutputStream:75 - [STDERR_REDIRECT] 	at java.desktop/java.awt.EventDispatchThread.pumpOneEventForFilters(EventDispatchThread.java:203)
2025-08-29 22:04:28,990 [ERROR] LogOutputStream:75 - [STDERR_REDIRECT] 	at java.desktop/java.awt.EventDispatchThread.pumpEventsForFilter(EventDispatchThread.java:124)
2025-08-29 22:04:28,990 [ERROR] LogOutputStream:75 - [STDERR_REDIRECT] 	at java.desktop/java.awt.EventDispatchThread.pumpEventsForFilter(EventDispatchThread.java:117)
2025-08-29 22:04:28,990 [ERROR] LogOutputStream:75 - [STDERR_REDIRECT] 	at java.desktop/java.awt.WaitDispatchSupport$2.run(WaitDispatchSupport.java:191)
2025-08-29 22:04:28,990 [ERROR] LogOutputStream:75 - [STDERR_REDIRECT] 	at java.desktop/java.awt.WaitDispatchSupport$4.run(WaitDispatchSupport.java:236)
2025-08-29 22:04:28,990 [ERROR] LogOutputStream:75 - [STDERR_REDIRECT] 	at java.desktop/java.awt.WaitDispatchSupport$4.run(WaitDispatchSupport.java:234)
2025-08-29 22:04:28,990 [ERROR] LogOutputStream:75 - [STDERR_REDIRECT] 	at java.base/java.security.AccessController.doPrivileged(AccessController.java:319)
2025-08-29 22:04:28,990 [ERROR] LogOutputStream:75 - [STDERR_REDIRECT] 	at java.desktop/java.awt.WaitDispatchSupport.enter(WaitDispatchSupport.java:234)
2025-08-29 22:04:28,990 [ERROR] LogOutputStream:75 - [STDERR_REDIRECT] 	at java.desktop/java.awt.Dialog.show(Dialog.java:1079)
2025-08-29 22:04:28,990 [ERROR] LogOutputStream:75 - [STDERR_REDIRECT] 	at java.desktop/javax.swing.JOptionPane.showOptionDialog(JOptionPane.java:881)
2025-08-29 22:04:28,990 [ERROR] LogOutputStream:75 - [STDERR_REDIRECT] 	at com.st.microxplorer.plugins.thirdparty.ThirdPartyDownloadManager.download(ThirdPartyDownloadManager.java:145)
2025-08-29 22:04:28,990 [ERROR] LogOutputStream:75 - [STDERR_REDIRECT] 	at com.st.microxplorer.plugins.thirdparty.ThirdPartyDownloadManager.loadMissings(ThirdPartyDownloadManager.java:93)
2025-08-29 22:04:28,991 [ERROR] LogOutputStream:75 - [STDERR_REDIRECT] 	at com.st.microxplorer.plugins.thirdparty.ThirdParty.mcuCheckRequiredPacks(ThirdParty.java:764)
2025-08-29 22:04:28,991 [ERROR] LogOutputStream:75 - [STDERR_REDIRECT] 	at com.st.microxplorer.plugins.thirdparty.ThirdParty.propertyChange(ThirdParty.java:700)
2025-08-29 22:04:28,991 [ERROR] LogOutputStream:75 - [STDERR_REDIRECT] 	at java.desktop/java.beans.PropertyChangeSupport.fire(PropertyChangeSupport.java:343)
2025-08-29 22:04:28,991 [ERROR] LogOutputStream:75 - [STDERR_REDIRECT] 	at java.desktop/java.beans.PropertyChangeSupport.firePropertyChange(PropertyChangeSupport.java:335)
2025-08-29 22:04:28,991 [ERROR] LogOutputStream:75 - [STDERR_REDIRECT] 	at java.desktop/java.beans.PropertyChangeSupport.firePropertyChange(PropertyChangeSupport.java:268)
2025-08-29 22:04:28,991 [ERROR] LogOutputStream:75 - [STDERR_REDIRECT] 	at com.st.microxplorer.util.MXPropertyChangeSupport.firePropertyChange(MXPropertyChangeSupport.java:54)
2025-08-29 22:04:28,991 [ERROR] LogOutputStream:75 - [STDERR_REDIRECT] 	at com.st.microxplorer.mxsystem.MxSystem.firePropertyChange(MxSystem.java:357)
2025-08-29 22:04:28,991 [ERROR] LogOutputStream:75 - [STDERR_REDIRECT] 	at com.st.microxplorer.mxsystem.MxSystem.loadRequiredPacks(MxSystem.java:811)
2025-08-29 22:04:28,991 [ERROR] LogOutputStream:75 - [STDERR_REDIRECT] 	at com.st.microxplorer.mxsystem.MxSystem.startLoadConfig(MxSystem.java:777)
2025-08-29 22:04:28,991 [ERROR] LogOutputStream:75 - [STDERR_REDIRECT] 	at com.st.microxplorer.plugins.filemanager.engine.OpenFileManager.LoadConfig(OpenFileManager.java:357)
2025-08-29 22:04:28,991 [ERROR] LogOutputStream:75 - [STDERR_REDIRECT] 	at com.st.microxplorer.plugins.filemanager.engine.OpenFileManager.loadConfigurationFile(OpenFileManager.java:292)
2025-08-29 22:04:28,991 [ERROR] LogOutputStream:75 - [STDERR_REDIRECT] 	at com.st.microxplorer.plugins.filemanager.engine.MainFileManager.userLoadConfig(MainFileManager.java:364)
2025-08-29 22:04:28,991 [ERROR] LogOutputStream:75 - [STDERR_REDIRECT] 	at com.st.microxplorer.plugins.filemanager.engine.MainFileManager.userLoadConfig(MainFileManager.java:342)
2025-08-29 22:04:28,992 [ERROR] LogOutputStream:75 - [STDERR_REDIRECT] 	at com.st.microxplorer.plugins.filemanager.FileManagerView.getSpecificTask(FileManagerView.java:264)
2025-08-29 22:04:28,992 [ERROR] LogOutputStream:75 - [STDERR_REDIRECT] 	at com.st.stm32cube.common.mx.editor.CubeMxEditor.getMxTabbedPaneInstance(CubeMxEditor.java:1198)
2025-08-29 22:04:28,992 [ERROR] LogOutputStream:75 - [STDERR_REDIRECT] 	at com.st.stm32cube.common.mx.editor.CubeMxEditor$12$1.createSwingComponent(CubeMxEditor.java:1068)
2025-08-29 22:04:28,992 [ERROR] LogOutputStream:75 - [STDERR_REDIRECT] 	at com.st.stm32cube.common.mx.oss.core.awtswtbridge.EmbeddedSwingComposite.doComponentCreation(EmbeddedSwingComposite.java:492)
2025-08-29 22:04:28,992 [ERROR] LogOutputStream:75 - [STDERR_REDIRECT] 	at com.st.stm32cube.common.mx.oss.core.awtswtbridge.EmbeddedSwingComposite$4.run(EmbeddedSwingComposite.java:291)
2025-08-29 22:04:28,992 [ERROR] LogOutputStream:75 - [STDERR_REDIRECT] 	at com.st.stm32cube.common.mx.oss.core.awtswtbridge.AwtEnvironment$2.run(AwtEnvironment.java:166)
2025-08-29 22:04:28,992 [ERROR] LogOutputStream:75 - [STDERR_REDIRECT] 	at java.desktop/java.awt.event.InvocationEvent.dispatch(InvocationEvent.java:318)
2025-08-29 22:04:28,992 [ERROR] LogOutputStream:75 - [STDERR_REDIRECT] 	at java.desktop/java.awt.EventQueue.dispatchEventImpl(EventQueue.java:773)
2025-08-29 22:04:28,992 [ERROR] LogOutputStream:75 - [STDERR_REDIRECT] 	at java.desktop/java.awt.EventQueue$4.run(EventQueue.java:720)
2025-08-29 22:04:28,992 [ERROR] LogOutputStream:75 - [STDERR_REDIRECT] 	at java.desktop/java.awt.EventQueue$4.run(EventQueue.java:714)
2025-08-29 22:04:28,992 [ERROR] LogOutputStream:75 - [STDERR_REDIRECT] 	at java.base/java.security.AccessController.doPrivileged(AccessController.java:400)
2025-08-29 22:04:28,992 [ERROR] LogOutputStream:75 - [STDERR_REDIRECT] 	at java.base/java.security.ProtectionDomain$JavaSecurityAccessImpl.doIntersectionPrivilege(ProtectionDomain.java:87)
2025-08-29 22:04:28,992 [ERROR] LogOutputStream:75 - [STDERR_REDIRECT] 	at java.desktop/java.awt.EventQueue.dispatchEvent(EventQueue.java:742)
2025-08-29 22:04:28,993 [ERROR] LogOutputStream:75 - [STDERR_REDIRECT] 	at java.desktop/java.awt.EventDispatchThread.pumpOneEventForFilters(EventDispatchThread.java:203)
2025-08-29 22:04:28,993 [ERROR] LogOutputStream:75 - [STDERR_REDIRECT] 	at java.desktop/java.awt.EventDispatchThread.pumpEventsForFilter(EventDispatchThread.java:124)
2025-08-29 22:04:28,993 [ERROR] LogOutputStream:75 - [STDERR_REDIRECT] 	at java.desktop/java.awt.EventDispatchThread.pumpEventsForHierarchy(EventDispatchThread.java:113)
2025-08-29 22:04:28,993 [ERROR] LogOutputStream:75 - [STDERR_REDIRECT] 	at java.desktop/java.awt.EventDispatchThread.pumpEvents(EventDispatchThread.java:109)
2025-08-29 22:04:28,993 [ERROR] LogOutputStream:75 - [STDERR_REDIRECT] 	at java.desktop/java.awt.EventDispatchThread.pumpEvents(EventDispatchThread.java:101)
2025-08-29 22:04:28,993 [ERROR] LogOutputStream:75 - [STDERR_REDIRECT] 	at java.desktop/java.awt.EventDispatchThread.run(EventDispatchThread.java:90)
2025-08-29 22:04:30,540 [INFO] Mcu:2029 - Initializing MCU STM32U575ZITxQ STM32U575ZITxQ STM32U575ZIT6Q
2025-08-29 22:04:33,553 [INFO] Context:786 - Trying to add GPIOservice into a context  which must be forbidden
2025-08-29 22:04:33,553 [INFO] Context:786 - Trying to add GPIOservice into a context  which must be forbidden
2025-08-29 22:04:36,015 [ERROR] Mcu:917 - ThirdParty IPModes/IPconfigs doesn't exist for :/home/joakim-wennergren/.stm32cubemx/plugins/thirdparty/db//STMicroelectronics/X-CUBE-FREERTOS/1.3.1/STMicroelectronics.X-CUBE-FREERTOS.1.3.1_Modes.xml
2025-08-29 22:04:36,015 [ERROR] Mcu:6503 - ThirdParty IPModes/IPconfigs doesn't exist for :STMicroelectronics.X-CUBE-FREERTOS.1.3.1
2025-08-29 22:04:36,040 [INFO] ApiDbMcu:532 - Load IP Config File for NUCLEO-U575ZI-Q
2025-08-29 22:04:36,150 [INFO] ImportTextPane:234 - (OptionalMessage_ERROR) Pin34 (VP_RIF_VS_RIF1) cannot be retrieved for this MCU
2025-08-29 22:04:36,307 [WARN] ModelIntegratedComponent:63 - No mode defined for component null
2025-08-29 22:04:36,308 [WARN] ModelIntegratedComponent:63 - No mode defined for component null
2025-08-29 22:04:36,308 [WARN] ModelIntegratedComponent:63 - No mode defined for component null
2025-08-29 22:04:36,308 [WARN] ModelIntegratedComponent:63 - No mode defined for component null
2025-08-29 22:04:36,308 [WARN] ModelIntegratedComponent:63 - No mode defined for component null
2025-08-29 22:04:36,308 [WARN] ModelIntegratedComponent:63 - No mode defined for component null
2025-08-29 22:04:36,308 [WARN] ModelIntegratedComponent:63 - No mode defined for component null
2025-08-29 22:04:36,308 [WARN] ModelIntegratedComponent:63 - No mode defined for component null
2025-08-29 22:04:36,308 [WARN] ModelIntegratedComponent:63 - No mode defined for component null
2025-08-29 22:04:36,308 [WARN] ModelIntegratedComponent:63 - No mode defined for component null
2025-08-29 22:04:36,308 [WARN] ModelIntegratedComponent:63 - No mode defined for component null
2025-08-29 22:04:36,308 [WARN] ModelIntegratedComponent:63 - No mode defined for component null
2025-08-29 22:04:36,308 [WARN] ModelIntegratedComponent:63 - No mode defined for component null
2025-08-29 22:04:36,308 [WARN] ModelIntegratedComponent:63 - No mode defined for component null
2025-08-29 22:04:36,308 [WARN] ModelIntegratedComponent:63 - No mode defined for component null
2025-08-29 22:04:36,308 [WARN] ModelIntegratedComponent:63 - No mode defined for component null
2025-08-29 22:04:36,308 [WARN] ModelIntegratedComponent:63 - No mode defined for component null
2025-08-29 22:04:36,308 [WARN] ModelIntegratedComponent:63 - No mode defined for component null
2025-08-29 22:04:36,308 [WARN] ModelIntegratedComponent:63 - No mode defined for component null
2025-08-29 22:04:36,308 [WARN] ModelIntegratedComponent:63 - No mode defined for component null
2025-08-29 22:04:36,308 [WARN] ModelIntegratedComponent:63 - No mode defined for component null
2025-08-29 22:04:36,308 [WARN] ModelIntegratedComponent:63 - No mode defined for component null
2025-08-29 22:04:36,308 [WARN] ModelIntegratedComponent:63 - No mode defined for component null
2025-08-29 22:04:36,308 [WARN] ModelIntegratedComponent:63 - No mode defined for component null
2025-08-29 22:04:36,308 [WARN] ModelIntegratedComponent:63 - No mode defined for component null
2025-08-29 22:04:36,308 [WARN] ModelIntegratedComponent:63 - No mode defined for component null
2025-08-29 22:04:36,309 [WARN] ModelIntegratedComponent:63 - No mode defined for component null
2025-08-29 22:04:36,309 [WARN] ModelIntegratedComponent:63 - No mode defined for component null
2025-08-29 22:04:36,309 [WARN] ModelIntegratedComponent:63 - No mode defined for component null
2025-08-29 22:04:36,309 [WARN] ModelIntegratedComponent:63 - No mode defined for component null
2025-08-29 22:04:36,309 [WARN] ModelIntegratedComponent:63 - No mode defined for component null
2025-08-29 22:04:36,309 [WARN] ModelIntegratedComponent:63 - No mode defined for component null
2025-08-29 22:04:36,309 [WARN] ModelIntegratedComponent:63 - No mode defined for component null
2025-08-29 22:04:36,309 [WARN] ModelIntegratedComponent:63 - No mode defined for component null
2025-08-29 22:04:36,309 [WARN] ModelIntegratedComponent:63 - No mode defined for component null
2025-08-29 22:04:36,309 [WARN] ModelPack:524 - Component already loaded: STMicroelectronics:HAL Drivers:0.0.0:STMicroelectronics:Device:STMicro_Driver:XSPI:HAL::0.0.1:HAL_XSPI
2025-08-29 22:04:36,314 [INFO] RtosManager:558 - Registered RTOS mode: class=RTOS, group=ThreadX, mode=Core, owner=THREADX
2025-08-29 22:04:36,459 [INFO] ThirdPartyModel:298 - Start build external matchings
2025-08-29 22:04:36,790 [INFO] ThirdPartyModel:316 - End build external matchings
2025-08-29 22:04:36,810 [WARN] IP:2250 - DATAEXCHANGEDESRCBYTE_GPDMACH2 not found: check if there is a RefParameter without a condition.
2025-08-29 22:04:36,810 [WARN] IP:2250 - DATAEXCHANGEDESTHALFWORD_GPDMACH2 not found: check if there is a RefParameter without a condition.
2025-08-29 22:04:36,815 [WARN] IP:2250 - SRAM5PowerDownInRunMode not found: check if there is a RefParameter without a condition.
2025-08-29 22:04:36,816 [WARN] IP:2250 - RAM1Page4PowerDownInStopMode not found: check if there is a RefParameter without a condition.
2025-08-29 22:04:36,816 [WARN] IP:2250 - RAM1Page5PowerDownInStopMode not found: check if there is a RefParameter without a condition.
2025-08-29 22:04:36,816 [WARN] IP:2250 - RAM1Page6PowerDownInStopMode not found: check if there is a RefParameter without a condition.
2025-08-29 22:04:36,816 [WARN] IP:2250 - RAM1Page7PowerDownInStopMode not found: check if there is a RefParameter without a condition.
2025-08-29 22:04:36,816 [WARN] IP:2250 - RAM1Page8PowerDownInStopMode not found: check if there is a RefParameter without a condition.
2025-08-29 22:04:36,816 [WARN] IP:2250 - RAM1Page9PowerDownInStopMode not found: check if there is a RefParameter without a condition.
2025-08-29 22:04:36,816 [WARN] IP:2250 - RAM1Page10PowerDownInStopMode not found: check if there is a RefParameter without a condition.
2025-08-29 22:04:36,816 [WARN] IP:2250 - RAM1Page11PowerDownInStopMode not found: check if there is a RefParameter without a condition.
2025-08-29 22:04:36,816 [WARN] IP:2250 - RAM1Page12PowerDownInStopMode not found: check if there is a RefParameter without a condition.
2025-08-29 22:04:36,816 [WARN] IP:2250 - RAM3Page9PowerDownInStopMode not found: check if there is a RefParameter without a condition.
2025-08-29 22:04:36,816 [WARN] IP:2250 - RAM3Page10PowerDownInStopMode not found: check if there is a RefParameter without a condition.
2025-08-29 22:04:36,816 [WARN] IP:2250 - RAM3Page11PowerDownInStopMode not found: check if there is a RefParameter without a condition.
2025-08-29 22:04:36,816 [WARN] IP:2250 - RAM3Page12PowerDownInStopMode not found: check if there is a RefParameter without a condition.
2025-08-29 22:04:36,816 [WARN] IP:2250 - RAM3Page13PowerDownInStopMode not found: check if there is a RefParameter without a condition.
2025-08-29 22:04:36,816 [WARN] IP:2250 - RAM5Page1PowerDownInStopMode not found: check if there is a RefParameter without a condition.
2025-08-29 22:04:36,816 [WARN] IP:2250 - RAM5Page2PowerDownInStopMode not found: check if there is a RefParameter without a condition.
2025-08-29 22:04:36,817 [WARN] IP:2250 - RAM5Page3PowerDownInStopMode not found: check if there is a RefParameter without a condition.
2025-08-29 22:04:36,817 [WARN] IP:2250 - RAM5Page4PowerDownInStopMode not found: check if there is a RefParameter without a condition.
2025-08-29 22:04:36,817 [WARN] IP:2250 - RAM5Page5PowerDownInStopMode not found: check if there is a RefParameter without a condition.
2025-08-29 22:04:36,817 [WARN] IP:2250 - RAM5Page6PowerDownInStopMode not found: check if there is a RefParameter without a condition.
2025-08-29 22:04:36,817 [WARN] IP:2250 - RAM5Page7PowerDownInStopMode not found: check if there is a RefParameter without a condition.
2025-08-29 22:04:36,817 [WARN] IP:2250 - RAM5Page8PowerDownInStopMode not found: check if there is a RefParameter without a condition.
2025-08-29 22:04:36,817 [WARN] IP:2250 - RAM5Page9PowerDownInStopMode not found: check if there is a RefParameter without a condition.
2025-08-29 22:04:36,817 [WARN] IP:2250 - RAM5Page10PowerDownInStopMode not found: check if there is a RefParameter without a condition.
2025-08-29 22:04:36,817 [WARN] IP:2250 - RAM5Page11PowerDownInStopMode not found: check if there is a RefParameter without a condition.
2025-08-29 22:04:36,817 [WARN] IP:2250 - RAM5Page12PowerDownInStopMode not found: check if there is a RefParameter without a condition.
2025-08-29 22:04:36,817 [WARN] IP:2250 - RAM5Page13PowerDownInStopMode not found: check if there is a RefParameter without a condition.
2025-08-29 22:04:36,817 [WARN] IP:2250 - Dcache2PowerDownInStopMode not found: check if there is a RefParameter without a condition.
2025-08-29 22:04:36,817 [WARN] IP:2250 - GRAPHICPRAMPowerDownInStopMode not found: check if there is a RefParameter without a condition.
2025-08-29 22:04:36,817 [WARN] IP:2250 - DSIRAMPowerDownInStopMode not found: check if there is a RefParameter without a condition.
2025-08-29 22:04:36,817 [WARN] IP:2250 - OutPut1 not found: check if there is a RefParameter without a condition.
2025-08-29 22:04:36,818 [WARN] IP:2250 - OutPut2 not found: check if there is a RefParameter without a condition.
2025-08-29 22:04:36,818 [WARN] IP:2250 - OutPut3 not found: check if there is a RefParameter without a condition.
2025-08-29 22:04:36,818 [WARN] IP:2250 - BinMixBcdU not found: check if there is a RefParameter without a condition.
2025-08-29 22:04:36,818 [WARN] IP:2250 - SSRU_Underflow_Interrupt not found: check if there is a RefParameter without a condition.
2025-08-29 22:04:36,818 [WARN] IP:2250 - rtcSecureFull not found: check if there is a RefParameter without a condition.
2025-08-29 22:04:36,818 [WARN] IP:2250 - rtcNonSecureFeatures not found: check if there is a RefParameter without a condition.
2025-08-29 22:04:36,818 [WARN] IP:2250 - RTC_NONSECURE_FEATURE_NONE not found: check if there is a RefParameter without a condition.
2025-08-29 22:04:36,818 [WARN] IP:2250 - RTC_NONSECURE_FEATURE_INIT not found: check if there is a RefParameter without a condition.
2025-08-29 22:04:36,818 [WARN] IP:2250 - RTC_NONSECURE_FEATURE_ALRA not found: check if there is a RefParameter without a condition.
2025-08-29 22:04:36,818 [WARN] IP:2250 - RTC_NONSECURE_FEATURE_ALRB not found: check if there is a RefParameter without a condition.
2025-08-29 22:04:36,818 [WARN] IP:2250 - RTC_NONSECURE_FEATURE_TS not found: check if there is a RefParameter without a condition.
2025-08-29 22:04:36,818 [WARN] IP:2250 - RTC_NONSECURE_FEATURE_CAL not found: check if there is a RefParameter without a condition.
2025-08-29 22:04:36,818 [WARN] IP:2250 - RTC_NONSECURE_FEATURE_WUT not found: check if there is a RefParameter without a condition.
2025-08-29 22:04:36,818 [WARN] IP:2250 - Sec_BKP_Registers1 not found: check if there is a RefParameter without a condition.
2025-08-29 22:04:36,818 [WARN] IP:2250 - backupRegisterStartZone2_gS not found: check if there is a RefParameter without a condition.
2025-08-29 22:04:36,818 [WARN] IP:2250 - backupRegisterStartZone3_gS not found: check if there is a RefParameter without a condition.
2025-08-29 22:04:36,819 [WARN] IP:2250 - rtcPrivilegeFeatures not found: check if there is a RefParameter without a condition.
2025-08-29 22:04:36,819 [WARN] IP:2250 - RTC_PRIVILEGE_FEATURE_INIT not found: check if there is a RefParameter without a condition.
2025-08-29 22:04:36,819 [WARN] IP:2250 - RTC_PRIVILEGE_FEATURE_ALRA not found: check if there is a RefParameter without a condition.
2025-08-29 22:04:36,819 [WARN] IP:2250 - RTC_PRIVILEGE_FEATURE_ALRB not found: check if there is a RefParameter without a condition.
2025-08-29 22:04:36,819 [WARN] IP:2250 - RTC_PRIVILEGE_FEATURE_CAL not found: check if there is a RefParameter without a condition.
2025-08-29 22:04:36,819 [WARN] IP:2250 - RTC_PRIVILEGE_FEATURE_TS not found: check if there is a RefParameter without a condition.
2025-08-29 22:04:36,819 [WARN] IP:2250 - RTC_PRIVILEGE_FEATURE_WUT not found: check if there is a RefParameter without a condition.
2025-08-29 22:04:36,819 [WARN] IP:2250 - SSRU_Underflow_Interrupt not found: check if there is a RefParameter without a condition.
2025-08-29 22:04:36,819 [WARN] IP:2250 - BinMixBcdU not found: check if there is a RefParameter without a condition.
2025-08-29 22:04:36,820 [WARN] IP:2250 - OutPut1 not found: check if there is a RefParameter without a condition.
2025-08-29 22:04:36,820 [WARN] IP:2250 - OutPut2 not found: check if there is a RefParameter without a condition.
2025-08-29 22:04:36,820 [WARN] IP:2250 - OutPut3 not found: check if there is a RefParameter without a condition.
2025-08-29 22:04:36,820 [WARN] IP:2250 - BinMixBcdU not found: check if there is a RefParameter without a condition.
2025-08-29 22:04:36,821 [WARN] IP:2250 - SSRU_Underflow_Interrupt not found: check if there is a RefParameter without a condition.
2025-08-29 22:04:36,821 [WARN] IP:2250 - rtcSecureFull not found: check if there is a RefParameter without a condition.
2025-08-29 22:04:36,821 [WARN] IP:2250 - rtcNonSecureFeatures not found: check if there is a RefParameter without a condition.
2025-08-29 22:04:36,821 [WARN] IP:2250 - RTC_NONSECURE_FEATURE_NONE not found: check if there is a RefParameter without a condition.
2025-08-29 22:04:36,821 [WARN] IP:2250 - RTC_NONSECURE_FEATURE_INIT not found: check if there is a RefParameter without a condition.
2025-08-29 22:04:36,821 [WARN] IP:2250 - RTC_NONSECURE_FEATURE_ALRA not found: check if there is a RefParameter without a condition.
2025-08-29 22:04:36,821 [WARN] IP:2250 - RTC_NONSECURE_FEATURE_ALRB not found: check if there is a RefParameter without a condition.
2025-08-29 22:04:36,821 [WARN] IP:2250 - RTC_NONSECURE_FEATURE_TS not found: check if there is a RefParameter without a condition.
2025-08-29 22:04:36,821 [WARN] IP:2250 - RTC_NONSECURE_FEATURE_CAL not found: check if there is a RefParameter without a condition.
2025-08-29 22:04:36,821 [WARN] IP:2250 - RTC_NONSECURE_FEATURE_WUT not found: check if there is a RefParameter without a condition.
2025-08-29 22:04:36,821 [WARN] IP:2250 - Sec_BKP_Registers1 not found: check if there is a RefParameter without a condition.
2025-08-29 22:04:36,821 [WARN] IP:2250 - backupRegisterStartZone2_gS not found: check if there is a RefParameter without a condition.
2025-08-29 22:04:36,821 [WARN] IP:2250 - backupRegisterStartZone3_gS not found: check if there is a RefParameter without a condition.
2025-08-29 22:04:36,821 [WARN] IP:2250 - rtcPrivilegeFeatures not found: check if there is a RefParameter without a condition.
2025-08-29 22:04:36,821 [WARN] IP:2250 - RTC_PRIVILEGE_FEATURE_INIT not found: check if there is a RefParameter without a condition.
2025-08-29 22:04:36,821 [WARN] IP:2250 - RTC_PRIVILEGE_FEATURE_ALRA not found: check if there is a RefParameter without a condition.
2025-08-29 22:04:36,822 [WARN] IP:2250 - RTC_PRIVILEGE_FEATURE_ALRB not found: check if there is a RefParameter without a condition.
2025-08-29 22:04:36,822 [WARN] IP:2250 - RTC_PRIVILEGE_FEATURE_CAL not found: check if there is a RefParameter without a condition.
2025-08-29 22:04:36,822 [WARN] IP:2250 - RTC_PRIVILEGE_FEATURE_TS not found: check if there is a RefParameter without a condition.
2025-08-29 22:04:36,822 [WARN] IP:2250 - RTC_PRIVILEGE_FEATURE_WUT not found: check if there is a RefParameter without a condition.
2025-08-29 22:04:36,822 [WARN] IP:2250 - BinaryAutoClr_A not found: check if there is a RefParameter without a condition.
2025-08-29 22:04:36,822 [WARN] IP:2250 - FlagAutoClr_A not found: check if there is a RefParameter without a condition.
2025-08-29 22:04:37,235 [INFO] ApiDb:581 - Connected to CubeFinder SQLite database (/home/joakim-wennergren/.stmcufinder/plugins/mcufinder/mcu/cube-finder-db.db)
2025-08-29 22:04:37,275 [INFO] ApiDb:668 - CubeFinder database Data Model version=2.1
2025-08-29 22:04:37,276 [INFO] ApiDb:669 - CubeFinder database Configuration version=3.0.39
2025-08-29 22:04:37,276 [INFO] ApiDb:670 - CubeFinder database generation date=2025-06-24 (1750757100)
2025-08-29 22:04:37,277 [INFO] ApiDb:671 - CubeFinder database FW Pack versions=[FP-ATR-ASTRA1_V2.0.0, FP-SNS-FLIGHT1_V5.1.0, FP-SNS-MOTENV1_V5.0.0, FP-SNS-MOTENVWB1_V1.4.0, FP-SNS-SMARTAG2_V1.2.0, FP-SNS-STBOX1_V2.0.0, STM32Cube_FW_C0_V1.4.0, STM32Cube_FW_F4_V1.28.2, STM32Cube_FW_F7_V1.17.3, STM32Cube_FW_G0_V1.6.2, STM32Cube_FW_G4_V1.6.1, STM32Cube_FW_H5_V1.5.0, STM32Cube_FW_H7RS_V1.2.0, STM32Cube_FW_H7_V1.12.1, STM32Cube_FW_L0_V1.12.2, STM32Cube_FW_L4_V1.18.1, STM32Cube_FW_L5_V1.5.1, STM32Cube_FW_N6_V1.2.0, STM32Cube_FW_U0_V1.3.0, STM32Cube_FW_U3_V1.2.0, STM32Cube_FW_U5_V1.8.0, STM32Cube_FW_WB0_V1.3.0, STM32Cube_FW_WBA_V1.7.0, STM32Cube_FW_WB_V1.23.0, STM32Cube_FW_WL3_V1.2.0, STM32Cube_FW_WL_V1.3.1, X-CUBE-ALGOBUILD_V1.4.0, X-CUBE-ALS_V1.0.2, X-CUBE-AZRTOS-F4_V1.1.0, X-CUBE-AZRTOS-F7_V1.1.0, X-CUBE-AZRTOS-G0_V1.1.0, X-CUBE-AZRTOS-G4_V2.0.0, X-CUBE-AZRTOS-H7RS_V1.1.0, X-CUBE-AZRTOS-H7_V3.3.0, X-CUBE-AZRTOS-L4_V2.0.0, X-CUBE-AZRTOS-L5_V2.0.0, X-CUBE-AZRTOS-WB_V2.0.0, X-CUBE-AZRTOS-WL_V2.0.0, X-CUBE-BLE1_V7.1.0, X-CUBE-BLE2_V3.3.0, X-CUBE-BLEMGR_V4.0.0, X-CUBE-EEPRMA1_V5.1.0, X-CUBE-FREERTOS_V1.3.1, X-CUBE-GNSS1_V6.0.0, X-CUBE-MEMS1_V11.3.0, X-CUBE-NFC4_V3.0.0, X-CUBE-NFC7_V2.0.0, X-CUBE-SFXS2LP1_V4.0.0, X-CUBE-SUBG2_V5.0.0, X-CUBE-TOF1_V3.4.3]
2025-08-29 22:04:37,315 [INFO] DbBoardsSqlite:226 - include board P-NUCLEO-WB55-NUCLEO as a kit item of type 'Nucleo-64'
2025-08-29 22:04:37,315 [INFO] DbBoardsSqlite:226 - include board P-NUCLEO-WB55-USBDONGLE as a kit item of type 'Nucleo USB Dongle'
2025-08-29 22:04:37,315 [INFO] DbBoardsSqlite:226 - include board STEVAL-IDP005V1 as a kit item of type 'Evaluation Board'
2025-08-29 22:04:37,315 [INFO] DbBoardsSqlite:226 - include board STEVAL-IDP005V2 as a kit item of type 'Evaluation Board'
2025-08-29 22:04:37,346 [INFO] ApiDb:240 - Found 880 in-development CPN: [B-G473E-ZEST1S, B-WB1M-WPAN1, B-WBA5M-WPAN, B-WL5M-SUBG1, NUCLEO-C031C6, NUCLEO-C051C8, NUCLEO-C071RB, NUCLEO-C092RC, NUCLEO-H503RB, NUCLEO-H533RE, NUCLEO-H563ZI, NUCLEO-H7S3L8, NUCLEO-N657X0-Q, NUCLEO-U031R8, NUCLEO-U083RC, NUCLEO-U385RG-Q, NUCLEO-U545RE-Q, NUCLEO-U5A5ZJ-Q, NUCLEO-WB05KZ, NUCLEO-WB07CC, NUCLEO-WB09KE, NUCLEO-WBA52CG, NUCLEO-WBA55CG, NUCLEO-WL33CC1, NUCLEO-WL33CC2, STEVAL-PROTEUS1, STEVAL-SMARTAG2, STEVAL-STWINBX1, STM320518-EVAL, STM32C0116-DK, STM32C011D6Y3TR, STM32C011D6Y6TR, STM32C011F4P3, STM32C011F4P6, STM32C011F4U3, STM32C011F4U6TR, STM32C011F6P3, STM32C011F6P6, STM32C011F6U3, STM32C011F6U6TR, STM32C011J4M3, STM32C011J4M6, STM32C011J6M3, STM32C011J6M6, STM32C0316-DK, STM32C031C4T3, STM32C031C4T6, STM32C031C4U3, STM32C031C4U6, STM32C031C6T3, STM32C031C6T6, STM32C031C6U3, STM32C031C6U6, STM32C031F4P3, STM32C031F4P6, STM32C031F6P3, STM32C031F6P6, STM32C031G4U3, STM32C031G4U6, STM32C031G6U3, STM32C031G6U6, STM32C031K4T3, STM32C031K4T6, STM32C031K4U3, STM32C031K4U6, STM32C031K6T3, STM32C031K6T6, STM32C031K6U3, STM32C031K6U6, STM32C051C6T6, STM32C051C6U6, STM32C051C8T6, STM32C051C8U6, STM32C051D8Y6TR, STM32C051F6P6, STM32C051F8P6, STM32C051G6U6, STM32C051G8U6, STM32C051K6T6, STM32C051K6U6, STM32C051K8T6, STM32C071C8T6, STM32C071C8T6N, STM32C071C8U6, STM32C071C8U6N, STM32C071CBT6, STM32C071CBT6N, STM32C071CBU6, STM32C071CBU6N, STM32C071F8P6, STM32C071F8P6N, STM32C071FBP6, STM32C071FBP6N, STM32C071FBY6TR, STM32C071G8U6, STM32C071G8U6N, STM32C071GBU6, STM32C071GBU6N, STM32C071K8T6, STM32C071K8T6N, STM32C071K8U6, STM32C071K8U6N, STM32C071KBT6, STM32C071KBT6N, STM32C071KBU6, STM32C071KBU6N, STM32C071R8T6, STM32C071R8T6N, STM32C071RBI6N, STM32C071RBT6, STM32C071RBT6N, STM32C091CBT6, STM32C091CBU6, STM32C091CCT6, STM32C091CCU6, STM32C091ECY6TR, STM32C091FBP6, STM32C091FCP6, STM32C091GBU6, STM32C091GCU6, STM32C091KBT6, STM32C091KBU6, STM32C091KCT6, STM32C091KCU6, STM32C091RBT6, STM32C091RCI6, STM32C091RCT6, STM32C092CBT6, STM32C092CBU6, STM32C092CCT6, STM32C092CCU6, STM32C092ECY6TR, STM32C092FBP6, STM32C092FCP6, STM32C092GBU6, STM32C092GCU6, STM32C092KBT6, STM32C092KBU6, STM32C092KCT6, STM32C092KCU6, STM32C092RBT6, STM32C092RCI6, STM32C092RCT6, STM32G071K8TXN, STM32G071K8UXN, STM32G081GBU6N, STM32G081KBT6N, STM32G081KBUXN, STM32G0B1CCT6N, STM32G0B1KCT6, STM32G0B1NEY6TR, STM32G0B1RCT6N, STM32G0C1CCT6, STM32G0C1CCT6N, STM32G0C1CCU6N, STM32G0C1CET6N, STM32G0C1CEU6N, STM32G0C1KCT6, STM32G0C1NEY6TR, STM32G0C1RCI6N, STM32G0C1RCT6N, STM32G0C1REI6N, STM32G0C1RET6N, STM32G0C1VCI6, STM32G0C1VEI6, STM32G411C6T3, STM32G411C6T6, STM32G411C6U3, STM32G411C6U6, STM32G411C8T3, STM32G411C8T6, STM32G411C8U3, STM32G411C8U6, STM32G411CBT3, STM32G411CBT6, STM32G411CBU3, STM32G411CBU6, STM32G411K6T3, STM32G411K6T6, STM32G411K6U3, STM32G411K6U6, STM32G411K8T3, STM32G411K8T6, STM32G411K8U3, STM32G411K8U6, STM32G411KBT3, STM32G411KBT6, STM32G411KBU3, STM32G411KBU6, STM32G411M6T3, STM32G411M6T6, STM32G411M8T3, STM32G411M8T6, STM32G411MBT3, STM32G411MBT6, STM32G411R6T3, STM32G411R6T6, STM32G411R8T3, STM32G411R8T6, STM32G411RBT3, STM32G411RBT6, STM32G414CBT3, STM32G414CBT6, STM32G414CBU3, STM32G414CBU6, STM32G414CCT3, STM32G414CCT6, STM32G414CCU3, STM32G414CCU6, STM32G414MBT3, STM32G414MBT6, STM32G414MCT3, STM32G414MCT6, STM32G414RBT3, STM32G414RBT6, STM32G414RCT3, STM32G414RCT6, STM32G414VBT3, STM32G414VBT6, STM32G414VCT3, STM32G414VCT6, STM32G431CBT3Z, STM32G431RBT3Z, STM32G471CCT6, STM32G471CCU6, STM32G471CET3, STM32G471CET6, STM32G471CEU3, STM32G471CEU6, STM32G471MCT6, STM32G471MET3, STM32G471MET6, STM32G471MEY6TR, STM32G471QCT6, STM32G471QET3, STM32G471RCT6, STM32G471RET3, STM32G471RET6, STM32G471VCH6, STM32G471VCI6, STM32G471VCT6, STM32G471VEH3, STM32G471VEH6, STM32G471VEI3, STM32G471VEI6, STM32G471VET3, STM32G471VET6, STM32G473QET3Z, STM32G473RET3Z, STM32G474CCT6, STM32G491RET3Z, STM32H503CBT6, STM32H503CBU6, STM32H503EBY6TR, STM32H503KBU6, STM32H503RBT6, STM32H523CCT6, STM32H523CCU6, STM32H523CET6, STM32H523CEU6, STM32H523HEY6TR, STM32H523RCT6, STM32H523RET6, STM32H523VCI6, STM32H523VCT6, STM32H523VEI6, STM32H523VET6, STM32H523ZCJ6, STM32H523ZCT6, STM32H523ZEJ6, STM32H523ZET6, STM32H533CET6, STM32H533CEU6, STM32H533HEY6TR, STM32H533RET6, STM32H533VEI6, STM32H533VET6, STM32H533ZEJ6, STM32H533ZET6, STM32H562AGI6, STM32H562AII6, STM32H562IGK6, STM32H562IGT6, STM32H562IIK6, STM32H562IIT6, STM32H562RGT6, STM32H562RGV6, STM32H562RIT6, STM32H562RIV6, STM32H562VGT6, STM32H562VIT6, STM32H562ZGT6, STM32H562ZIT6, STM32H563AGI6, STM32H563AII3Q, STM32H563AII6, STM32H563IGK6, STM32H563IGT6, STM32H563IIK3Q, STM32H563IIK6, STM32H563IIT3Q, STM32H563IIT6, STM32H563MIY3QTR, STM32H563RGT6, STM32H563RGV6, STM32H563RIT6, STM32H563RIV6, STM32H563VGT6, STM32H563VIT3Q, STM32H563VIT6, STM32H563ZGT6, STM32H563ZIT3Q, STM32H563ZIT6, STM32H573AII3Q, STM32H573AII6, STM32H573I-DK, STM32H573IIK3Q, STM32H573IIK6, STM32H573IIT3Q, STM32H573IIT6, STM32H573MIY3QTR, STM32H573RIT6, STM32H573RIV6, STM32H573VIT3Q, STM32H573VIT6, STM32H573ZIT3Q, STM32H573ZIT6, STM32H7R3A8I6, STM32H7R3I8K6, STM32H7R3I8T6, STM32H7R3L8H6, STM32H7R3L8H6H, STM32H7R3R8V6, STM32H7R3V8H6, STM32H7R3V8T6, STM32H7R3V8Y6TR, STM32H7R3Z8J6, STM32H7R3Z8T6, STM32H7R7A8I6, STM32H7R7I8K6, STM32H7R7I8T6, STM32H7R7L8H6, STM32H7R7L8H6H, STM32H7R7Z8J6, STM32H7S3A8I6, STM32H7S3I8K6, STM32H7S3I8T6, STM32H7S3L8H6, STM32H7S3L8H6H, STM32H7S3R8V6, STM32H7S3V8H6, STM32H7S3V8T6, STM32H7S3V8Y6TR, STM32H7S3Z8J6, STM32H7S3Z8T6, STM32H7S78-DK, STM32H7S7A8I6, STM32H7S7I8K6, STM32H7S7I8T6, STM32H7S7L8H6, STM32H7S7L8H6H, STM32H7S7Z8J6, STM32L4R5QGI6STR, STM32MP131AAE3, STM32MP131AAF3, STM32MP131AAG3, STM32MP131CAE3, STM32MP131CAF3, STM32MP131CAG3, STM32MP131DAE7, STM32MP131DAF7, STM32MP131DAG7, STM32MP131FAE7, STM32MP131FAF7, STM32MP131FAG7, STM32MP133AAE3, STM32MP133AAF3, STM32MP133AAG3, STM32MP133CAE3, STM32MP133CAF3, STM32MP133CAG3, STM32MP133DAE7, STM32MP133DAF7, STM32MP133DAG7, STM32MP133FAE7, STM32MP133FAF7, STM32MP133FAG7, STM32MP135AAE3, STM32MP135AAF3, STM32MP135AAG3, STM32MP135CAE3, STM32MP135CAF3, STM32MP135CAG3, STM32MP135DAE7, STM32MP135DAF7, STM32MP135DAG7, STM32MP135F-DK, STM32MP135FAE7, STM32MP135FAF7, STM32MP135FAF7T, STM32MP135FAF7U, STM32MP135FAG7, STM32MP211AAL3, STM32MP211AAM3, STM32MP211AAN3, STM32MP211AAO3, STM32MP211CAL3, STM32MP211CAM3, STM32MP211CAN3, STM32MP211CAO3, STM32MP211DAL3, STM32MP211DAM3, STM32MP211DAN3, STM32MP211DAO3, STM32MP211FAL3, STM32MP211FAM3, STM32MP211FAN3, STM32MP211FAO3, STM32MP213AAL3, STM32MP213AAM3, STM32MP213AAN3, STM32MP213AAO3, STM32MP213CAL3, STM32MP213CAM3, STM32MP213CAN3, STM32MP213CAO3, STM32MP213DAL3, STM32MP213DAM3, STM32MP213DAN3, STM32MP213DAO3, STM32MP213FAL3, STM32MP213FAM3, STM32MP213FAN3, STM32MP213FAO3, STM32MP215AAL3, STM32MP215AAM3, STM32MP215AAN3, STM32MP215AAO3, STM32MP215CAL3, STM32MP215CAM3, STM32MP215CAN3, STM32MP215CAO3, STM32MP215DAL3, STM32MP215DAM3, STM32MP215DAN3, STM32MP215DAO3, STM32MP215F-DK, STM32MP215FAL3, STM32MP215FAM3, STM32MP215FAN3, STM32MP215FAO3, STM32MP231AAJ3, STM32MP231AAK3, STM32MP231AAL3, STM32MP231CAJ3, STM32MP231CAK3, STM32MP231CAL3, STM32MP231DAJ3, STM32MP231DAK3, STM32MP231DAL3, STM32MP231FAJ3, STM32MP231FAK3, STM32MP231FAL3, STM32MP233AAJ3, STM32MP233AAK3, STM32MP233AAL3, STM32MP233CAJ3, STM32MP233CAK3, STM32MP233CAL3, STM32MP233DAJ3, STM32MP233DAK3, STM32MP233DAL3, STM32MP233FAJ3, STM32MP233FAK3, STM32MP233FAL3, STM32MP235AAJ3, STM32MP235AAK3, STM32MP235AAL3, STM32MP235CAJ3, STM32MP235CAK3, STM32MP235CAL3, STM32MP235DAJ3, STM32MP235DAK3, STM32MP235DAL3, STM32MP235FAJ3, STM32MP235FAK3, STM32MP235FAL3, STM32MP251AAI3, STM32MP251AAK3, STM32MP251AAL3, STM32MP251CAI3, STM32MP251CAK3, STM32MP251CAL3, STM32MP251DAI3, STM32MP251DAK3, STM32MP251DAL3, STM32MP251FAI3, STM32MP251FAK3, STM32MP251FAL3, STM32MP253AAI3, STM32MP253AAK3, STM32MP253AAL3, STM32MP253CAI3, STM32MP253CAK3, STM32MP253CAL3, STM32MP253DAI3, STM32MP253DAK3, STM32MP253DAL3, STM32MP253FAI3, STM32MP253FAK3, STM32MP253FAL3, STM32MP255AAI3, STM32MP255AAK3, STM32MP255AAL3, STM32MP255CAI3, STM32MP255CAK3, STM32MP255CAL3, STM32MP255DAI3, STM32MP255DAK3, STM32MP255DAL3, STM32MP255FAI3, STM32MP255FAK3, STM32MP255FAL3, STM32MP257AAI3, STM32MP257AAK3, STM32MP257AAL3, STM32MP257CAI3, STM32MP257CAK3, STM32MP257CAL3, STM32MP257DAI3, STM32MP257DAK3, STM32MP257DAL3, STM32MP257F-DK, STM32MP257F-EV1, STM32MP257FAI3, STM32MP257FAK3, STM32MP257FAL3, STM32N645A0H3Q, STM32N645B0H3Q, STM32N645I0H3Q, STM32N645L0H3Q, STM32N645X0H3Q, STM32N645Z0H3Q, STM32N647A0H3Q, STM32N647B0H3Q, STM32N647I0H3Q, STM32N647L0H3Q, STM32N647X0H3Q, STM32N647Z0H3Q, STM32N655A0H3Q, STM32N655B0H3Q, STM32N655I0H3Q, STM32N655L0H3Q, STM32N655X0H3Q, STM32N655Z0H3Q, STM32N6570-DK, STM32N657A0H3Q, STM32N657B0H3Q, STM32N657I0H3Q, STM32N657L0H3Q, STM32N657X0H3Q, STM32N657Z0H3Q, STM32U031C6T6, STM32U031C6U6, STM32U031C8T6, STM32U031C8U6, STM32U031F4P6, STM32U031F6P6, STM32U031F8P6, STM32U031G6Y6TR, STM32U031G8Y6TR, STM32U031K4U6, STM32U031K6U6, STM32U031K8U6, STM32U031R6I6, STM32U031R6T6, STM32U031R8I6, STM32U031R8T6, STM32U073C8T6, STM32U073C8U6, STM32U073CBT6, STM32U073CBU6, STM32U073CCT6, STM32U073CCU6, STM32U073H8Y6TR, STM32U073HBY6TR, STM32U073HCY6TR, STM32U073K8U6, STM32U073KBU6, STM32U073KCU6, STM32U073M8I6, STM32U073M8T6, STM32U073MBI6, STM32U073MBT6, STM32U073MCI6, STM32U073MCT6, STM32U073R8I6, STM32U073R8T6, STM32U073RBI6, STM32U073RBT6, STM32U073RCI6, STM32U073RCT6, STM32U083C-DK, STM32U083CCT6, STM32U083CCU6, STM32U083HCY6TR, STM32U083KCU6, STM32U083MCI6, STM32U083MCT6, STM32U083RCI6, STM32U083RCT6, STM32U375CET6, STM32U375CET6Q, STM32U375CEU6, STM32U375CEU6Q, STM32U375CEY6QTR, STM32U375CGT6, STM32U375CGT6Q, STM32U375CGU6, STM32U375CGU6Q, STM32U375CGY6QTR, STM32U375KEU6, STM32U375KGU6, STM32U375REI6, STM32U375REI6Q, STM32U375RET6, STM32U375RET6Q, STM32U375REY6GTR, STM32U375REY6QTR, STM32U375RGI6, STM32U375RGI6Q, STM32U375RGT6, STM32U375RGT6Q, STM32U375RGY6GTR, STM32U375RGY6QTR, STM32U375VEI6, STM32U375VEI6Q, STM32U375VET6, STM32U375VET6Q, STM32U375VGI6, STM32U375VGI6Q, STM32U375VGT6, STM32U375VGT6Q, STM32U385CGT6, STM32U385CGT6Q, STM32U385CGU6, STM32U385CGU6Q, STM32U385CGY6QTR, STM32U385KGU6, STM32U385RGI6, STM32U385RGI6Q, STM32U385RGT6, STM32U385RGT6Q, STM32U385RGY6GTR, STM32U385RGY6QTR, STM32U385VGI6, STM32U385VGI6Q, STM32U385VGT6, STM32U385VGT6Q, STM32U535CBT6, STM32U535CBT6Q, STM32U535CBU6, STM32U535CBU6Q, STM32U535CCT6, STM32U535CCT6Q, STM32U535CCU6, STM32U535CCU6Q, STM32U535CET6, STM32U535CET6Q, STM32U535CEU6, STM32U535CEU6Q, STM32U535JEY6QTR, STM32U535NCY6QTR, STM32U535NEY6QTR, STM32U535RBI6, STM32U535RBI6Q, STM32U535RBT6, STM32U535RBT6Q, STM32U535RCI6, STM32U535RCI6Q, STM32U535RCT6, STM32U535RCT6Q, STM32U535REI6, STM32U535REI6Q, STM32U535RET6, STM32U535RET6Q, STM32U535VCI6, STM32U535VCI6Q, STM32U535VCT6, STM32U535VCT6Q, STM32U535VEI6, STM32U535VEI6Q, STM32U535VET6, STM32U535VET6Q, STM32U545CET6, STM32U545CET6Q, STM32U545CEU6, STM32U545CEU6Q, STM32U545JEY6QTR, STM32U545NEY6QTR, STM32U545REI6, STM32U545REI6Q, STM32U545RET6, STM32U545RET6Q, STM32U545VEI6, STM32U545VEI6Q, STM32U545VET6, STM32U545VET6Q, STM32U595AIH6, STM32U595AIH6Q, STM32U595AJH6, STM32U595AJH6Q, STM32U595QII6, STM32U595QII6Q, STM32U595QJI6, STM32U595QJI6Q, STM32U595RIT6, STM32U595RIT6Q, STM32U595RJT6, STM32U595RJT6Q, STM32U595VIT6, STM32U595VIT6Q, STM32U595VJT6, STM32U595VJT6Q, STM32U595ZIT6, STM32U595ZIT6Q, STM32U595ZIY6QTR, STM32U595ZJT6, STM32U595ZJT6Q, STM32U595ZJY6QTR, STM32U599BJY6QTR, STM32U599NIH6Q, STM32U599NJH6Q, STM32U599VIT6Q, STM32U599VJT6, STM32U599VJT6Q, STM32U599ZIT6Q, STM32U599ZIY6QTR, STM32U599ZJT6Q, STM32U599ZJY6QTR, STM32U5A5AJH6, STM32U5A5AJH6Q, STM32U5A5QII3Q , STM32U5A5QJI6, STM32U5A5QJI6Q, STM32U5A5RJT6, STM32U5A5RJT6Q, STM32U5A5VJT6, STM32U5A5VJT6Q, STM32U5A5ZJT6, STM32U5A5ZJT6Q, STM32U5A5ZJY6QTR, STM32U5A9BJY6QTR, STM32U5A9J-DK, STM32U5A9NJH6Q, STM32U5A9VJT6Q, STM32U5A9ZJT6Q, STM32U5A9ZJY6QTR, STM32U5F7VIT6, STM32U5F7VIT6Q, STM32U5F7VJT6, STM32U5F7VJT6Q, STM32U5F9BJY6QTR, STM32U5F9NJH6Q, STM32U5F9VIT6Q, STM32U5F9VJT6Q, STM32U5F9ZIJ6QTR, STM32U5F9ZIT6Q, STM32U5F9ZJJ6QTR, STM32U5F9ZJT6Q, STM32U5G7VJT6, STM32U5G7VJT6Q, STM32U5G9BJY6QTR, STM32U5G9J-DK1, STM32U5G9J-DK2, STM32U5G9NJH6Q, STM32U5G9VJT6Q, STM32U5G9ZJJ6QTR, STM32U5G9ZJT6Q, STM32WB05KZV6TR, STM32WB05KZV7TR, STM32WB05TZF6TR, STM32WB05TZF7TR, STM32WB06CCF6TR, STM32WB06CCF7TR, STM32WB06CCV6TR, STM32WB06CCV7TR, STM32WB06KCV6TR, STM32WB06KCV7TR, STM32WB07CCF6TR, STM32WB07CCF7TR, STM32WB07CCV6TR, STM32WB07CCV7TR, STM32WB07KCV6TR, STM32WB07KCV7TR, STM32WB09KEV6TR, STM32WB09KEV7TR, STM32WB09TEF6TR, STM32WB09TEF7TR, STM32WB1MMCH6, STM32WBA50KGU6, STM32WBA50KGU6TR, STM32WBA52CEU6, STM32WBA52CEU6TR, STM32WBA52CEU7, STM32WBA52CEU7TR, STM32WBA52CGU6, STM32WBA52CGU6TR, STM32WBA52CGU6U, STM32WBA52CGU7, STM32WBA52CGU7TR, STM32WBA52KEU6, STM32WBA52KEU6TR, STM32WBA52KGU6, STM32WBA52KGU6TR, STM32WBA54CEU6, STM32WBA54CEU6TR, STM32WBA54CEU7, STM32WBA54CEU7TR, STM32WBA54CGU6, STM32WBA54CGU6TR, STM32WBA54CGU7, STM32WBA54CGU7TR, STM32WBA54KEU6, STM32WBA54KEU6TR, STM32WBA54KEU7, STM32WBA54KEU7TR, STM32WBA54KGU6, STM32WBA54KGU6TR, STM32WBA54KGU7, STM32WBA54KGU7TR, STM32WBA55CEU6, STM32WBA55CEU6TR, STM32WBA55CEU7, STM32WBA55CEU7TR, STM32WBA55CGU6, STM32WBA55CGU6TR, STM32WBA55CGU6U, STM32WBA55CGU7, STM32WBA55CGU7TR, STM32WBA55G-DK1, STM32WBA55HEF6, STM32WBA55HEF7, STM32WBA55HGF6, STM32WBA55HGF7, STM32WBA55UEI6, STM32WBA55UEI6TR, STM32WBA55UEI7, STM32WBA55UEI7TR, STM32WBA55UGI6, STM32WBA55UGI6TR, STM32WBA55UGI7, STM32WBA55UGI7TR, STM32WBA5MMGH6TR, STM32WBA62MGF6, STM32WBA62MIF6, STM32WBA65MGF7, STM32WBA65MIF6, STM32WBA65MIF7, STM32WL30K8V6, STM32WL30KBV6, STM32WL31C8V6, STM32WL31CBV6, STM32WL31K8V6, STM32WL31KBV6, STM32WL33C8V6, STM32WL33C8V6X, STM32WL33CBV6, STM32WL33CBV6X, STM32WL33CCV6, STM32WL33CCV6A, STM32WL33CCV6X, STM32WL33K8V7, STM32WL33K8V7X, STM32WL33KBV7 , STM32WL33KBV7X, STM32WL33KCV7, STM32WL33KCV7X, STM32WL5MOCH6, STM32WL5MOCH6TR]
2025-08-29 22:04:37,443 [INFO] BoardInfo:889 - No configuration file found for board P-NUCLEO-WB55
2025-08-29 22:04:37,443 [INFO] DbBoards:161 - Kit is not supported: P-NUCLEO-WB55
2025-08-29 22:04:37,446 [INFO] BoardInfo:889 - No configuration file found for board STEVAL-BFA001V1B
2025-08-29 22:04:37,447 [INFO] DbBoards:161 - Kit is not supported: STEVAL-BFA001V1B
2025-08-29 22:04:37,448 [INFO] BoardInfo:889 - No configuration file found for board STEVAL-BFA001V2B
2025-08-29 22:04:37,448 [INFO] DbBoards:161 - Kit is not supported: STEVAL-BFA001V2B
2025-08-29 22:04:37,582 [INFO] DbBoards:168 - Found 212 boards, 209 are supported
2025-08-29 22:04:37,582 [INFO] DbBoards:169 - Found 212 boards, 43 of them is supported for  Bsp
2025-08-29 22:04:37,585 [INFO] ApiDb:668 - CubeFinder database Data Model version=2.1
2025-08-29 22:04:37,585 [INFO] ApiDb:669 - CubeFinder database Configuration version=3.0.39
2025-08-29 22:04:37,585 [INFO] ApiDb:670 - CubeFinder database generation date=2025-06-24 (1750757100)
2025-08-29 22:04:37,585 [INFO] ApiDb:671 - CubeFinder database FW Pack versions=[FP-ATR-ASTRA1_V2.0.0, FP-SNS-FLIGHT1_V5.1.0, FP-SNS-MOTENV1_V5.0.0, FP-SNS-MOTENVWB1_V1.4.0, FP-SNS-SMARTAG2_V1.2.0, FP-SNS-STBOX1_V2.0.0, STM32Cube_FW_C0_V1.4.0, STM32Cube_FW_F4_V1.28.2, STM32Cube_FW_F7_V1.17.3, STM32Cube_FW_G0_V1.6.2, STM32Cube_FW_G4_V1.6.1, STM32Cube_FW_H5_V1.5.0, STM32Cube_FW_H7RS_V1.2.0, STM32Cube_FW_H7_V1.12.1, STM32Cube_FW_L0_V1.12.2, STM32Cube_FW_L4_V1.18.1, STM32Cube_FW_L5_V1.5.1, STM32Cube_FW_N6_V1.2.0, STM32Cube_FW_U0_V1.3.0, STM32Cube_FW_U3_V1.2.0, STM32Cube_FW_U5_V1.8.0, STM32Cube_FW_WB0_V1.3.0, STM32Cube_FW_WBA_V1.7.0, STM32Cube_FW_WB_V1.23.0, STM32Cube_FW_WL3_V1.2.0, STM32Cube_FW_WL_V1.3.1, X-CUBE-ALGOBUILD_V1.4.0, X-CUBE-ALS_V1.0.2, X-CUBE-AZRTOS-F4_V1.1.0, X-CUBE-AZRTOS-F7_V1.1.0, X-CUBE-AZRTOS-G0_V1.1.0, X-CUBE-AZRTOS-G4_V2.0.0, X-CUBE-AZRTOS-H7RS_V1.1.0, X-CUBE-AZRTOS-H7_V3.3.0, X-CUBE-AZRTOS-L4_V2.0.0, X-CUBE-AZRTOS-L5_V2.0.0, X-CUBE-AZRTOS-WB_V2.0.0, X-CUBE-AZRTOS-WL_V2.0.0, X-CUBE-BLE1_V7.1.0, X-CUBE-BLE2_V3.3.0, X-CUBE-BLEMGR_V4.0.0, X-CUBE-EEPRMA1_V5.1.0, X-CUBE-FREERTOS_V1.3.1, X-CUBE-GNSS1_V6.0.0, X-CUBE-MEMS1_V11.3.0, X-CUBE-NFC4_V3.0.0, X-CUBE-NFC7_V2.0.0, X-CUBE-SFXS2LP1_V4.0.0, X-CUBE-SUBG2_V5.0.0, X-CUBE-TOF1_V3.4.3]
2025-08-29 22:04:39,646 [INFO] ApiDb:240 - Found 880 in-development CPN: [B-G473E-ZEST1S, B-WB1M-WPAN1, B-WBA5M-WPAN, B-WL5M-SUBG1, NUCLEO-C031C6, NUCLEO-C051C8, NUCLEO-C071RB, NUCLEO-C092RC, NUCLEO-H503RB, NUCLEO-H533RE, NUCLEO-H563ZI, NUCLEO-H7S3L8, NUCLEO-N657X0-Q, NUCLEO-U031R8, NUCLEO-U083RC, NUCLEO-U385RG-Q, NUCLEO-U545RE-Q, NUCLEO-U5A5ZJ-Q, NUCLEO-WB05KZ, NUCLEO-WB07CC, NUCLEO-WB09KE, NUCLEO-WBA52CG, NUCLEO-WBA55CG, NUCLEO-WL33CC1, NUCLEO-WL33CC2, STEVAL-PROTEUS1, STEVAL-SMARTAG2, STEVAL-STWINBX1, STM320518-EVAL, STM32C0116-DK, STM32C011D6Y3TR, STM32C011D6Y6TR, STM32C011F4P3, STM32C011F4P6, STM32C011F4U3, STM32C011F4U6TR, STM32C011F6P3, STM32C011F6P6, STM32C011F6U3, STM32C011F6U6TR, STM32C011J4M3, STM32C011J4M6, STM32C011J6M3, STM32C011J6M6, STM32C0316-DK, STM32C031C4T3, STM32C031C4T6, STM32C031C4U3, STM32C031C4U6, STM32C031C6T3, STM32C031C6T6, STM32C031C6U3, STM32C031C6U6, STM32C031F4P3, STM32C031F4P6, STM32C031F6P3, STM32C031F6P6, STM32C031G4U3, STM32C031G4U6, STM32C031G6U3, STM32C031G6U6, STM32C031K4T3, STM32C031K4T6, STM32C031K4U3, STM32C031K4U6, STM32C031K6T3, STM32C031K6T6, STM32C031K6U3, STM32C031K6U6, STM32C051C6T6, STM32C051C6U6, STM32C051C8T6, STM32C051C8U6, STM32C051D8Y6TR, STM32C051F6P6, STM32C051F8P6, STM32C051G6U6, STM32C051G8U6, STM32C051K6T6, STM32C051K6U6, STM32C051K8T6, STM32C071C8T6, STM32C071C8T6N, STM32C071C8U6, STM32C071C8U6N, STM32C071CBT6, STM32C071CBT6N, STM32C071CBU6, STM32C071CBU6N, STM32C071F8P6, STM32C071F8P6N, STM32C071FBP6, STM32C071FBP6N, STM32C071FBY6TR, STM32C071G8U6, STM32C071G8U6N, STM32C071GBU6, STM32C071GBU6N, STM32C071K8T6, STM32C071K8T6N, STM32C071K8U6, STM32C071K8U6N, STM32C071KBT6, STM32C071KBT6N, STM32C071KBU6, STM32C071KBU6N, STM32C071R8T6, STM32C071R8T6N, STM32C071RBI6N, STM32C071RBT6, STM32C071RBT6N, STM32C091CBT6, STM32C091CBU6, STM32C091CCT6, STM32C091CCU6, STM32C091ECY6TR, STM32C091FBP6, STM32C091FCP6, STM32C091GBU6, STM32C091GCU6, STM32C091KBT6, STM32C091KBU6, STM32C091KCT6, STM32C091KCU6, STM32C091RBT6, STM32C091RCI6, STM32C091RCT6, STM32C092CBT6, STM32C092CBU6, STM32C092CCT6, STM32C092CCU6, STM32C092ECY6TR, STM32C092FBP6, STM32C092FCP6, STM32C092GBU6, STM32C092GCU6, STM32C092KBT6, STM32C092KBU6, STM32C092KCT6, STM32C092KCU6, STM32C092RBT6, STM32C092RCI6, STM32C092RCT6, STM32G071K8TXN, STM32G071K8UXN, STM32G081GBU6N, STM32G081KBT6N, STM32G081KBUXN, STM32G0B1CCT6N, STM32G0B1KCT6, STM32G0B1NEY6TR, STM32G0B1RCT6N, STM32G0C1CCT6, STM32G0C1CCT6N, STM32G0C1CCU6N, STM32G0C1CET6N, STM32G0C1CEU6N, STM32G0C1KCT6, STM32G0C1NEY6TR, STM32G0C1RCI6N, STM32G0C1RCT6N, STM32G0C1REI6N, STM32G0C1RET6N, STM32G0C1VCI6, STM32G0C1VEI6, STM32G411C6T3, STM32G411C6T6, STM32G411C6U3, STM32G411C6U6, STM32G411C8T3, STM32G411C8T6, STM32G411C8U3, STM32G411C8U6, STM32G411CBT3, STM32G411CBT6, STM32G411CBU3, STM32G411CBU6, STM32G411K6T3, STM32G411K6T6, STM32G411K6U3, STM32G411K6U6, STM32G411K8T3, STM32G411K8T6, STM32G411K8U3, STM32G411K8U6, STM32G411KBT3, STM32G411KBT6, STM32G411KBU3, STM32G411KBU6, STM32G411M6T3, STM32G411M6T6, STM32G411M8T3, STM32G411M8T6, STM32G411MBT3, STM32G411MBT6, STM32G411R6T3, STM32G411R6T6, STM32G411R8T3, STM32G411R8T6, STM32G411RBT3, STM32G411RBT6, STM32G414CBT3, STM32G414CBT6, STM32G414CBU3, STM32G414CBU6, STM32G414CCT3, STM32G414CCT6, STM32G414CCU3, STM32G414CCU6, STM32G414MBT3, STM32G414MBT6, STM32G414MCT3, STM32G414MCT6, STM32G414RBT3, STM32G414RBT6, STM32G414RCT3, STM32G414RCT6, STM32G414VBT3, STM32G414VBT6, STM32G414VCT3, STM32G414VCT6, STM32G431CBT3Z, STM32G431RBT3Z, STM32G471CCT6, STM32G471CCU6, STM32G471CET3, STM32G471CET6, STM32G471CEU3, STM32G471CEU6, STM32G471MCT6, STM32G471MET3, STM32G471MET6, STM32G471MEY6TR, STM32G471QCT6, STM32G471QET3, STM32G471RCT6, STM32G471RET3, STM32G471RET6, STM32G471VCH6, STM32G471VCI6, STM32G471VCT6, STM32G471VEH3, STM32G471VEH6, STM32G471VEI3, STM32G471VEI6, STM32G471VET3, STM32G471VET6, STM32G473QET3Z, STM32G473RET3Z, STM32G474CCT6, STM32G491RET3Z, STM32H503CBT6, STM32H503CBU6, STM32H503EBY6TR, STM32H503KBU6, STM32H503RBT6, STM32H523CCT6, STM32H523CCU6, STM32H523CET6, STM32H523CEU6, STM32H523HEY6TR, STM32H523RCT6, STM32H523RET6, STM32H523VCI6, STM32H523VCT6, STM32H523VEI6, STM32H523VET6, STM32H523ZCJ6, STM32H523ZCT6, STM32H523ZEJ6, STM32H523ZET6, STM32H533CET6, STM32H533CEU6, STM32H533HEY6TR, STM32H533RET6, STM32H533VEI6, STM32H533VET6, STM32H533ZEJ6, STM32H533ZET6, STM32H562AGI6, STM32H562AII6, STM32H562IGK6, STM32H562IGT6, STM32H562IIK6, STM32H562IIT6, STM32H562RGT6, STM32H562RGV6, STM32H562RIT6, STM32H562RIV6, STM32H562VGT6, STM32H562VIT6, STM32H562ZGT6, STM32H562ZIT6, STM32H563AGI6, STM32H563AII3Q, STM32H563AII6, STM32H563IGK6, STM32H563IGT6, STM32H563IIK3Q, STM32H563IIK6, STM32H563IIT3Q, STM32H563IIT6, STM32H563MIY3QTR, STM32H563RGT6, STM32H563RGV6, STM32H563RIT6, STM32H563RIV6, STM32H563VGT6, STM32H563VIT3Q, STM32H563VIT6, STM32H563ZGT6, STM32H563ZIT3Q, STM32H563ZIT6, STM32H573AII3Q, STM32H573AII6, STM32H573I-DK, STM32H573IIK3Q, STM32H573IIK6, STM32H573IIT3Q, STM32H573IIT6, STM32H573MIY3QTR, STM32H573RIT6, STM32H573RIV6, STM32H573VIT3Q, STM32H573VIT6, STM32H573ZIT3Q, STM32H573ZIT6, STM32H7R3A8I6, STM32H7R3I8K6, STM32H7R3I8T6, STM32H7R3L8H6, STM32H7R3L8H6H, STM32H7R3R8V6, STM32H7R3V8H6, STM32H7R3V8T6, STM32H7R3V8Y6TR, STM32H7R3Z8J6, STM32H7R3Z8T6, STM32H7R7A8I6, STM32H7R7I8K6, STM32H7R7I8T6, STM32H7R7L8H6, STM32H7R7L8H6H, STM32H7R7Z8J6, STM32H7S3A8I6, STM32H7S3I8K6, STM32H7S3I8T6, STM32H7S3L8H6, STM32H7S3L8H6H, STM32H7S3R8V6, STM32H7S3V8H6, STM32H7S3V8T6, STM32H7S3V8Y6TR, STM32H7S3Z8J6, STM32H7S3Z8T6, STM32H7S78-DK, STM32H7S7A8I6, STM32H7S7I8K6, STM32H7S7I8T6, STM32H7S7L8H6, STM32H7S7L8H6H, STM32H7S7Z8J6, STM32L4R5QGI6STR, STM32MP131AAE3, STM32MP131AAF3, STM32MP131AAG3, STM32MP131CAE3, STM32MP131CAF3, STM32MP131CAG3, STM32MP131DAE7, STM32MP131DAF7, STM32MP131DAG7, STM32MP131FAE7, STM32MP131FAF7, STM32MP131FAG7, STM32MP133AAE3, STM32MP133AAF3, STM32MP133AAG3, STM32MP133CAE3, STM32MP133CAF3, STM32MP133CAG3, STM32MP133DAE7, STM32MP133DAF7, STM32MP133DAG7, STM32MP133FAE7, STM32MP133FAF7, STM32MP133FAG7, STM32MP135AAE3, STM32MP135AAF3, STM32MP135AAG3, STM32MP135CAE3, STM32MP135CAF3, STM32MP135CAG3, STM32MP135DAE7, STM32MP135DAF7, STM32MP135DAG7, STM32MP135F-DK, STM32MP135FAE7, STM32MP135FAF7, STM32MP135FAF7T, STM32MP135FAF7U, STM32MP135FAG7, STM32MP211AAL3, STM32MP211AAM3, STM32MP211AAN3, STM32MP211AAO3, STM32MP211CAL3, STM32MP211CAM3, STM32MP211CAN3, STM32MP211CAO3, STM32MP211DAL3, STM32MP211DAM3, STM32MP211DAN3, STM32MP211DAO3, STM32MP211FAL3, STM32MP211FAM3, STM32MP211FAN3, STM32MP211FAO3, STM32MP213AAL3, STM32MP213AAM3, STM32MP213AAN3, STM32MP213AAO3, STM32MP213CAL3, STM32MP213CAM3, STM32MP213CAN3, STM32MP213CAO3, STM32MP213DAL3, STM32MP213DAM3, STM32MP213DAN3, STM32MP213DAO3, STM32MP213FAL3, STM32MP213FAM3, STM32MP213FAN3, STM32MP213FAO3, STM32MP215AAL3, STM32MP215AAM3, STM32MP215AAN3, STM32MP215AAO3, STM32MP215CAL3, STM32MP215CAM3, STM32MP215CAN3, STM32MP215CAO3, STM32MP215DAL3, STM32MP215DAM3, STM32MP215DAN3, STM32MP215DAO3, STM32MP215F-DK, STM32MP215FAL3, STM32MP215FAM3, STM32MP215FAN3, STM32MP215FAO3, STM32MP231AAJ3, STM32MP231AAK3, STM32MP231AAL3, STM32MP231CAJ3, STM32MP231CAK3, STM32MP231CAL3, STM32MP231DAJ3, STM32MP231DAK3, STM32MP231DAL3, STM32MP231FAJ3, STM32MP231FAK3, STM32MP231FAL3, STM32MP233AAJ3, STM32MP233AAK3, STM32MP233AAL3, STM32MP233CAJ3, STM32MP233CAK3, STM32MP233CAL3, STM32MP233DAJ3, STM32MP233DAK3, STM32MP233DAL3, STM32MP233FAJ3, STM32MP233FAK3, STM32MP233FAL3, STM32MP235AAJ3, STM32MP235AAK3, STM32MP235AAL3, STM32MP235CAJ3, STM32MP235CAK3, STM32MP235CAL3, STM32MP235DAJ3, STM32MP235DAK3, STM32MP235DAL3, STM32MP235FAJ3, STM32MP235FAK3, STM32MP235FAL3, STM32MP251AAI3, STM32MP251AAK3, STM32MP251AAL3, STM32MP251CAI3, STM32MP251CAK3, STM32MP251CAL3, STM32MP251DAI3, STM32MP251DAK3, STM32MP251DAL3, STM32MP251FAI3, STM32MP251FAK3, STM32MP251FAL3, STM32MP253AAI3, STM32MP253AAK3, STM32MP253AAL3, STM32MP253CAI3, STM32MP253CAK3, STM32MP253CAL3, STM32MP253DAI3, STM32MP253DAK3, STM32MP253DAL3, STM32MP253FAI3, STM32MP253FAK3, STM32MP253FAL3, STM32MP255AAI3, STM32MP255AAK3, STM32MP255AAL3, STM32MP255CAI3, STM32MP255CAK3, STM32MP255CAL3, STM32MP255DAI3, STM32MP255DAK3, STM32MP255DAL3, STM32MP255FAI3, STM32MP255FAK3, STM32MP255FAL3, STM32MP257AAI3, STM32MP257AAK3, STM32MP257AAL3, STM32MP257CAI3, STM32MP257CAK3, STM32MP257CAL3, STM32MP257DAI3, STM32MP257DAK3, STM32MP257DAL3, STM32MP257F-DK, STM32MP257F-EV1, STM32MP257FAI3, STM32MP257FAK3, STM32MP257FAL3, STM32N645A0H3Q, STM32N645B0H3Q, STM32N645I0H3Q, STM32N645L0H3Q, STM32N645X0H3Q, STM32N645Z0H3Q, STM32N647A0H3Q, STM32N647B0H3Q, STM32N647I0H3Q, STM32N647L0H3Q, STM32N647X0H3Q, STM32N647Z0H3Q, STM32N655A0H3Q, STM32N655B0H3Q, STM32N655I0H3Q, STM32N655L0H3Q, STM32N655X0H3Q, STM32N655Z0H3Q, STM32N6570-DK, STM32N657A0H3Q, STM32N657B0H3Q, STM32N657I0H3Q, STM32N657L0H3Q, STM32N657X0H3Q, STM32N657Z0H3Q, STM32U031C6T6, STM32U031C6U6, STM32U031C8T6, STM32U031C8U6, STM32U031F4P6, STM32U031F6P6, STM32U031F8P6, STM32U031G6Y6TR, STM32U031G8Y6TR, STM32U031K4U6, STM32U031K6U6, STM32U031K8U6, STM32U031R6I6, STM32U031R6T6, STM32U031R8I6, STM32U031R8T6, STM32U073C8T6, STM32U073C8U6, STM32U073CBT6, STM32U073CBU6, STM32U073CCT6, STM32U073CCU6, STM32U073H8Y6TR, STM32U073HBY6TR, STM32U073HCY6TR, STM32U073K8U6, STM32U073KBU6, STM32U073KCU6, STM32U073M8I6, STM32U073M8T6, STM32U073MBI6, STM32U073MBT6, STM32U073MCI6, STM32U073MCT6, STM32U073R8I6, STM32U073R8T6, STM32U073RBI6, STM32U073RBT6, STM32U073RCI6, STM32U073RCT6, STM32U083C-DK, STM32U083CCT6, STM32U083CCU6, STM32U083HCY6TR, STM32U083KCU6, STM32U083MCI6, STM32U083MCT6, STM32U083RCI6, STM32U083RCT6, STM32U375CET6, STM32U375CET6Q, STM32U375CEU6, STM32U375CEU6Q, STM32U375CEY6QTR, STM32U375CGT6, STM32U375CGT6Q, STM32U375CGU6, STM32U375CGU6Q, STM32U375CGY6QTR, STM32U375KEU6, STM32U375KGU6, STM32U375REI6, STM32U375REI6Q, STM32U375RET6, STM32U375RET6Q, STM32U375REY6GTR, STM32U375REY6QTR, STM32U375RGI6, STM32U375RGI6Q, STM32U375RGT6, STM32U375RGT6Q, STM32U375RGY6GTR, STM32U375RGY6QTR, STM32U375VEI6, STM32U375VEI6Q, STM32U375VET6, STM32U375VET6Q, STM32U375VGI6, STM32U375VGI6Q, STM32U375VGT6, STM32U375VGT6Q, STM32U385CGT6, STM32U385CGT6Q, STM32U385CGU6, STM32U385CGU6Q, STM32U385CGY6QTR, STM32U385KGU6, STM32U385RGI6, STM32U385RGI6Q, STM32U385RGT6, STM32U385RGT6Q, STM32U385RGY6GTR, STM32U385RGY6QTR, STM32U385VGI6, STM32U385VGI6Q, STM32U385VGT6, STM32U385VGT6Q, STM32U535CBT6, STM32U535CBT6Q, STM32U535CBU6, STM32U535CBU6Q, STM32U535CCT6, STM32U535CCT6Q, STM32U535CCU6, STM32U535CCU6Q, STM32U535CET6, STM32U535CET6Q, STM32U535CEU6, STM32U535CEU6Q, STM32U535JEY6QTR, STM32U535NCY6QTR, STM32U535NEY6QTR, STM32U535RBI6, STM32U535RBI6Q, STM32U535RBT6, STM32U535RBT6Q, STM32U535RCI6, STM32U535RCI6Q, STM32U535RCT6, STM32U535RCT6Q, STM32U535REI6, STM32U535REI6Q, STM32U535RET6, STM32U535RET6Q, STM32U535VCI6, STM32U535VCI6Q, STM32U535VCT6, STM32U535VCT6Q, STM32U535VEI6, STM32U535VEI6Q, STM32U535VET6, STM32U535VET6Q, STM32U545CET6, STM32U545CET6Q, STM32U545CEU6, STM32U545CEU6Q, STM32U545JEY6QTR, STM32U545NEY6QTR, STM32U545REI6, STM32U545REI6Q, STM32U545RET6, STM32U545RET6Q, STM32U545VEI6, STM32U545VEI6Q, STM32U545VET6, STM32U545VET6Q, STM32U595AIH6, STM32U595AIH6Q, STM32U595AJH6, STM32U595AJH6Q, STM32U595QII6, STM32U595QII6Q, STM32U595QJI6, STM32U595QJI6Q, STM32U595RIT6, STM32U595RIT6Q, STM32U595RJT6, STM32U595RJT6Q, STM32U595VIT6, STM32U595VIT6Q, STM32U595VJT6, STM32U595VJT6Q, STM32U595ZIT6, STM32U595ZIT6Q, STM32U595ZIY6QTR, STM32U595ZJT6, STM32U595ZJT6Q, STM32U595ZJY6QTR, STM32U599BJY6QTR, STM32U599NIH6Q, STM32U599NJH6Q, STM32U599VIT6Q, STM32U599VJT6, STM32U599VJT6Q, STM32U599ZIT6Q, STM32U599ZIY6QTR, STM32U599ZJT6Q, STM32U599ZJY6QTR, STM32U5A5AJH6, STM32U5A5AJH6Q, STM32U5A5QII3Q , STM32U5A5QJI6, STM32U5A5QJI6Q, STM32U5A5RJT6, STM32U5A5RJT6Q, STM32U5A5VJT6, STM32U5A5VJT6Q, STM32U5A5ZJT6, STM32U5A5ZJT6Q, STM32U5A5ZJY6QTR, STM32U5A9BJY6QTR, STM32U5A9J-DK, STM32U5A9NJH6Q, STM32U5A9VJT6Q, STM32U5A9ZJT6Q, STM32U5A9ZJY6QTR, STM32U5F7VIT6, STM32U5F7VIT6Q, STM32U5F7VJT6, STM32U5F7VJT6Q, STM32U5F9BJY6QTR, STM32U5F9NJH6Q, STM32U5F9VIT6Q, STM32U5F9VJT6Q, STM32U5F9ZIJ6QTR, STM32U5F9ZIT6Q, STM32U5F9ZJJ6QTR, STM32U5F9ZJT6Q, STM32U5G7VJT6, STM32U5G7VJT6Q, STM32U5G9BJY6QTR, STM32U5G9J-DK1, STM32U5G9J-DK2, STM32U5G9NJH6Q, STM32U5G9VJT6Q, STM32U5G9ZJJ6QTR, STM32U5G9ZJT6Q, STM32WB05KZV6TR, STM32WB05KZV7TR, STM32WB05TZF6TR, STM32WB05TZF7TR, STM32WB06CCF6TR, STM32WB06CCF7TR, STM32WB06CCV6TR, STM32WB06CCV7TR, STM32WB06KCV6TR, STM32WB06KCV7TR, STM32WB07CCF6TR, STM32WB07CCF7TR, STM32WB07CCV6TR, STM32WB07CCV7TR, STM32WB07KCV6TR, STM32WB07KCV7TR, STM32WB09KEV6TR, STM32WB09KEV7TR, STM32WB09TEF6TR, STM32WB09TEF7TR, STM32WB1MMCH6, STM32WBA50KGU6, STM32WBA50KGU6TR, STM32WBA52CEU6, STM32WBA52CEU6TR, STM32WBA52CEU7, STM32WBA52CEU7TR, STM32WBA52CGU6, STM32WBA52CGU6TR, STM32WBA52CGU6U, STM32WBA52CGU7, STM32WBA52CGU7TR, STM32WBA52KEU6, STM32WBA52KEU6TR, STM32WBA52KGU6, STM32WBA52KGU6TR, STM32WBA54CEU6, STM32WBA54CEU6TR, STM32WBA54CEU7, STM32WBA54CEU7TR, STM32WBA54CGU6, STM32WBA54CGU6TR, STM32WBA54CGU7, STM32WBA54CGU7TR, STM32WBA54KEU6, STM32WBA54KEU6TR, STM32WBA54KEU7, STM32WBA54KEU7TR, STM32WBA54KGU6, STM32WBA54KGU6TR, STM32WBA54KGU7, STM32WBA54KGU7TR, STM32WBA55CEU6, STM32WBA55CEU6TR, STM32WBA55CEU7, STM32WBA55CEU7TR, STM32WBA55CGU6, STM32WBA55CGU6TR, STM32WBA55CGU6U, STM32WBA55CGU7, STM32WBA55CGU7TR, STM32WBA55G-DK1, STM32WBA55HEF6, STM32WBA55HEF7, STM32WBA55HGF6, STM32WBA55HGF7, STM32WBA55UEI6, STM32WBA55UEI6TR, STM32WBA55UEI7, STM32WBA55UEI7TR, STM32WBA55UGI6, STM32WBA55UGI6TR, STM32WBA55UGI7, STM32WBA55UGI7TR, STM32WBA5MMGH6TR, STM32WBA62MGF6, STM32WBA62MIF6, STM32WBA65MGF7, STM32WBA65MIF6, STM32WBA65MIF7, STM32WL30K8V6, STM32WL30KBV6, STM32WL31C8V6, STM32WL31CBV6, STM32WL31K8V6, STM32WL31KBV6, STM32WL33C8V6, STM32WL33C8V6X, STM32WL33CBV6, STM32WL33CBV6X, STM32WL33CCV6, STM32WL33CCV6A, STM32WL33CCV6X, STM32WL33K8V7, STM32WL33K8V7X, STM32WL33KBV7 , STM32WL33KBV7X, STM32WL33KCV7, STM32WL33KCV7X, STM32WL5MOCH6, STM32WL5MOCH6TR]
2025-08-29 22:04:39,649 [INFO] DbMcus:218 - Found 4801 MCUs, 4801 are supported
2025-08-29 22:04:39,649 [INFO] ApiDb:414 - User favorites file not found: /home/joakim-wennergren/.stm32cubeide/favorites.mcus.txt
2025-08-29 22:04:39,649 [INFO] DbMcus:224 - Set 0 / 0 favorites MCUs
2025-08-29 22:04:39,994 [INFO] ApiDb:414 - User favorites file not found: /home/joakim-wennergren/.stm32cubeide/favorites.boards.txt
2025-08-29 22:04:39,994 [INFO] DbBoards:198 - Set 0 / 0 favorites Boards
2025-08-29 22:04:40,043 [INFO] UtilMem:75 - End LoadConfig() Used Memory: 444649384 Bytes (752877568)
2025-08-29 22:04:40,185 [WARN] ThirdParty:833 - waiting for thirdparty lock release [change project]
2025-08-29 22:04:40,186 [INFO] ThirdParty:835 - entering critical section [change project]
2025-08-29 22:04:40,186 [INFO] ThirdParty:1030 - CMSIS Pack Vendor :STMicroelectronics X-CUBE-PM33A1 1.0.0
2025-08-29 22:04:40,186 [INFO] ThirdParty:1030 - CMSIS Pack Vendor :STMicroelectronics USBPD 4.1
2025-08-29 22:04:40,186 [INFO] ThirdParty:1030 - CMSIS Pack Vendor :STMicroelectronics X-CUBE-NFC9 1.0.0
2025-08-29 22:04:40,186 [INFO] ThirdParty:1030 - CMSIS Pack Vendor :STMicroelectronics USB_HOST 2.0.0
2025-08-29 22:04:40,186 [INFO] ThirdParty:1030 - CMSIS Pack Vendor :STMicroelectronics FP-SNS-MOTENVWB1 1.4.0
2025-08-29 22:04:40,186 [INFO] ThirdParty:1030 - CMSIS Pack Vendor :STMicroelectronics X-CUBE-AZRTOS-F4 1.1.0
2025-08-29 22:04:40,186 [INFO] ThirdParty:1030 - CMSIS Pack Vendor :STMicroelectronics LIBJPEG 8.0.0
2025-08-29 22:04:40,186 [INFO] ThirdParty:1030 - CMSIS Pack Vendor :STMicroelectronics FP-ATR-ASTRA1 2.0.2
2025-08-29 22:04:40,186 [INFO] ThirdParty:1030 - CMSIS Pack Vendor :wolfSSL I-CUBE-wolfSSL 5.8.2
2025-08-29 22:04:40,186 [INFO] ThirdParty:1030 - CMSIS Pack Vendor :STMicroelectronics X-CUBE-BLE1 7.1.0
2025-08-29 22:04:40,186 [INFO] ThirdParty:1030 - CMSIS Pack Vendor :Avnet-IotConnect X-CUBE-IoTC-DA16k-PMOD 1.0.0
2025-08-29 22:04:40,186 [INFO] ThirdParty:1030 - CMSIS Pack Vendor :STMicroelectronics X-CUBE-SMBUS 2.1.0
2025-08-29 22:04:40,186 [INFO] ThirdParty:1030 - CMSIS Pack Vendor :wolfSSL I-CUBE-wolfMQTT 1.19.2
2025-08-29 22:04:40,186 [INFO] ThirdParty:1030 - CMSIS Pack Vendor :STMicroelectronics USB_DEVICE 3.0.0
2025-08-29 22:04:40,186 [INFO] ThirdParty:1030 - CMSIS Pack Vendor :STMicroelectronics X-CUBE-ISPU 2.1.0
2025-08-29 22:04:40,186 [INFO] ThirdParty:1030 - CMSIS Pack Vendor :STMicroelectronics X-CUBE-EEPRMA1 5.2.0
2025-08-29 22:04:40,186 [INFO] ThirdParty:1030 - CMSIS Pack Vendor :STMicroelectronics X-CUBE-BLEMGR 4.1.0
2025-08-29 22:04:40,186 [INFO] ThirdParty:1030 - CMSIS Pack Vendor :STMicroelectronics X-CUBE-AZRTOS-WB 2.0.0
2025-08-29 22:04:40,186 [INFO] ThirdParty:1030 - CMSIS Pack Vendor :STMicroelectronics X-CUBE-ST60 1.0.0
2025-08-29 22:04:40,186 [INFO] ThirdParty:1030 - CMSIS Pack Vendor :STMicroelectronics X-CUBE-GNSS1 7.0.1
2025-08-29 22:04:40,186 [INFO] ThirdParty:1030 - CMSIS Pack Vendor :STMicroelectronics X-CUBE-NFC12 1.0.0
2025-08-29 22:04:40,186 [INFO] ThirdParty:1030 - CMSIS Pack Vendor :STMicroelectronics X-CUBE-AZRTOS-F7 1.1.0
2025-08-29 22:04:40,186 [INFO] ThirdParty:1030 - CMSIS Pack Vendor :STMicroelectronics X-CUBE-AZRTOS-L5 2.0.0
2025-08-29 22:04:40,186 [INFO] ThirdParty:1030 - CMSIS Pack Vendor :STMicroelectronics X-CUBE-TOUCHGFX 4.25.0
2025-08-29 22:04:40,186 [INFO] ThirdParty:1030 - CMSIS Pack Vendor :STMicroelectronics USB_DEVICE 2.0.0
2025-08-29 22:04:40,186 [INFO] ThirdParty:1030 - CMSIS Pack Vendor :STMicroelectronics X-CUBE-NFC6 3.1.0
2025-08-29 22:04:40,186 [INFO] ThirdParty:1030 - CMSIS Pack Vendor :quantropi X-CUBE-qispace-sdk-base 2.1.0
2025-08-29 22:04:40,187 [INFO] ThirdParty:1030 - CMSIS Pack Vendor :STMicroelectronics FreeRTOS 0.0.1
2025-08-29 22:04:40,187 [INFO] ThirdParty:1030 - CMSIS Pack Vendor :STMicroelectronics X-CUBE-AZRTOS-G0 1.1.0
2025-08-29 22:04:40,187 [INFO] ThirdParty:1030 - CMSIS Pack Vendor :STMicroelectronics X-CUBE-SAFEA1 1.2.2
2025-08-29 22:04:40,187 [INFO] ThirdParty:1030 - CMSIS Pack Vendor :STMicroelectronics X-CUBE-NFC4 3.0.0
2025-08-29 22:04:40,187 [INFO] ThirdParty:1030 - CMSIS Pack Vendor :STMicroelectronics X-CUBE-SUBG2 5.0.0
2025-08-29 22:04:40,187 [INFO] ThirdParty:1030 - CMSIS Pack Vendor :STMicroelectronics X-CUBE-AZRTOS-H7RS 1.1.0
2025-08-29 22:04:40,187 [INFO] ThirdParty:1030 - CMSIS Pack Vendor :STMicroelectronics STM32_WPAN 1.0.0
2025-08-29 22:04:40,187 [INFO] ThirdParty:1030 - CMSIS Pack Vendor :EmbeddedOffice I-CUBE-FS-RTOS 1.0.1
2025-08-29 22:04:40,187 [INFO] ThirdParty:1030 - CMSIS Pack Vendor :STMicroelectronics lwIP 2.0.3
2025-08-29 22:04:40,187 [INFO] ThirdParty:1030 - CMSIS Pack Vendor :WES I-CUBE-Cesium 1.4.0
2025-08-29 22:04:40,187 [INFO] ThirdParty:1030 - CMSIS Pack Vendor :Cesanta I-CUBE-Mongoose 7.13.0
2025-08-29 22:04:40,187 [INFO] ThirdParty:1030 - CMSIS Pack Vendor :STMicroelectronics USB_HOST 1.0.0
2025-08-29 22:04:40,187 [INFO] ThirdParty:1030 - CMSIS Pack Vendor :Infineon AIROC-Wi-Fi-Bluetooth-STM32 1.7.1
2025-08-29 22:04:40,187 [INFO] ThirdParty:1030 - CMSIS Pack Vendor :STMicroelectronics X-CUBE-AZRTOS-G4 2.0.0
2025-08-29 22:04:40,187 [INFO] ThirdParty:1030 - CMSIS Pack Vendor :STMicroelectronics X-CUBE-WB05N 2.0.0
2025-08-29 22:04:40,187 [INFO] ThirdParty:1030 - CMSIS Pack Vendor :STMicroelectronics PDM2PCM 3.1.0
2025-08-29 22:04:40,187 [INFO] ThirdParty:1030 - CMSIS Pack Vendor :STMicroelectronics PDM2PCM 3.3.0
2025-08-29 22:04:40,187 [INFO] ThirdParty:1030 - CMSIS Pack Vendor :wolfSSL I-CUBE-wolfTPM 3.8.0
2025-08-29 22:04:40,187 [INFO] ThirdParty:1030 - CMSIS Pack Vendor :STMicroelectronics X-CUBE-AZRTOS-H7 3.4.0
2025-08-29 22:04:40,187 [INFO] ThirdParty:1030 - CMSIS Pack Vendor :STMicroelectronics X-CUBE-DISPLAY 3.0.0
2025-08-29 22:04:40,188 [INFO] ThirdParty:1030 - CMSIS Pack Vendor :wolfSSL I-CUBE-wolfSSH 1.4.20
2025-08-29 22:04:40,188 [INFO] ThirdParty:1030 - CMSIS Pack Vendor :STMicroelectronics X-CUBE-NFC7 2.0.0
2025-08-29 22:04:40,188 [INFO] ThirdParty:1030 - CMSIS Pack Vendor :STMicroelectronics X-CUBE-TCPP 4.2.0
2025-08-29 22:04:40,188 [INFO] ThirdParty:1030 - CMSIS Pack Vendor :RealThread X-CUBE-RT-Thread_Nano 4.1.1
2025-08-29 22:04:40,188 [INFO] ThirdParty:1030 - CMSIS Pack Vendor :STMicroelectronics FP-ATR-SIGFOX1 3.2.0
2025-08-29 22:04:40,188 [INFO] ThirdParty:1030 - CMSIS Pack Vendor :STMicroelectronics X-CUBE-NFC10 1.0.0
2025-08-29 22:04:40,188 [INFO] ThirdParty:1030 - CMSIS Pack Vendor :STMicroelectronics X-CUBE-FREERTOS 1.3.1
2025-08-29 22:04:40,188 [INFO] ThirdParty:1030 - CMSIS Pack Vendor :STMicroelectronics HAL Drivers 0.0.0
2025-08-29 22:04:40,188 [INFO] ThirdParty:1030 - CMSIS Pack Vendor :STMicroelectronics MBEDTLS 2.16.2
2025-08-29 22:04:40,188 [INFO] ThirdParty:1030 - CMSIS Pack Vendor :STMicroelectronics X-CUBE-IPS 3.1.0
2025-08-29 22:04:40,188 [INFO] ThirdParty:1030 - CMSIS Pack Vendor :STMicroelectronics X-CUBE-ALS 1.0.2
2025-08-29 22:04:40,188 [INFO] ThirdParty:1030 - CMSIS Pack Vendor :emotas I-CUBE-CANOPEN 1.3.0
2025-08-29 22:04:40,188 [INFO] ThirdParty:1030 - CMSIS Pack Vendor :STMicroelectronics MBEDTLS 2.14.1
2025-08-29 22:04:40,188 [INFO] ThirdParty:1030 - CMSIS Pack Vendor :ITTIA_DB I-CUBE-ITTIADB 8.9.0
2025-08-29 22:04:40,188 [INFO] ThirdParty:1030 - CMSIS Pack Vendor :STMicroelectronics X-CUBE-ST67W61 1.0.0
2025-08-29 22:04:40,188 [INFO] ThirdParty:1030 - CMSIS Pack Vendor :STMicroelectronics FP-SNS-STBOX1 2.1.0
2025-08-29 22:04:40,188 [INFO] ThirdParty:1030 - CMSIS Pack Vendor :STMicroelectronics X-CUBE-AI 10.2.0
2025-08-29 22:04:40,188 [INFO] ThirdParty:1030 - CMSIS Pack Vendor :STMicroelectronics FP-SNS-STAIOTCFT 1.0.0
2025-08-29 22:04:40,188 [INFO] ThirdParty:1030 - CMSIS Pack Vendor :STMicroelectronics ThreadX 1.0.0
2025-08-29 22:04:40,188 [INFO] ThirdParty:1030 - CMSIS Pack Vendor :STMicroelectronics FP-SNS-SMARTAG2 1.2.0
2025-08-29 22:04:40,188 [INFO] ThirdParty:1030 - CMSIS Pack Vendor :STMicroelectronics FP-SNS-FLIGHT1 5.1.0
2025-08-29 22:04:40,188 [INFO] ThirdParty:1030 - CMSIS Pack Vendor :STMicroelectronics X-CUBE-AZRTOS-WL 2.0.0
2025-08-29 22:04:40,188 [INFO] ThirdParty:1030 - CMSIS Pack Vendor :SEGGER I-CUBE-embOS 1.3.1
2025-08-29 22:04:40,188 [INFO] ThirdParty:1030 - CMSIS Pack Vendor :STMicroelectronics X-CUBE-ALGOBUILD 1.4.0
2025-08-29 22:04:40,188 [INFO] ThirdParty:1030 - CMSIS Pack Vendor :STMicroelectronics X-CUBE-DPower 1.3.0
2025-08-29 22:04:40,188 [INFO] ThirdParty:1030 - CMSIS Pack Vendor :STMicroelectronics X-CUBE-MEMS1 11.3.0
2025-08-29 22:04:40,188 [INFO] ThirdParty:1030 - CMSIS Pack Vendor :STMicroelectronics FP-SNS-MOTENV1 5.0.0
2025-08-29 22:04:40,189 [INFO] ThirdParty:1030 - CMSIS Pack Vendor :STMicroelectronics USB_DEVICE 1.0.0
2025-08-29 22:04:40,189 [INFO] ThirdParty:1030 - CMSIS Pack Vendor :STMicroelectronics X-CUBE-AZRTOS-L4 2.0.0
2025-08-29 22:04:40,189 [INFO] ThirdParty:1030 - CMSIS Pack Vendor :STMicroelectronics ThreadX 0.0.2
2025-08-29 22:04:40,189 [INFO] ThirdParty:1030 - CMSIS Pack Vendor :STMicroelectronics lwIP 2.1.2
2025-08-29 22:04:40,189 [INFO] ThirdParty:1030 - CMSIS Pack Vendor :STMicroelectronics X-CUBE-SFXS2LP1 4.0.0
2025-08-29 22:04:40,189 [INFO] ThirdParty:1030 - CMSIS Pack Vendor :STMicroelectronics X-CUBE-BLE2 3.3.0
2025-08-29 22:04:40,189 [INFO] ThirdParty:1030 - CMSIS Pack Vendor :STMicroelectronics X-CUBE-TOF1 3.4.3
2025-08-29 22:04:40,189 [INFO] ThirdParty:1030 - CMSIS Pack Vendor :STMicroelectronics PDM2PCM 3.2.0
2025-08-29 22:04:40,189 [INFO] ThirdParty:841 - exiting critical section [change project]
2025-08-29 22:04:40,733 [INFO] PinOutPanel:1589 - setPackage(No Configuration,No Configuration)
2025-08-29 22:04:40,734 [INFO] PinOutPanel:1589 - setPackage(STM32U575ZITxQ,LQFP144)
2025-08-29 22:04:41,288 [INFO] UtilMem:75 - Before build in PCC Used Memory: 662869568 Bytes (752877568)
2025-08-29 22:04:41,860 [INFO] UtilMem:75 - After build in PCC Used Memory: 500890504 Bytes (752877568)
2025-08-29 22:04:41,898 [INFO] IPUIPlugin:80 - create IPUIPlugin
2025-08-29 22:04:41,898 [INFO] IPUIPlugin:80 - create IPUIPlugin
2025-08-29 22:04:41,898 [INFO] IPUIPlugin:80 - create IPUIPlugin
2025-08-29 22:04:41,898 [INFO] IPUIPlugin:80 - create IPUIPlugin
2025-08-29 22:04:41,898 [INFO] IPUIPlugin:80 - create IPUIPlugin
2025-08-29 22:04:41,899 [INFO] IPUIPlugin:80 - create IPUIPlugin
2025-08-29 22:04:41,899 [INFO] IPUIPlugin:80 - create IPUIPlugin
2025-08-29 22:04:41,899 [INFO] IPUIPlugin:80 - create IPUIPlugin
2025-08-29 22:04:41,899 [INFO] IPUIPlugin:80 - create IPUIPlugin
2025-08-29 22:04:41,899 [INFO] IPUIPlugin:80 - create IPUIPlugin
2025-08-29 22:04:41,899 [INFO] IPUIPlugin:80 - create IPUIPlugin
2025-08-29 22:04:41,899 [INFO] IPUIPlugin:80 - create IPUIPlugin
2025-08-29 22:04:41,899 [INFO] IPUIPlugin:80 - create IPUIPlugin
2025-08-29 22:04:41,899 [INFO] IPUIPlugin:80 - create IPUIPlugin
2025-08-29 22:04:41,900 [INFO] IPUIPlugin:80 - create IPUIPlugin
2025-08-29 22:04:41,900 [INFO] IPUIPlugin:80 - create IPUIPlugin
2025-08-29 22:04:41,900 [INFO] IPUIPlugin:80 - create IPUIPlugin
2025-08-29 22:04:41,900 [INFO] IPUIPlugin:80 - create IPUIPlugin
2025-08-29 22:04:41,900 [INFO] IPUIPlugin:80 - create IPUIPlugin
2025-08-29 22:04:41,900 [INFO] IPUIPlugin:80 - create IPUIPlugin
2025-08-29 22:04:41,900 [INFO] IPUIPlugin:80 - create IPUIPlugin
2025-08-29 22:04:41,901 [INFO] IPUIPlugin:80 - create IPUIPlugin
2025-08-29 22:04:41,901 [INFO] IPUIPlugin:80 - create IPUIPlugin
2025-08-29 22:04:41,901 [INFO] IPUIPlugin:80 - create IPUIPlugin
2025-08-29 22:04:41,901 [INFO] IPUIPlugin:80 - create IPUIPlugin
2025-08-29 22:04:41,901 [INFO] IPUIPlugin:80 - create IPUIPlugin
2025-08-29 22:04:41,901 [INFO] IPUIPlugin:80 - create IPUIPlugin
2025-08-29 22:04:41,901 [INFO] IPUIPlugin:80 - create IPUIPlugin
2025-08-29 22:04:41,901 [INFO] IPUIPlugin:80 - create IPUIPlugin
2025-08-29 22:04:41,901 [INFO] IPUIPlugin:80 - create IPUIPlugin
2025-08-29 22:04:41,902 [INFO] IPUIPlugin:80 - create IPUIPlugin
2025-08-29 22:04:41,902 [INFO] IPUIPlugin:80 - create IPUIPlugin
2025-08-29 22:04:41,902 [INFO] IPUIPlugin:80 - create IPUIPlugin
2025-08-29 22:04:41,902 [INFO] IPUIPlugin:80 - create IPUIPlugin
2025-08-29 22:04:41,902 [INFO] IPUIPlugin:80 - create IPUIPlugin
2025-08-29 22:04:41,903 [INFO] IPUIPlugin:80 - create IPUIPlugin
2025-08-29 22:04:41,903 [INFO] IPUIPlugin:80 - create IPUIPlugin
2025-08-29 22:04:41,903 [INFO] IPUIPlugin:80 - create IPUIPlugin
2025-08-29 22:04:41,903 [INFO] IPUIPlugin:80 - create IPUIPlugin
2025-08-29 22:04:41,904 [INFO] IPUIPlugin:80 - create IPUIPlugin
2025-08-29 22:04:41,904 [INFO] IPUIPlugin:80 - create IPUIPlugin
2025-08-29 22:04:41,904 [INFO] IPUIPlugin:80 - create IPUIPlugin
2025-08-29 22:04:41,905 [INFO] IPUIPlugin:80 - create IPUIPlugin
2025-08-29 22:04:41,905 [INFO] IPUIPlugin:80 - create IPUIPlugin
2025-08-29 22:04:41,905 [INFO] IPUIPlugin:80 - create IPUIPlugin
2025-08-29 22:04:41,905 [INFO] IPUIPlugin:80 - create IPUIPlugin
2025-08-29 22:04:41,906 [INFO] IPUIPlugin:80 - create IPUIPlugin
2025-08-29 22:04:41,906 [INFO] IPUIPlugin:80 - create IPUIPlugin
2025-08-29 22:04:41,906 [INFO] IPUIPlugin:80 - create IPUIPlugin
2025-08-29 22:04:41,906 [INFO] IPUIPlugin:80 - create IPUIPlugin
2025-08-29 22:04:41,906 [INFO] IPUIPlugin:80 - create IPUIPlugin
2025-08-29 22:04:41,907 [INFO] IPUIPlugin:80 - create IPUIPlugin
2025-08-29 22:04:41,907 [INFO] IPUIPlugin:80 - create IPUIPlugin
2025-08-29 22:04:41,907 [INFO] IPUIPlugin:80 - create IPUIPlugin
2025-08-29 22:04:41,907 [INFO] IPUIPlugin:80 - create IPUIPlugin
2025-08-29 22:04:41,908 [INFO] IPUIPlugin:80 - create IPUIPlugin
2025-08-29 22:04:41,908 [INFO] IPUIPlugin:80 - create IPUIPlugin
2025-08-29 22:04:41,908 [INFO] IPUIPlugin:80 - create IPUIPlugin
2025-08-29 22:04:41,908 [INFO] IPUIPlugin:80 - create IPUIPlugin
2025-08-29 22:04:41,908 [INFO] IPUIPlugin:80 - create IPUIPlugin
2025-08-29 22:04:41,909 [INFO] IPUIPlugin:80 - create IPUIPlugin
2025-08-29 22:04:41,909 [INFO] IPUIPlugin:80 - create IPUIPlugin
2025-08-29 22:04:41,909 [INFO] IPUIPlugin:80 - create IPUIPlugin
2025-08-29 22:04:41,909 [INFO] IPUIPlugin:80 - create IPUIPlugin
2025-08-29 22:04:41,909 [INFO] IPUIPlugin:80 - create IPUIPlugin
2025-08-29 22:04:41,910 [INFO] IPUIPlugin:80 - create IPUIPlugin
2025-08-29 22:04:41,910 [INFO] IPUIPlugin:80 - create IPUIPlugin
2025-08-29 22:04:41,910 [INFO] IPUIPlugin:80 - create IPUIPlugin
2025-08-29 22:04:41,910 [INFO] IPUIPlugin:80 - create IPUIPlugin
2025-08-29 22:04:41,911 [INFO] IPUIPlugin:80 - create IPUIPlugin
2025-08-29 22:04:41,911 [INFO] IPUIPlugin:80 - create IPUIPlugin
2025-08-29 22:04:41,911 [INFO] IPUIPlugin:80 - create IPUIPlugin
2025-08-29 22:04:41,911 [INFO] IPUIPlugin:80 - create IPUIPlugin
2025-08-29 22:04:41,911 [INFO] IPUIPlugin:80 - create IPUIPlugin
2025-08-29 22:04:41,912 [INFO] IPUIPlugin:80 - create IPUIPlugin
2025-08-29 22:04:41,912 [INFO] IPUIPlugin:80 - create IPUIPlugin
2025-08-29 22:04:41,912 [INFO] IPUIPlugin:80 - create IPUIPlugin
2025-08-29 22:04:41,912 [INFO] IPUIPlugin:80 - create IPUIPlugin
2025-08-29 22:04:41,913 [INFO] IPUIPlugin:80 - create IPUIPlugin
2025-08-29 22:04:41,913 [INFO] IPUIPlugin:80 - create IPUIPlugin
2025-08-29 22:04:41,913 [INFO] IPUIPlugin:80 - create IPUIPlugin
2025-08-29 22:04:41,913 [INFO] IPUIPlugin:80 - create IPUIPlugin
2025-08-29 22:04:41,914 [INFO] IPUIPlugin:80 - create IPUIPlugin
2025-08-29 22:04:41,914 [INFO] IPUIPlugin:80 - create IPUIPlugin
2025-08-29 22:04:41,914 [INFO] IPUIPlugin:80 - create IPUIPlugin
2025-08-29 22:04:41,914 [INFO] IPUIPlugin:80 - create IPUIPlugin
2025-08-29 22:04:41,914 [INFO] IPUIPlugin:80 - create IPUIPlugin
2025-08-29 22:04:41,915 [INFO] IPUIPlugin:80 - create IPUIPlugin
2025-08-29 22:04:41,915 [INFO] IPUIPlugin:80 - create IPUIPlugin
2025-08-29 22:04:41,915 [INFO] IPUIPlugin:80 - create IPUIPlugin
2025-08-29 22:04:41,915 [INFO] IPUIPlugin:80 - create IPUIPlugin
2025-08-29 22:04:41,915 [INFO] IPUIPlugin:80 - create IPUIPlugin
2025-08-29 22:04:41,915 [INFO] IPUIPlugin:80 - create IPUIPlugin
2025-08-29 22:04:41,916 [INFO] IPUIPlugin:80 - create IPUIPlugin
2025-08-29 22:04:41,916 [INFO] IPUIPlugin:80 - create IPUIPlugin
2025-08-29 22:04:41,916 [INFO] IPUIPlugin:80 - create IPUIPlugin
2025-08-29 22:04:41,916 [INFO] IPUIPlugin:80 - create IPUIPlugin
2025-08-29 22:04:41,917 [INFO] IPUIPlugin:80 - create IPUIPlugin
2025-08-29 22:04:41,917 [INFO] IPUIPlugin:80 - create IPUIPlugin
2025-08-29 22:04:41,917 [INFO] IPUIPlugin:80 - create IPUIPlugin
2025-08-29 22:04:41,917 [INFO] IPUIPlugin:80 - create IPUIPlugin
2025-08-29 22:04:41,918 [INFO] IPUIPlugin:80 - create IPUIPlugin
2025-08-29 22:04:41,918 [INFO] IPUIPlugin:80 - create IPUIPlugin
2025-08-29 22:04:41,919 [INFO] IPUIPlugin:80 - create IPUIPlugin
2025-08-29 22:04:41,919 [INFO] IPUIPlugin:80 - create IPUIPlugin
2025-08-29 22:04:42,089 [INFO] CADModel:165 - CPN selected for project levelSTM32U575ZIT6Q
2025-08-29 22:04:42,089 [INFO] CADModel:114 - Register for checkConnection events
2025-08-29 22:04:42,129 [INFO] OpenFileManager:386 - Restore cursor
2025-08-29 22:04:42,229 [WARN] IP:2250 - DATAEXCHANGEDESRCBYTE_GPDMACH2 not found: check if there is a RefParameter without a condition.
2025-08-29 22:04:42,229 [WARN] IP:2250 - DATAEXCHANGEDESTHALFWORD_GPDMACH2 not found: check if there is a RefParameter without a condition.
2025-08-29 22:04:42,302 [WARN] IP:2250 - SRAM5PowerDownInRunMode not found: check if there is a RefParameter without a condition.
2025-08-29 22:04:42,302 [WARN] IP:2250 - RAM1Page4PowerDownInStopMode not found: check if there is a RefParameter without a condition.
2025-08-29 22:04:42,302 [WARN] IP:2250 - RAM1Page5PowerDownInStopMode not found: check if there is a RefParameter without a condition.
2025-08-29 22:04:42,302 [WARN] IP:2250 - RAM1Page6PowerDownInStopMode not found: check if there is a RefParameter without a condition.
2025-08-29 22:04:42,302 [WARN] IP:2250 - RAM1Page7PowerDownInStopMode not found: check if there is a RefParameter without a condition.
2025-08-29 22:04:42,302 [WARN] IP:2250 - RAM1Page8PowerDownInStopMode not found: check if there is a RefParameter without a condition.
2025-08-29 22:04:42,302 [WARN] IP:2250 - RAM1Page9PowerDownInStopMode not found: check if there is a RefParameter without a condition.
2025-08-29 22:04:42,302 [WARN] IP:2250 - RAM1Page10PowerDownInStopMode not found: check if there is a RefParameter without a condition.
2025-08-29 22:04:42,302 [WARN] IP:2250 - RAM1Page11PowerDownInStopMode not found: check if there is a RefParameter without a condition.
2025-08-29 22:04:42,302 [WARN] IP:2250 - RAM1Page12PowerDownInStopMode not found: check if there is a RefParameter without a condition.
2025-08-29 22:04:42,302 [WARN] IP:2250 - RAM3Page9PowerDownInStopMode not found: check if there is a RefParameter without a condition.
2025-08-29 22:04:42,302 [WARN] IP:2250 - RAM3Page10PowerDownInStopMode not found: check if there is a RefParameter without a condition.
2025-08-29 22:04:42,302 [WARN] IP:2250 - RAM3Page11PowerDownInStopMode not found: check if there is a RefParameter without a condition.
2025-08-29 22:04:42,302 [WARN] IP:2250 - RAM3Page12PowerDownInStopMode not found: check if there is a RefParameter without a condition.
2025-08-29 22:04:42,302 [WARN] IP:2250 - RAM3Page13PowerDownInStopMode not found: check if there is a RefParameter without a condition.
2025-08-29 22:04:42,303 [WARN] IP:2250 - RAM5Page1PowerDownInStopMode not found: check if there is a RefParameter without a condition.
2025-08-29 22:04:42,303 [WARN] IP:2250 - RAM5Page2PowerDownInStopMode not found: check if there is a RefParameter without a condition.
2025-08-29 22:04:42,303 [WARN] IP:2250 - RAM5Page3PowerDownInStopMode not found: check if there is a RefParameter without a condition.
2025-08-29 22:04:42,303 [WARN] IP:2250 - RAM5Page4PowerDownInStopMode not found: check if there is a RefParameter without a condition.
2025-08-29 22:04:42,303 [WARN] IP:2250 - RAM5Page5PowerDownInStopMode not found: check if there is a RefParameter without a condition.
2025-08-29 22:04:42,303 [WARN] IP:2250 - RAM5Page6PowerDownInStopMode not found: check if there is a RefParameter without a condition.
2025-08-29 22:04:42,303 [WARN] IP:2250 - RAM5Page7PowerDownInStopMode not found: check if there is a RefParameter without a condition.
2025-08-29 22:04:42,303 [WARN] IP:2250 - RAM5Page8PowerDownInStopMode not found: check if there is a RefParameter without a condition.
2025-08-29 22:04:42,303 [WARN] IP:2250 - RAM5Page9PowerDownInStopMode not found: check if there is a RefParameter without a condition.
2025-08-29 22:04:42,303 [WARN] IP:2250 - RAM5Page10PowerDownInStopMode not found: check if there is a RefParameter without a condition.
2025-08-29 22:04:42,303 [WARN] IP:2250 - RAM5Page11PowerDownInStopMode not found: check if there is a RefParameter without a condition.
2025-08-29 22:04:42,303 [WARN] IP:2250 - RAM5Page12PowerDownInStopMode not found: check if there is a RefParameter without a condition.
2025-08-29 22:04:42,303 [WARN] IP:2250 - RAM5Page13PowerDownInStopMode not found: check if there is a RefParameter without a condition.
2025-08-29 22:04:42,303 [WARN] IP:2250 - Dcache2PowerDownInStopMode not found: check if there is a RefParameter without a condition.
2025-08-29 22:04:42,303 [WARN] IP:2250 - GRAPHICPRAMPowerDownInStopMode not found: check if there is a RefParameter without a condition.
2025-08-29 22:04:42,303 [WARN] IP:2250 - DSIRAMPowerDownInStopMode not found: check if there is a RefParameter without a condition.
2025-08-29 22:04:42,304 [WARN] IP:2250 - SRAM5PowerDownInRunMode not found: check if there is a RefParameter without a condition.
2025-08-29 22:04:42,305 [WARN] IP:2250 - RAM1Page4PowerDownInStopMode not found: check if there is a RefParameter without a condition.
2025-08-29 22:04:42,305 [WARN] IP:2250 - RAM1Page5PowerDownInStopMode not found: check if there is a RefParameter without a condition.
2025-08-29 22:04:42,305 [WARN] IP:2250 - RAM1Page6PowerDownInStopMode not found: check if there is a RefParameter without a condition.
2025-08-29 22:04:42,305 [WARN] IP:2250 - RAM1Page7PowerDownInStopMode not found: check if there is a RefParameter without a condition.
2025-08-29 22:04:42,305 [WARN] IP:2250 - RAM1Page8PowerDownInStopMode not found: check if there is a RefParameter without a condition.
2025-08-29 22:04:42,305 [WARN] IP:2250 - RAM1Page9PowerDownInStopMode not found: check if there is a RefParameter without a condition.
2025-08-29 22:04:42,305 [WARN] IP:2250 - RAM1Page10PowerDownInStopMode not found: check if there is a RefParameter without a condition.
2025-08-29 22:04:42,305 [WARN] IP:2250 - RAM1Page11PowerDownInStopMode not found: check if there is a RefParameter without a condition.
2025-08-29 22:04:42,305 [WARN] IP:2250 - RAM1Page12PowerDownInStopMode not found: check if there is a RefParameter without a condition.
2025-08-29 22:04:42,305 [WARN] IP:2250 - RAM3Page9PowerDownInStopMode not found: check if there is a RefParameter without a condition.
2025-08-29 22:04:42,305 [WARN] IP:2250 - RAM3Page10PowerDownInStopMode not found: check if there is a RefParameter without a condition.
2025-08-29 22:04:42,305 [WARN] IP:2250 - RAM3Page11PowerDownInStopMode not found: check if there is a RefParameter without a condition.
2025-08-29 22:04:42,305 [WARN] IP:2250 - RAM3Page12PowerDownInStopMode not found: check if there is a RefParameter without a condition.
2025-08-29 22:04:42,305 [WARN] IP:2250 - RAM3Page13PowerDownInStopMode not found: check if there is a RefParameter without a condition.
2025-08-29 22:04:42,305 [WARN] IP:2250 - RAM5Page1PowerDownInStopMode not found: check if there is a RefParameter without a condition.
2025-08-29 22:04:42,305 [WARN] IP:2250 - RAM5Page2PowerDownInStopMode not found: check if there is a RefParameter without a condition.
2025-08-29 22:04:42,305 [WARN] IP:2250 - RAM5Page3PowerDownInStopMode not found: check if there is a RefParameter without a condition.
2025-08-29 22:04:42,305 [WARN] IP:2250 - RAM5Page4PowerDownInStopMode not found: check if there is a RefParameter without a condition.
2025-08-29 22:04:42,305 [WARN] IP:2250 - RAM5Page5PowerDownInStopMode not found: check if there is a RefParameter without a condition.
2025-08-29 22:04:42,305 [WARN] IP:2250 - RAM5Page6PowerDownInStopMode not found: check if there is a RefParameter without a condition.
2025-08-29 22:04:42,305 [WARN] IP:2250 - RAM5Page7PowerDownInStopMode not found: check if there is a RefParameter without a condition.
2025-08-29 22:04:42,305 [WARN] IP:2250 - RAM5Page8PowerDownInStopMode not found: check if there is a RefParameter without a condition.
2025-08-29 22:04:42,305 [WARN] IP:2250 - RAM5Page9PowerDownInStopMode not found: check if there is a RefParameter without a condition.
2025-08-29 22:04:42,305 [WARN] IP:2250 - RAM5Page10PowerDownInStopMode not found: check if there is a RefParameter without a condition.
2025-08-29 22:04:42,305 [WARN] IP:2250 - RAM5Page11PowerDownInStopMode not found: check if there is a RefParameter without a condition.
2025-08-29 22:04:42,305 [WARN] IP:2250 - RAM5Page12PowerDownInStopMode not found: check if there is a RefParameter without a condition.
2025-08-29 22:04:42,305 [WARN] IP:2250 - RAM5Page13PowerDownInStopMode not found: check if there is a RefParameter without a condition.
2025-08-29 22:04:42,305 [WARN] IP:2250 - Dcache2PowerDownInStopMode not found: check if there is a RefParameter without a condition.
2025-08-29 22:04:42,306 [WARN] IP:2250 - GRAPHICPRAMPowerDownInStopMode not found: check if there is a RefParameter without a condition.
2025-08-29 22:04:42,306 [WARN] IP:2250 - DSIRAMPowerDownInStopMode not found: check if there is a RefParameter without a condition.
2025-08-29 22:04:42,437 [WARN] IP:2250 - OutPut1 not found: check if there is a RefParameter without a condition.
2025-08-29 22:04:42,437 [WARN] IP:2250 - OutPut2 not found: check if there is a RefParameter without a condition.
2025-08-29 22:04:42,437 [WARN] IP:2250 - OutPut3 not found: check if there is a RefParameter without a condition.
2025-08-29 22:04:42,437 [WARN] IP:2250 - BinMixBcdU not found: check if there is a RefParameter without a condition.
2025-08-29 22:04:42,437 [WARN] IP:2250 - SSRU_Underflow_Interrupt not found: check if there is a RefParameter without a condition.
2025-08-29 22:04:42,437 [WARN] IP:2250 - rtcSecureFull not found: check if there is a RefParameter without a condition.
2025-08-29 22:04:42,437 [WARN] IP:2250 - rtcNonSecureFeatures not found: check if there is a RefParameter without a condition.
2025-08-29 22:04:42,437 [WARN] IP:2250 - RTC_NONSECURE_FEATURE_NONE not found: check if there is a RefParameter without a condition.
2025-08-29 22:04:42,437 [WARN] IP:2250 - RTC_NONSECURE_FEATURE_INIT not found: check if there is a RefParameter without a condition.
2025-08-29 22:04:42,437 [WARN] IP:2250 - RTC_NONSECURE_FEATURE_ALRA not found: check if there is a RefParameter without a condition.
2025-08-29 22:04:42,437 [WARN] IP:2250 - RTC_NONSECURE_FEATURE_ALRB not found: check if there is a RefParameter without a condition.
2025-08-29 22:04:42,437 [WARN] IP:2250 - RTC_NONSECURE_FEATURE_TS not found: check if there is a RefParameter without a condition.
2025-08-29 22:04:42,437 [WARN] IP:2250 - RTC_NONSECURE_FEATURE_CAL not found: check if there is a RefParameter without a condition.
2025-08-29 22:04:42,437 [WARN] IP:2250 - RTC_NONSECURE_FEATURE_WUT not found: check if there is a RefParameter without a condition.
2025-08-29 22:04:42,437 [WARN] IP:2250 - Sec_BKP_Registers1 not found: check if there is a RefParameter without a condition.
2025-08-29 22:04:42,437 [WARN] IP:2250 - backupRegisterStartZone2_gS not found: check if there is a RefParameter without a condition.
2025-08-29 22:04:42,437 [WARN] IP:2250 - backupRegisterStartZone3_gS not found: check if there is a RefParameter without a condition.
2025-08-29 22:04:42,437 [WARN] IP:2250 - rtcPrivilegeFeatures not found: check if there is a RefParameter without a condition.
2025-08-29 22:04:42,438 [WARN] IP:2250 - RTC_PRIVILEGE_FEATURE_INIT not found: check if there is a RefParameter without a condition.
2025-08-29 22:04:42,438 [WARN] IP:2250 - RTC_PRIVILEGE_FEATURE_ALRA not found: check if there is a RefParameter without a condition.
2025-08-29 22:04:42,438 [WARN] IP:2250 - RTC_PRIVILEGE_FEATURE_ALRB not found: check if there is a RefParameter without a condition.
2025-08-29 22:04:42,438 [WARN] IP:2250 - RTC_PRIVILEGE_FEATURE_CAL not found: check if there is a RefParameter without a condition.
2025-08-29 22:04:42,438 [WARN] IP:2250 - RTC_PRIVILEGE_FEATURE_TS not found: check if there is a RefParameter without a condition.
2025-08-29 22:04:42,438 [WARN] IP:2250 - RTC_PRIVILEGE_FEATURE_WUT not found: check if there is a RefParameter without a condition.
2025-08-29 22:04:42,438 [WARN] IP:2250 - SSRU_Underflow_Interrupt not found: check if there is a RefParameter without a condition.
2025-08-29 22:04:42,438 [WARN] IP:2250 - BinMixBcdU not found: check if there is a RefParameter without a condition.
2025-08-29 22:04:42,438 [WARN] IP:2250 - OutPut1 not found: check if there is a RefParameter without a condition.
2025-08-29 22:04:42,438 [WARN] IP:2250 - OutPut2 not found: check if there is a RefParameter without a condition.
2025-08-29 22:04:42,438 [WARN] IP:2250 - OutPut3 not found: check if there is a RefParameter without a condition.
2025-08-29 22:04:42,439 [WARN] IP:2250 - BinMixBcdU not found: check if there is a RefParameter without a condition.
2025-08-29 22:04:42,439 [WARN] IP:2250 - SSRU_Underflow_Interrupt not found: check if there is a RefParameter without a condition.
2025-08-29 22:04:42,439 [WARN] IP:2250 - rtcSecureFull not found: check if there is a RefParameter without a condition.
2025-08-29 22:04:42,439 [WARN] IP:2250 - rtcNonSecureFeatures not found: check if there is a RefParameter without a condition.
2025-08-29 22:04:42,439 [WARN] IP:2250 - RTC_NONSECURE_FEATURE_NONE not found: check if there is a RefParameter without a condition.
2025-08-29 22:04:42,439 [WARN] IP:2250 - RTC_NONSECURE_FEATURE_INIT not found: check if there is a RefParameter without a condition.
2025-08-29 22:04:42,439 [WARN] IP:2250 - RTC_NONSECURE_FEATURE_ALRA not found: check if there is a RefParameter without a condition.
2025-08-29 22:04:42,439 [WARN] IP:2250 - RTC_NONSECURE_FEATURE_ALRB not found: check if there is a RefParameter without a condition.
2025-08-29 22:04:42,439 [WARN] IP:2250 - RTC_NONSECURE_FEATURE_TS not found: check if there is a RefParameter without a condition.
2025-08-29 22:04:42,439 [WARN] IP:2250 - RTC_NONSECURE_FEATURE_CAL not found: check if there is a RefParameter without a condition.
2025-08-29 22:04:42,439 [WARN] IP:2250 - RTC_NONSECURE_FEATURE_WUT not found: check if there is a RefParameter without a condition.
2025-08-29 22:04:42,439 [WARN] IP:2250 - Sec_BKP_Registers1 not found: check if there is a RefParameter without a condition.
2025-08-29 22:04:42,439 [WARN] IP:2250 - backupRegisterStartZone2_gS not found: check if there is a RefParameter without a condition.
2025-08-29 22:04:42,439 [WARN] IP:2250 - backupRegisterStartZone3_gS not found: check if there is a RefParameter without a condition.
2025-08-29 22:04:42,439 [WARN] IP:2250 - rtcPrivilegeFeatures not found: check if there is a RefParameter without a condition.
2025-08-29 22:04:42,439 [WARN] IP:2250 - RTC_PRIVILEGE_FEATURE_INIT not found: check if there is a RefParameter without a condition.
2025-08-29 22:04:42,439 [WARN] IP:2250 - RTC_PRIVILEGE_FEATURE_ALRA not found: check if there is a RefParameter without a condition.
2025-08-29 22:04:42,439 [WARN] IP:2250 - RTC_PRIVILEGE_FEATURE_ALRB not found: check if there is a RefParameter without a condition.
2025-08-29 22:04:42,439 [WARN] IP:2250 - RTC_PRIVILEGE_FEATURE_CAL not found: check if there is a RefParameter without a condition.
2025-08-29 22:04:42,439 [WARN] IP:2250 - RTC_PRIVILEGE_FEATURE_TS not found: check if there is a RefParameter without a condition.
2025-08-29 22:04:42,439 [WARN] IP:2250 - RTC_PRIVILEGE_FEATURE_WUT not found: check if there is a RefParameter without a condition.
2025-08-29 22:04:42,440 [WARN] IP:2250 - BinaryAutoClr_A not found: check if there is a RefParameter without a condition.
2025-08-29 22:04:42,440 [WARN] IP:2250 - FlagAutoClr_A not found: check if there is a RefParameter without a condition.
2025-08-29 22:04:42,441 [WARN] IP:2250 - OutPut1 not found: check if there is a RefParameter without a condition.
2025-08-29 22:04:42,441 [WARN] IP:2250 - OutPut2 not found: check if there is a RefParameter without a condition.
2025-08-29 22:04:42,441 [WARN] IP:2250 - OutPut3 not found: check if there is a RefParameter without a condition.
2025-08-29 22:04:42,441 [WARN] IP:2250 - BinMixBcdU not found: check if there is a RefParameter without a condition.
2025-08-29 22:04:42,441 [WARN] IP:2250 - SSRU_Underflow_Interrupt not found: check if there is a RefParameter without a condition.
2025-08-29 22:04:42,441 [WARN] IP:2250 - rtcSecureFull not found: check if there is a RefParameter without a condition.
2025-08-29 22:04:42,441 [WARN] IP:2250 - rtcNonSecureFeatures not found: check if there is a RefParameter without a condition.
2025-08-29 22:04:42,441 [WARN] IP:2250 - RTC_NONSECURE_FEATURE_NONE not found: check if there is a RefParameter without a condition.
2025-08-29 22:04:42,441 [WARN] IP:2250 - RTC_NONSECURE_FEATURE_INIT not found: check if there is a RefParameter without a condition.
2025-08-29 22:04:42,441 [WARN] IP:2250 - RTC_NONSECURE_FEATURE_ALRA not found: check if there is a RefParameter without a condition.
2025-08-29 22:04:42,441 [WARN] IP:2250 - RTC_NONSECURE_FEATURE_ALRB not found: check if there is a RefParameter without a condition.
2025-08-29 22:04:42,441 [WARN] IP:2250 - RTC_NONSECURE_FEATURE_TS not found: check if there is a RefParameter without a condition.
2025-08-29 22:04:42,441 [WARN] IP:2250 - RTC_NONSECURE_FEATURE_CAL not found: check if there is a RefParameter without a condition.
2025-08-29 22:04:42,441 [WARN] IP:2250 - RTC_NONSECURE_FEATURE_WUT not found: check if there is a RefParameter without a condition.
2025-08-29 22:04:42,441 [WARN] IP:2250 - Sec_BKP_Registers1 not found: check if there is a RefParameter without a condition.
2025-08-29 22:04:42,441 [WARN] IP:2250 - backupRegisterStartZone2_gS not found: check if there is a RefParameter without a condition.
2025-08-29 22:04:42,441 [WARN] IP:2250 - backupRegisterStartZone3_gS not found: check if there is a RefParameter without a condition.
2025-08-29 22:04:42,441 [WARN] IP:2250 - rtcPrivilegeFeatures not found: check if there is a RefParameter without a condition.
2025-08-29 22:04:42,442 [WARN] IP:2250 - RTC_PRIVILEGE_FEATURE_INIT not found: check if there is a RefParameter without a condition.
2025-08-29 22:04:42,442 [WARN] IP:2250 - RTC_PRIVILEGE_FEATURE_ALRA not found: check if there is a RefParameter without a condition.
2025-08-29 22:04:42,442 [WARN] IP:2250 - RTC_PRIVILEGE_FEATURE_ALRB not found: check if there is a RefParameter without a condition.
2025-08-29 22:04:42,442 [WARN] IP:2250 - RTC_PRIVILEGE_FEATURE_CAL not found: check if there is a RefParameter without a condition.
2025-08-29 22:04:42,442 [WARN] IP:2250 - RTC_PRIVILEGE_FEATURE_TS not found: check if there is a RefParameter without a condition.
2025-08-29 22:04:42,442 [WARN] IP:2250 - RTC_PRIVILEGE_FEATURE_WUT not found: check if there is a RefParameter without a condition.
2025-08-29 22:04:42,442 [WARN] IP:2250 - SSRU_Underflow_Interrupt not found: check if there is a RefParameter without a condition.
2025-08-29 22:04:42,442 [WARN] IP:2250 - BinMixBcdU not found: check if there is a RefParameter without a condition.
2025-08-29 22:04:42,442 [WARN] IP:2250 - OutPut1 not found: check if there is a RefParameter without a condition.
2025-08-29 22:04:42,442 [WARN] IP:2250 - OutPut2 not found: check if there is a RefParameter without a condition.
2025-08-29 22:04:42,442 [WARN] IP:2250 - OutPut3 not found: check if there is a RefParameter without a condition.
2025-08-29 22:04:42,443 [WARN] IP:2250 - BinMixBcdU not found: check if there is a RefParameter without a condition.
2025-08-29 22:04:42,443 [WARN] IP:2250 - SSRU_Underflow_Interrupt not found: check if there is a RefParameter without a condition.
2025-08-29 22:04:42,443 [WARN] IP:2250 - rtcSecureFull not found: check if there is a RefParameter without a condition.
2025-08-29 22:04:42,443 [WARN] IP:2250 - rtcNonSecureFeatures not found: check if there is a RefParameter without a condition.
2025-08-29 22:04:42,443 [WARN] IP:2250 - RTC_NONSECURE_FEATURE_NONE not found: check if there is a RefParameter without a condition.
2025-08-29 22:04:42,443 [WARN] IP:2250 - RTC_NONSECURE_FEATURE_INIT not found: check if there is a RefParameter without a condition.
2025-08-29 22:04:42,443 [WARN] IP:2250 - RTC_NONSECURE_FEATURE_ALRA not found: check if there is a RefParameter without a condition.
2025-08-29 22:04:42,443 [WARN] IP:2250 - RTC_NONSECURE_FEATURE_ALRB not found: check if there is a RefParameter without a condition.
2025-08-29 22:04:42,443 [WARN] IP:2250 - RTC_NONSECURE_FEATURE_TS not found: check if there is a RefParameter without a condition.
2025-08-29 22:04:42,443 [WARN] IP:2250 - RTC_NONSECURE_FEATURE_CAL not found: check if there is a RefParameter without a condition.
2025-08-29 22:04:42,443 [WARN] IP:2250 - RTC_NONSECURE_FEATURE_WUT not found: check if there is a RefParameter without a condition.
2025-08-29 22:04:42,443 [WARN] IP:2250 - Sec_BKP_Registers1 not found: check if there is a RefParameter without a condition.
2025-08-29 22:04:42,443 [WARN] IP:2250 - backupRegisterStartZone2_gS not found: check if there is a RefParameter without a condition.
2025-08-29 22:04:42,443 [WARN] IP:2250 - backupRegisterStartZone3_gS not found: check if there is a RefParameter without a condition.
2025-08-29 22:04:42,443 [WARN] IP:2250 - rtcPrivilegeFeatures not found: check if there is a RefParameter without a condition.
2025-08-29 22:04:42,443 [WARN] IP:2250 - RTC_PRIVILEGE_FEATURE_INIT not found: check if there is a RefParameter without a condition.
2025-08-29 22:04:42,443 [WARN] IP:2250 - RTC_PRIVILEGE_FEATURE_ALRA not found: check if there is a RefParameter without a condition.
2025-08-29 22:04:42,443 [WARN] IP:2250 - RTC_PRIVILEGE_FEATURE_ALRB not found: check if there is a RefParameter without a condition.
2025-08-29 22:04:42,443 [WARN] IP:2250 - RTC_PRIVILEGE_FEATURE_CAL not found: check if there is a RefParameter without a condition.
2025-08-29 22:04:42,443 [WARN] IP:2250 - RTC_PRIVILEGE_FEATURE_TS not found: check if there is a RefParameter without a condition.
2025-08-29 22:04:42,443 [WARN] IP:2250 - RTC_PRIVILEGE_FEATURE_WUT not found: check if there is a RefParameter without a condition.
2025-08-29 22:04:42,444 [WARN] IP:2250 - BinaryAutoClr_A not found: check if there is a RefParameter without a condition.
2025-08-29 22:04:42,444 [WARN] IP:2250 - FlagAutoClr_A not found: check if there is a RefParameter without a condition.
2025-08-29 22:04:42,474 [WARN] IP:2250 - DATAEXCHANGEDESRCBYTE_GPDMACH2 not found: check if there is a RefParameter without a condition.
2025-08-29 22:04:42,474 [WARN] IP:2250 - DATAEXCHANGEDESTHALFWORD_GPDMACH2 not found: check if there is a RefParameter without a condition.
2025-08-29 22:04:42,482 [WARN] IP:2250 - DATAEXCHANGEDESRCBYTE_GPDMACH2 not found: check if there is a RefParameter without a condition.
2025-08-29 22:04:42,483 [WARN] IP:2250 - DATAEXCHANGEDESTHALFWORD_GPDMACH2 not found: check if there is a RefParameter without a condition.
2025-08-29 22:04:48,547 [INFO] McuFinderGlobals:63 - Set McuFinder mode to 2 (CubeIDE integrated)
2025-08-29 22:04:48,547 [INFO] UserAuth:171 - activating auth plugin
2025-08-29 22:04:48,550 [INFO] UserAuth:487 - Internet connection configuration mode: 1
2025-08-29 22:05:30,359 [INFO] WebApp:650 - userauth.ini created with success
2025-08-29 22:06:20,021 [INFO] ServerAccessManage:452 - Complete download http(s) 200
2025-08-29 22:06:20,022 [INFO] ServerAccessManage:509 - Download File STMicroelectronics.X-CUBE-FREERTOS.1.3.1.pack
2025-08-29 22:06:25,958 [INFO] AnalyticsPlugin:368 - Accepted License(s): [STMicroelectronics.X-CUBE-FREERTOS.1.3.1]
2025-08-29 22:06:25,959 [INFO] FileExtend:248 - Unzip File : STMicroelectronics.X-CUBE-FREERTOS.1.3.1.pack
2025-08-29 22:06:25,959 [INFO] FileExtend:263 - Standard Zip Deflate
2025-08-29 22:06:27,702 [INFO] LoadServerPackagesThread:196 - End of LoadServerPackages Thread
2025-08-29 22:06:28,097 [WARN] ThirdParty:509 - waiting for thirdparty lock release [add software pack]
2025-08-29 22:06:28,097 [INFO] ThirdParty:511 - entering critical section [add software pack]
2025-08-29 22:06:28,151 [INFO] ThirdPartyModel:298 - Start build external matchings
2025-08-29 22:06:28,539 [INFO] ThirdPartyModel:316 - End build external matchings
2025-08-29 22:06:28,631 [INFO] ThirdPartyPackRequestProcessor:621 - CMSIS Pack Vendor :STMicroelectronics X-CUBE-PM33A1 1.0.0
2025-08-29 22:06:28,631 [INFO] ThirdPartyPackRequestProcessor:621 - CMSIS Pack Vendor :STMicroelectronics USBPD 4.1
2025-08-29 22:06:28,631 [INFO] ThirdPartyPackRequestProcessor:621 - CMSIS Pack Vendor :STMicroelectronics X-CUBE-NFC9 1.0.0
2025-08-29 22:06:28,631 [INFO] ThirdPartyPackRequestProcessor:621 - CMSIS Pack Vendor :STMicroelectronics USB_HOST 2.0.0
2025-08-29 22:06:28,631 [INFO] ThirdPartyPackRequestProcessor:621 - CMSIS Pack Vendor :STMicroelectronics FP-SNS-MOTENVWB1 1.4.0
2025-08-29 22:06:28,631 [INFO] ThirdPartyPackRequestProcessor:621 - CMSIS Pack Vendor :STMicroelectronics X-CUBE-AZRTOS-F4 1.1.0
2025-08-29 22:06:28,631 [INFO] ThirdPartyPackRequestProcessor:621 - CMSIS Pack Vendor :STMicroelectronics LIBJPEG 8.0.0
2025-08-29 22:06:28,631 [INFO] ThirdPartyPackRequestProcessor:621 - CMSIS Pack Vendor :STMicroelectronics FP-ATR-ASTRA1 2.0.2
2025-08-29 22:06:28,631 [INFO] ThirdPartyPackRequestProcessor:621 - CMSIS Pack Vendor :wolfSSL I-CUBE-wolfSSL 5.8.2
2025-08-29 22:06:28,631 [INFO] ThirdPartyPackRequestProcessor:621 - CMSIS Pack Vendor :STMicroelectronics X-CUBE-BLE1 7.1.0
2025-08-29 22:06:28,631 [INFO] ThirdPartyPackRequestProcessor:621 - CMSIS Pack Vendor :Avnet-IotConnect X-CUBE-IoTC-DA16k-PMOD 1.0.0
2025-08-29 22:06:28,631 [INFO] ThirdPartyPackRequestProcessor:621 - CMSIS Pack Vendor :STMicroelectronics X-CUBE-SMBUS 2.1.0
2025-08-29 22:06:28,631 [INFO] ThirdPartyPackRequestProcessor:621 - CMSIS Pack Vendor :wolfSSL I-CUBE-wolfMQTT 1.19.2
2025-08-29 22:06:28,631 [INFO] ThirdPartyPackRequestProcessor:621 - CMSIS Pack Vendor :STMicroelectronics USB_DEVICE 3.0.0
2025-08-29 22:06:28,631 [INFO] ThirdPartyPackRequestProcessor:621 - CMSIS Pack Vendor :STMicroelectronics X-CUBE-ISPU 2.1.0
2025-08-29 22:06:28,631 [INFO] ThirdPartyPackRequestProcessor:621 - CMSIS Pack Vendor :STMicroelectronics X-CUBE-EEPRMA1 5.2.0
2025-08-29 22:06:28,631 [INFO] ThirdPartyPackRequestProcessor:621 - CMSIS Pack Vendor :STMicroelectronics X-CUBE-BLEMGR 4.1.0
2025-08-29 22:06:28,631 [INFO] ThirdPartyPackRequestProcessor:621 - CMSIS Pack Vendor :STMicroelectronics X-CUBE-AZRTOS-WB 2.0.0
2025-08-29 22:06:28,631 [INFO] ThirdPartyPackRequestProcessor:621 - CMSIS Pack Vendor :STMicroelectronics X-CUBE-ST60 1.0.0
2025-08-29 22:06:28,632 [INFO] ThirdPartyPackRequestProcessor:621 - CMSIS Pack Vendor :STMicroelectronics X-CUBE-GNSS1 7.0.1
2025-08-29 22:06:28,632 [INFO] ThirdPartyPackRequestProcessor:621 - CMSIS Pack Vendor :STMicroelectronics X-CUBE-NFC12 1.0.0
2025-08-29 22:06:28,632 [INFO] ThirdPartyPackRequestProcessor:621 - CMSIS Pack Vendor :STMicroelectronics X-CUBE-AZRTOS-F7 1.1.0
2025-08-29 22:06:28,632 [INFO] ThirdPartyPackRequestProcessor:621 - CMSIS Pack Vendor :STMicroelectronics X-CUBE-AZRTOS-L5 2.0.0
2025-08-29 22:06:28,632 [INFO] ThirdPartyPackRequestProcessor:621 - CMSIS Pack Vendor :STMicroelectronics X-CUBE-TOUCHGFX 4.25.0
2025-08-29 22:06:28,632 [INFO] ThirdPartyPackRequestProcessor:621 - CMSIS Pack Vendor :STMicroelectronics USB_DEVICE 2.0.0
2025-08-29 22:06:28,632 [INFO] ThirdPartyPackRequestProcessor:621 - CMSIS Pack Vendor :STMicroelectronics X-CUBE-NFC6 3.1.0
2025-08-29 22:06:28,632 [INFO] ThirdPartyPackRequestProcessor:621 - CMSIS Pack Vendor :quantropi X-CUBE-qispace-sdk-base 2.1.0
2025-08-29 22:06:28,632 [INFO] ThirdPartyPackRequestProcessor:621 - CMSIS Pack Vendor :STMicroelectronics FreeRTOS 0.0.1
2025-08-29 22:06:28,632 [INFO] ThirdPartyPackRequestProcessor:621 - CMSIS Pack Vendor :STMicroelectronics X-CUBE-AZRTOS-G0 1.1.0
2025-08-29 22:06:28,632 [INFO] ThirdPartyPackRequestProcessor:621 - CMSIS Pack Vendor :STMicroelectronics X-CUBE-SAFEA1 1.2.2
2025-08-29 22:06:28,632 [INFO] ThirdPartyPackRequestProcessor:621 - CMSIS Pack Vendor :STMicroelectronics X-CUBE-NFC4 3.0.0
2025-08-29 22:06:28,632 [INFO] ThirdPartyPackRequestProcessor:621 - CMSIS Pack Vendor :STMicroelectronics X-CUBE-SUBG2 5.0.0
2025-08-29 22:06:28,632 [INFO] ThirdPartyPackRequestProcessor:621 - CMSIS Pack Vendor :STMicroelectronics X-CUBE-AZRTOS-H7RS 1.1.0
2025-08-29 22:06:28,632 [INFO] ThirdPartyPackRequestProcessor:621 - CMSIS Pack Vendor :STMicroelectronics STM32_WPAN 1.0.0
2025-08-29 22:06:28,632 [INFO] ThirdPartyPackRequestProcessor:621 - CMSIS Pack Vendor :EmbeddedOffice I-CUBE-FS-RTOS 1.0.1
2025-08-29 22:06:28,632 [INFO] ThirdPartyPackRequestProcessor:621 - CMSIS Pack Vendor :STMicroelectronics lwIP 2.0.3
2025-08-29 22:06:28,632 [INFO] ThirdPartyPackRequestProcessor:621 - CMSIS Pack Vendor :WES I-CUBE-Cesium 1.4.0
2025-08-29 22:06:28,632 [INFO] ThirdPartyPackRequestProcessor:621 - CMSIS Pack Vendor :Cesanta I-CUBE-Mongoose 7.13.0
2025-08-29 22:06:28,632 [INFO] ThirdPartyPackRequestProcessor:621 - CMSIS Pack Vendor :STMicroelectronics USB_HOST 1.0.0
2025-08-29 22:06:28,632 [INFO] ThirdPartyPackRequestProcessor:621 - CMSIS Pack Vendor :Infineon AIROC-Wi-Fi-Bluetooth-STM32 1.7.1
2025-08-29 22:06:28,632 [INFO] ThirdPartyPackRequestProcessor:621 - CMSIS Pack Vendor :STMicroelectronics X-CUBE-AZRTOS-G4 2.0.0
2025-08-29 22:06:28,632 [INFO] ThirdPartyPackRequestProcessor:621 - CMSIS Pack Vendor :STMicroelectronics X-CUBE-WB05N 2.0.0
2025-08-29 22:06:28,632 [INFO] ThirdPartyPackRequestProcessor:621 - CMSIS Pack Vendor :STMicroelectronics PDM2PCM 3.1.0
2025-08-29 22:06:28,632 [INFO] ThirdPartyPackRequestProcessor:621 - CMSIS Pack Vendor :STMicroelectronics PDM2PCM 3.3.0
2025-08-29 22:06:28,632 [INFO] ThirdPartyPackRequestProcessor:621 - CMSIS Pack Vendor :wolfSSL I-CUBE-wolfTPM 3.8.0
2025-08-29 22:06:28,632 [INFO] ThirdPartyPackRequestProcessor:621 - CMSIS Pack Vendor :STMicroelectronics X-CUBE-AZRTOS-H7 3.4.0
2025-08-29 22:06:28,632 [INFO] ThirdPartyPackRequestProcessor:621 - CMSIS Pack Vendor :STMicroelectronics X-CUBE-DISPLAY 3.0.0
2025-08-29 22:06:28,632 [INFO] ThirdPartyPackRequestProcessor:621 - CMSIS Pack Vendor :wolfSSL I-CUBE-wolfSSH 1.4.20
2025-08-29 22:06:28,632 [INFO] ThirdPartyPackRequestProcessor:621 - CMSIS Pack Vendor :STMicroelectronics X-CUBE-NFC7 2.0.0
2025-08-29 22:06:28,632 [INFO] ThirdPartyPackRequestProcessor:621 - CMSIS Pack Vendor :STMicroelectronics X-CUBE-TCPP 4.2.0
2025-08-29 22:06:28,632 [INFO] ThirdPartyPackRequestProcessor:621 - CMSIS Pack Vendor :RealThread X-CUBE-RT-Thread_Nano 4.1.1
2025-08-29 22:06:28,632 [INFO] ThirdPartyPackRequestProcessor:621 - CMSIS Pack Vendor :STMicroelectronics FP-ATR-SIGFOX1 3.2.0
2025-08-29 22:06:28,632 [INFO] ThirdPartyPackRequestProcessor:621 - CMSIS Pack Vendor :STMicroelectronics X-CUBE-NFC10 1.0.0
2025-08-29 22:06:28,632 [INFO] ThirdPartyPackRequestProcessor:621 - CMSIS Pack Vendor :STMicroelectronics X-CUBE-FREERTOS 1.3.1
2025-08-29 22:06:28,632 [INFO] ThirdPartyPackRequestProcessor:621 - CMSIS Pack Vendor :STMicroelectronics HAL Drivers 0.0.0
2025-08-29 22:06:28,632 [INFO] ThirdPartyPackRequestProcessor:621 - CMSIS Pack Vendor :STMicroelectronics MBEDTLS 2.16.2
2025-08-29 22:06:28,632 [INFO] ThirdPartyPackRequestProcessor:621 - CMSIS Pack Vendor :STMicroelectronics X-CUBE-IPS 3.1.0
2025-08-29 22:06:28,632 [INFO] ThirdPartyPackRequestProcessor:621 - CMSIS Pack Vendor :STMicroelectronics X-CUBE-ALS 1.0.2
2025-08-29 22:06:28,632 [INFO] ThirdPartyPackRequestProcessor:621 - CMSIS Pack Vendor :emotas I-CUBE-CANOPEN 1.3.0
2025-08-29 22:06:28,632 [INFO] ThirdPartyPackRequestProcessor:621 - CMSIS Pack Vendor :STMicroelectronics MBEDTLS 2.14.1
2025-08-29 22:06:28,633 [INFO] ThirdPartyPackRequestProcessor:621 - CMSIS Pack Vendor :ITTIA_DB I-CUBE-ITTIADB 8.9.0
2025-08-29 22:06:28,633 [INFO] ThirdPartyPackRequestProcessor:621 - CMSIS Pack Vendor :STMicroelectronics X-CUBE-ST67W61 1.0.0
2025-08-29 22:06:28,633 [INFO] ThirdPartyPackRequestProcessor:621 - CMSIS Pack Vendor :STMicroelectronics FP-SNS-STBOX1 2.1.0
2025-08-29 22:06:28,633 [INFO] ThirdPartyPackRequestProcessor:621 - CMSIS Pack Vendor :STMicroelectronics X-CUBE-AI 10.2.0
2025-08-29 22:06:28,633 [INFO] ThirdPartyPackRequestProcessor:621 - CMSIS Pack Vendor :STMicroelectronics FP-SNS-STAIOTCFT 1.0.0
2025-08-29 22:06:28,633 [INFO] ThirdPartyPackRequestProcessor:621 - CMSIS Pack Vendor :STMicroelectronics ThreadX 1.0.0
2025-08-29 22:06:28,633 [INFO] ThirdPartyPackRequestProcessor:621 - CMSIS Pack Vendor :STMicroelectronics FP-SNS-SMARTAG2 1.2.0
2025-08-29 22:06:28,633 [INFO] ThirdPartyPackRequestProcessor:621 - CMSIS Pack Vendor :STMicroelectronics FP-SNS-FLIGHT1 5.1.0
2025-08-29 22:06:28,633 [INFO] ThirdPartyPackRequestProcessor:621 - CMSIS Pack Vendor :STMicroelectronics X-CUBE-AZRTOS-WL 2.0.0
2025-08-29 22:06:28,633 [INFO] ThirdPartyPackRequestProcessor:621 - CMSIS Pack Vendor :SEGGER I-CUBE-embOS 1.3.1
2025-08-29 22:06:28,633 [INFO] ThirdPartyPackRequestProcessor:621 - CMSIS Pack Vendor :STMicroelectronics X-CUBE-ALGOBUILD 1.4.0
2025-08-29 22:06:28,633 [INFO] ThirdPartyPackRequestProcessor:621 - CMSIS Pack Vendor :STMicroelectronics X-CUBE-DPower 1.3.0
2025-08-29 22:06:28,633 [INFO] ThirdPartyPackRequestProcessor:621 - CMSIS Pack Vendor :STMicroelectronics X-CUBE-MEMS1 11.3.0
2025-08-29 22:06:28,633 [INFO] ThirdPartyPackRequestProcessor:621 - CMSIS Pack Vendor :STMicroelectronics FP-SNS-MOTENV1 5.0.0
2025-08-29 22:06:28,633 [INFO] ThirdPartyPackRequestProcessor:621 - CMSIS Pack Vendor :STMicroelectronics USB_DEVICE 1.0.0
2025-08-29 22:06:28,633 [INFO] ThirdPartyPackRequestProcessor:621 - CMSIS Pack Vendor :STMicroelectronics X-CUBE-AZRTOS-L4 2.0.0
2025-08-29 22:06:28,633 [INFO] ThirdPartyPackRequestProcessor:621 - CMSIS Pack Vendor :STMicroelectronics ThreadX 0.0.2
2025-08-29 22:06:28,633 [INFO] ThirdPartyPackRequestProcessor:621 - CMSIS Pack Vendor :STMicroelectronics lwIP 2.1.2
2025-08-29 22:06:28,633 [INFO] ThirdPartyPackRequestProcessor:621 - CMSIS Pack Vendor :STMicroelectronics X-CUBE-SFXS2LP1 4.0.0
2025-08-29 22:06:28,633 [INFO] ThirdPartyPackRequestProcessor:621 - CMSIS Pack Vendor :STMicroelectronics X-CUBE-BLE2 3.3.0
2025-08-29 22:06:28,633 [INFO] ThirdPartyPackRequestProcessor:621 - CMSIS Pack Vendor :STMicroelectronics X-CUBE-TOF1 3.4.3
2025-08-29 22:06:28,633 [INFO] ThirdPartyPackRequestProcessor:621 - CMSIS Pack Vendor :STMicroelectronics PDM2PCM 3.2.0
2025-08-29 22:06:28,633 [INFO] ThirdParty:514 - exiting critical section [add software pack]
2025-08-29 22:06:28,633 [INFO] LoadServerUpdatesThread:375 - End of LoadServerUpdate Thread
2025-08-29 22:06:28,778 [INFO] MainUpdater:1610 - ProgressBar Return now
2025-08-29 22:06:28,779 [INFO] ThirdPartyModel:298 - Start build external matchings
2025-08-29 22:06:29,046 [INFO] ThirdPartyModel:316 - End build external matchings
2025-08-29 22:06:29,126 [INFO] CheckServerUpdateThread:120 - End of CheckServer Thread
2025-08-29 22:06:37,044 [INFO] ApiDbMcu:532 - Load IP Config File for STMicroelectronics.X-CUBE-FREERTOS.1.3.1
2025-08-29 22:06:37,189 [WARN] SupportedApi:132 - Cannot load RTOS API schema: s4s-elt-must-match.1: The content of 'definitions' must match (annotation?, (simpleType | complexType)?, (unique | key | keyref)*)). A problem was found starting at: attribute.
2025-08-29 22:06:37,190 [INFO] RtosManager:558 - Registered RTOS mode: class=CMSIS, group=RTOS2, mode=CMSISJjRTOS2, owner=STMicroelectronics.X-CUBE-FREERTOS.1.3.1
2025-08-29 22:06:37,191 [INFO] RtosManager:558 - Registered RTOS mode: class=CMSIS, group=RTOS2, mode=CMSISJjRTOS2, owner=STMicroelectronics.X-CUBE-FREERTOS.1.3.1
2025-08-29 22:06:37,447 [INFO] IPUIPlugin:80 - create IPUIPlugin
2025-08-29 22:06:37,468 [WARN] IP:2250 - SRAM5PowerDownInRunMode not found: check if there is a RefParameter without a condition.
2025-08-29 22:06:37,469 [WARN] IP:2250 - RAM1Page4PowerDownInStopMode not found: check if there is a RefParameter without a condition.
2025-08-29 22:06:37,469 [WARN] IP:2250 - RAM1Page5PowerDownInStopMode not found: check if there is a RefParameter without a condition.
2025-08-29 22:06:37,469 [WARN] IP:2250 - RAM1Page6PowerDownInStopMode not found: check if there is a RefParameter without a condition.
2025-08-29 22:06:37,469 [WARN] IP:2250 - RAM1Page7PowerDownInStopMode not found: check if there is a RefParameter without a condition.
2025-08-29 22:06:37,469 [WARN] IP:2250 - RAM1Page8PowerDownInStopMode not found: check if there is a RefParameter without a condition.
2025-08-29 22:06:37,469 [WARN] IP:2250 - RAM1Page9PowerDownInStopMode not found: check if there is a RefParameter without a condition.
2025-08-29 22:06:37,469 [WARN] IP:2250 - RAM1Page10PowerDownInStopMode not found: check if there is a RefParameter without a condition.
2025-08-29 22:06:37,469 [WARN] IP:2250 - RAM1Page11PowerDownInStopMode not found: check if there is a RefParameter without a condition.
2025-08-29 22:06:37,469 [WARN] IP:2250 - RAM1Page12PowerDownInStopMode not found: check if there is a RefParameter without a condition.
2025-08-29 22:06:37,469 [WARN] IP:2250 - RAM3Page9PowerDownInStopMode not found: check if there is a RefParameter without a condition.
2025-08-29 22:06:37,469 [WARN] IP:2250 - RAM3Page10PowerDownInStopMode not found: check if there is a RefParameter without a condition.
2025-08-29 22:06:37,469 [WARN] IP:2250 - RAM3Page11PowerDownInStopMode not found: check if there is a RefParameter without a condition.
2025-08-29 22:06:37,469 [WARN] IP:2250 - RAM3Page12PowerDownInStopMode not found: check if there is a RefParameter without a condition.
2025-08-29 22:06:37,469 [WARN] IP:2250 - RAM3Page13PowerDownInStopMode not found: check if there is a RefParameter without a condition.
2025-08-29 22:06:37,469 [WARN] IP:2250 - RAM5Page1PowerDownInStopMode not found: check if there is a RefParameter without a condition.
2025-08-29 22:06:37,469 [WARN] IP:2250 - RAM5Page2PowerDownInStopMode not found: check if there is a RefParameter without a condition.
2025-08-29 22:06:37,469 [WARN] IP:2250 - RAM5Page3PowerDownInStopMode not found: check if there is a RefParameter without a condition.
2025-08-29 22:06:37,469 [WARN] IP:2250 - RAM5Page4PowerDownInStopMode not found: check if there is a RefParameter without a condition.
2025-08-29 22:06:37,469 [WARN] IP:2250 - RAM5Page5PowerDownInStopMode not found: check if there is a RefParameter without a condition.
2025-08-29 22:06:37,469 [WARN] IP:2250 - RAM5Page6PowerDownInStopMode not found: check if there is a RefParameter without a condition.
2025-08-29 22:06:37,469 [WARN] IP:2250 - RAM5Page7PowerDownInStopMode not found: check if there is a RefParameter without a condition.
2025-08-29 22:06:37,469 [WARN] IP:2250 - RAM5Page8PowerDownInStopMode not found: check if there is a RefParameter without a condition.
2025-08-29 22:06:37,469 [WARN] IP:2250 - RAM5Page9PowerDownInStopMode not found: check if there is a RefParameter without a condition.
2025-08-29 22:06:37,470 [WARN] IP:2250 - RAM5Page10PowerDownInStopMode not found: check if there is a RefParameter without a condition.
2025-08-29 22:06:37,470 [WARN] IP:2250 - RAM5Page11PowerDownInStopMode not found: check if there is a RefParameter without a condition.
2025-08-29 22:06:37,470 [WARN] IP:2250 - RAM5Page12PowerDownInStopMode not found: check if there is a RefParameter without a condition.
2025-08-29 22:06:37,470 [WARN] IP:2250 - RAM5Page13PowerDownInStopMode not found: check if there is a RefParameter without a condition.
2025-08-29 22:06:37,470 [WARN] IP:2250 - Dcache2PowerDownInStopMode not found: check if there is a RefParameter without a condition.
2025-08-29 22:06:37,470 [WARN] IP:2250 - GRAPHICPRAMPowerDownInStopMode not found: check if there is a RefParameter without a condition.
2025-08-29 22:06:37,470 [WARN] IP:2250 - DSIRAMPowerDownInStopMode not found: check if there is a RefParameter without a condition.
2025-08-29 22:06:37,490 [WARN] IP:2250 - SRAM5PowerDownInRunMode not found: check if there is a RefParameter without a condition.
2025-08-29 22:06:37,490 [WARN] IP:2250 - RAM1Page4PowerDownInStopMode not found: check if there is a RefParameter without a condition.
2025-08-29 22:06:37,490 [WARN] IP:2250 - RAM1Page5PowerDownInStopMode not found: check if there is a RefParameter without a condition.
2025-08-29 22:06:37,490 [WARN] IP:2250 - RAM1Page6PowerDownInStopMode not found: check if there is a RefParameter without a condition.
2025-08-29 22:06:37,490 [WARN] IP:2250 - RAM1Page7PowerDownInStopMode not found: check if there is a RefParameter without a condition.
2025-08-29 22:06:37,491 [WARN] IP:2250 - RAM1Page8PowerDownInStopMode not found: check if there is a RefParameter without a condition.
2025-08-29 22:06:37,491 [WARN] IP:2250 - RAM1Page9PowerDownInStopMode not found: check if there is a RefParameter without a condition.
2025-08-29 22:06:37,491 [WARN] IP:2250 - RAM1Page10PowerDownInStopMode not found: check if there is a RefParameter without a condition.
2025-08-29 22:06:37,491 [WARN] IP:2250 - RAM1Page11PowerDownInStopMode not found: check if there is a RefParameter without a condition.
2025-08-29 22:06:37,491 [WARN] IP:2250 - RAM1Page12PowerDownInStopMode not found: check if there is a RefParameter without a condition.
2025-08-29 22:06:37,491 [WARN] IP:2250 - RAM3Page9PowerDownInStopMode not found: check if there is a RefParameter without a condition.
2025-08-29 22:06:37,491 [WARN] IP:2250 - RAM3Page10PowerDownInStopMode not found: check if there is a RefParameter without a condition.
2025-08-29 22:06:37,491 [WARN] IP:2250 - RAM3Page11PowerDownInStopMode not found: check if there is a RefParameter without a condition.
2025-08-29 22:06:37,491 [WARN] IP:2250 - RAM3Page12PowerDownInStopMode not found: check if there is a RefParameter without a condition.
2025-08-29 22:06:37,491 [WARN] IP:2250 - RAM3Page13PowerDownInStopMode not found: check if there is a RefParameter without a condition.
2025-08-29 22:06:37,491 [WARN] IP:2250 - RAM5Page1PowerDownInStopMode not found: check if there is a RefParameter without a condition.
2025-08-29 22:06:37,491 [WARN] IP:2250 - RAM5Page2PowerDownInStopMode not found: check if there is a RefParameter without a condition.
2025-08-29 22:06:37,491 [WARN] IP:2250 - RAM5Page3PowerDownInStopMode not found: check if there is a RefParameter without a condition.
2025-08-29 22:06:37,491 [WARN] IP:2250 - RAM5Page4PowerDownInStopMode not found: check if there is a RefParameter without a condition.
2025-08-29 22:06:37,491 [WARN] IP:2250 - RAM5Page5PowerDownInStopMode not found: check if there is a RefParameter without a condition.
2025-08-29 22:06:37,491 [WARN] IP:2250 - RAM5Page6PowerDownInStopMode not found: check if there is a RefParameter without a condition.
2025-08-29 22:06:37,491 [WARN] IP:2250 - RAM5Page7PowerDownInStopMode not found: check if there is a RefParameter without a condition.
2025-08-29 22:06:37,491 [WARN] IP:2250 - RAM5Page8PowerDownInStopMode not found: check if there is a RefParameter without a condition.
2025-08-29 22:06:37,491 [WARN] IP:2250 - RAM5Page9PowerDownInStopMode not found: check if there is a RefParameter without a condition.
2025-08-29 22:06:37,491 [WARN] IP:2250 - RAM5Page10PowerDownInStopMode not found: check if there is a RefParameter without a condition.
2025-08-29 22:06:37,491 [WARN] IP:2250 - RAM5Page11PowerDownInStopMode not found: check if there is a RefParameter without a condition.
2025-08-29 22:06:37,491 [WARN] IP:2250 - RAM5Page12PowerDownInStopMode not found: check if there is a RefParameter without a condition.
2025-08-29 22:06:37,491 [WARN] IP:2250 - RAM5Page13PowerDownInStopMode not found: check if there is a RefParameter without a condition.
2025-08-29 22:06:37,491 [WARN] IP:2250 - Dcache2PowerDownInStopMode not found: check if there is a RefParameter without a condition.
2025-08-29 22:06:37,491 [WARN] IP:2250 - GRAPHICPRAMPowerDownInStopMode not found: check if there is a RefParameter without a condition.
2025-08-29 22:06:37,491 [WARN] IP:2250 - DSIRAMPowerDownInStopMode not found: check if there is a RefParameter without a condition.
2025-08-29 22:06:38,058 [WARN] IP:2250 - OutPut1 not found: check if there is a RefParameter without a condition.
2025-08-29 22:06:38,058 [WARN] IP:2250 - OutPut2 not found: check if there is a RefParameter without a condition.
2025-08-29 22:06:38,058 [WARN] IP:2250 - OutPut3 not found: check if there is a RefParameter without a condition.
2025-08-29 22:06:38,058 [WARN] IP:2250 - BinMixBcdU not found: check if there is a RefParameter without a condition.
2025-08-29 22:06:38,058 [WARN] IP:2250 - SSRU_Underflow_Interrupt not found: check if there is a RefParameter without a condition.
2025-08-29 22:06:38,059 [WARN] IP:2250 - rtcSecureFull not found: check if there is a RefParameter without a condition.
2025-08-29 22:06:38,059 [WARN] IP:2250 - rtcNonSecureFeatures not found: check if there is a RefParameter without a condition.
2025-08-29 22:06:38,059 [WARN] IP:2250 - RTC_NONSECURE_FEATURE_NONE not found: check if there is a RefParameter without a condition.
2025-08-29 22:06:38,059 [WARN] IP:2250 - RTC_NONSECURE_FEATURE_INIT not found: check if there is a RefParameter without a condition.
2025-08-29 22:06:38,059 [WARN] IP:2250 - RTC_NONSECURE_FEATURE_ALRA not found: check if there is a RefParameter without a condition.
2025-08-29 22:06:38,059 [WARN] IP:2250 - RTC_NONSECURE_FEATURE_ALRB not found: check if there is a RefParameter without a condition.
2025-08-29 22:06:38,059 [WARN] IP:2250 - RTC_NONSECURE_FEATURE_TS not found: check if there is a RefParameter without a condition.
2025-08-29 22:06:38,059 [WARN] IP:2250 - RTC_NONSECURE_FEATURE_CAL not found: check if there is a RefParameter without a condition.
2025-08-29 22:06:38,059 [WARN] IP:2250 - RTC_NONSECURE_FEATURE_WUT not found: check if there is a RefParameter without a condition.
2025-08-29 22:06:38,059 [WARN] IP:2250 - Sec_BKP_Registers1 not found: check if there is a RefParameter without a condition.
2025-08-29 22:06:38,059 [WARN] IP:2250 - backupRegisterStartZone2_gS not found: check if there is a RefParameter without a condition.
2025-08-29 22:06:38,059 [WARN] IP:2250 - backupRegisterStartZone3_gS not found: check if there is a RefParameter without a condition.
2025-08-29 22:06:38,059 [WARN] IP:2250 - rtcPrivilegeFeatures not found: check if there is a RefParameter without a condition.
2025-08-29 22:06:38,059 [WARN] IP:2250 - RTC_PRIVILEGE_FEATURE_INIT not found: check if there is a RefParameter without a condition.
2025-08-29 22:06:38,059 [WARN] IP:2250 - RTC_PRIVILEGE_FEATURE_ALRA not found: check if there is a RefParameter without a condition.
2025-08-29 22:06:38,059 [WARN] IP:2250 - RTC_PRIVILEGE_FEATURE_ALRB not found: check if there is a RefParameter without a condition.
2025-08-29 22:06:38,059 [WARN] IP:2250 - RTC_PRIVILEGE_FEATURE_CAL not found: check if there is a RefParameter without a condition.
2025-08-29 22:06:38,059 [WARN] IP:2250 - RTC_PRIVILEGE_FEATURE_TS not found: check if there is a RefParameter without a condition.
2025-08-29 22:06:38,059 [WARN] IP:2250 - RTC_PRIVILEGE_FEATURE_WUT not found: check if there is a RefParameter without a condition.
2025-08-29 22:06:38,059 [WARN] IP:2250 - SSRU_Underflow_Interrupt not found: check if there is a RefParameter without a condition.
2025-08-29 22:06:38,059 [WARN] IP:2250 - BinMixBcdU not found: check if there is a RefParameter without a condition.
2025-08-29 22:06:38,060 [WARN] IP:2250 - OutPut1 not found: check if there is a RefParameter without a condition.
2025-08-29 22:06:38,060 [WARN] IP:2250 - OutPut2 not found: check if there is a RefParameter without a condition.
2025-08-29 22:06:38,060 [WARN] IP:2250 - OutPut3 not found: check if there is a RefParameter without a condition.
2025-08-29 22:06:38,060 [WARN] IP:2250 - BinMixBcdU not found: check if there is a RefParameter without a condition.
2025-08-29 22:06:38,060 [WARN] IP:2250 - SSRU_Underflow_Interrupt not found: check if there is a RefParameter without a condition.
2025-08-29 22:06:38,060 [WARN] IP:2250 - rtcSecureFull not found: check if there is a RefParameter without a condition.
2025-08-29 22:06:38,060 [WARN] IP:2250 - rtcNonSecureFeatures not found: check if there is a RefParameter without a condition.
2025-08-29 22:06:38,060 [WARN] IP:2250 - RTC_NONSECURE_FEATURE_NONE not found: check if there is a RefParameter without a condition.
2025-08-29 22:06:38,060 [WARN] IP:2250 - RTC_NONSECURE_FEATURE_INIT not found: check if there is a RefParameter without a condition.
2025-08-29 22:06:38,060 [WARN] IP:2250 - RTC_NONSECURE_FEATURE_ALRA not found: check if there is a RefParameter without a condition.
2025-08-29 22:06:38,060 [WARN] IP:2250 - RTC_NONSECURE_FEATURE_ALRB not found: check if there is a RefParameter without a condition.
2025-08-29 22:06:38,060 [WARN] IP:2250 - RTC_NONSECURE_FEATURE_TS not found: check if there is a RefParameter without a condition.
2025-08-29 22:06:38,060 [WARN] IP:2250 - RTC_NONSECURE_FEATURE_CAL not found: check if there is a RefParameter without a condition.
2025-08-29 22:06:38,060 [WARN] IP:2250 - RTC_NONSECURE_FEATURE_WUT not found: check if there is a RefParameter without a condition.
2025-08-29 22:06:38,060 [WARN] IP:2250 - Sec_BKP_Registers1 not found: check if there is a RefParameter without a condition.
2025-08-29 22:06:38,060 [WARN] IP:2250 - backupRegisterStartZone2_gS not found: check if there is a RefParameter without a condition.
2025-08-29 22:06:38,060 [WARN] IP:2250 - backupRegisterStartZone3_gS not found: check if there is a RefParameter without a condition.
2025-08-29 22:06:38,061 [WARN] IP:2250 - rtcPrivilegeFeatures not found: check if there is a RefParameter without a condition.
2025-08-29 22:06:38,061 [WARN] IP:2250 - RTC_PRIVILEGE_FEATURE_INIT not found: check if there is a RefParameter without a condition.
2025-08-29 22:06:38,061 [WARN] IP:2250 - RTC_PRIVILEGE_FEATURE_ALRA not found: check if there is a RefParameter without a condition.
2025-08-29 22:06:38,061 [WARN] IP:2250 - RTC_PRIVILEGE_FEATURE_ALRB not found: check if there is a RefParameter without a condition.
2025-08-29 22:06:38,061 [WARN] IP:2250 - RTC_PRIVILEGE_FEATURE_CAL not found: check if there is a RefParameter without a condition.
2025-08-29 22:06:38,061 [WARN] IP:2250 - RTC_PRIVILEGE_FEATURE_TS not found: check if there is a RefParameter without a condition.
2025-08-29 22:06:38,061 [WARN] IP:2250 - RTC_PRIVILEGE_FEATURE_WUT not found: check if there is a RefParameter without a condition.
2025-08-29 22:06:38,061 [WARN] IP:2250 - BinaryAutoClr_A not found: check if there is a RefParameter without a condition.
2025-08-29 22:06:38,061 [WARN] IP:2250 - FlagAutoClr_A not found: check if there is a RefParameter without a condition.
2025-08-29 22:06:38,062 [WARN] IP:2250 - OutPut1 not found: check if there is a RefParameter without a condition.
2025-08-29 22:06:38,062 [WARN] IP:2250 - OutPut2 not found: check if there is a RefParameter without a condition.
2025-08-29 22:06:38,062 [WARN] IP:2250 - OutPut3 not found: check if there is a RefParameter without a condition.
2025-08-29 22:06:38,062 [WARN] IP:2250 - BinMixBcdU not found: check if there is a RefParameter without a condition.
2025-08-29 22:06:38,062 [WARN] IP:2250 - SSRU_Underflow_Interrupt not found: check if there is a RefParameter without a condition.
2025-08-29 22:06:38,062 [WARN] IP:2250 - rtcSecureFull not found: check if there is a RefParameter without a condition.
2025-08-29 22:06:38,062 [WARN] IP:2250 - rtcNonSecureFeatures not found: check if there is a RefParameter without a condition.
2025-08-29 22:06:38,062 [WARN] IP:2250 - RTC_NONSECURE_FEATURE_NONE not found: check if there is a RefParameter without a condition.
2025-08-29 22:06:38,062 [WARN] IP:2250 - RTC_NONSECURE_FEATURE_INIT not found: check if there is a RefParameter without a condition.
2025-08-29 22:06:38,062 [WARN] IP:2250 - RTC_NONSECURE_FEATURE_ALRA not found: check if there is a RefParameter without a condition.
2025-08-29 22:06:38,062 [WARN] IP:2250 - RTC_NONSECURE_FEATURE_ALRB not found: check if there is a RefParameter without a condition.
2025-08-29 22:06:38,062 [WARN] IP:2250 - RTC_NONSECURE_FEATURE_TS not found: check if there is a RefParameter without a condition.
2025-08-29 22:06:38,062 [WARN] IP:2250 - RTC_NONSECURE_FEATURE_CAL not found: check if there is a RefParameter without a condition.
2025-08-29 22:06:38,062 [WARN] IP:2250 - RTC_NONSECURE_FEATURE_WUT not found: check if there is a RefParameter without a condition.
2025-08-29 22:06:38,062 [WARN] IP:2250 - Sec_BKP_Registers1 not found: check if there is a RefParameter without a condition.
2025-08-29 22:06:38,063 [WARN] IP:2250 - backupRegisterStartZone2_gS not found: check if there is a RefParameter without a condition.
2025-08-29 22:06:38,063 [WARN] IP:2250 - backupRegisterStartZone3_gS not found: check if there is a RefParameter without a condition.
2025-08-29 22:06:38,063 [WARN] IP:2250 - rtcPrivilegeFeatures not found: check if there is a RefParameter without a condition.
2025-08-29 22:06:38,063 [WARN] IP:2250 - RTC_PRIVILEGE_FEATURE_INIT not found: check if there is a RefParameter without a condition.
2025-08-29 22:06:38,063 [WARN] IP:2250 - RTC_PRIVILEGE_FEATURE_ALRA not found: check if there is a RefParameter without a condition.
2025-08-29 22:06:38,063 [WARN] IP:2250 - RTC_PRIVILEGE_FEATURE_ALRB not found: check if there is a RefParameter without a condition.
2025-08-29 22:06:38,063 [WARN] IP:2250 - RTC_PRIVILEGE_FEATURE_CAL not found: check if there is a RefParameter without a condition.
2025-08-29 22:06:38,063 [WARN] IP:2250 - RTC_PRIVILEGE_FEATURE_TS not found: check if there is a RefParameter without a condition.
2025-08-29 22:06:38,063 [WARN] IP:2250 - RTC_PRIVILEGE_FEATURE_WUT not found: check if there is a RefParameter without a condition.
2025-08-29 22:06:38,063 [WARN] IP:2250 - SSRU_Underflow_Interrupt not found: check if there is a RefParameter without a condition.
2025-08-29 22:06:38,063 [WARN] IP:2250 - BinMixBcdU not found: check if there is a RefParameter without a condition.
2025-08-29 22:06:38,064 [WARN] IP:2250 - OutPut1 not found: check if there is a RefParameter without a condition.
2025-08-29 22:06:38,064 [WARN] IP:2250 - OutPut2 not found: check if there is a RefParameter without a condition.
2025-08-29 22:06:38,064 [WARN] IP:2250 - OutPut3 not found: check if there is a RefParameter without a condition.
2025-08-29 22:06:38,064 [WARN] IP:2250 - BinMixBcdU not found: check if there is a RefParameter without a condition.
2025-08-29 22:06:38,064 [WARN] IP:2250 - SSRU_Underflow_Interrupt not found: check if there is a RefParameter without a condition.
2025-08-29 22:06:38,064 [WARN] IP:2250 - rtcSecureFull not found: check if there is a RefParameter without a condition.
2025-08-29 22:06:38,064 [WARN] IP:2250 - rtcNonSecureFeatures not found: check if there is a RefParameter without a condition.
2025-08-29 22:06:38,064 [WARN] IP:2250 - RTC_NONSECURE_FEATURE_NONE not found: check if there is a RefParameter without a condition.
2025-08-29 22:06:38,064 [WARN] IP:2250 - RTC_NONSECURE_FEATURE_INIT not found: check if there is a RefParameter without a condition.
2025-08-29 22:06:38,064 [WARN] IP:2250 - RTC_NONSECURE_FEATURE_ALRA not found: check if there is a RefParameter without a condition.
2025-08-29 22:06:38,064 [WARN] IP:2250 - RTC_NONSECURE_FEATURE_ALRB not found: check if there is a RefParameter without a condition.
2025-08-29 22:06:38,064 [WARN] IP:2250 - RTC_NONSECURE_FEATURE_TS not found: check if there is a RefParameter without a condition.
2025-08-29 22:06:38,064 [WARN] IP:2250 - RTC_NONSECURE_FEATURE_CAL not found: check if there is a RefParameter without a condition.
2025-08-29 22:06:38,064 [WARN] IP:2250 - RTC_NONSECURE_FEATURE_WUT not found: check if there is a RefParameter without a condition.
2025-08-29 22:06:38,064 [WARN] IP:2250 - Sec_BKP_Registers1 not found: check if there is a RefParameter without a condition.
2025-08-29 22:06:38,064 [WARN] IP:2250 - backupRegisterStartZone2_gS not found: check if there is a RefParameter without a condition.
2025-08-29 22:06:38,064 [WARN] IP:2250 - backupRegisterStartZone3_gS not found: check if there is a RefParameter without a condition.
2025-08-29 22:06:38,064 [WARN] IP:2250 - rtcPrivilegeFeatures not found: check if there is a RefParameter without a condition.
2025-08-29 22:06:38,064 [WARN] IP:2250 - RTC_PRIVILEGE_FEATURE_INIT not found: check if there is a RefParameter without a condition.
2025-08-29 22:06:38,064 [WARN] IP:2250 - RTC_PRIVILEGE_FEATURE_ALRA not found: check if there is a RefParameter without a condition.
2025-08-29 22:06:38,064 [WARN] IP:2250 - RTC_PRIVILEGE_FEATURE_ALRB not found: check if there is a RefParameter without a condition.
2025-08-29 22:06:38,064 [WARN] IP:2250 - RTC_PRIVILEGE_FEATURE_CAL not found: check if there is a RefParameter without a condition.
2025-08-29 22:06:38,064 [WARN] IP:2250 - RTC_PRIVILEGE_FEATURE_TS not found: check if there is a RefParameter without a condition.
2025-08-29 22:06:38,064 [WARN] IP:2250 - RTC_PRIVILEGE_FEATURE_WUT not found: check if there is a RefParameter without a condition.
2025-08-29 22:06:38,065 [WARN] IP:2250 - BinaryAutoClr_A not found: check if there is a RefParameter without a condition.
2025-08-29 22:06:38,065 [WARN] IP:2250 - FlagAutoClr_A not found: check if there is a RefParameter without a condition.
2025-08-29 22:06:38,088 [WARN] IP:2250 - DATAEXCHANGEDESRCBYTE_GPDMACH2 not found: check if there is a RefParameter without a condition.
2025-08-29 22:06:38,088 [WARN] IP:2250 - DATAEXCHANGEDESTHALFWORD_GPDMACH2 not found: check if there is a RefParameter without a condition.
2025-08-29 22:06:38,097 [WARN] IP:2250 - DATAEXCHANGEDESRCBYTE_GPDMACH2 not found: check if there is a RefParameter without a condition.
2025-08-29 22:06:38,097 [WARN] IP:2250 - DATAEXCHANGEDESTHALFWORD_GPDMACH2 not found: check if there is a RefParameter without a condition.
2025-08-29 22:06:38,568 [WARN] IP:2250 - SRAM5PowerDownInRunMode not found: check if there is a RefParameter without a condition.
2025-08-29 22:06:38,568 [WARN] IP:2250 - RAM1Page4PowerDownInStopMode not found: check if there is a RefParameter without a condition.
2025-08-29 22:06:38,568 [WARN] IP:2250 - RAM1Page5PowerDownInStopMode not found: check if there is a RefParameter without a condition.
2025-08-29 22:06:38,568 [WARN] IP:2250 - RAM1Page6PowerDownInStopMode not found: check if there is a RefParameter without a condition.
2025-08-29 22:06:38,568 [WARN] IP:2250 - RAM1Page7PowerDownInStopMode not found: check if there is a RefParameter without a condition.
2025-08-29 22:06:38,568 [WARN] IP:2250 - RAM1Page8PowerDownInStopMode not found: check if there is a RefParameter without a condition.
2025-08-29 22:06:38,568 [WARN] IP:2250 - RAM1Page9PowerDownInStopMode not found: check if there is a RefParameter without a condition.
2025-08-29 22:06:38,568 [WARN] IP:2250 - RAM1Page10PowerDownInStopMode not found: check if there is a RefParameter without a condition.
2025-08-29 22:06:38,568 [WARN] IP:2250 - RAM1Page11PowerDownInStopMode not found: check if there is a RefParameter without a condition.
2025-08-29 22:06:38,568 [WARN] IP:2250 - RAM1Page12PowerDownInStopMode not found: check if there is a RefParameter without a condition.
2025-08-29 22:06:38,568 [WARN] IP:2250 - RAM3Page9PowerDownInStopMode not found: check if there is a RefParameter without a condition.
2025-08-29 22:06:38,569 [WARN] IP:2250 - RAM3Page10PowerDownInStopMode not found: check if there is a RefParameter without a condition.
2025-08-29 22:06:38,569 [WARN] IP:2250 - RAM3Page11PowerDownInStopMode not found: check if there is a RefParameter without a condition.
2025-08-29 22:06:38,569 [WARN] IP:2250 - RAM3Page12PowerDownInStopMode not found: check if there is a RefParameter without a condition.
2025-08-29 22:06:38,569 [WARN] IP:2250 - RAM3Page13PowerDownInStopMode not found: check if there is a RefParameter without a condition.
2025-08-29 22:06:38,569 [WARN] IP:2250 - RAM5Page1PowerDownInStopMode not found: check if there is a RefParameter without a condition.
2025-08-29 22:06:38,569 [WARN] IP:2250 - RAM5Page2PowerDownInStopMode not found: check if there is a RefParameter without a condition.
2025-08-29 22:06:38,569 [WARN] IP:2250 - RAM5Page3PowerDownInStopMode not found: check if there is a RefParameter without a condition.
2025-08-29 22:06:38,569 [WARN] IP:2250 - RAM5Page4PowerDownInStopMode not found: check if there is a RefParameter without a condition.
2025-08-29 22:06:38,569 [WARN] IP:2250 - RAM5Page5PowerDownInStopMode not found: check if there is a RefParameter without a condition.
2025-08-29 22:06:38,569 [WARN] IP:2250 - RAM5Page6PowerDownInStopMode not found: check if there is a RefParameter without a condition.
2025-08-29 22:06:38,569 [WARN] IP:2250 - RAM5Page7PowerDownInStopMode not found: check if there is a RefParameter without a condition.
2025-08-29 22:06:38,569 [WARN] IP:2250 - RAM5Page8PowerDownInStopMode not found: check if there is a RefParameter without a condition.
2025-08-29 22:06:38,569 [WARN] IP:2250 - RAM5Page9PowerDownInStopMode not found: check if there is a RefParameter without a condition.
2025-08-29 22:06:38,569 [WARN] IP:2250 - RAM5Page10PowerDownInStopMode not found: check if there is a RefParameter without a condition.
2025-08-29 22:06:38,569 [WARN] IP:2250 - RAM5Page11PowerDownInStopMode not found: check if there is a RefParameter without a condition.
2025-08-29 22:06:38,569 [WARN] IP:2250 - RAM5Page12PowerDownInStopMode not found: check if there is a RefParameter without a condition.
2025-08-29 22:06:38,569 [WARN] IP:2250 - RAM5Page13PowerDownInStopMode not found: check if there is a RefParameter without a condition.
2025-08-29 22:06:38,569 [WARN] IP:2250 - Dcache2PowerDownInStopMode not found: check if there is a RefParameter without a condition.
2025-08-29 22:06:38,569 [WARN] IP:2250 - GRAPHICPRAMPowerDownInStopMode not found: check if there is a RefParameter without a condition.
2025-08-29 22:06:38,569 [WARN] IP:2250 - DSIRAMPowerDownInStopMode not found: check if there is a RefParameter without a condition.
2025-08-29 22:06:38,570 [WARN] IP:2250 - SRAM5PowerDownInRunMode not found: check if there is a RefParameter without a condition.
2025-08-29 22:06:38,570 [WARN] IP:2250 - RAM1Page4PowerDownInStopMode not found: check if there is a RefParameter without a condition.
2025-08-29 22:06:38,570 [WARN] IP:2250 - RAM1Page5PowerDownInStopMode not found: check if there is a RefParameter without a condition.
2025-08-29 22:06:38,571 [WARN] IP:2250 - RAM1Page6PowerDownInStopMode not found: check if there is a RefParameter without a condition.
2025-08-29 22:06:38,571 [WARN] IP:2250 - RAM1Page7PowerDownInStopMode not found: check if there is a RefParameter without a condition.
2025-08-29 22:06:38,571 [WARN] IP:2250 - RAM1Page8PowerDownInStopMode not found: check if there is a RefParameter without a condition.
2025-08-29 22:06:38,571 [WARN] IP:2250 - RAM1Page9PowerDownInStopMode not found: check if there is a RefParameter without a condition.
2025-08-29 22:06:38,571 [WARN] IP:2250 - RAM1Page10PowerDownInStopMode not found: check if there is a RefParameter without a condition.
2025-08-29 22:06:38,571 [WARN] IP:2250 - RAM1Page11PowerDownInStopMode not found: check if there is a RefParameter without a condition.
2025-08-29 22:06:38,571 [WARN] IP:2250 - RAM1Page12PowerDownInStopMode not found: check if there is a RefParameter without a condition.
2025-08-29 22:06:38,571 [WARN] IP:2250 - RAM3Page9PowerDownInStopMode not found: check if there is a RefParameter without a condition.
2025-08-29 22:06:38,571 [WARN] IP:2250 - RAM3Page10PowerDownInStopMode not found: check if there is a RefParameter without a condition.
2025-08-29 22:06:38,571 [WARN] IP:2250 - RAM3Page11PowerDownInStopMode not found: check if there is a RefParameter without a condition.
2025-08-29 22:06:38,571 [WARN] IP:2250 - RAM3Page12PowerDownInStopMode not found: check if there is a RefParameter without a condition.
2025-08-29 22:06:38,571 [WARN] IP:2250 - RAM3Page13PowerDownInStopMode not found: check if there is a RefParameter without a condition.
2025-08-29 22:06:38,571 [WARN] IP:2250 - RAM5Page1PowerDownInStopMode not found: check if there is a RefParameter without a condition.
2025-08-29 22:06:38,571 [WARN] IP:2250 - RAM5Page2PowerDownInStopMode not found: check if there is a RefParameter without a condition.
2025-08-29 22:06:38,571 [WARN] IP:2250 - RAM5Page3PowerDownInStopMode not found: check if there is a RefParameter without a condition.
2025-08-29 22:06:38,571 [WARN] IP:2250 - RAM5Page4PowerDownInStopMode not found: check if there is a RefParameter without a condition.
2025-08-29 22:06:38,571 [WARN] IP:2250 - RAM5Page5PowerDownInStopMode not found: check if there is a RefParameter without a condition.
2025-08-29 22:06:38,571 [WARN] IP:2250 - RAM5Page6PowerDownInStopMode not found: check if there is a RefParameter without a condition.
2025-08-29 22:06:38,571 [WARN] IP:2250 - RAM5Page7PowerDownInStopMode not found: check if there is a RefParameter without a condition.
2025-08-29 22:06:38,571 [WARN] IP:2250 - RAM5Page8PowerDownInStopMode not found: check if there is a RefParameter without a condition.
2025-08-29 22:06:38,571 [WARN] IP:2250 - RAM5Page9PowerDownInStopMode not found: check if there is a RefParameter without a condition.
2025-08-29 22:06:38,571 [WARN] IP:2250 - RAM5Page10PowerDownInStopMode not found: check if there is a RefParameter without a condition.
2025-08-29 22:06:38,571 [WARN] IP:2250 - RAM5Page11PowerDownInStopMode not found: check if there is a RefParameter without a condition.
2025-08-29 22:06:38,571 [WARN] IP:2250 - RAM5Page12PowerDownInStopMode not found: check if there is a RefParameter without a condition.
2025-08-29 22:06:38,571 [WARN] IP:2250 - RAM5Page13PowerDownInStopMode not found: check if there is a RefParameter without a condition.
2025-08-29 22:06:38,571 [WARN] IP:2250 - Dcache2PowerDownInStopMode not found: check if there is a RefParameter without a condition.
2025-08-29 22:06:38,571 [WARN] IP:2250 - GRAPHICPRAMPowerDownInStopMode not found: check if there is a RefParameter without a condition.
2025-08-29 22:06:38,571 [WARN] IP:2250 - DSIRAMPowerDownInStopMode not found: check if there is a RefParameter without a condition.
2025-08-29 22:06:38,578 [WARN] IP:2250 - DATAEXCHANGEDESRCBYTE_GPDMACH2 not found: check if there is a RefParameter without a condition.
2025-08-29 22:06:38,578 [WARN] IP:2250 - DATAEXCHANGEDESTHALFWORD_GPDMACH2 not found: check if there is a RefParameter without a condition.
2025-08-29 22:06:38,713 [WARN] IP:2250 - OutPut1 not found: check if there is a RefParameter without a condition.
2025-08-29 22:06:38,714 [WARN] IP:2250 - OutPut2 not found: check if there is a RefParameter without a condition.
2025-08-29 22:06:38,714 [WARN] IP:2250 - OutPut3 not found: check if there is a RefParameter without a condition.
2025-08-29 22:06:38,714 [WARN] IP:2250 - BinMixBcdU not found: check if there is a RefParameter without a condition.
2025-08-29 22:06:38,714 [WARN] IP:2250 - SSRU_Underflow_Interrupt not found: check if there is a RefParameter without a condition.
2025-08-29 22:06:38,714 [WARN] IP:2250 - rtcSecureFull not found: check if there is a RefParameter without a condition.
2025-08-29 22:06:38,714 [WARN] IP:2250 - rtcNonSecureFeatures not found: check if there is a RefParameter without a condition.
2025-08-29 22:06:38,714 [WARN] IP:2250 - RTC_NONSECURE_FEATURE_NONE not found: check if there is a RefParameter without a condition.
2025-08-29 22:06:38,714 [WARN] IP:2250 - RTC_NONSECURE_FEATURE_INIT not found: check if there is a RefParameter without a condition.
2025-08-29 22:06:38,714 [WARN] IP:2250 - RTC_NONSECURE_FEATURE_ALRA not found: check if there is a RefParameter without a condition.
2025-08-29 22:06:38,714 [WARN] IP:2250 - RTC_NONSECURE_FEATURE_ALRB not found: check if there is a RefParameter without a condition.
2025-08-29 22:06:38,714 [WARN] IP:2250 - RTC_NONSECURE_FEATURE_TS not found: check if there is a RefParameter without a condition.
2025-08-29 22:06:38,714 [WARN] IP:2250 - RTC_NONSECURE_FEATURE_CAL not found: check if there is a RefParameter without a condition.
2025-08-29 22:06:38,714 [WARN] IP:2250 - RTC_NONSECURE_FEATURE_WUT not found: check if there is a RefParameter without a condition.
2025-08-29 22:06:38,714 [WARN] IP:2250 - Sec_BKP_Registers1 not found: check if there is a RefParameter without a condition.
2025-08-29 22:06:38,714 [WARN] IP:2250 - backupRegisterStartZone2_gS not found: check if there is a RefParameter without a condition.
2025-08-29 22:06:38,714 [WARN] IP:2250 - backupRegisterStartZone3_gS not found: check if there is a RefParameter without a condition.
2025-08-29 22:06:38,714 [WARN] IP:2250 - rtcPrivilegeFeatures not found: check if there is a RefParameter without a condition.
2025-08-29 22:06:38,714 [WARN] IP:2250 - RTC_PRIVILEGE_FEATURE_INIT not found: check if there is a RefParameter without a condition.
2025-08-29 22:06:38,714 [WARN] IP:2250 - RTC_PRIVILEGE_FEATURE_ALRA not found: check if there is a RefParameter without a condition.
2025-08-29 22:06:38,714 [WARN] IP:2250 - RTC_PRIVILEGE_FEATURE_ALRB not found: check if there is a RefParameter without a condition.
2025-08-29 22:06:38,714 [WARN] IP:2250 - RTC_PRIVILEGE_FEATURE_CAL not found: check if there is a RefParameter without a condition.
2025-08-29 22:06:38,714 [WARN] IP:2250 - RTC_PRIVILEGE_FEATURE_TS not found: check if there is a RefParameter without a condition.
2025-08-29 22:06:38,714 [WARN] IP:2250 - RTC_PRIVILEGE_FEATURE_WUT not found: check if there is a RefParameter without a condition.
2025-08-29 22:06:38,714 [WARN] IP:2250 - SSRU_Underflow_Interrupt not found: check if there is a RefParameter without a condition.
2025-08-29 22:06:38,714 [WARN] IP:2250 - BinMixBcdU not found: check if there is a RefParameter without a condition.
2025-08-29 22:06:38,715 [WARN] IP:2250 - OutPut1 not found: check if there is a RefParameter without a condition.
2025-08-29 22:06:38,715 [WARN] IP:2250 - OutPut2 not found: check if there is a RefParameter without a condition.
2025-08-29 22:06:38,715 [WARN] IP:2250 - OutPut3 not found: check if there is a RefParameter without a condition.
2025-08-29 22:06:38,715 [WARN] IP:2250 - BinMixBcdU not found: check if there is a RefParameter without a condition.
2025-08-29 22:06:38,715 [WARN] IP:2250 - SSRU_Underflow_Interrupt not found: check if there is a RefParameter without a condition.
2025-08-29 22:06:38,715 [WARN] IP:2250 - rtcSecureFull not found: check if there is a RefParameter without a condition.
2025-08-29 22:06:38,715 [WARN] IP:2250 - rtcNonSecureFeatures not found: check if there is a RefParameter without a condition.
2025-08-29 22:06:38,715 [WARN] IP:2250 - RTC_NONSECURE_FEATURE_NONE not found: check if there is a RefParameter without a condition.
2025-08-29 22:06:38,715 [WARN] IP:2250 - RTC_NONSECURE_FEATURE_INIT not found: check if there is a RefParameter without a condition.
2025-08-29 22:06:38,715 [WARN] IP:2250 - RTC_NONSECURE_FEATURE_ALRA not found: check if there is a RefParameter without a condition.
2025-08-29 22:06:38,715 [WARN] IP:2250 - RTC_NONSECURE_FEATURE_ALRB not found: check if there is a RefParameter without a condition.
2025-08-29 22:06:38,715 [WARN] IP:2250 - RTC_NONSECURE_FEATURE_TS not found: check if there is a RefParameter without a condition.
2025-08-29 22:06:38,715 [WARN] IP:2250 - RTC_NONSECURE_FEATURE_CAL not found: check if there is a RefParameter without a condition.
2025-08-29 22:06:38,715 [WARN] IP:2250 - RTC_NONSECURE_FEATURE_WUT not found: check if there is a RefParameter without a condition.
2025-08-29 22:06:38,715 [WARN] IP:2250 - Sec_BKP_Registers1 not found: check if there is a RefParameter without a condition.
2025-08-29 22:06:38,715 [WARN] IP:2250 - backupRegisterStartZone2_gS not found: check if there is a RefParameter without a condition.
2025-08-29 22:06:38,715 [WARN] IP:2250 - backupRegisterStartZone3_gS not found: check if there is a RefParameter without a condition.
2025-08-29 22:06:38,715 [WARN] IP:2250 - rtcPrivilegeFeatures not found: check if there is a RefParameter without a condition.
2025-08-29 22:06:38,715 [WARN] IP:2250 - RTC_PRIVILEGE_FEATURE_INIT not found: check if there is a RefParameter without a condition.
2025-08-29 22:06:38,716 [WARN] IP:2250 - RTC_PRIVILEGE_FEATURE_ALRA not found: check if there is a RefParameter without a condition.
2025-08-29 22:06:38,716 [WARN] IP:2250 - RTC_PRIVILEGE_FEATURE_ALRB not found: check if there is a RefParameter without a condition.
2025-08-29 22:06:38,716 [WARN] IP:2250 - RTC_PRIVILEGE_FEATURE_CAL not found: check if there is a RefParameter without a condition.
2025-08-29 22:06:38,716 [WARN] IP:2250 - RTC_PRIVILEGE_FEATURE_TS not found: check if there is a RefParameter without a condition.
2025-08-29 22:06:38,716 [WARN] IP:2250 - RTC_PRIVILEGE_FEATURE_WUT not found: check if there is a RefParameter without a condition.
2025-08-29 22:06:38,716 [WARN] IP:2250 - BinaryAutoClr_A not found: check if there is a RefParameter without a condition.
2025-08-29 22:06:38,716 [WARN] IP:2250 - FlagAutoClr_A not found: check if there is a RefParameter without a condition.
2025-08-29 22:06:38,716 [WARN] IP:2250 - OutPut1 not found: check if there is a RefParameter without a condition.
2025-08-29 22:06:38,716 [WARN] IP:2250 - OutPut2 not found: check if there is a RefParameter without a condition.
2025-08-29 22:06:38,716 [WARN] IP:2250 - OutPut3 not found: check if there is a RefParameter without a condition.
2025-08-29 22:06:38,717 [WARN] IP:2250 - BinMixBcdU not found: check if there is a RefParameter without a condition.
2025-08-29 22:06:38,717 [WARN] IP:2250 - SSRU_Underflow_Interrupt not found: check if there is a RefParameter without a condition.
2025-08-29 22:06:38,717 [WARN] IP:2250 - rtcSecureFull not found: check if there is a RefParameter without a condition.
2025-08-29 22:06:38,717 [WARN] IP:2250 - rtcNonSecureFeatures not found: check if there is a RefParameter without a condition.
2025-08-29 22:06:38,717 [WARN] IP:2250 - RTC_NONSECURE_FEATURE_NONE not found: check if there is a RefParameter without a condition.
2025-08-29 22:06:38,717 [WARN] IP:2250 - RTC_NONSECURE_FEATURE_INIT not found: check if there is a RefParameter without a condition.
2025-08-29 22:06:38,717 [WARN] IP:2250 - RTC_NONSECURE_FEATURE_ALRA not found: check if there is a RefParameter without a condition.
2025-08-29 22:06:38,717 [WARN] IP:2250 - RTC_NONSECURE_FEATURE_ALRB not found: check if there is a RefParameter without a condition.
2025-08-29 22:06:38,717 [WARN] IP:2250 - RTC_NONSECURE_FEATURE_TS not found: check if there is a RefParameter without a condition.
2025-08-29 22:06:38,717 [WARN] IP:2250 - RTC_NONSECURE_FEATURE_CAL not found: check if there is a RefParameter without a condition.
2025-08-29 22:06:38,717 [WARN] IP:2250 - RTC_NONSECURE_FEATURE_WUT not found: check if there is a RefParameter without a condition.
2025-08-29 22:06:38,717 [WARN] IP:2250 - Sec_BKP_Registers1 not found: check if there is a RefParameter without a condition.
2025-08-29 22:06:38,717 [WARN] IP:2250 - backupRegisterStartZone2_gS not found: check if there is a RefParameter without a condition.
2025-08-29 22:06:38,717 [WARN] IP:2250 - backupRegisterStartZone3_gS not found: check if there is a RefParameter without a condition.
2025-08-29 22:06:38,717 [WARN] IP:2250 - rtcPrivilegeFeatures not found: check if there is a RefParameter without a condition.
2025-08-29 22:06:38,717 [WARN] IP:2250 - RTC_PRIVILEGE_FEATURE_INIT not found: check if there is a RefParameter without a condition.
2025-08-29 22:06:38,717 [WARN] IP:2250 - RTC_PRIVILEGE_FEATURE_ALRA not found: check if there is a RefParameter without a condition.
2025-08-29 22:06:38,717 [WARN] IP:2250 - RTC_PRIVILEGE_FEATURE_ALRB not found: check if there is a RefParameter without a condition.
2025-08-29 22:06:38,717 [WARN] IP:2250 - RTC_PRIVILEGE_FEATURE_CAL not found: check if there is a RefParameter without a condition.
2025-08-29 22:06:38,717 [WARN] IP:2250 - RTC_PRIVILEGE_FEATURE_TS not found: check if there is a RefParameter without a condition.
2025-08-29 22:06:38,717 [WARN] IP:2250 - RTC_PRIVILEGE_FEATURE_WUT not found: check if there is a RefParameter without a condition.
2025-08-29 22:06:38,717 [WARN] IP:2250 - SSRU_Underflow_Interrupt not found: check if there is a RefParameter without a condition.
2025-08-29 22:06:38,717 [WARN] IP:2250 - BinMixBcdU not found: check if there is a RefParameter without a condition.
2025-08-29 22:06:38,718 [WARN] IP:2250 - OutPut1 not found: check if there is a RefParameter without a condition.
2025-08-29 22:06:38,718 [WARN] IP:2250 - OutPut2 not found: check if there is a RefParameter without a condition.
2025-08-29 22:06:38,718 [WARN] IP:2250 - OutPut3 not found: check if there is a RefParameter without a condition.
2025-08-29 22:06:38,718 [WARN] IP:2250 - BinMixBcdU not found: check if there is a RefParameter without a condition.
2025-08-29 22:06:38,718 [WARN] IP:2250 - SSRU_Underflow_Interrupt not found: check if there is a RefParameter without a condition.
2025-08-29 22:06:38,718 [WARN] IP:2250 - rtcSecureFull not found: check if there is a RefParameter without a condition.
2025-08-29 22:06:38,718 [WARN] IP:2250 - rtcNonSecureFeatures not found: check if there is a RefParameter without a condition.
2025-08-29 22:06:38,718 [WARN] IP:2250 - RTC_NONSECURE_FEATURE_NONE not found: check if there is a RefParameter without a condition.
2025-08-29 22:06:38,718 [WARN] IP:2250 - RTC_NONSECURE_FEATURE_INIT not found: check if there is a RefParameter without a condition.
2025-08-29 22:06:38,718 [WARN] IP:2250 - RTC_NONSECURE_FEATURE_ALRA not found: check if there is a RefParameter without a condition.
2025-08-29 22:06:38,718 [WARN] IP:2250 - RTC_NONSECURE_FEATURE_ALRB not found: check if there is a RefParameter without a condition.
2025-08-29 22:06:38,718 [WARN] IP:2250 - RTC_NONSECURE_FEATURE_TS not found: check if there is a RefParameter without a condition.
2025-08-29 22:06:38,718 [WARN] IP:2250 - RTC_NONSECURE_FEATURE_CAL not found: check if there is a RefParameter without a condition.
2025-08-29 22:06:38,718 [WARN] IP:2250 - RTC_NONSECURE_FEATURE_WUT not found: check if there is a RefParameter without a condition.
2025-08-29 22:06:38,718 [WARN] IP:2250 - Sec_BKP_Registers1 not found: check if there is a RefParameter without a condition.
2025-08-29 22:06:38,718 [WARN] IP:2250 - backupRegisterStartZone2_gS not found: check if there is a RefParameter without a condition.
2025-08-29 22:06:38,718 [WARN] IP:2250 - backupRegisterStartZone3_gS not found: check if there is a RefParameter without a condition.
2025-08-29 22:06:38,718 [WARN] IP:2250 - rtcPrivilegeFeatures not found: check if there is a RefParameter without a condition.
2025-08-29 22:06:38,718 [WARN] IP:2250 - RTC_PRIVILEGE_FEATURE_INIT not found: check if there is a RefParameter without a condition.
2025-08-29 22:06:38,718 [WARN] IP:2250 - RTC_PRIVILEGE_FEATURE_ALRA not found: check if there is a RefParameter without a condition.
2025-08-29 22:06:38,718 [WARN] IP:2250 - RTC_PRIVILEGE_FEATURE_ALRB not found: check if there is a RefParameter without a condition.
2025-08-29 22:06:38,718 [WARN] IP:2250 - RTC_PRIVILEGE_FEATURE_CAL not found: check if there is a RefParameter without a condition.
2025-08-29 22:06:38,718 [WARN] IP:2250 - RTC_PRIVILEGE_FEATURE_TS not found: check if there is a RefParameter without a condition.
2025-08-29 22:06:38,718 [WARN] IP:2250 - RTC_PRIVILEGE_FEATURE_WUT not found: check if there is a RefParameter without a condition.
2025-08-29 22:06:38,719 [WARN] IP:2250 - BinaryAutoClr_A not found: check if there is a RefParameter without a condition.
2025-08-29 22:06:38,719 [WARN] IP:2250 - FlagAutoClr_A not found: check if there is a RefParameter without a condition.
2025-08-29 22:06:38,739 [WARN] IP:2250 - DATAEXCHANGEDESRCBYTE_GPDMACH2 not found: check if there is a RefParameter without a condition.
2025-08-29 22:06:38,739 [WARN] IP:2250 - DATAEXCHANGEDESTHALFWORD_GPDMACH2 not found: check if there is a RefParameter without a condition.
2025-08-29 22:06:38,748 [WARN] IP:2250 - DATAEXCHANGEDESRCBYTE_GPDMACH2 not found: check if there is a RefParameter without a condition.
2025-08-29 22:06:38,748 [WARN] IP:2250 - DATAEXCHANGEDESTHALFWORD_GPDMACH2 not found: check if there is a RefParameter without a condition.
2025-08-29 22:06:45,336 [INFO] RtosManager:1018 - Current active RTOS is STMicroelectronics.X-CUBE-FREERTOS.1.3.1 [CortexM33]
2025-08-29 22:06:45,787 [WARN] IP:2250 - DATAEXCHANGEDESRCBYTE_GPDMACH2 not found: check if there is a RefParameter without a condition.
2025-08-29 22:06:45,787 [WARN] IP:2250 - DATAEXCHANGEDESTHALFWORD_GPDMACH2 not found: check if there is a RefParameter without a condition.
2025-08-29 22:06:46,063 [ERROR] LogOutputStream:75 - [STDERR_REDIRECT] 
2025-08-29 22:07:27,145 [WARN] IP:2250 - DATAEXCHANGEDESRCBYTE_GPDMACH2 not found: check if there is a RefParameter without a condition.
2025-08-29 22:07:27,146 [WARN] IP:2250 - DATAEXCHANGEDESTHALFWORD_GPDMACH2 not found: check if there is a RefParameter without a condition.
2025-08-29 22:07:27,227 [WARN] IP:2250 - DATAEXCHANGEDESRCBYTE_GPDMACH2 not found: check if there is a RefParameter without a condition.
2025-08-29 22:07:27,227 [WARN] IP:2250 - DATAEXCHANGEDESTHALFWORD_GPDMACH2 not found: check if there is a RefParameter without a condition.
2025-08-29 22:07:27,266 [INFO] RtosManager:803 -  ==== DEBUG ==== Saving {key/value} = {rtos.0.tasks.0/allocationType,Dynamic;bufferName,NULL;codeGen,Default;controlBlockName,NULL;entry,StartDefaultTask;name,defaultTask;parameter,NULL;priority,osPriorityNormal;stackSize,128}
2025-08-29 22:07:33,641 [WARN] IP:2250 - DATAEXCHANGEDESRCBYTE_GPDMACH2 not found: check if there is a RefParameter without a condition.
2025-08-29 22:07:33,641 [WARN] IP:2250 - DATAEXCHANGEDESTHALFWORD_GPDMACH2 not found: check if there is a RefParameter without a condition.
2025-08-29 22:07:33,699 [INFO] RtosManager:803 -  ==== DEBUG ==== Saving {key/value} = {rtos.0.tasks.0/allocationType,Dynamic;bufferName,NULL;codeGen,Default;controlBlockName,NULL;entry,StartDefaultTask;name,defaultTask;parameter,NULL;priority,osPriorityNormal;stackSize,128}
2025-08-29 22:07:33,699 [INFO] UtilMem:75 - End SaveConfig() Used Memory: 703817408 Bytes (1073741824)
2025-08-29 22:07:38,662 [INFO] ServerAccessManage:452 - Complete download http(s) 200
2025-08-29 22:07:38,663 [INFO] ServerAccessManage:509 - Download File stm32cube_fw_u5_v180.zip
2025-08-29 22:08:47,690 [INFO] AnalyticsPlugin:368 - Accepted License(s): [FW.U5.1.8.0]
2025-08-29 22:08:47,691 [INFO] FileExtend:248 - Unzip File : stm32cube_fw_u5_v180.zip
2025-08-29 22:08:47,691 [INFO] FileExtend:263 - Standard Zip Deflate
2025-08-29 22:08:52,346 [INFO] LoadServerPackagesThread:196 - End of LoadServerPackages Thread
2025-08-29 22:08:52,550 [INFO] ThirdPartyModel:298 - Start build external matchings
2025-08-29 22:08:52,733 [WARN] IP:2250 - DATAEXCHANGEDESRCBYTE_GPDMACH2 not found: check if there is a RefParameter without a condition.
2025-08-29 22:08:52,733 [WARN] IP:2250 - DATAEXCHANGEDESTHALFWORD_GPDMACH2 not found: check if there is a RefParameter without a condition.
2025-08-29 22:08:52,990 [INFO] ThirdPartyModel:316 - End build external matchings
2025-08-29 22:08:53,000 [INFO] CheckServerUpdateThread:120 - End of CheckServer Thread
2025-08-29 22:08:53,858 [INFO] RtosManager:803 -  ==== DEBUG ==== Saving {key/value} = {rtos.0.tasks.0/allocationType,Dynamic;bufferName,NULL;codeGen,Default;controlBlockName,NULL;entry,StartDefaultTask;name,defaultTask;parameter,NULL;priority,osPriorityNormal;stackSize,128}
2025-08-29 22:08:53,858 [INFO] UtilMem:75 - End SaveConfig() Used Memory: 712970664 Bytes (1073741824)
2025-08-29 22:08:54,272 [WARN] IP:2250 - SRAM5PowerDownInRunMode not found: check if there is a RefParameter without a condition.
2025-08-29 22:08:54,272 [WARN] IP:2250 - RAM1Page4PowerDownInStopMode not found: check if there is a RefParameter without a condition.
2025-08-29 22:08:54,272 [WARN] IP:2250 - RAM1Page5PowerDownInStopMode not found: check if there is a RefParameter without a condition.
2025-08-29 22:08:54,272 [WARN] IP:2250 - RAM1Page6PowerDownInStopMode not found: check if there is a RefParameter without a condition.
2025-08-29 22:08:54,272 [WARN] IP:2250 - RAM1Page7PowerDownInStopMode not found: check if there is a RefParameter without a condition.
2025-08-29 22:08:54,273 [WARN] IP:2250 - RAM1Page8PowerDownInStopMode not found: check if there is a RefParameter without a condition.
2025-08-29 22:08:54,273 [WARN] IP:2250 - RAM1Page9PowerDownInStopMode not found: check if there is a RefParameter without a condition.
2025-08-29 22:08:54,273 [WARN] IP:2250 - RAM1Page10PowerDownInStopMode not found: check if there is a RefParameter without a condition.
2025-08-29 22:08:54,273 [WARN] IP:2250 - RAM1Page11PowerDownInStopMode not found: check if there is a RefParameter without a condition.
2025-08-29 22:08:54,273 [WARN] IP:2250 - RAM1Page12PowerDownInStopMode not found: check if there is a RefParameter without a condition.
2025-08-29 22:08:54,273 [WARN] IP:2250 - RAM3Page9PowerDownInStopMode not found: check if there is a RefParameter without a condition.
2025-08-29 22:08:54,273 [WARN] IP:2250 - RAM3Page10PowerDownInStopMode not found: check if there is a RefParameter without a condition.
2025-08-29 22:08:54,273 [WARN] IP:2250 - RAM3Page11PowerDownInStopMode not found: check if there is a RefParameter without a condition.
2025-08-29 22:08:54,273 [WARN] IP:2250 - RAM3Page12PowerDownInStopMode not found: check if there is a RefParameter without a condition.
2025-08-29 22:08:54,273 [WARN] IP:2250 - RAM3Page13PowerDownInStopMode not found: check if there is a RefParameter without a condition.
2025-08-29 22:08:54,274 [WARN] IP:2250 - RAM5Page1PowerDownInStopMode not found: check if there is a RefParameter without a condition.
2025-08-29 22:08:54,274 [WARN] IP:2250 - RAM5Page2PowerDownInStopMode not found: check if there is a RefParameter without a condition.
2025-08-29 22:08:54,274 [WARN] IP:2250 - RAM5Page3PowerDownInStopMode not found: check if there is a RefParameter without a condition.
2025-08-29 22:08:54,274 [WARN] IP:2250 - RAM5Page4PowerDownInStopMode not found: check if there is a RefParameter without a condition.
2025-08-29 22:08:54,274 [WARN] IP:2250 - RAM5Page5PowerDownInStopMode not found: check if there is a RefParameter without a condition.
2025-08-29 22:08:54,274 [WARN] IP:2250 - RAM5Page6PowerDownInStopMode not found: check if there is a RefParameter without a condition.
2025-08-29 22:08:54,274 [WARN] IP:2250 - RAM5Page7PowerDownInStopMode not found: check if there is a RefParameter without a condition.
2025-08-29 22:08:54,274 [WARN] IP:2250 - RAM5Page8PowerDownInStopMode not found: check if there is a RefParameter without a condition.
2025-08-29 22:08:54,274 [WARN] IP:2250 - RAM5Page9PowerDownInStopMode not found: check if there is a RefParameter without a condition.
2025-08-29 22:08:54,274 [WARN] IP:2250 - RAM5Page10PowerDownInStopMode not found: check if there is a RefParameter without a condition.
2025-08-29 22:08:54,274 [WARN] IP:2250 - RAM5Page11PowerDownInStopMode not found: check if there is a RefParameter without a condition.
2025-08-29 22:08:54,274 [WARN] IP:2250 - RAM5Page12PowerDownInStopMode not found: check if there is a RefParameter without a condition.
2025-08-29 22:08:54,274 [WARN] IP:2250 - RAM5Page13PowerDownInStopMode not found: check if there is a RefParameter without a condition.
2025-08-29 22:08:54,275 [WARN] IP:2250 - Dcache2PowerDownInStopMode not found: check if there is a RefParameter without a condition.
2025-08-29 22:08:54,275 [WARN] IP:2250 - GRAPHICPRAMPowerDownInStopMode not found: check if there is a RefParameter without a condition.
2025-08-29 22:08:54,275 [WARN] IP:2250 - DSIRAMPowerDownInStopMode not found: check if there is a RefParameter without a condition.
2025-08-29 22:08:54,294 [INFO] BlockDiagram:2775 - set Specific Code input for plugin: PWR
2025-08-29 22:08:54,294 [INFO] BlockDiagram:2775 - set Specific Code input for plugin: RCC
2025-08-29 22:08:54,294 [INFO] BlockDiagram:2775 - set Specific Code input for plugin: I2C
2025-08-29 22:08:54,294 [INFO] BlockDiagram:2775 - set Specific Code input for plugin: RTC
2025-08-29 22:08:54,295 [INFO] BlockDiagram:2775 - set Specific Code input for plugin: STMicroelectronics.X-CUBE-FREERTOS.1.3.1
2025-08-29 22:08:54,295 [INFO] BlockDiagram:2775 - set Specific Code input for plugin: OCTOSPI
2025-08-29 22:08:54,295 [INFO] BlockDiagram:2775 - set Specific Code input for plugin: GPDMA
2025-08-29 22:08:54,295 [INFO] BlockDiagram:2775 - set Specific Code input for plugin: MEMORYMAP
2025-08-29 22:08:54,295 [INFO] BlockDiagram:2775 - set Specific Code input for plugin: SYS
2025-08-29 22:08:54,295 [INFO] BlockDiagram:2775 - set Specific Code input for plugin: LPBAM
2025-08-29 22:08:54,295 [INFO] BlockDiagram:2775 - set Specific Code input for plugin: NVIC
2025-08-29 22:08:54,295 [INFO] BlockDiagram:2775 - set Specific Code input for plugin: ICACHE
2025-08-29 22:08:54,295 [INFO] BlockDiagram:2775 - set Specific Code input for plugin: UART
2025-08-29 22:08:54,296 [INFO] BlockDiagram:2775 - set Specific Code input for plugin: GPIO
2025-08-29 22:08:54,296 [INFO] BlockDiagram:2775 - set Specific Code input for plugin: LPBAMQUEUE
2025-08-29 22:08:54,300 [WARN] ThirdPartyIpManager:480 - Condition 'CM33 IAR Condition' not fulfilled in pack 'STMicroelectronics.X-CUBE-FREERTOS.1.3.1'
2025-08-29 22:08:54,301 [WARN] ThirdPartyIpManager:480 - Condition 'CM33 IAR Condition' not fulfilled in pack 'STMicroelectronics.X-CUBE-FREERTOS.1.3.1'
2025-08-29 22:08:54,301 [WARN] ThirdPartyIpManager:480 - Condition 'CM33 IAR Condition' not fulfilled in pack 'STMicroelectronics.X-CUBE-FREERTOS.1.3.1'
2025-08-29 22:08:54,301 [WARN] ThirdPartyIpManager:480 - Condition 'CM0 IAR Condition' not fulfilled in pack 'STMicroelectronics.X-CUBE-FREERTOS.1.3.1'
2025-08-29 22:08:54,301 [WARN] ThirdPartyIpManager:480 - Condition 'CM0 IAR Condition' not fulfilled in pack 'STMicroelectronics.X-CUBE-FREERTOS.1.3.1'
2025-08-29 22:08:54,301 [WARN] ThirdPartyIpManager:480 - Condition 'CM0 IAR Condition' not fulfilled in pack 'STMicroelectronics.X-CUBE-FREERTOS.1.3.1'
2025-08-29 22:08:54,301 [WARN] ThirdPartyIpManager:480 - Condition 'CM0 GNU ARMC6 Condition' not fulfilled in pack 'STMicroelectronics.X-CUBE-FREERTOS.1.3.1'
2025-08-29 22:08:54,302 [WARN] ThirdPartyIpManager:480 - Condition 'CM0 GNU ARMC6 Condition' not fulfilled in pack 'STMicroelectronics.X-CUBE-FREERTOS.1.3.1'
2025-08-29 22:08:54,308 [INFO] CodeGenerator:892 - code generatio: config db path: /home/joakim-wennergren/st/stm32cubeide_1.19.0/plugins/com.st.stm32cube.common.mx_6.15.0.202507011659//db/
2025-08-29 22:08:54,320 [WARN] IP:2250 - DATAEXCHANGEDESRCBYTE_GPDMACH2 not found: check if there is a RefParameter without a condition.
2025-08-29 22:08:54,320 [WARN] IP:2250 - DATAEXCHANGEDESTHALFWORD_GPDMACH2 not found: check if there is a RefParameter without a condition.
2025-08-29 22:08:54,382 [WARN] IP:2250 - SRAM5PowerDownInRunMode not found: check if there is a RefParameter without a condition.
2025-08-29 22:08:54,382 [WARN] IP:2250 - RAM1Page4PowerDownInStopMode not found: check if there is a RefParameter without a condition.
2025-08-29 22:08:54,382 [WARN] IP:2250 - RAM1Page5PowerDownInStopMode not found: check if there is a RefParameter without a condition.
2025-08-29 22:08:54,382 [WARN] IP:2250 - RAM1Page6PowerDownInStopMode not found: check if there is a RefParameter without a condition.
2025-08-29 22:08:54,382 [WARN] IP:2250 - RAM1Page7PowerDownInStopMode not found: check if there is a RefParameter without a condition.
2025-08-29 22:08:54,382 [WARN] IP:2250 - RAM1Page8PowerDownInStopMode not found: check if there is a RefParameter without a condition.
2025-08-29 22:08:54,382 [WARN] IP:2250 - RAM1Page9PowerDownInStopMode not found: check if there is a RefParameter without a condition.
2025-08-29 22:08:54,382 [WARN] IP:2250 - RAM1Page10PowerDownInStopMode not found: check if there is a RefParameter without a condition.
2025-08-29 22:08:54,382 [WARN] IP:2250 - RAM1Page11PowerDownInStopMode not found: check if there is a RefParameter without a condition.
2025-08-29 22:08:54,382 [WARN] IP:2250 - RAM1Page12PowerDownInStopMode not found: check if there is a RefParameter without a condition.
2025-08-29 22:08:54,382 [WARN] IP:2250 - RAM3Page9PowerDownInStopMode not found: check if there is a RefParameter without a condition.
2025-08-29 22:08:54,383 [WARN] IP:2250 - RAM3Page10PowerDownInStopMode not found: check if there is a RefParameter without a condition.
2025-08-29 22:08:54,383 [WARN] IP:2250 - RAM3Page11PowerDownInStopMode not found: check if there is a RefParameter without a condition.
2025-08-29 22:08:54,383 [WARN] IP:2250 - RAM3Page12PowerDownInStopMode not found: check if there is a RefParameter without a condition.
2025-08-29 22:08:54,383 [WARN] IP:2250 - RAM3Page13PowerDownInStopMode not found: check if there is a RefParameter without a condition.
2025-08-29 22:08:54,383 [WARN] IP:2250 - RAM5Page1PowerDownInStopMode not found: check if there is a RefParameter without a condition.
2025-08-29 22:08:54,383 [WARN] IP:2250 - RAM5Page2PowerDownInStopMode not found: check if there is a RefParameter without a condition.
2025-08-29 22:08:54,383 [WARN] IP:2250 - RAM5Page3PowerDownInStopMode not found: check if there is a RefParameter without a condition.
2025-08-29 22:08:54,383 [WARN] IP:2250 - RAM5Page4PowerDownInStopMode not found: check if there is a RefParameter without a condition.
2025-08-29 22:08:54,383 [WARN] IP:2250 - RAM5Page5PowerDownInStopMode not found: check if there is a RefParameter without a condition.
2025-08-29 22:08:54,383 [WARN] IP:2250 - RAM5Page6PowerDownInStopMode not found: check if there is a RefParameter without a condition.
2025-08-29 22:08:54,383 [WARN] IP:2250 - RAM5Page7PowerDownInStopMode not found: check if there is a RefParameter without a condition.
2025-08-29 22:08:54,383 [WARN] IP:2250 - RAM5Page8PowerDownInStopMode not found: check if there is a RefParameter without a condition.
2025-08-29 22:08:54,383 [WARN] IP:2250 - RAM5Page9PowerDownInStopMode not found: check if there is a RefParameter without a condition.
2025-08-29 22:08:54,383 [WARN] IP:2250 - RAM5Page10PowerDownInStopMode not found: check if there is a RefParameter without a condition.
2025-08-29 22:08:54,383 [WARN] IP:2250 - RAM5Page11PowerDownInStopMode not found: check if there is a RefParameter without a condition.
2025-08-29 22:08:54,384 [WARN] IP:2250 - RAM5Page12PowerDownInStopMode not found: check if there is a RefParameter without a condition.
2025-08-29 22:08:54,384 [WARN] IP:2250 - RAM5Page13PowerDownInStopMode not found: check if there is a RefParameter without a condition.
2025-08-29 22:08:54,384 [WARN] IP:2250 - Dcache2PowerDownInStopMode not found: check if there is a RefParameter without a condition.
2025-08-29 22:08:54,384 [WARN] IP:2250 - GRAPHICPRAMPowerDownInStopMode not found: check if there is a RefParameter without a condition.
2025-08-29 22:08:54,384 [WARN] IP:2250 - DSIRAMPowerDownInStopMode not found: check if there is a RefParameter without a condition.
2025-08-29 22:08:54,440 [WARN] IP:2250 - OutPut1 not found: check if there is a RefParameter without a condition.
2025-08-29 22:08:54,440 [WARN] IP:2250 - OutPut2 not found: check if there is a RefParameter without a condition.
2025-08-29 22:08:54,440 [WARN] IP:2250 - OutPut3 not found: check if there is a RefParameter without a condition.
2025-08-29 22:08:54,441 [WARN] IP:2250 - BinMixBcdU not found: check if there is a RefParameter without a condition.
2025-08-29 22:08:54,441 [WARN] IP:2250 - SSRU_Underflow_Interrupt not found: check if there is a RefParameter without a condition.
2025-08-29 22:08:54,441 [WARN] IP:2250 - rtcSecureFull not found: check if there is a RefParameter without a condition.
2025-08-29 22:08:54,441 [WARN] IP:2250 - rtcNonSecureFeatures not found: check if there is a RefParameter without a condition.
2025-08-29 22:08:54,441 [WARN] IP:2250 - RTC_NONSECURE_FEATURE_NONE not found: check if there is a RefParameter without a condition.
2025-08-29 22:08:54,441 [WARN] IP:2250 - RTC_NONSECURE_FEATURE_INIT not found: check if there is a RefParameter without a condition.
2025-08-29 22:08:54,441 [WARN] IP:2250 - RTC_NONSECURE_FEATURE_ALRA not found: check if there is a RefParameter without a condition.
2025-08-29 22:08:54,441 [WARN] IP:2250 - RTC_NONSECURE_FEATURE_ALRB not found: check if there is a RefParameter without a condition.
2025-08-29 22:08:54,441 [WARN] IP:2250 - RTC_NONSECURE_FEATURE_TS not found: check if there is a RefParameter without a condition.
2025-08-29 22:08:54,441 [WARN] IP:2250 - RTC_NONSECURE_FEATURE_CAL not found: check if there is a RefParameter without a condition.
2025-08-29 22:08:54,441 [WARN] IP:2250 - RTC_NONSECURE_FEATURE_WUT not found: check if there is a RefParameter without a condition.
2025-08-29 22:08:54,441 [WARN] IP:2250 - Sec_BKP_Registers1 not found: check if there is a RefParameter without a condition.
2025-08-29 22:08:54,441 [WARN] IP:2250 - backupRegisterStartZone2_gS not found: check if there is a RefParameter without a condition.
2025-08-29 22:08:54,441 [WARN] IP:2250 - backupRegisterStartZone3_gS not found: check if there is a RefParameter without a condition.
2025-08-29 22:08:54,441 [WARN] IP:2250 - rtcPrivilegeFeatures not found: check if there is a RefParameter without a condition.
2025-08-29 22:08:54,442 [WARN] IP:2250 - RTC_PRIVILEGE_FEATURE_INIT not found: check if there is a RefParameter without a condition.
2025-08-29 22:08:54,442 [WARN] IP:2250 - RTC_PRIVILEGE_FEATURE_ALRA not found: check if there is a RefParameter without a condition.
2025-08-29 22:08:54,442 [WARN] IP:2250 - RTC_PRIVILEGE_FEATURE_ALRB not found: check if there is a RefParameter without a condition.
2025-08-29 22:08:54,442 [WARN] IP:2250 - RTC_PRIVILEGE_FEATURE_CAL not found: check if there is a RefParameter without a condition.
2025-08-29 22:08:54,442 [WARN] IP:2250 - RTC_PRIVILEGE_FEATURE_TS not found: check if there is a RefParameter without a condition.
2025-08-29 22:08:54,442 [WARN] IP:2250 - RTC_PRIVILEGE_FEATURE_WUT not found: check if there is a RefParameter without a condition.
2025-08-29 22:08:54,442 [WARN] IP:2250 - SSRU_Underflow_Interrupt not found: check if there is a RefParameter without a condition.
2025-08-29 22:08:54,442 [WARN] IP:2250 - BinMixBcdU not found: check if there is a RefParameter without a condition.
2025-08-29 22:08:54,443 [WARN] IP:2250 - OutPut1 not found: check if there is a RefParameter without a condition.
2025-08-29 22:08:54,443 [WARN] IP:2250 - OutPut2 not found: check if there is a RefParameter without a condition.
2025-08-29 22:08:54,443 [WARN] IP:2250 - OutPut3 not found: check if there is a RefParameter without a condition.
2025-08-29 22:08:54,443 [WARN] IP:2250 - BinMixBcdU not found: check if there is a RefParameter without a condition.
2025-08-29 22:08:54,443 [WARN] IP:2250 - SSRU_Underflow_Interrupt not found: check if there is a RefParameter without a condition.
2025-08-29 22:08:54,444 [WARN] IP:2250 - rtcSecureFull not found: check if there is a RefParameter without a condition.
2025-08-29 22:08:54,444 [WARN] IP:2250 - rtcNonSecureFeatures not found: check if there is a RefParameter without a condition.
2025-08-29 22:08:54,444 [WARN] IP:2250 - RTC_NONSECURE_FEATURE_NONE not found: check if there is a RefParameter without a condition.
2025-08-29 22:08:54,444 [WARN] IP:2250 - RTC_NONSECURE_FEATURE_INIT not found: check if there is a RefParameter without a condition.
2025-08-29 22:08:54,444 [WARN] IP:2250 - RTC_NONSECURE_FEATURE_ALRA not found: check if there is a RefParameter without a condition.
2025-08-29 22:08:54,444 [WARN] IP:2250 - RTC_NONSECURE_FEATURE_ALRB not found: check if there is a RefParameter without a condition.
2025-08-29 22:08:54,444 [WARN] IP:2250 - RTC_NONSECURE_FEATURE_TS not found: check if there is a RefParameter without a condition.
2025-08-29 22:08:54,444 [WARN] IP:2250 - RTC_NONSECURE_FEATURE_CAL not found: check if there is a RefParameter without a condition.
2025-08-29 22:08:54,444 [WARN] IP:2250 - RTC_NONSECURE_FEATURE_WUT not found: check if there is a RefParameter without a condition.
2025-08-29 22:08:54,444 [WARN] IP:2250 - Sec_BKP_Registers1 not found: check if there is a RefParameter without a condition.
2025-08-29 22:08:54,444 [WARN] IP:2250 - backupRegisterStartZone2_gS not found: check if there is a RefParameter without a condition.
2025-08-29 22:08:54,444 [WARN] IP:2250 - backupRegisterStartZone3_gS not found: check if there is a RefParameter without a condition.
2025-08-29 22:08:54,444 [WARN] IP:2250 - rtcPrivilegeFeatures not found: check if there is a RefParameter without a condition.
2025-08-29 22:08:54,445 [WARN] IP:2250 - RTC_PRIVILEGE_FEATURE_INIT not found: check if there is a RefParameter without a condition.
2025-08-29 22:08:54,445 [WARN] IP:2250 - RTC_PRIVILEGE_FEATURE_ALRA not found: check if there is a RefParameter without a condition.
2025-08-29 22:08:54,445 [WARN] IP:2250 - RTC_PRIVILEGE_FEATURE_ALRB not found: check if there is a RefParameter without a condition.
2025-08-29 22:08:54,445 [WARN] IP:2250 - RTC_PRIVILEGE_FEATURE_CAL not found: check if there is a RefParameter without a condition.
2025-08-29 22:08:54,445 [WARN] IP:2250 - RTC_PRIVILEGE_FEATURE_TS not found: check if there is a RefParameter without a condition.
2025-08-29 22:08:54,445 [WARN] IP:2250 - RTC_PRIVILEGE_FEATURE_WUT not found: check if there is a RefParameter without a condition.
2025-08-29 22:08:54,445 [WARN] IP:2250 - BinaryAutoClr_A not found: check if there is a RefParameter without a condition.
2025-08-29 22:08:54,445 [WARN] IP:2250 - FlagAutoClr_A not found: check if there is a RefParameter without a condition.
2025-08-29 22:08:54,586 [INFO] IP:3347 - RTE template : freertos_start.ftl
2025-08-29 22:08:54,601 [INFO] CodeEngine:265 - oldGeneratedFile, /home/joakim-wennergren/Desktop/Smartwatch/Firmware/Bench/MXTmpFiles/license.tmp_save
2025-08-29 22:08:54,868 [INFO] CodeEngine:289 - Generated code: /home/joakim-wennergren/Desktop/Smartwatch/Firmware/Bench/MXTmpFiles/license.tmp
2025-08-29 22:08:55,003 [INFO] CodeEngine:265 - oldGeneratedFile, /home/joakim-wennergren/Desktop/Smartwatch/Firmware/Bench/MXTmpFiles/gpio.tmp_save
2025-08-29 22:08:55,103 [INFO] CodeEngine:289 - Generated code: /home/joakim-wennergren/Desktop/Smartwatch/Firmware/Bench/MXTmpFiles/gpio.tmp
2025-08-29 22:08:55,647 [WARN] IPConfigManager:103 - WARNING: Missing Config File for MEMORYMAP ip!!
2025-08-29 22:08:55,647 [WARN] IP:2250 - DefaultDataRegion not found: check if there is a RefParameter without a condition.
2025-08-29 22:08:55,882 [WARN] IP:2250 - OutPut1 not found: check if there is a RefParameter without a condition.
2025-08-29 22:08:55,882 [WARN] IP:2250 - OutPut2 not found: check if there is a RefParameter without a condition.
2025-08-29 22:08:55,882 [WARN] IP:2250 - OutPut3 not found: check if there is a RefParameter without a condition.
2025-08-29 22:08:55,882 [WARN] IP:2250 - BinMixBcdU not found: check if there is a RefParameter without a condition.
2025-08-29 22:08:55,882 [WARN] IP:2250 - SSRU_Underflow_Interrupt not found: check if there is a RefParameter without a condition.
2025-08-29 22:08:55,882 [WARN] IP:2250 - rtcSecureFull not found: check if there is a RefParameter without a condition.
2025-08-29 22:08:55,883 [WARN] IP:2250 - rtcNonSecureFeatures not found: check if there is a RefParameter without a condition.
2025-08-29 22:08:55,883 [WARN] IP:2250 - RTC_NONSECURE_FEATURE_NONE not found: check if there is a RefParameter without a condition.
2025-08-29 22:08:55,883 [WARN] IP:2250 - RTC_NONSECURE_FEATURE_INIT not found: check if there is a RefParameter without a condition.
2025-08-29 22:08:55,883 [WARN] IP:2250 - RTC_NONSECURE_FEATURE_ALRA not found: check if there is a RefParameter without a condition.
2025-08-29 22:08:55,883 [WARN] IP:2250 - RTC_NONSECURE_FEATURE_ALRB not found: check if there is a RefParameter without a condition.
2025-08-29 22:08:55,883 [WARN] IP:2250 - RTC_NONSECURE_FEATURE_TS not found: check if there is a RefParameter without a condition.
2025-08-29 22:08:55,883 [WARN] IP:2250 - RTC_NONSECURE_FEATURE_CAL not found: check if there is a RefParameter without a condition.
2025-08-29 22:08:55,883 [WARN] IP:2250 - RTC_NONSECURE_FEATURE_WUT not found: check if there is a RefParameter without a condition.
2025-08-29 22:08:55,883 [WARN] IP:2250 - Sec_BKP_Registers1 not found: check if there is a RefParameter without a condition.
2025-08-29 22:08:55,883 [WARN] IP:2250 - backupRegisterStartZone2_gS not found: check if there is a RefParameter without a condition.
2025-08-29 22:08:55,883 [WARN] IP:2250 - backupRegisterStartZone3_gS not found: check if there is a RefParameter without a condition.
2025-08-29 22:08:55,883 [WARN] IP:2250 - rtcPrivilegeFeatures not found: check if there is a RefParameter without a condition.
2025-08-29 22:08:55,883 [WARN] IP:2250 - RTC_PRIVILEGE_FEATURE_INIT not found: check if there is a RefParameter without a condition.
2025-08-29 22:08:55,883 [WARN] IP:2250 - RTC_PRIVILEGE_FEATURE_ALRA not found: check if there is a RefParameter without a condition.
2025-08-29 22:08:55,883 [WARN] IP:2250 - RTC_PRIVILEGE_FEATURE_ALRB not found: check if there is a RefParameter without a condition.
2025-08-29 22:08:55,883 [WARN] IP:2250 - RTC_PRIVILEGE_FEATURE_CAL not found: check if there is a RefParameter without a condition.
2025-08-29 22:08:55,883 [WARN] IP:2250 - RTC_PRIVILEGE_FEATURE_TS not found: check if there is a RefParameter without a condition.
2025-08-29 22:08:55,883 [WARN] IP:2250 - RTC_PRIVILEGE_FEATURE_WUT not found: check if there is a RefParameter without a condition.
2025-08-29 22:08:55,883 [WARN] IP:2250 - SSRU_Underflow_Interrupt not found: check if there is a RefParameter without a condition.
2025-08-29 22:08:55,884 [WARN] IP:2250 - BinMixBcdU not found: check if there is a RefParameter without a condition.
2025-08-29 22:08:56,186 [INFO] Middleware:1452 - No code input for Bsp Dependency
2025-08-29 22:08:56,190 [INFO] CodeEngine:265 - oldGeneratedFile, /home/joakim-wennergren/Desktop/Smartwatch/Firmware/Bench/MXTmpFiles/rtos_obj_creat.tmp_save
2025-08-29 22:08:56,269 [INFO] CodeEngine:289 - Generated code: /home/joakim-wennergren/Desktop/Smartwatch/Firmware/Bench/MXTmpFiles/rtos_obj_creat.tmp
2025-08-29 22:08:56,270 [INFO] CodeEngine:265 - oldGeneratedFile, /home/joakim-wennergren/Desktop/Smartwatch/Firmware/Bench/MXTmpFiles/rtos_typedefs.tmp_save
2025-08-29 22:08:56,344 [INFO] CodeEngine:289 - Generated code: /home/joakim-wennergren/Desktop/Smartwatch/Firmware/Bench/MXTmpFiles/rtos_typedefs.tmp
2025-08-29 22:08:56,345 [INFO] CodeEngine:265 - oldGeneratedFile, /home/joakim-wennergren/Desktop/Smartwatch/Firmware/Bench/MXTmpFiles/rtos_vars.tmp_save
2025-08-29 22:08:56,421 [INFO] CodeEngine:289 - Generated code: /home/joakim-wennergren/Desktop/Smartwatch/Firmware/Bench/MXTmpFiles/rtos_vars.tmp
2025-08-29 22:08:56,423 [INFO] CodeEngine:265 - oldGeneratedFile, /home/joakim-wennergren/Desktop/Smartwatch/Firmware/Bench/MXTmpFiles/rtos_threads.tmp_save
2025-08-29 22:08:56,502 [INFO] CodeEngine:289 - Generated code: /home/joakim-wennergren/Desktop/Smartwatch/Firmware/Bench/MXTmpFiles/rtos_threads.tmp
2025-08-29 22:08:56,504 [INFO] CodeEngine:265 - oldGeneratedFile, /home/joakim-wennergren/Desktop/Smartwatch/Firmware/Bench/MXTmpFiles/rtos_inc.tmp_save
2025-08-29 22:08:56,580 [INFO] CodeEngine:289 - Generated code: /home/joakim-wennergren/Desktop/Smartwatch/Firmware/Bench/MXTmpFiles/rtos_inc.tmp
2025-08-29 22:08:56,582 [INFO] CodeEngine:265 - oldGeneratedFile, /home/joakim-wennergren/Desktop/Smartwatch/Firmware/Bench/MXTmpFiles/rtos_pfp.tmp_save
2025-08-29 22:08:56,656 [INFO] CodeEngine:289 - Generated code: /home/joakim-wennergren/Desktop/Smartwatch/Firmware/Bench/MXTmpFiles/rtos_pfp.tmp
2025-08-29 22:08:56,657 [INFO] CodeEngine:265 - oldGeneratedFile, /home/joakim-wennergren/Desktop/Smartwatch/Firmware/Bench/MXTmpFiles/rtos_kernelInit.tmp_save
2025-08-29 22:08:56,732 [INFO] CodeEngine:289 - Generated code: /home/joakim-wennergren/Desktop/Smartwatch/Firmware/Bench/MXTmpFiles/rtos_kernelInit.tmp
2025-08-29 22:08:56,734 [INFO] CodeEngine:265 - oldGeneratedFile, /home/joakim-wennergren/Desktop/Smartwatch/Firmware/Bench/MXTmpFiles/rtos_kernelStart.tmp_save
2025-08-29 22:08:56,809 [INFO] CodeEngine:289 - Generated code: /home/joakim-wennergren/Desktop/Smartwatch/Firmware/Bench/MXTmpFiles/rtos_kernelStart.tmp
2025-08-29 22:08:56,812 [INFO] Middleware:1452 - No code input for Bsp Dependency
2025-08-29 22:08:56,816 [INFO] CodeEngine:265 - oldGeneratedFile, /home/joakim-wennergren/Desktop/Smartwatch/Firmware/Bench/MXTmpFiles/rtos_obj_creat.tmp_save
2025-08-29 22:08:56,892 [INFO] CodeEngine:289 - Generated code: /home/joakim-wennergren/Desktop/Smartwatch/Firmware/Bench/MXTmpFiles/rtos_obj_creat.tmp
2025-08-29 22:08:56,894 [INFO] CodeEngine:265 - oldGeneratedFile, /home/joakim-wennergren/Desktop/Smartwatch/Firmware/Bench/MXTmpFiles/rtos_typedefs.tmp_save
2025-08-29 22:08:56,974 [INFO] CodeEngine:289 - Generated code: /home/joakim-wennergren/Desktop/Smartwatch/Firmware/Bench/MXTmpFiles/rtos_typedefs.tmp
2025-08-29 22:08:56,976 [INFO] CodeEngine:265 - oldGeneratedFile, /home/joakim-wennergren/Desktop/Smartwatch/Firmware/Bench/MXTmpFiles/rtos_vars.tmp_save
2025-08-29 22:08:57,051 [INFO] CodeEngine:289 - Generated code: /home/joakim-wennergren/Desktop/Smartwatch/Firmware/Bench/MXTmpFiles/rtos_vars.tmp
2025-08-29 22:08:57,054 [INFO] CodeEngine:265 - oldGeneratedFile, /home/joakim-wennergren/Desktop/Smartwatch/Firmware/Bench/MXTmpFiles/rtos_threads.tmp_save
2025-08-29 22:08:57,130 [INFO] CodeEngine:289 - Generated code: /home/joakim-wennergren/Desktop/Smartwatch/Firmware/Bench/MXTmpFiles/rtos_threads.tmp
2025-08-29 22:08:57,132 [INFO] CodeEngine:265 - oldGeneratedFile, /home/joakim-wennergren/Desktop/Smartwatch/Firmware/Bench/MXTmpFiles/rtos_inc.tmp_save
2025-08-29 22:08:57,207 [INFO] CodeEngine:289 - Generated code: /home/joakim-wennergren/Desktop/Smartwatch/Firmware/Bench/MXTmpFiles/rtos_inc.tmp
2025-08-29 22:08:57,209 [INFO] CodeEngine:265 - oldGeneratedFile, /home/joakim-wennergren/Desktop/Smartwatch/Firmware/Bench/MXTmpFiles/rtos_pfp.tmp_save
2025-08-29 22:08:57,284 [INFO] CodeEngine:289 - Generated code: /home/joakim-wennergren/Desktop/Smartwatch/Firmware/Bench/MXTmpFiles/rtos_pfp.tmp
2025-08-29 22:08:57,286 [INFO] CodeEngine:265 - oldGeneratedFile, /home/joakim-wennergren/Desktop/Smartwatch/Firmware/Bench/MXTmpFiles/rtos_kernelInit.tmp_save
2025-08-29 22:08:57,361 [INFO] CodeEngine:289 - Generated code: /home/joakim-wennergren/Desktop/Smartwatch/Firmware/Bench/MXTmpFiles/rtos_kernelInit.tmp
2025-08-29 22:08:57,363 [INFO] CodeEngine:265 - oldGeneratedFile, /home/joakim-wennergren/Desktop/Smartwatch/Firmware/Bench/MXTmpFiles/rtos_kernelStart.tmp_save
2025-08-29 22:08:57,438 [INFO] CodeEngine:289 - Generated code: /home/joakim-wennergren/Desktop/Smartwatch/Firmware/Bench/MXTmpFiles/rtos_kernelStart.tmp
2025-08-29 22:08:57,439 [INFO] CodeEngine:265 - oldGeneratedFile, /home/joakim-wennergren/Desktop/Smartwatch/Firmware/Bench/Core/Inc/FreeRTOSConfig.h_save
2025-08-29 22:08:57,547 [INFO] CodeEngine:289 - Generated code: /home/joakim-wennergren/Desktop/Smartwatch/Firmware/Bench/Core/Inc/FreeRTOSConfig.h
2025-08-29 22:08:57,548 [INFO] CodeEngine:265 - oldGeneratedFile, /home/joakim-wennergren/Desktop/Smartwatch/Firmware/Bench/Core/Src/app_freertos.c_save
2025-08-29 22:08:57,619 [INFO] CodeEngine:289 - Generated code: /home/joakim-wennergren/Desktop/Smartwatch/Firmware/Bench/Core/Src/app_freertos.c
2025-08-29 22:08:57,621 [INFO] CodeEngine:265 - oldGeneratedFile, /home/joakim-wennergren/Desktop/Smartwatch/Firmware/Bench/Core/Inc/app_freertos.h_save
2025-08-29 22:08:57,683 [INFO] CodeEngine:289 - Generated code: /home/joakim-wennergren/Desktop/Smartwatch/Firmware/Bench/Core/Inc/app_freertos.h
2025-08-29 22:08:57,689 [INFO] CodeEngine:265 - oldGeneratedFile, /home/joakim-wennergren/Desktop/Smartwatch/Firmware/Bench/MXTmpFiles/cortex.tmp_save
2025-08-29 22:08:57,752 [INFO] CodeEngine:289 - Generated code: /home/joakim-wennergren/Desktop/Smartwatch/Firmware/Bench/MXTmpFiles/cortex.tmp
2025-08-29 22:08:57,798 [INFO] CodeEngine:265 - oldGeneratedFile, /home/joakim-wennergren/Desktop/Smartwatch/Firmware/Bench/Core/Src/stm32u5xx_it.c_save
2025-08-29 22:08:57,889 [INFO] CodeEngine:289 - Generated code: /home/joakim-wennergren/Desktop/Smartwatch/Firmware/Bench/Core/Src/stm32u5xx_it.c
2025-08-29 22:08:57,890 [INFO] CodeEngine:265 - oldGeneratedFile, /home/joakim-wennergren/Desktop/Smartwatch/Firmware/Bench/Core/Inc/stm32u5xx_it.h_save
2025-08-29 22:08:57,948 [INFO] CodeEngine:289 - Generated code: /home/joakim-wennergren/Desktop/Smartwatch/Firmware/Bench/Core/Inc/stm32u5xx_it.h
2025-08-29 22:08:58,036 [INFO] CodeEngine:265 - oldGeneratedFile, /home/joakim-wennergren/Desktop/Smartwatch/Firmware/Bench/Core/Src/stm32u5xx_hal_msp.c_save
2025-08-29 22:08:58,161 [INFO] CodeEngine:289 - Generated code: /home/joakim-wennergren/Desktop/Smartwatch/Firmware/Bench/Core/Src/stm32u5xx_hal_msp.c
2025-08-29 22:08:58,162 [INFO] CodeEngine:265 - oldGeneratedFile, /home/joakim-wennergren/Desktop/Smartwatch/Firmware/Bench/MXTmpFiles/system.tmp_save
2025-08-29 22:08:58,228 [INFO] CodeEngine:289 - Generated code: /home/joakim-wennergren/Desktop/Smartwatch/Firmware/Bench/MXTmpFiles/system.tmp
2025-08-29 22:08:58,230 [INFO] CodeEngine:265 - oldGeneratedFile, /home/joakim-wennergren/Desktop/Smartwatch/Firmware/Bench/Core/Src/stm32u5xx_hal_timebase_tim.c_save
2025-08-29 22:08:58,303 [INFO] CodeEngine:289 - Generated code: /home/joakim-wennergren/Desktop/Smartwatch/Firmware/Bench/Core/Src/stm32u5xx_hal_timebase_tim.c
2025-08-29 22:08:58,311 [INFO] CodeEngine:321 - oldGeneratedFile, /home/joakim-wennergren/Desktop/Smartwatch/Firmware/Bench/Core/Inc/stm32u5xx_hal_conf.h_save
2025-08-29 22:08:58,382 [INFO] CodeEngine:345 - Generated code: /home/joakim-wennergren/Desktop/Smartwatch/Firmware/Bench/Core/Inc/stm32u5xx_hal_conf.h
2025-08-29 22:08:58,449 [INFO] ApiDbMcu:532 - Load IP Config File for GPDMA1
2025-08-29 22:08:58,452 [INFO] ApiDbMcu:532 - Load IP Config File for I2C1
2025-08-29 22:08:58,453 [INFO] ApiDbMcu:532 - Load IP Config File for ICACHE
2025-08-29 22:08:58,455 [INFO] ApiDbMcu:532 - Load IP Config File for OCTOSPI1
2025-08-29 22:08:58,468 [INFO] ApiDbMcu:532 - Load IP Config File for RTC
2025-08-29 22:08:58,478 [INFO] ApiDbMcu:532 - Load IP Config File for UART4
2025-08-29 22:08:58,482 [INFO] ApiDbMcu:532 - Load IP Config File for RCC
2025-08-29 22:08:58,491 [INFO] CodeEngine:265 - oldGeneratedFile, /home/joakim-wennergren/Desktop/Smartwatch/Firmware/Bench/Core/Inc/main.h_save
2025-08-29 22:08:58,569 [INFO] CodeEngine:289 - Generated code: /home/joakim-wennergren/Desktop/Smartwatch/Firmware/Bench/Core/Inc/main.h
2025-08-29 22:08:58,571 [INFO] CodeEngine:265 - oldGeneratedFile, /home/joakim-wennergren/Desktop/Smartwatch/Firmware/Bench/Core/Src/main.c_save
2025-08-29 22:08:58,733 [INFO] CodeEngine:289 - Generated code: /home/joakim-wennergren/Desktop/Smartwatch/Firmware/Bench/Core/Src/main.c
2025-08-29 22:08:58,948 [INFO] ProjectBuilder:3606 - Time for Copy HAL[1] : 34mS.
2025-08-29 22:08:58,949 [ERROR] Middleware:2950 - Invalid RefComponent list
2025-08-29 22:08:58,949 [ERROR] Middleware:2950 - Invalid RefComponent list
2025-08-29 22:08:58,949 [ERROR] Middleware:2950 - Invalid RefComponent list
2025-08-29 22:08:58,949 [ERROR] Middleware:2950 - Invalid RefComponent list
2025-08-29 22:08:58,949 [ERROR] Middleware:2950 - Invalid RefComponent list
2025-08-29 22:08:58,949 [ERROR] Middleware:2950 - Invalid RefComponent list
2025-08-29 22:08:58,949 [ERROR] Middleware:2950 - Invalid RefComponent list
2025-08-29 22:08:58,949 [ERROR] Middleware:2950 - Invalid RefComponent list
2025-08-29 22:08:58,949 [ERROR] Middleware:2950 - Invalid RefComponent list
2025-08-29 22:08:58,949 [ERROR] Middleware:2950 - Invalid RefComponent list
2025-08-29 22:08:58,949 [ERROR] Middleware:2950 - Invalid RefComponent list
2025-08-29 22:08:58,949 [ERROR] Middleware:2950 - Invalid RefComponent list
2025-08-29 22:08:58,949 [ERROR] Middleware:2950 - Invalid RefComponent list
2025-08-29 22:08:58,949 [ERROR] Middleware:2950 - Invalid RefComponent list
2025-08-29 22:08:58,950 [ERROR] Middleware:2950 - Invalid RefComponent list
2025-08-29 22:08:58,950 [ERROR] Middleware:2950 - Invalid RefComponent list
2025-08-29 22:08:58,950 [ERROR] Middleware:2950 - Invalid RefComponent list
2025-08-29 22:08:58,950 [ERROR] Middleware:2950 - Invalid RefComponent list
2025-08-29 22:08:58,950 [ERROR] Middleware:2950 - Invalid RefComponent list
2025-08-29 22:08:58,950 [ERROR] Middleware:2950 - Invalid RefComponent list
2025-08-29 22:08:58,950 [ERROR] Middleware:2950 - Invalid RefComponent list
2025-08-29 22:08:58,950 [ERROR] Middleware:2950 - Invalid RefComponent list
2025-08-29 22:08:58,950 [ERROR] Middleware:2950 - Invalid RefComponent list
2025-08-29 22:08:58,950 [ERROR] Middleware:2950 - Invalid RefComponent list
2025-08-29 22:08:58,950 [ERROR] Middleware:2950 - Invalid RefComponent list
2025-08-29 22:08:58,950 [ERROR] Middleware:2950 - Invalid RefComponent list
2025-08-29 22:08:58,950 [ERROR] Middleware:2950 - Invalid RefComponent list
2025-08-29 22:08:58,950 [ERROR] Middleware:2950 - Invalid RefComponent list
2025-08-29 22:08:58,950 [ERROR] Middleware:2950 - Invalid RefComponent list
2025-08-29 22:08:58,950 [ERROR] Middleware:2950 - Invalid RefComponent list
2025-08-29 22:08:58,950 [ERROR] Middleware:2950 - Invalid RefComponent list
2025-08-29 22:08:58,950 [ERROR] Middleware:2950 - Invalid RefComponent list
2025-08-29 22:08:58,950 [ERROR] Middleware:2950 - Invalid RefComponent list
2025-08-29 22:08:58,950 [ERROR] Middleware:2950 - Invalid RefComponent list
2025-08-29 22:08:58,950 [ERROR] Middleware:2950 - Invalid RefComponent list
2025-08-29 22:08:58,950 [ERROR] Middleware:2950 - Invalid RefComponent list
2025-08-29 22:08:58,950 [ERROR] Middleware:2950 - Invalid RefComponent list
2025-08-29 22:08:58,950 [ERROR] Middleware:2950 - Invalid RefComponent list
2025-08-29 22:08:58,950 [ERROR] Middleware:2950 - Invalid RefComponent list
2025-08-29 22:08:58,950 [ERROR] Middleware:2950 - Invalid RefComponent list
2025-08-29 22:08:58,950 [ERROR] Middleware:2950 - Invalid RefComponent list
2025-08-29 22:08:58,950 [ERROR] Middleware:2950 - Invalid RefComponent list
2025-08-29 22:08:58,951 [ERROR] Middleware:2950 - Invalid RefComponent list
2025-08-29 22:08:58,951 [ERROR] Middleware:2950 - Invalid RefComponent list
2025-08-29 22:08:58,951 [ERROR] Middleware:2950 - Invalid RefComponent list
2025-08-29 22:08:58,951 [ERROR] Middleware:2950 - Invalid RefComponent list
2025-08-29 22:08:58,951 [ERROR] Middleware:2950 - Invalid RefComponent list
2025-08-29 22:08:58,951 [ERROR] Middleware:2950 - Invalid RefComponent list
2025-08-29 22:08:58,951 [ERROR] Middleware:2950 - Invalid RefComponent list
2025-08-29 22:08:58,951 [ERROR] Middleware:2950 - Invalid RefComponent list
2025-08-29 22:08:58,951 [ERROR] Middleware:2950 - Invalid RefComponent list
2025-08-29 22:08:58,951 [ERROR] Middleware:2950 - Invalid RefComponent list
2025-08-29 22:08:58,951 [ERROR] Middleware:2950 - Invalid RefComponent list
2025-08-29 22:08:58,951 [ERROR] Middleware:2950 - Invalid RefComponent list
2025-08-29 22:08:58,951 [ERROR] Middleware:2950 - Invalid RefComponent list
2025-08-29 22:08:58,951 [ERROR] Middleware:2950 - Invalid RefComponent list
2025-08-29 22:08:58,951 [ERROR] Middleware:2950 - Invalid RefComponent list
2025-08-29 22:08:58,951 [ERROR] Middleware:2950 - Invalid RefComponent list
2025-08-29 22:08:58,951 [ERROR] Middleware:2950 - Invalid RefComponent list
2025-08-29 22:08:58,951 [ERROR] Middleware:2950 - Invalid RefComponent list
2025-08-29 22:08:58,951 [ERROR] Middleware:2950 - Invalid RefComponent list
2025-08-29 22:08:58,951 [ERROR] Middleware:2950 - Invalid RefComponent list
2025-08-29 22:08:58,951 [ERROR] Middleware:2950 - Invalid RefComponent list
2025-08-29 22:08:58,951 [ERROR] Middleware:2950 - Invalid RefComponent list
2025-08-29 22:08:58,951 [ERROR] Middleware:2950 - Invalid RefComponent list
2025-08-29 22:08:58,951 [ERROR] Middleware:2950 - Invalid RefComponent list
2025-08-29 22:08:58,951 [ERROR] Middleware:2950 - Invalid RefComponent list
2025-08-29 22:08:58,952 [ERROR] Middleware:2950 - Invalid RefComponent list
2025-08-29 22:08:58,952 [ERROR] Middleware:2950 - Invalid RefComponent list
2025-08-29 22:08:58,952 [ERROR] Middleware:2950 - Invalid RefComponent list
2025-08-29 22:08:58,952 [ERROR] Middleware:2950 - Invalid RefComponent list
2025-08-29 22:08:58,952 [ERROR] Middleware:2950 - Invalid RefComponent list
2025-08-29 22:08:58,952 [ERROR] Middleware:2950 - Invalid RefComponent list
2025-08-29 22:08:58,952 [ERROR] Middleware:2950 - Invalid RefComponent list
2025-08-29 22:08:58,952 [ERROR] Middleware:2950 - Invalid RefComponent list
2025-08-29 22:08:58,952 [ERROR] Middleware:2950 - Invalid RefComponent list
2025-08-29 22:08:58,952 [ERROR] Middleware:2950 - Invalid RefComponent list
2025-08-29 22:08:58,952 [ERROR] Middleware:2950 - Invalid RefComponent list
2025-08-29 22:08:58,952 [ERROR] Middleware:2950 - Invalid RefComponent list
2025-08-29 22:08:58,952 [ERROR] Middleware:2950 - Invalid RefComponent list
2025-08-29 22:08:58,952 [ERROR] Middleware:2950 - Invalid RefComponent list
2025-08-29 22:08:58,952 [ERROR] Middleware:2950 - Invalid RefComponent list
2025-08-29 22:08:58,952 [ERROR] Middleware:2950 - Invalid RefComponent list
2025-08-29 22:08:58,952 [ERROR] Middleware:2950 - Invalid RefComponent list
2025-08-29 22:08:58,952 [ERROR] Middleware:2950 - Invalid RefComponent list
2025-08-29 22:08:58,952 [ERROR] Middleware:2950 - Invalid RefComponent list
2025-08-29 22:08:58,953 [ERROR] Middleware:2950 - Invalid RefComponent list
2025-08-29 22:08:58,953 [ERROR] Middleware:2950 - Invalid RefComponent list
2025-08-29 22:08:58,953 [ERROR] Middleware:2950 - Invalid RefComponent list
2025-08-29 22:08:58,953 [ERROR] Middleware:2950 - Invalid RefComponent list
2025-08-29 22:08:58,953 [ERROR] Middleware:2950 - Invalid RefComponent list
2025-08-29 22:08:58,953 [ERROR] Middleware:2950 - Invalid RefComponent list
2025-08-29 22:08:58,953 [ERROR] Middleware:2950 - Invalid RefComponent list
2025-08-29 22:08:58,953 [ERROR] Middleware:2950 - Invalid RefComponent list
2025-08-29 22:08:58,953 [ERROR] Middleware:2950 - Invalid RefComponent list
2025-08-29 22:08:58,953 [ERROR] Middleware:2950 - Invalid RefComponent list
2025-08-29 22:08:58,953 [ERROR] Middleware:2950 - Invalid RefComponent list
2025-08-29 22:08:58,953 [ERROR] Middleware:2950 - Invalid RefComponent list
2025-08-29 22:08:58,953 [ERROR] Middleware:2950 - Invalid RefComponent list
2025-08-29 22:08:58,953 [ERROR] Middleware:2950 - Invalid RefComponent list
2025-08-29 22:08:58,953 [ERROR] Middleware:2950 - Invalid RefComponent list
2025-08-29 22:08:58,953 [ERROR] Middleware:2950 - Invalid RefComponent list
2025-08-29 22:08:58,953 [ERROR] Middleware:2950 - Invalid RefComponent list
2025-08-29 22:08:58,953 [ERROR] Middleware:2950 - Invalid RefComponent list
2025-08-29 22:08:58,953 [ERROR] Middleware:2950 - Invalid RefComponent list
2025-08-29 22:08:58,953 [ERROR] Middleware:2950 - Invalid RefComponent list
2025-08-29 22:08:58,953 [ERROR] Middleware:2950 - Invalid RefComponent list
2025-08-29 22:08:58,953 [ERROR] Middleware:2950 - Invalid RefComponent list
2025-08-29 22:08:58,953 [ERROR] Middleware:2950 - Invalid RefComponent list
2025-08-29 22:08:58,953 [ERROR] Middleware:2950 - Invalid RefComponent list
2025-08-29 22:08:58,953 [ERROR] Middleware:2950 - Invalid RefComponent list
2025-08-29 22:08:58,953 [ERROR] Middleware:2950 - Invalid RefComponent list
2025-08-29 22:08:58,953 [ERROR] Middleware:2950 - Invalid RefComponent list
2025-08-29 22:08:58,954 [ERROR] Middleware:2950 - Invalid RefComponent list
2025-08-29 22:08:58,954 [ERROR] Middleware:2950 - Invalid RefComponent list
2025-08-29 22:08:58,954 [ERROR] Middleware:2950 - Invalid RefComponent list
2025-08-29 22:08:58,954 [ERROR] Middleware:2950 - Invalid RefComponent list
2025-08-29 22:08:58,954 [ERROR] Middleware:2950 - Invalid RefComponent list
2025-08-29 22:08:58,954 [ERROR] Middleware:2950 - Invalid RefComponent list
2025-08-29 22:08:58,954 [ERROR] Middleware:2950 - Invalid RefComponent list
2025-08-29 22:08:58,954 [ERROR] Middleware:2950 - Invalid RefComponent list
2025-08-29 22:08:58,954 [ERROR] Middleware:2950 - Invalid RefComponent list
2025-08-29 22:08:58,954 [ERROR] Middleware:2950 - Invalid RefComponent list
2025-08-29 22:08:58,954 [ERROR] Middleware:2950 - Invalid RefComponent list
2025-08-29 22:08:58,954 [ERROR] Middleware:2950 - Invalid RefComponent list
2025-08-29 22:08:58,954 [ERROR] Middleware:2950 - Invalid RefComponent list
2025-08-29 22:08:58,954 [ERROR] Middleware:2950 - Invalid RefComponent list
2025-08-29 22:08:58,954 [ERROR] Middleware:2950 - Invalid RefComponent list
2025-08-29 22:08:58,954 [ERROR] Middleware:2950 - Invalid RefComponent list
2025-08-29 22:08:58,954 [ERROR] Middleware:2950 - Invalid RefComponent list
2025-08-29 22:08:58,954 [ERROR] Middleware:2950 - Invalid RefComponent list
2025-08-29 22:08:58,954 [ERROR] Middleware:2950 - Invalid RefComponent list
2025-08-29 22:08:58,954 [ERROR] Middleware:2950 - Invalid RefComponent list
2025-08-29 22:08:58,954 [ERROR] Middleware:2950 - Invalid RefComponent list
2025-08-29 22:08:58,954 [ERROR] Middleware:2950 - Invalid RefComponent list
2025-08-29 22:08:58,954 [ERROR] Middleware:2950 - Invalid RefComponent list
2025-08-29 22:08:58,954 [ERROR] Middleware:2950 - Invalid RefComponent list
2025-08-29 22:08:58,954 [ERROR] Middleware:2950 - Invalid RefComponent list
2025-08-29 22:08:58,954 [ERROR] Middleware:2950 - Invalid RefComponent list
2025-08-29 22:08:58,954 [ERROR] Middleware:2950 - Invalid RefComponent list
2025-08-29 22:08:58,954 [ERROR] Middleware:2950 - Invalid RefComponent list
2025-08-29 22:08:58,955 [ERROR] Middleware:2950 - Invalid RefComponent list
2025-08-29 22:08:58,955 [ERROR] Middleware:2950 - Invalid RefComponent list
2025-08-29 22:08:58,955 [ERROR] Middleware:2950 - Invalid RefComponent list
2025-08-29 22:08:58,955 [ERROR] Middleware:2950 - Invalid RefComponent list
2025-08-29 22:08:58,955 [ERROR] Middleware:2950 - Invalid RefComponent list
2025-08-29 22:08:58,955 [ERROR] Middleware:2950 - Invalid RefComponent list
2025-08-29 22:08:58,955 [ERROR] Middleware:2950 - Invalid RefComponent list
2025-08-29 22:08:58,955 [ERROR] Middleware:2950 - Invalid RefComponent list
2025-08-29 22:08:58,955 [ERROR] Middleware:2950 - Invalid RefComponent list
2025-08-29 22:08:58,955 [ERROR] Middleware:2950 - Invalid RefComponent list
2025-08-29 22:08:58,955 [ERROR] Middleware:2950 - Invalid RefComponent list
2025-08-29 22:08:58,955 [ERROR] Middleware:2950 - Invalid RefComponent list
2025-08-29 22:08:58,955 [ERROR] Middleware:2950 - Invalid RefComponent list
2025-08-29 22:08:58,955 [ERROR] Middleware:2950 - Invalid RefComponent list
2025-08-29 22:08:58,955 [ERROR] Middleware:2950 - Invalid RefComponent list
2025-08-29 22:08:58,955 [ERROR] Middleware:2950 - Invalid RefComponent list
2025-08-29 22:08:58,955 [ERROR] Middleware:2950 - Invalid RefComponent list
2025-08-29 22:08:58,955 [ERROR] Middleware:2950 - Invalid RefComponent list
2025-08-29 22:08:58,955 [ERROR] Middleware:2950 - Invalid RefComponent list
2025-08-29 22:08:58,955 [ERROR] Middleware:2950 - Invalid RefComponent list
2025-08-29 22:08:58,955 [ERROR] Middleware:2950 - Invalid RefComponent list
2025-08-29 22:08:58,955 [ERROR] Middleware:2950 - Invalid RefComponent list
2025-08-29 22:08:58,955 [ERROR] Middleware:2950 - Invalid RefComponent list
2025-08-29 22:08:58,956 [WARN] ThirdPartyIpManager:480 - Condition 'CM33 IAR Condition' not fulfilled in pack 'STMicroelectronics.X-CUBE-FREERTOS.1.3.1'
2025-08-29 22:08:58,956 [WARN] ThirdPartyIpManager:480 - Condition 'CM33 IAR Condition' not fulfilled in pack 'STMicroelectronics.X-CUBE-FREERTOS.1.3.1'
2025-08-29 22:08:58,956 [WARN] ThirdPartyIpManager:480 - Condition 'CM33 IAR Condition' not fulfilled in pack 'STMicroelectronics.X-CUBE-FREERTOS.1.3.1'
2025-08-29 22:08:58,956 [WARN] ThirdPartyIpManager:480 - Condition 'CM0 IAR Condition' not fulfilled in pack 'STMicroelectronics.X-CUBE-FREERTOS.1.3.1'
2025-08-29 22:08:58,956 [WARN] ThirdPartyIpManager:480 - Condition 'CM0 IAR Condition' not fulfilled in pack 'STMicroelectronics.X-CUBE-FREERTOS.1.3.1'
2025-08-29 22:08:58,956 [WARN] ThirdPartyIpManager:480 - Condition 'CM0 IAR Condition' not fulfilled in pack 'STMicroelectronics.X-CUBE-FREERTOS.1.3.1'
2025-08-29 22:08:58,956 [WARN] ThirdPartyIpManager:480 - Condition 'CM0 GNU ARMC6 Condition' not fulfilled in pack 'STMicroelectronics.X-CUBE-FREERTOS.1.3.1'
2025-08-29 22:08:58,956 [WARN] ThirdPartyIpManager:480 - Condition 'CM0 GNU ARMC6 Condition' not fulfilled in pack 'STMicroelectronics.X-CUBE-FREERTOS.1.3.1'
2025-08-29 22:08:58,974 [INFO] ProjectBuilder:9437 - Time for Copy ThirdParty[1] : 15mS.
2025-08-29 22:08:58,978 [INFO] ProjectBuilder:5216 - Project Generator version: 4.7.0-B52
2025-08-29 22:08:59,048 [INFO] ConfigFileManager:1595 - The Die is : DIE482
2025-08-29 22:08:59,051 [INFO] ApiDbMcu:532 - Load IP Config File for FILEX
2025-08-29 22:08:59,055 [INFO] ApiDbMcu:532 - Load IP Config File for LEVELX
2025-08-29 22:08:59,060 [INFO] ApiDbMcu:532 - Load IP Config File for NETXDUO
2025-08-29 22:08:59,063 [INFO] ApiDbMcu:532 - Load IP Config File for THREADX
2025-08-29 22:08:59,071 [INFO] ApiDbMcu:532 - Load IP Config File for TOUCHSENSING
2025-08-29 22:08:59,075 [INFO] ApiDbMcu:532 - Load IP Config File for USBPD
2025-08-29 22:08:59,082 [INFO] ApiDbMcu:532 - Load IP Config File for USBX
2025-08-29 22:08:59,369 [INFO] LogOutputStream:77 - [STDOUT_REDIRECT] 
2025-08-29 22:09:00,595 [INFO] ProjectBuilder:5496 - Time for Generating toolchain IDE Files: 1616mS.
2025-08-29 22:09:00,595 [INFO] ProjectBuilder:3463 - Time for Copy CMSIS : 0mS.
2025-08-29 22:09:00,596 [INFO] ProjectBuilder:3463 - Time for Copy CMSIS : 0mS.
2025-08-29 22:09:59,971 [INFO] MainUpdater:2872 - connection check result : 10
2025-08-29 22:09:59,971 [INFO] MainUpdater:2872 - connection check result : 10
2025-08-29 22:10:00,013 [INFO] I2cTimingTraitement:330 - 0x00000E14
2025-08-29 22:10:00,018 [INFO] MicroXplorer:468 - Change Database Path : 
2025-08-29 22:10:00,018 [INFO] MicroXplorer:498 - Change Database Version : DB.6.0.150
2025-08-29 22:10:00,028 [ERROR] ProjectManagerView:395 - 
java.lang.NullPointerException: Cannot invoke "javax.swing.JTextField.getText()" because the return value of "java.util.List.get(int)" is null
	at com.st.microxplorer.plugins.projectmanager.gui.ProjectChoiceTab$9.caretUpdate(ProjectChoiceTab.java:2706) ~[filemanager.jar:?]
	at javax.swing.text.JTextComponent.fireCaretUpdate(JTextComponent.java:408) ~[?:?]
	at javax.swing.text.JTextComponent$MutableCaretEvent.fire(JTextComponent.java:4484) ~[?:?]
	at javax.swing.text.JTextComponent$MutableCaretEvent.stateChanged(JTextComponent.java:4506) ~[?:?]
	at javax.swing.text.DefaultCaret.fireStateChanged(DefaultCaret.java:857) ~[?:?]
	at javax.swing.text.DefaultCaret.changeCaretPosition(DefaultCaret.java:1343) ~[?:?]
	at javax.swing.text.DefaultCaret.handleSetDot(DefaultCaret.java:1242) ~[?:?]
	at javax.swing.text.DefaultCaret.setDot(DefaultCaret.java:1223) ~[?:?]
	at javax.swing.text.DefaultCaret$Handler.insertUpdate(DefaultCaret.java:1819) ~[?:?]
	at javax.swing.text.AbstractDocument.fireInsertUpdate(AbstractDocument.java:227) ~[?:?]
	at javax.swing.text.AbstractDocument.handleInsertString(AbstractDocument.java:781) ~[?:?]
	at javax.swing.text.AbstractDocument.insertString(AbstractDocument.java:740) ~[?:?]
	at javax.swing.text.PlainDocument.insertString(PlainDocument.java:131) ~[?:?]
	at javax.swing.text.AbstractDocument.replace(AbstractDocument.java:699) ~[?:?]
	at javax.swing.text.JTextComponent.setText(JTextComponent.java:1725) ~[?:?]
	at com.st.microxplorer.plugins.projectmanager.gui.ProjectChoiceTab.createHeapStackFields(ProjectChoiceTab.java:993) ~[filemanager.jar:?]
	at com.st.microxplorer.plugins.projectmanager.gui.ProjectChoiceTab.buildLinkSettingsPanel(ProjectChoiceTab.java:3813) ~[filemanager.jar:?]
	at com.st.microxplorer.plugins.projectmanager.gui.ProjectChoiceTab.defineWindowsFields(ProjectChoiceTab.java:1987) ~[filemanager.jar:?]
	at com.st.microxplorer.plugins.projectmanager.gui.ProjectChoiceTab.updateSettings(ProjectChoiceTab.java:558) ~[filemanager.jar:?]
	at com.st.microxplorer.plugins.projectmanager.gui.ProjectSettingsPanel.UpdateDialog(ProjectSettingsPanel.java:247) ~[filemanager.jar:?]
	at com.st.microxplorer.plugins.projectmanager.ProjectManagerView.propertyChange(ProjectManagerView.java:392) ~[filemanager.jar:?]
	at java.beans.PropertyChangeSupport.fire(PropertyChangeSupport.java:343) ~[?:?]
	at java.beans.PropertyChangeSupport.firePropertyChange(PropertyChangeSupport.java:335) ~[?:?]
	at java.beans.PropertyChangeSupport.firePropertyChange(PropertyChangeSupport.java:268) ~[?:?]
	at com.st.microxplorer.util.MXPropertyChangeSupport.firePropertyChange(MXPropertyChangeSupport.java:54) ~[STM32CubeMX.jar:?]
	at com.st.microxplorer.mxsystem.MxSystem.closeConfig(MxSystem.java:899) ~[STM32CubeMX.jar:?]
	at com.st.microxplorer.maingui.MainPanel.closeConfig(MainPanel.java:792) ~[STM32CubeMX.jar:?]
	at com.st.microxplorer.plugins.filemanager.engine.OpenFileManager.loadConfigurationFile(OpenFileManager.java:288) ~[filemanager.jar:?]
	at com.st.microxplorer.plugins.filemanager.engine.MainFileManager.userLoadConfig(MainFileManager.java:364) ~[filemanager.jar:?]
	at com.st.microxplorer.plugins.filemanager.engine.MainFileManager.userLoadConfig(MainFileManager.java:342) ~[filemanager.jar:?]
	at com.st.microxplorer.plugins.filemanager.FileManagerView.getSpecificTask(FileManagerView.java:264) ~[filemanager.jar:?]
	at com.st.stm32cube.common.mx.editor.CubeMxEditor.getMxTabbedPaneInstance(CubeMxEditor.java:1198) ~[com.st.stm32cube.common.mx_6.15.0.202507011659/:?]
	at com.st.stm32cube.common.mx.editor.CubeMxEditor$12$1.createSwingComponent(CubeMxEditor.java:1068) ~[com.st.stm32cube.common.mx_6.15.0.202507011659/:?]
	at com.st.stm32cube.common.mx.oss.core.awtswtbridge.EmbeddedSwingComposite.doComponentCreation(EmbeddedSwingComposite.java:492) ~[com.st.stm32cube.common.mx.oss_6.15.0.202507011659/:?]
	at com.st.stm32cube.common.mx.oss.core.awtswtbridge.EmbeddedSwingComposite$4.run(EmbeddedSwingComposite.java:291) ~[com.st.stm32cube.common.mx.oss_6.15.0.202507011659/:?]
	at com.st.stm32cube.common.mx.oss.core.awtswtbridge.AwtEnvironment$2.run(AwtEnvironment.java:166) ~[com.st.stm32cube.common.mx.oss_6.15.0.202507011659/:?]
	at java.awt.event.InvocationEvent.dispatch(InvocationEvent.java:318) ~[?:?]
	at java.awt.EventQueue.dispatchEventImpl(EventQueue.java:773) ~[?:?]
	at java.awt.EventQueue$4.run(EventQueue.java:720) ~[?:?]
	at java.awt.EventQueue$4.run(EventQueue.java:714) ~[?:?]
	at java.security.AccessController.doPrivileged(AccessController.java:400) ~[?:?]
	at java.security.ProtectionDomain$JavaSecurityAccessImpl.doIntersectionPrivilege(ProtectionDomain.java:87) ~[?:?]
	at java.awt.EventQueue.dispatchEvent(EventQueue.java:742) ~[?:?]
	at java.awt.EventDispatchThread.pumpOneEventForFilters(EventDispatchThread.java:203) ~[?:?]
	at java.awt.EventDispatchThread.pumpEventsForFilter(EventDispatchThread.java:124) ~[?:?]
	at java.awt.EventDispatchThread.pumpEventsForHierarchy(EventDispatchThread.java:113) ~[?:?]
	at java.awt.EventDispatchThread.pumpEvents(EventDispatchThread.java:109) ~[?:?]
	at java.awt.EventDispatchThread.pumpEvents(EventDispatchThread.java:101) ~[?:?]
	at java.awt.EventDispatchThread.run(EventDispatchThread.java:90) ~[?:?]
2025-08-29 22:10:00,035 [WARN] ThirdParty:871 - waiting for thirdparty lock release [close project]
2025-08-29 22:10:00,035 [INFO] ThirdParty:873 - entering critical section [close project]
2025-08-29 22:10:00,038 [INFO] ThirdParty:883 - exiting critical section [close project]
2025-08-29 22:10:00,040 [INFO] PinOutPanel:1589 - setPackage(No Configuration,No Configuration)
2025-08-29 22:10:00,051 [INFO] UtilMem:75 - Begin LoadConfig() Used Memory: 729627848 Bytes (1073741824)
2025-08-29 22:10:00,051 [INFO] MicroXplorer:468 - Change Database Path : 
2025-08-29 22:10:00,051 [INFO] MicroXplorer:498 - Change Database Version : DB.6.0.150
2025-08-29 22:10:00,051 [INFO] OpenFileManager:355 - Change cursor
2025-08-29 22:10:00,065 [INFO] RulesReader:64 - Compatibility file has been processed (317 Rules)
2025-08-29 22:10:00,073 [INFO] Mcu:2029 - Initializing MCU STM32U575ZITxQ STM32U575ZITxQ STM32U575ZIT6Q
2025-08-29 22:10:02,748 [INFO] Context:786 - Trying to add GPIOservice into a context  which must be forbidden
2025-08-29 22:10:02,748 [INFO] Context:786 - Trying to add GPIOservice into a context  which must be forbidden
2025-08-29 22:10:04,490 [INFO] ApiDbMcu:532 - Load IP Config File for STMicroelectronics.X-CUBE-FREERTOS.1.3.1
2025-08-29 22:10:04,580 [INFO] ApiDbMcu:532 - Load IP Config File for NUCLEO-U575ZI-Q
2025-08-29 22:10:04,691 [INFO] ImportTextPane:234 - (OptionalMessage_ERROR) Pin35 (VP_RIF_VS_RIF1) cannot be retrieved for this MCU
2025-08-29 22:10:04,754 [WARN] ModelIntegratedComponent:63 - No mode defined for component null
2025-08-29 22:10:04,754 [WARN] ModelIntegratedComponent:63 - No mode defined for component null
2025-08-29 22:10:04,754 [WARN] ModelIntegratedComponent:63 - No mode defined for component null
2025-08-29 22:10:04,754 [WARN] ModelIntegratedComponent:63 - No mode defined for component null
2025-08-29 22:10:04,754 [WARN] ModelIntegratedComponent:63 - No mode defined for component null
2025-08-29 22:10:04,754 [WARN] ModelIntegratedComponent:63 - No mode defined for component null
2025-08-29 22:10:04,754 [WARN] ModelIntegratedComponent:63 - No mode defined for component null
2025-08-29 22:10:04,754 [WARN] ModelIntegratedComponent:63 - No mode defined for component null
2025-08-29 22:10:04,754 [WARN] ModelIntegratedComponent:63 - No mode defined for component null
2025-08-29 22:10:04,754 [WARN] ModelIntegratedComponent:63 - No mode defined for component null
2025-08-29 22:10:04,754 [WARN] ModelIntegratedComponent:63 - No mode defined for component null
2025-08-29 22:10:04,754 [WARN] ModelIntegratedComponent:63 - No mode defined for component null
2025-08-29 22:10:04,754 [WARN] ModelIntegratedComponent:63 - No mode defined for component null
2025-08-29 22:10:04,754 [WARN] ModelIntegratedComponent:63 - No mode defined for component null
2025-08-29 22:10:04,754 [WARN] ModelIntegratedComponent:63 - No mode defined for component null
2025-08-29 22:10:04,754 [WARN] ModelIntegratedComponent:63 - No mode defined for component null
2025-08-29 22:10:04,754 [WARN] ModelIntegratedComponent:63 - No mode defined for component null
2025-08-29 22:10:04,754 [WARN] ModelIntegratedComponent:63 - No mode defined for component null
2025-08-29 22:10:04,754 [WARN] ModelIntegratedComponent:63 - No mode defined for component null
2025-08-29 22:10:04,754 [WARN] ModelIntegratedComponent:63 - No mode defined for component null
2025-08-29 22:10:04,754 [WARN] ModelIntegratedComponent:63 - No mode defined for component null
2025-08-29 22:10:04,754 [WARN] ModelIntegratedComponent:63 - No mode defined for component null
2025-08-29 22:10:04,754 [WARN] ModelIntegratedComponent:63 - No mode defined for component null
2025-08-29 22:10:04,754 [WARN] ModelIntegratedComponent:63 - No mode defined for component null
2025-08-29 22:10:04,754 [WARN] ModelIntegratedComponent:63 - No mode defined for component null
2025-08-29 22:10:04,754 [WARN] ModelIntegratedComponent:63 - No mode defined for component null
2025-08-29 22:10:04,755 [WARN] ModelIntegratedComponent:63 - No mode defined for component null
2025-08-29 22:10:04,755 [WARN] ModelIntegratedComponent:63 - No mode defined for component null
2025-08-29 22:10:04,755 [WARN] ModelIntegratedComponent:63 - No mode defined for component null
2025-08-29 22:10:04,755 [WARN] ModelIntegratedComponent:63 - No mode defined for component null
2025-08-29 22:10:04,755 [WARN] ModelIntegratedComponent:63 - No mode defined for component null
2025-08-29 22:10:04,755 [WARN] ModelIntegratedComponent:63 - No mode defined for component null
2025-08-29 22:10:04,755 [WARN] ModelIntegratedComponent:63 - No mode defined for component null
2025-08-29 22:10:04,755 [WARN] ModelIntegratedComponent:63 - No mode defined for component null
2025-08-29 22:10:04,755 [WARN] ModelIntegratedComponent:63 - No mode defined for component null
2025-08-29 22:10:04,755 [WARN] ModelPack:524 - Component already loaded: STMicroelectronics:HAL Drivers:0.0.0:STMicroelectronics:Device:STMicro_Driver:XSPI:HAL::0.0.1:HAL_XSPI
2025-08-29 22:10:04,758 [INFO] RtosManager:558 - Registered RTOS mode: class=RTOS, group=ThreadX, mode=Core, owner=THREADX
2025-08-29 22:10:04,813 [INFO] RtosManager:558 - Registered RTOS mode: class=CMSIS, group=RTOS2, mode=CMSISJjRTOS2, owner=STMicroelectronics.X-CUBE-FREERTOS.1.3.1
2025-08-29 22:10:04,813 [WARN] IP:2250 - configENABLE_TRUSTZONE not found: check if there is a RefParameter without a condition.
2025-08-29 22:10:04,813 [INFO] RtosManager:558 - Registered RTOS mode: class=CMSIS, group=RTOS2, mode=CMSISJjRTOS2, owner=STMicroelectronics.X-CUBE-FREERTOS.1.3.1
2025-08-29 22:10:05,127 [INFO] ThirdPartyModel:298 - Start build external matchings
2025-08-29 22:10:05,385 [INFO] ThirdPartyModel:316 - End build external matchings
2025-08-29 22:10:05,394 [INFO] RtosManager:1018 - Current active RTOS is STMicroelectronics.X-CUBE-FREERTOS.1.3.1 [CortexM33]
2025-08-29 22:10:05,400 [WARN] IP:2250 - DATAEXCHANGEDESRCBYTE_GPDMACH2 not found: check if there is a RefParameter without a condition.
2025-08-29 22:10:05,400 [WARN] IP:2250 - DATAEXCHANGEDESTHALFWORD_GPDMACH2 not found: check if there is a RefParameter without a condition.
2025-08-29 22:10:05,403 [WARN] IP:2250 - SRAM5PowerDownInRunMode not found: check if there is a RefParameter without a condition.
2025-08-29 22:10:05,403 [WARN] IP:2250 - RAM1Page4PowerDownInStopMode not found: check if there is a RefParameter without a condition.
2025-08-29 22:10:05,403 [WARN] IP:2250 - RAM1Page5PowerDownInStopMode not found: check if there is a RefParameter without a condition.
2025-08-29 22:10:05,403 [WARN] IP:2250 - RAM1Page6PowerDownInStopMode not found: check if there is a RefParameter without a condition.
2025-08-29 22:10:05,403 [WARN] IP:2250 - RAM1Page7PowerDownInStopMode not found: check if there is a RefParameter without a condition.
2025-08-29 22:10:05,403 [WARN] IP:2250 - RAM1Page8PowerDownInStopMode not found: check if there is a RefParameter without a condition.
2025-08-29 22:10:05,403 [WARN] IP:2250 - RAM1Page9PowerDownInStopMode not found: check if there is a RefParameter without a condition.
2025-08-29 22:10:05,403 [WARN] IP:2250 - RAM1Page10PowerDownInStopMode not found: check if there is a RefParameter without a condition.
2025-08-29 22:10:05,403 [WARN] IP:2250 - RAM1Page11PowerDownInStopMode not found: check if there is a RefParameter without a condition.
2025-08-29 22:10:05,403 [WARN] IP:2250 - RAM1Page12PowerDownInStopMode not found: check if there is a RefParameter without a condition.
2025-08-29 22:10:05,404 [WARN] IP:2250 - RAM3Page9PowerDownInStopMode not found: check if there is a RefParameter without a condition.
2025-08-29 22:10:05,404 [WARN] IP:2250 - RAM3Page10PowerDownInStopMode not found: check if there is a RefParameter without a condition.
2025-08-29 22:10:05,404 [WARN] IP:2250 - RAM3Page11PowerDownInStopMode not found: check if there is a RefParameter without a condition.
2025-08-29 22:10:05,404 [WARN] IP:2250 - RAM3Page12PowerDownInStopMode not found: check if there is a RefParameter without a condition.
2025-08-29 22:10:05,404 [WARN] IP:2250 - RAM3Page13PowerDownInStopMode not found: check if there is a RefParameter without a condition.
2025-08-29 22:10:05,404 [WARN] IP:2250 - RAM5Page1PowerDownInStopMode not found: check if there is a RefParameter without a condition.
2025-08-29 22:10:05,404 [WARN] IP:2250 - RAM5Page2PowerDownInStopMode not found: check if there is a RefParameter without a condition.
2025-08-29 22:10:05,404 [WARN] IP:2250 - RAM5Page3PowerDownInStopMode not found: check if there is a RefParameter without a condition.
2025-08-29 22:10:05,404 [WARN] IP:2250 - RAM5Page4PowerDownInStopMode not found: check if there is a RefParameter without a condition.
2025-08-29 22:10:05,404 [WARN] IP:2250 - RAM5Page5PowerDownInStopMode not found: check if there is a RefParameter without a condition.
2025-08-29 22:10:05,404 [WARN] IP:2250 - RAM5Page6PowerDownInStopMode not found: check if there is a RefParameter without a condition.
2025-08-29 22:10:05,404 [WARN] IP:2250 - RAM5Page7PowerDownInStopMode not found: check if there is a RefParameter without a condition.
2025-08-29 22:10:05,404 [WARN] IP:2250 - RAM5Page8PowerDownInStopMode not found: check if there is a RefParameter without a condition.
2025-08-29 22:10:05,404 [WARN] IP:2250 - RAM5Page9PowerDownInStopMode not found: check if there is a RefParameter without a condition.
2025-08-29 22:10:05,404 [WARN] IP:2250 - RAM5Page10PowerDownInStopMode not found: check if there is a RefParameter without a condition.
2025-08-29 22:10:05,404 [WARN] IP:2250 - RAM5Page11PowerDownInStopMode not found: check if there is a RefParameter without a condition.
2025-08-29 22:10:05,404 [WARN] IP:2250 - RAM5Page12PowerDownInStopMode not found: check if there is a RefParameter without a condition.
2025-08-29 22:10:05,404 [WARN] IP:2250 - RAM5Page13PowerDownInStopMode not found: check if there is a RefParameter without a condition.
2025-08-29 22:10:05,404 [WARN] IP:2250 - Dcache2PowerDownInStopMode not found: check if there is a RefParameter without a condition.
2025-08-29 22:10:05,404 [WARN] IP:2250 - GRAPHICPRAMPowerDownInStopMode not found: check if there is a RefParameter without a condition.
2025-08-29 22:10:05,404 [WARN] IP:2250 - DSIRAMPowerDownInStopMode not found: check if there is a RefParameter without a condition.
2025-08-29 22:10:05,404 [WARN] IP:2250 - OutPut1 not found: check if there is a RefParameter without a condition.
2025-08-29 22:10:05,404 [WARN] IP:2250 - OutPut2 not found: check if there is a RefParameter without a condition.
2025-08-29 22:10:05,404 [WARN] IP:2250 - OutPut3 not found: check if there is a RefParameter without a condition.
2025-08-29 22:10:05,404 [WARN] IP:2250 - BinMixBcdU not found: check if there is a RefParameter without a condition.
2025-08-29 22:10:05,404 [WARN] IP:2250 - SSRU_Underflow_Interrupt not found: check if there is a RefParameter without a condition.
2025-08-29 22:10:05,404 [WARN] IP:2250 - rtcSecureFull not found: check if there is a RefParameter without a condition.
2025-08-29 22:10:05,404 [WARN] IP:2250 - rtcNonSecureFeatures not found: check if there is a RefParameter without a condition.
2025-08-29 22:10:05,404 [WARN] IP:2250 - RTC_NONSECURE_FEATURE_NONE not found: check if there is a RefParameter without a condition.
2025-08-29 22:10:05,404 [WARN] IP:2250 - RTC_NONSECURE_FEATURE_INIT not found: check if there is a RefParameter without a condition.
2025-08-29 22:10:05,404 [WARN] IP:2250 - RTC_NONSECURE_FEATURE_ALRA not found: check if there is a RefParameter without a condition.
2025-08-29 22:10:05,404 [WARN] IP:2250 - RTC_NONSECURE_FEATURE_ALRB not found: check if there is a RefParameter without a condition.
2025-08-29 22:10:05,404 [WARN] IP:2250 - RTC_NONSECURE_FEATURE_TS not found: check if there is a RefParameter without a condition.
2025-08-29 22:10:05,404 [WARN] IP:2250 - RTC_NONSECURE_FEATURE_CAL not found: check if there is a RefParameter without a condition.
2025-08-29 22:10:05,404 [WARN] IP:2250 - RTC_NONSECURE_FEATURE_WUT not found: check if there is a RefParameter without a condition.
2025-08-29 22:10:05,405 [WARN] IP:2250 - Sec_BKP_Registers1 not found: check if there is a RefParameter without a condition.
2025-08-29 22:10:05,405 [WARN] IP:2250 - backupRegisterStartZone2_gS not found: check if there is a RefParameter without a condition.
2025-08-29 22:10:05,405 [WARN] IP:2250 - backupRegisterStartZone3_gS not found: check if there is a RefParameter without a condition.
2025-08-29 22:10:05,405 [WARN] IP:2250 - rtcPrivilegeFeatures not found: check if there is a RefParameter without a condition.
2025-08-29 22:10:05,405 [WARN] IP:2250 - RTC_PRIVILEGE_FEATURE_INIT not found: check if there is a RefParameter without a condition.
2025-08-29 22:10:05,405 [WARN] IP:2250 - RTC_PRIVILEGE_FEATURE_ALRA not found: check if there is a RefParameter without a condition.
2025-08-29 22:10:05,405 [WARN] IP:2250 - RTC_PRIVILEGE_FEATURE_ALRB not found: check if there is a RefParameter without a condition.
2025-08-29 22:10:05,405 [WARN] IP:2250 - RTC_PRIVILEGE_FEATURE_CAL not found: check if there is a RefParameter without a condition.
2025-08-29 22:10:05,405 [WARN] IP:2250 - RTC_PRIVILEGE_FEATURE_TS not found: check if there is a RefParameter without a condition.
2025-08-29 22:10:05,405 [WARN] IP:2250 - RTC_PRIVILEGE_FEATURE_WUT not found: check if there is a RefParameter without a condition.
2025-08-29 22:10:05,405 [WARN] IP:2250 - SSRU_Underflow_Interrupt not found: check if there is a RefParameter without a condition.
2025-08-29 22:10:05,405 [WARN] IP:2250 - BinMixBcdU not found: check if there is a RefParameter without a condition.
2025-08-29 22:10:05,405 [WARN] IP:2250 - OutPut1 not found: check if there is a RefParameter without a condition.
2025-08-29 22:10:05,405 [WARN] IP:2250 - OutPut2 not found: check if there is a RefParameter without a condition.
2025-08-29 22:10:05,405 [WARN] IP:2250 - OutPut3 not found: check if there is a RefParameter without a condition.
2025-08-29 22:10:05,406 [WARN] IP:2250 - BinMixBcdU not found: check if there is a RefParameter without a condition.
2025-08-29 22:10:05,406 [WARN] IP:2250 - SSRU_Underflow_Interrupt not found: check if there is a RefParameter without a condition.
2025-08-29 22:10:05,406 [WARN] IP:2250 - rtcSecureFull not found: check if there is a RefParameter without a condition.
2025-08-29 22:10:05,406 [WARN] IP:2250 - rtcNonSecureFeatures not found: check if there is a RefParameter without a condition.
2025-08-29 22:10:05,406 [WARN] IP:2250 - RTC_NONSECURE_FEATURE_NONE not found: check if there is a RefParameter without a condition.
2025-08-29 22:10:05,406 [WARN] IP:2250 - RTC_NONSECURE_FEATURE_INIT not found: check if there is a RefParameter without a condition.
2025-08-29 22:10:05,406 [WARN] IP:2250 - RTC_NONSECURE_FEATURE_ALRA not found: check if there is a RefParameter without a condition.
2025-08-29 22:10:05,406 [WARN] IP:2250 - RTC_NONSECURE_FEATURE_ALRB not found: check if there is a RefParameter without a condition.
2025-08-29 22:10:05,406 [WARN] IP:2250 - RTC_NONSECURE_FEATURE_TS not found: check if there is a RefParameter without a condition.
2025-08-29 22:10:05,406 [WARN] IP:2250 - RTC_NONSECURE_FEATURE_CAL not found: check if there is a RefParameter without a condition.
2025-08-29 22:10:05,406 [WARN] IP:2250 - RTC_NONSECURE_FEATURE_WUT not found: check if there is a RefParameter without a condition.
2025-08-29 22:10:05,406 [WARN] IP:2250 - Sec_BKP_Registers1 not found: check if there is a RefParameter without a condition.
2025-08-29 22:10:05,406 [WARN] IP:2250 - backupRegisterStartZone2_gS not found: check if there is a RefParameter without a condition.
2025-08-29 22:10:05,406 [WARN] IP:2250 - backupRegisterStartZone3_gS not found: check if there is a RefParameter without a condition.
2025-08-29 22:10:05,406 [WARN] IP:2250 - rtcPrivilegeFeatures not found: check if there is a RefParameter without a condition.
2025-08-29 22:10:05,406 [WARN] IP:2250 - RTC_PRIVILEGE_FEATURE_INIT not found: check if there is a RefParameter without a condition.
2025-08-29 22:10:05,406 [WARN] IP:2250 - RTC_PRIVILEGE_FEATURE_ALRA not found: check if there is a RefParameter without a condition.
2025-08-29 22:10:05,406 [WARN] IP:2250 - RTC_PRIVILEGE_FEATURE_ALRB not found: check if there is a RefParameter without a condition.
2025-08-29 22:10:05,406 [WARN] IP:2250 - RTC_PRIVILEGE_FEATURE_CAL not found: check if there is a RefParameter without a condition.
2025-08-29 22:10:05,406 [WARN] IP:2250 - RTC_PRIVILEGE_FEATURE_TS not found: check if there is a RefParameter without a condition.
2025-08-29 22:10:05,406 [WARN] IP:2250 - RTC_PRIVILEGE_FEATURE_WUT not found: check if there is a RefParameter without a condition.
2025-08-29 22:10:05,406 [WARN] IP:2250 - BinaryAutoClr_A not found: check if there is a RefParameter without a condition.
2025-08-29 22:10:05,406 [WARN] IP:2250 - FlagAutoClr_A not found: check if there is a RefParameter without a condition.
2025-08-29 22:10:05,717 [INFO] UtilMem:75 - End LoadConfig() Used Memory: 803485008 Bytes (1073741824)
2025-08-29 22:10:05,727 [WARN] ThirdParty:833 - waiting for thirdparty lock release [change project]
2025-08-29 22:10:05,728 [INFO] ThirdParty:835 - entering critical section [change project]
2025-08-29 22:10:05,728 [INFO] ThirdParty:1030 - CMSIS Pack Vendor :STMicroelectronics X-CUBE-PM33A1 1.0.0
2025-08-29 22:10:05,728 [INFO] ThirdParty:1030 - CMSIS Pack Vendor :STMicroelectronics USBPD 4.1
2025-08-29 22:10:05,728 [INFO] ThirdParty:1030 - CMSIS Pack Vendor :STMicroelectronics X-CUBE-NFC9 1.0.0
2025-08-29 22:10:05,728 [INFO] ThirdParty:1030 - CMSIS Pack Vendor :STMicroelectronics USB_HOST 2.0.0
2025-08-29 22:10:05,728 [INFO] ThirdParty:1030 - CMSIS Pack Vendor :STMicroelectronics FP-SNS-MOTENVWB1 1.4.0
2025-08-29 22:10:05,728 [INFO] ThirdParty:1030 - CMSIS Pack Vendor :STMicroelectronics X-CUBE-AZRTOS-F4 1.1.0
2025-08-29 22:10:05,728 [INFO] ThirdParty:1030 - CMSIS Pack Vendor :STMicroelectronics LIBJPEG 8.0.0
2025-08-29 22:10:05,728 [INFO] ThirdParty:1030 - CMSIS Pack Vendor :STMicroelectronics FP-ATR-ASTRA1 2.0.2
2025-08-29 22:10:05,728 [INFO] ThirdParty:1030 - CMSIS Pack Vendor :wolfSSL I-CUBE-wolfSSL 5.8.2
2025-08-29 22:10:05,728 [INFO] ThirdParty:1030 - CMSIS Pack Vendor :STMicroelectronics X-CUBE-BLE1 7.1.0
2025-08-29 22:10:05,728 [INFO] ThirdParty:1030 - CMSIS Pack Vendor :Avnet-IotConnect X-CUBE-IoTC-DA16k-PMOD 1.0.0
2025-08-29 22:10:05,728 [INFO] ThirdParty:1030 - CMSIS Pack Vendor :STMicroelectronics X-CUBE-SMBUS 2.1.0
2025-08-29 22:10:05,728 [INFO] ThirdParty:1030 - CMSIS Pack Vendor :wolfSSL I-CUBE-wolfMQTT 1.19.2
2025-08-29 22:10:05,728 [INFO] ThirdParty:1030 - CMSIS Pack Vendor :STMicroelectronics USB_DEVICE 3.0.0
2025-08-29 22:10:05,728 [INFO] ThirdParty:1030 - CMSIS Pack Vendor :STMicroelectronics X-CUBE-ISPU 2.1.0
2025-08-29 22:10:05,728 [INFO] ThirdParty:1030 - CMSIS Pack Vendor :STMicroelectronics X-CUBE-EEPRMA1 5.2.0
2025-08-29 22:10:05,728 [INFO] ThirdParty:1030 - CMSIS Pack Vendor :STMicroelectronics X-CUBE-BLEMGR 4.1.0
2025-08-29 22:10:05,728 [INFO] ThirdParty:1030 - CMSIS Pack Vendor :STMicroelectronics X-CUBE-AZRTOS-WB 2.0.0
2025-08-29 22:10:05,728 [INFO] ThirdParty:1030 - CMSIS Pack Vendor :STMicroelectronics X-CUBE-ST60 1.0.0
2025-08-29 22:10:05,728 [INFO] ThirdParty:1030 - CMSIS Pack Vendor :STMicroelectronics X-CUBE-GNSS1 7.0.1
2025-08-29 22:10:05,728 [INFO] ThirdParty:1030 - CMSIS Pack Vendor :STMicroelectronics X-CUBE-NFC12 1.0.0
2025-08-29 22:10:05,728 [INFO] ThirdParty:1030 - CMSIS Pack Vendor :STMicroelectronics X-CUBE-AZRTOS-F7 1.1.0
2025-08-29 22:10:05,728 [INFO] ThirdParty:1030 - CMSIS Pack Vendor :STMicroelectronics X-CUBE-AZRTOS-L5 2.0.0
2025-08-29 22:10:05,728 [INFO] ThirdParty:1030 - CMSIS Pack Vendor :STMicroelectronics X-CUBE-TOUCHGFX 4.25.0
2025-08-29 22:10:05,728 [INFO] ThirdParty:1030 - CMSIS Pack Vendor :STMicroelectronics USB_DEVICE 2.0.0
2025-08-29 22:10:05,728 [INFO] ThirdParty:1030 - CMSIS Pack Vendor :STMicroelectronics X-CUBE-NFC6 3.1.0
2025-08-29 22:10:05,728 [INFO] ThirdParty:1030 - CMSIS Pack Vendor :quantropi X-CUBE-qispace-sdk-base 2.1.0
2025-08-29 22:10:05,728 [INFO] ThirdParty:1030 - CMSIS Pack Vendor :STMicroelectronics FreeRTOS 0.0.1
2025-08-29 22:10:05,728 [INFO] ThirdParty:1030 - CMSIS Pack Vendor :STMicroelectronics X-CUBE-AZRTOS-G0 1.1.0
2025-08-29 22:10:05,728 [INFO] ThirdParty:1030 - CMSIS Pack Vendor :STMicroelectronics X-CUBE-SAFEA1 1.2.2
2025-08-29 22:10:05,728 [INFO] ThirdParty:1030 - CMSIS Pack Vendor :STMicroelectronics X-CUBE-NFC4 3.0.0
2025-08-29 22:10:05,728 [INFO] ThirdParty:1030 - CMSIS Pack Vendor :STMicroelectronics X-CUBE-SUBG2 5.0.0
2025-08-29 22:10:05,728 [INFO] ThirdParty:1030 - CMSIS Pack Vendor :STMicroelectronics X-CUBE-AZRTOS-H7RS 1.1.0
2025-08-29 22:10:05,728 [INFO] ThirdParty:1030 - CMSIS Pack Vendor :STMicroelectronics STM32_WPAN 1.0.0
2025-08-29 22:10:05,728 [INFO] ThirdParty:1030 - CMSIS Pack Vendor :EmbeddedOffice I-CUBE-FS-RTOS 1.0.1
2025-08-29 22:10:05,728 [INFO] ThirdParty:1030 - CMSIS Pack Vendor :STMicroelectronics lwIP 2.0.3
2025-08-29 22:10:05,728 [INFO] ThirdParty:1030 - CMSIS Pack Vendor :WES I-CUBE-Cesium 1.4.0
2025-08-29 22:10:05,728 [INFO] ThirdParty:1030 - CMSIS Pack Vendor :Cesanta I-CUBE-Mongoose 7.13.0
2025-08-29 22:10:05,728 [INFO] ThirdParty:1030 - CMSIS Pack Vendor :STMicroelectronics USB_HOST 1.0.0
2025-08-29 22:10:05,728 [INFO] ThirdParty:1030 - CMSIS Pack Vendor :Infineon AIROC-Wi-Fi-Bluetooth-STM32 1.7.1
2025-08-29 22:10:05,728 [INFO] ThirdParty:1030 - CMSIS Pack Vendor :STMicroelectronics X-CUBE-AZRTOS-G4 2.0.0
2025-08-29 22:10:05,728 [INFO] ThirdParty:1030 - CMSIS Pack Vendor :STMicroelectronics X-CUBE-WB05N 2.0.0
2025-08-29 22:10:05,728 [INFO] ThirdParty:1030 - CMSIS Pack Vendor :STMicroelectronics PDM2PCM 3.1.0
2025-08-29 22:10:05,728 [INFO] ThirdParty:1030 - CMSIS Pack Vendor :STMicroelectronics PDM2PCM 3.3.0
2025-08-29 22:10:05,728 [INFO] ThirdParty:1030 - CMSIS Pack Vendor :wolfSSL I-CUBE-wolfTPM 3.8.0
2025-08-29 22:10:05,728 [INFO] ThirdParty:1030 - CMSIS Pack Vendor :STMicroelectronics X-CUBE-AZRTOS-H7 3.4.0
2025-08-29 22:10:05,728 [INFO] ThirdParty:1030 - CMSIS Pack Vendor :STMicroelectronics X-CUBE-DISPLAY 3.0.0
2025-08-29 22:10:05,728 [INFO] ThirdParty:1030 - CMSIS Pack Vendor :wolfSSL I-CUBE-wolfSSH 1.4.20
2025-08-29 22:10:05,728 [INFO] ThirdParty:1030 - CMSIS Pack Vendor :STMicroelectronics X-CUBE-NFC7 2.0.0
2025-08-29 22:10:05,728 [INFO] ThirdParty:1030 - CMSIS Pack Vendor :STMicroelectronics X-CUBE-TCPP 4.2.0
2025-08-29 22:10:05,728 [INFO] ThirdParty:1030 - CMSIS Pack Vendor :RealThread X-CUBE-RT-Thread_Nano 4.1.1
2025-08-29 22:10:05,729 [INFO] ThirdParty:1030 - CMSIS Pack Vendor :STMicroelectronics FP-ATR-SIGFOX1 3.2.0
2025-08-29 22:10:05,729 [INFO] ThirdParty:1030 - CMSIS Pack Vendor :STMicroelectronics X-CUBE-NFC10 1.0.0
2025-08-29 22:10:05,729 [INFO] ThirdParty:1030 - CMSIS Pack Vendor :STMicroelectronics X-CUBE-FREERTOS 1.3.1
2025-08-29 22:10:05,729 [INFO] ThirdParty:1030 - CMSIS Pack Vendor :STMicroelectronics HAL Drivers 0.0.0
2025-08-29 22:10:05,729 [INFO] ThirdParty:1030 - CMSIS Pack Vendor :STMicroelectronics MBEDTLS 2.16.2
2025-08-29 22:10:05,729 [INFO] ThirdParty:1030 - CMSIS Pack Vendor :STMicroelectronics X-CUBE-IPS 3.1.0
2025-08-29 22:10:05,729 [INFO] ThirdParty:1030 - CMSIS Pack Vendor :STMicroelectronics X-CUBE-ALS 1.0.2
2025-08-29 22:10:05,729 [INFO] ThirdParty:1030 - CMSIS Pack Vendor :emotas I-CUBE-CANOPEN 1.3.0
2025-08-29 22:10:05,729 [INFO] ThirdParty:1030 - CMSIS Pack Vendor :STMicroelectronics MBEDTLS 2.14.1
2025-08-29 22:10:05,729 [INFO] ThirdParty:1030 - CMSIS Pack Vendor :ITTIA_DB I-CUBE-ITTIADB 8.9.0
2025-08-29 22:10:05,729 [INFO] ThirdParty:1030 - CMSIS Pack Vendor :STMicroelectronics X-CUBE-ST67W61 1.0.0
2025-08-29 22:10:05,729 [INFO] ThirdParty:1030 - CMSIS Pack Vendor :STMicroelectronics FP-SNS-STBOX1 2.1.0
2025-08-29 22:10:05,729 [INFO] ThirdParty:1030 - CMSIS Pack Vendor :STMicroelectronics X-CUBE-AI 10.2.0
2025-08-29 22:10:05,729 [INFO] ThirdParty:1030 - CMSIS Pack Vendor :STMicroelectronics FP-SNS-STAIOTCFT 1.0.0
2025-08-29 22:10:05,729 [INFO] ThirdParty:1030 - CMSIS Pack Vendor :STMicroelectronics ThreadX 1.0.0
2025-08-29 22:10:05,729 [INFO] ThirdParty:1030 - CMSIS Pack Vendor :STMicroelectronics FP-SNS-SMARTAG2 1.2.0
2025-08-29 22:10:05,729 [INFO] ThirdParty:1030 - CMSIS Pack Vendor :STMicroelectronics FP-SNS-FLIGHT1 5.1.0
2025-08-29 22:10:05,729 [INFO] ThirdParty:1030 - CMSIS Pack Vendor :STMicroelectronics X-CUBE-AZRTOS-WL 2.0.0
2025-08-29 22:10:05,729 [INFO] ThirdParty:1030 - CMSIS Pack Vendor :SEGGER I-CUBE-embOS 1.3.1
2025-08-29 22:10:05,729 [INFO] ThirdParty:1030 - CMSIS Pack Vendor :STMicroelectronics X-CUBE-ALGOBUILD 1.4.0
2025-08-29 22:10:05,729 [INFO] ThirdParty:1030 - CMSIS Pack Vendor :STMicroelectronics X-CUBE-DPower 1.3.0
2025-08-29 22:10:05,729 [INFO] ThirdParty:1030 - CMSIS Pack Vendor :STMicroelectronics X-CUBE-MEMS1 11.3.0
2025-08-29 22:10:05,729 [INFO] ThirdParty:1030 - CMSIS Pack Vendor :STMicroelectronics FP-SNS-MOTENV1 5.0.0
2025-08-29 22:10:05,729 [INFO] ThirdParty:1030 - CMSIS Pack Vendor :STMicroelectronics USB_DEVICE 1.0.0
2025-08-29 22:10:05,729 [INFO] ThirdParty:1030 - CMSIS Pack Vendor :STMicroelectronics X-CUBE-AZRTOS-L4 2.0.0
2025-08-29 22:10:05,729 [INFO] ThirdParty:1030 - CMSIS Pack Vendor :STMicroelectronics ThreadX 0.0.2
2025-08-29 22:10:05,729 [INFO] ThirdParty:1030 - CMSIS Pack Vendor :STMicroelectronics lwIP 2.1.2
2025-08-29 22:10:05,729 [INFO] ThirdParty:1030 - CMSIS Pack Vendor :STMicroelectronics X-CUBE-SFXS2LP1 4.0.0
2025-08-29 22:10:05,729 [INFO] ThirdParty:1030 - CMSIS Pack Vendor :STMicroelectronics X-CUBE-BLE2 3.3.0
2025-08-29 22:10:05,729 [INFO] ThirdParty:1030 - CMSIS Pack Vendor :STMicroelectronics X-CUBE-TOF1 3.4.3
2025-08-29 22:10:05,729 [INFO] ThirdParty:1030 - CMSIS Pack Vendor :STMicroelectronics PDM2PCM 3.2.0
2025-08-29 22:10:05,729 [INFO] ThirdParty:841 - exiting critical section [change project]
2025-08-29 22:10:06,089 [INFO] PinOutPanel:1589 - setPackage(No Configuration,No Configuration)
2025-08-29 22:10:06,089 [INFO] PinOutPanel:1589 - setPackage(STM32U575ZITxQ,LQFP144)
2025-08-29 22:10:06,537 [INFO] UtilMem:75 - Before build in PCC Used Memory: 771295688 Bytes (1073741824)
2025-08-29 22:10:06,925 [INFO] UtilMem:75 - After build in PCC Used Memory: 923339208 Bytes (1073741824)
2025-08-29 22:10:06,950 [INFO] IPUIPlugin:80 - create IPUIPlugin
2025-08-29 22:10:06,951 [INFO] IPUIPlugin:80 - create IPUIPlugin
2025-08-29 22:10:06,951 [INFO] IPUIPlugin:80 - create IPUIPlugin
2025-08-29 22:10:06,951 [INFO] IPUIPlugin:80 - create IPUIPlugin
2025-08-29 22:10:06,951 [INFO] IPUIPlugin:80 - create IPUIPlugin
2025-08-29 22:10:06,951 [INFO] IPUIPlugin:80 - create IPUIPlugin
2025-08-29 22:10:06,951 [INFO] IPUIPlugin:80 - create IPUIPlugin
2025-08-29 22:10:06,951 [INFO] IPUIPlugin:80 - create IPUIPlugin
2025-08-29 22:10:06,951 [INFO] IPUIPlugin:80 - create IPUIPlugin
2025-08-29 22:10:06,951 [INFO] IPUIPlugin:80 - create IPUIPlugin
2025-08-29 22:10:06,951 [INFO] IPUIPlugin:80 - create IPUIPlugin
2025-08-29 22:10:06,952 [INFO] IPUIPlugin:80 - create IPUIPlugin
2025-08-29 22:10:06,952 [INFO] IPUIPlugin:80 - create IPUIPlugin
2025-08-29 22:10:06,952 [INFO] IPUIPlugin:80 - create IPUIPlugin
2025-08-29 22:10:06,952 [INFO] IPUIPlugin:80 - create IPUIPlugin
2025-08-29 22:10:06,952 [INFO] IPUIPlugin:80 - create IPUIPlugin
2025-08-29 22:10:06,952 [INFO] IPUIPlugin:80 - create IPUIPlugin
2025-08-29 22:10:06,952 [INFO] IPUIPlugin:80 - create IPUIPlugin
2025-08-29 22:10:06,952 [INFO] IPUIPlugin:80 - create IPUIPlugin
2025-08-29 22:10:06,952 [INFO] IPUIPlugin:80 - create IPUIPlugin
2025-08-29 22:10:06,952 [INFO] IPUIPlugin:80 - create IPUIPlugin
2025-08-29 22:10:06,952 [INFO] IPUIPlugin:80 - create IPUIPlugin
2025-08-29 22:10:06,953 [INFO] IPUIPlugin:80 - create IPUIPlugin
2025-08-29 22:10:06,953 [INFO] IPUIPlugin:80 - create IPUIPlugin
2025-08-29 22:10:06,953 [INFO] IPUIPlugin:80 - create IPUIPlugin
2025-08-29 22:10:06,953 [INFO] IPUIPlugin:80 - create IPUIPlugin
2025-08-29 22:10:06,953 [INFO] IPUIPlugin:80 - create IPUIPlugin
2025-08-29 22:10:06,953 [INFO] IPUIPlugin:80 - create IPUIPlugin
2025-08-29 22:10:06,953 [INFO] IPUIPlugin:80 - create IPUIPlugin
2025-08-29 22:10:06,953 [INFO] IPUIPlugin:80 - create IPUIPlugin
2025-08-29 22:10:06,953 [INFO] IPUIPlugin:80 - create IPUIPlugin
2025-08-29 22:10:06,953 [INFO] IPUIPlugin:80 - create IPUIPlugin
2025-08-29 22:10:06,953 [INFO] IPUIPlugin:80 - create IPUIPlugin
2025-08-29 22:10:06,954 [INFO] IPUIPlugin:80 - create IPUIPlugin
2025-08-29 22:10:06,954 [INFO] IPUIPlugin:80 - create IPUIPlugin
2025-08-29 22:10:06,954 [INFO] IPUIPlugin:80 - create IPUIPlugin
2025-08-29 22:10:06,954 [INFO] IPUIPlugin:80 - create IPUIPlugin
2025-08-29 22:10:06,954 [INFO] IPUIPlugin:80 - create IPUIPlugin
2025-08-29 22:10:06,954 [INFO] IPUIPlugin:80 - create IPUIPlugin
2025-08-29 22:10:06,954 [INFO] IPUIPlugin:80 - create IPUIPlugin
2025-08-29 22:10:06,955 [INFO] IPUIPlugin:80 - create IPUIPlugin
2025-08-29 22:10:06,955 [INFO] IPUIPlugin:80 - create IPUIPlugin
2025-08-29 22:10:06,955 [INFO] IPUIPlugin:80 - create IPUIPlugin
2025-08-29 22:10:06,955 [INFO] IPUIPlugin:80 - create IPUIPlugin
2025-08-29 22:10:06,955 [INFO] IPUIPlugin:80 - create IPUIPlugin
2025-08-29 22:10:06,956 [INFO] IPUIPlugin:80 - create IPUIPlugin
2025-08-29 22:10:06,956 [INFO] IPUIPlugin:80 - create IPUIPlugin
2025-08-29 22:10:06,957 [INFO] IPUIPlugin:80 - create IPUIPlugin
2025-08-29 22:10:06,957 [INFO] IPUIPlugin:80 - create IPUIPlugin
2025-08-29 22:10:06,957 [INFO] IPUIPlugin:80 - create IPUIPlugin
2025-08-29 22:10:06,957 [INFO] IPUIPlugin:80 - create IPUIPlugin
2025-08-29 22:10:06,957 [INFO] IPUIPlugin:80 - create IPUIPlugin
2025-08-29 22:10:06,958 [INFO] IPUIPlugin:80 - create IPUIPlugin
2025-08-29 22:10:06,958 [INFO] IPUIPlugin:80 - create IPUIPlugin
2025-08-29 22:10:06,958 [INFO] IPUIPlugin:80 - create IPUIPlugin
2025-08-29 22:10:06,958 [INFO] IPUIPlugin:80 - create IPUIPlugin
2025-08-29 22:10:06,958 [INFO] IPUIPlugin:80 - create IPUIPlugin
2025-08-29 22:10:06,959 [INFO] IPUIPlugin:80 - create IPUIPlugin
2025-08-29 22:10:06,959 [INFO] IPUIPlugin:80 - create IPUIPlugin
2025-08-29 22:10:06,959 [INFO] IPUIPlugin:80 - create IPUIPlugin
2025-08-29 22:10:06,959 [INFO] IPUIPlugin:80 - create IPUIPlugin
2025-08-29 22:10:06,959 [INFO] IPUIPlugin:80 - create IPUIPlugin
2025-08-29 22:10:06,959 [INFO] IPUIPlugin:80 - create IPUIPlugin
2025-08-29 22:10:06,959 [INFO] IPUIPlugin:80 - create IPUIPlugin
2025-08-29 22:10:06,960 [INFO] IPUIPlugin:80 - create IPUIPlugin
2025-08-29 22:10:06,960 [INFO] IPUIPlugin:80 - create IPUIPlugin
2025-08-29 22:10:06,960 [INFO] IPUIPlugin:80 - create IPUIPlugin
2025-08-29 22:10:06,960 [INFO] IPUIPlugin:80 - create IPUIPlugin
2025-08-29 22:10:06,961 [INFO] IPUIPlugin:80 - create IPUIPlugin
2025-08-29 22:10:06,961 [INFO] IPUIPlugin:80 - create IPUIPlugin
2025-08-29 22:10:06,961 [INFO] IPUIPlugin:80 - create IPUIPlugin
2025-08-29 22:10:06,961 [INFO] IPUIPlugin:80 - create IPUIPlugin
2025-08-29 22:10:06,961 [INFO] IPUIPlugin:80 - create IPUIPlugin
2025-08-29 22:10:06,961 [INFO] IPUIPlugin:80 - create IPUIPlugin
2025-08-29 22:10:06,962 [INFO] IPUIPlugin:80 - create IPUIPlugin
2025-08-29 22:10:06,962 [INFO] IPUIPlugin:80 - create IPUIPlugin
2025-08-29 22:10:06,962 [INFO] IPUIPlugin:80 - create IPUIPlugin
2025-08-29 22:10:06,962 [INFO] IPUIPlugin:80 - create IPUIPlugin
2025-08-29 22:10:06,963 [INFO] IPUIPlugin:80 - create IPUIPlugin
2025-08-29 22:10:06,963 [INFO] IPUIPlugin:80 - create IPUIPlugin
2025-08-29 22:10:06,963 [INFO] IPUIPlugin:80 - create IPUIPlugin
2025-08-29 22:10:06,963 [INFO] IPUIPlugin:80 - create IPUIPlugin
2025-08-29 22:10:06,963 [INFO] IPUIPlugin:80 - create IPUIPlugin
2025-08-29 22:10:06,964 [INFO] IPUIPlugin:80 - create IPUIPlugin
2025-08-29 22:10:06,964 [INFO] IPUIPlugin:80 - create IPUIPlugin
2025-08-29 22:10:06,964 [INFO] IPUIPlugin:80 - create IPUIPlugin
2025-08-29 22:10:06,964 [INFO] IPUIPlugin:80 - create IPUIPlugin
2025-08-29 22:10:06,964 [INFO] IPUIPlugin:80 - create IPUIPlugin
2025-08-29 22:10:06,964 [INFO] IPUIPlugin:80 - create IPUIPlugin
2025-08-29 22:10:06,965 [INFO] IPUIPlugin:80 - create IPUIPlugin
2025-08-29 22:10:06,965 [INFO] IPUIPlugin:80 - create IPUIPlugin
2025-08-29 22:10:06,965 [INFO] IPUIPlugin:80 - create IPUIPlugin
2025-08-29 22:10:06,965 [INFO] IPUIPlugin:80 - create IPUIPlugin
2025-08-29 22:10:06,965 [INFO] IPUIPlugin:80 - create IPUIPlugin
2025-08-29 22:10:06,965 [INFO] IPUIPlugin:80 - create IPUIPlugin
2025-08-29 22:10:06,966 [INFO] IPUIPlugin:80 - create IPUIPlugin
2025-08-29 22:10:06,966 [INFO] IPUIPlugin:80 - create IPUIPlugin
2025-08-29 22:10:06,966 [INFO] IPUIPlugin:80 - create IPUIPlugin
2025-08-29 22:10:06,966 [INFO] IPUIPlugin:80 - create IPUIPlugin
2025-08-29 22:10:06,966 [INFO] IPUIPlugin:80 - create IPUIPlugin
2025-08-29 22:10:06,966 [INFO] IPUIPlugin:80 - create IPUIPlugin
2025-08-29 22:10:06,967 [INFO] IPUIPlugin:80 - create IPUIPlugin
2025-08-29 22:10:06,967 [INFO] IPUIPlugin:80 - create IPUIPlugin
2025-08-29 22:10:06,967 [INFO] IPUIPlugin:80 - create IPUIPlugin
2025-08-29 22:10:06,968 [INFO] IPUIPlugin:80 - create IPUIPlugin
2025-08-29 22:10:06,968 [INFO] IPUIPlugin:80 - create IPUIPlugin
2025-08-29 22:10:07,057 [INFO] CADModel:165 - CPN selected for project levelSTM32U575ZIT6Q
2025-08-29 22:10:07,057 [INFO] CADModel:114 - Register for checkConnection events
2025-08-29 22:10:07,059 [INFO] RtosManager:728 - Active RTOS found at IOC load: STMicroelectronics.X-CUBE-FREERTOS.1.3.1 [CortexM33]
2025-08-29 22:10:07,067 [WARN] IP:2250 - DATAEXCHANGEDESRCBYTE_GPDMACH2 not found: check if there is a RefParameter without a condition.
2025-08-29 22:10:07,067 [WARN] IP:2250 - DATAEXCHANGEDESTHALFWORD_GPDMACH2 not found: check if there is a RefParameter without a condition.
2025-08-29 22:10:07,136 [INFO] OpenFileManager:386 - Restore cursor
2025-08-29 22:10:07,252 [WARN] IP:2250 - SRAM5PowerDownInRunMode not found: check if there is a RefParameter without a condition.
2025-08-29 22:10:07,252 [WARN] IP:2250 - RAM1Page4PowerDownInStopMode not found: check if there is a RefParameter without a condition.
2025-08-29 22:10:07,252 [WARN] IP:2250 - RAM1Page5PowerDownInStopMode not found: check if there is a RefParameter without a condition.
2025-08-29 22:10:07,252 [WARN] IP:2250 - RAM1Page6PowerDownInStopMode not found: check if there is a RefParameter without a condition.
2025-08-29 22:10:07,252 [WARN] IP:2250 - RAM1Page7PowerDownInStopMode not found: check if there is a RefParameter without a condition.
2025-08-29 22:10:07,252 [WARN] IP:2250 - RAM1Page8PowerDownInStopMode not found: check if there is a RefParameter without a condition.
2025-08-29 22:10:07,252 [WARN] IP:2250 - RAM1Page9PowerDownInStopMode not found: check if there is a RefParameter without a condition.
2025-08-29 22:10:07,252 [WARN] IP:2250 - RAM1Page10PowerDownInStopMode not found: check if there is a RefParameter without a condition.
2025-08-29 22:10:07,253 [WARN] IP:2250 - RAM1Page11PowerDownInStopMode not found: check if there is a RefParameter without a condition.
2025-08-29 22:10:07,253 [WARN] IP:2250 - RAM1Page12PowerDownInStopMode not found: check if there is a RefParameter without a condition.
2025-08-29 22:10:07,253 [WARN] IP:2250 - RAM3Page9PowerDownInStopMode not found: check if there is a RefParameter without a condition.
2025-08-29 22:10:07,256 [WARN] IP:2250 - RAM3Page10PowerDownInStopMode not found: check if there is a RefParameter without a condition.
2025-08-29 22:10:07,256 [WARN] IP:2250 - RAM3Page11PowerDownInStopMode not found: check if there is a RefParameter without a condition.
2025-08-29 22:10:07,256 [WARN] IP:2250 - RAM3Page12PowerDownInStopMode not found: check if there is a RefParameter without a condition.
2025-08-29 22:10:07,256 [WARN] IP:2250 - RAM3Page13PowerDownInStopMode not found: check if there is a RefParameter without a condition.
2025-08-29 22:10:07,256 [WARN] IP:2250 - RAM5Page1PowerDownInStopMode not found: check if there is a RefParameter without a condition.
2025-08-29 22:10:07,256 [WARN] IP:2250 - RAM5Page2PowerDownInStopMode not found: check if there is a RefParameter without a condition.
2025-08-29 22:10:07,256 [WARN] IP:2250 - RAM5Page3PowerDownInStopMode not found: check if there is a RefParameter without a condition.
2025-08-29 22:10:07,256 [WARN] IP:2250 - RAM5Page4PowerDownInStopMode not found: check if there is a RefParameter without a condition.
2025-08-29 22:10:07,256 [WARN] IP:2250 - RAM5Page5PowerDownInStopMode not found: check if there is a RefParameter without a condition.
2025-08-29 22:10:07,256 [WARN] IP:2250 - RAM5Page6PowerDownInStopMode not found: check if there is a RefParameter without a condition.
2025-08-29 22:10:07,256 [WARN] IP:2250 - RAM5Page7PowerDownInStopMode not found: check if there is a RefParameter without a condition.
2025-08-29 22:10:07,256 [WARN] IP:2250 - RAM5Page8PowerDownInStopMode not found: check if there is a RefParameter without a condition.
2025-08-29 22:10:07,256 [WARN] IP:2250 - RAM5Page9PowerDownInStopMode not found: check if there is a RefParameter without a condition.
2025-08-29 22:10:07,256 [WARN] IP:2250 - RAM5Page10PowerDownInStopMode not found: check if there is a RefParameter without a condition.
2025-08-29 22:10:07,256 [WARN] IP:2250 - RAM5Page11PowerDownInStopMode not found: check if there is a RefParameter without a condition.
2025-08-29 22:10:07,256 [WARN] IP:2250 - RAM5Page12PowerDownInStopMode not found: check if there is a RefParameter without a condition.
2025-08-29 22:10:07,256 [WARN] IP:2250 - RAM5Page13PowerDownInStopMode not found: check if there is a RefParameter without a condition.
2025-08-29 22:10:07,256 [WARN] IP:2250 - Dcache2PowerDownInStopMode not found: check if there is a RefParameter without a condition.
2025-08-29 22:10:07,256 [WARN] IP:2250 - GRAPHICPRAMPowerDownInStopMode not found: check if there is a RefParameter without a condition.
2025-08-29 22:10:07,256 [WARN] IP:2250 - DSIRAMPowerDownInStopMode not found: check if there is a RefParameter without a condition.
2025-08-29 22:10:07,257 [WARN] IP:2250 - SRAM5PowerDownInRunMode not found: check if there is a RefParameter without a condition.
2025-08-29 22:10:07,258 [WARN] IP:2250 - RAM1Page4PowerDownInStopMode not found: check if there is a RefParameter without a condition.
2025-08-29 22:10:07,258 [WARN] IP:2250 - RAM1Page5PowerDownInStopMode not found: check if there is a RefParameter without a condition.
2025-08-29 22:10:07,258 [WARN] IP:2250 - RAM1Page6PowerDownInStopMode not found: check if there is a RefParameter without a condition.
2025-08-29 22:10:07,258 [WARN] IP:2250 - RAM1Page7PowerDownInStopMode not found: check if there is a RefParameter without a condition.
2025-08-29 22:10:07,258 [WARN] IP:2250 - RAM1Page8PowerDownInStopMode not found: check if there is a RefParameter without a condition.
2025-08-29 22:10:07,258 [WARN] IP:2250 - RAM1Page9PowerDownInStopMode not found: check if there is a RefParameter without a condition.
2025-08-29 22:10:07,258 [WARN] IP:2250 - RAM1Page10PowerDownInStopMode not found: check if there is a RefParameter without a condition.
2025-08-29 22:10:07,258 [WARN] IP:2250 - RAM1Page11PowerDownInStopMode not found: check if there is a RefParameter without a condition.
2025-08-29 22:10:07,258 [WARN] IP:2250 - RAM1Page12PowerDownInStopMode not found: check if there is a RefParameter without a condition.
2025-08-29 22:10:07,258 [WARN] IP:2250 - RAM3Page9PowerDownInStopMode not found: check if there is a RefParameter without a condition.
2025-08-29 22:10:07,258 [WARN] IP:2250 - RAM3Page10PowerDownInStopMode not found: check if there is a RefParameter without a condition.
2025-08-29 22:10:07,258 [WARN] IP:2250 - RAM3Page11PowerDownInStopMode not found: check if there is a RefParameter without a condition.
2025-08-29 22:10:07,258 [WARN] IP:2250 - RAM3Page12PowerDownInStopMode not found: check if there is a RefParameter without a condition.
2025-08-29 22:10:07,258 [WARN] IP:2250 - RAM3Page13PowerDownInStopMode not found: check if there is a RefParameter without a condition.
2025-08-29 22:10:07,258 [WARN] IP:2250 - RAM5Page1PowerDownInStopMode not found: check if there is a RefParameter without a condition.
2025-08-29 22:10:07,258 [WARN] IP:2250 - RAM5Page2PowerDownInStopMode not found: check if there is a RefParameter without a condition.
2025-08-29 22:10:07,258 [WARN] IP:2250 - RAM5Page3PowerDownInStopMode not found: check if there is a RefParameter without a condition.
2025-08-29 22:10:07,258 [WARN] IP:2250 - RAM5Page4PowerDownInStopMode not found: check if there is a RefParameter without a condition.
2025-08-29 22:10:07,258 [WARN] IP:2250 - RAM5Page5PowerDownInStopMode not found: check if there is a RefParameter without a condition.
2025-08-29 22:10:07,258 [WARN] IP:2250 - RAM5Page6PowerDownInStopMode not found: check if there is a RefParameter without a condition.
2025-08-29 22:10:07,258 [WARN] IP:2250 - RAM5Page7PowerDownInStopMode not found: check if there is a RefParameter without a condition.
2025-08-29 22:10:07,258 [WARN] IP:2250 - RAM5Page8PowerDownInStopMode not found: check if there is a RefParameter without a condition.
2025-08-29 22:10:07,258 [WARN] IP:2250 - RAM5Page9PowerDownInStopMode not found: check if there is a RefParameter without a condition.
2025-08-29 22:10:07,258 [WARN] IP:2250 - RAM5Page10PowerDownInStopMode not found: check if there is a RefParameter without a condition.
2025-08-29 22:10:07,258 [WARN] IP:2250 - RAM5Page11PowerDownInStopMode not found: check if there is a RefParameter without a condition.
2025-08-29 22:10:07,258 [WARN] IP:2250 - RAM5Page12PowerDownInStopMode not found: check if there is a RefParameter without a condition.
2025-08-29 22:10:07,258 [WARN] IP:2250 - RAM5Page13PowerDownInStopMode not found: check if there is a RefParameter without a condition.
2025-08-29 22:10:07,258 [WARN] IP:2250 - Dcache2PowerDownInStopMode not found: check if there is a RefParameter without a condition.
2025-08-29 22:10:07,258 [WARN] IP:2250 - GRAPHICPRAMPowerDownInStopMode not found: check if there is a RefParameter without a condition.
2025-08-29 22:10:07,258 [WARN] IP:2250 - DSIRAMPowerDownInStopMode not found: check if there is a RefParameter without a condition.
2025-08-29 22:10:07,374 [WARN] IP:2250 - OutPut1 not found: check if there is a RefParameter without a condition.
2025-08-29 22:10:07,374 [WARN] IP:2250 - OutPut2 not found: check if there is a RefParameter without a condition.
2025-08-29 22:10:07,374 [WARN] IP:2250 - OutPut3 not found: check if there is a RefParameter without a condition.
2025-08-29 22:10:07,374 [WARN] IP:2250 - BinMixBcdU not found: check if there is a RefParameter without a condition.
2025-08-29 22:10:07,374 [WARN] IP:2250 - SSRU_Underflow_Interrupt not found: check if there is a RefParameter without a condition.
2025-08-29 22:10:07,374 [WARN] IP:2250 - rtcSecureFull not found: check if there is a RefParameter without a condition.
2025-08-29 22:10:07,374 [WARN] IP:2250 - rtcNonSecureFeatures not found: check if there is a RefParameter without a condition.
2025-08-29 22:10:07,374 [WARN] IP:2250 - RTC_NONSECURE_FEATURE_NONE not found: check if there is a RefParameter without a condition.
2025-08-29 22:10:07,374 [WARN] IP:2250 - RTC_NONSECURE_FEATURE_INIT not found: check if there is a RefParameter without a condition.
2025-08-29 22:10:07,374 [WARN] IP:2250 - RTC_NONSECURE_FEATURE_ALRA not found: check if there is a RefParameter without a condition.
2025-08-29 22:10:07,374 [WARN] IP:2250 - RTC_NONSECURE_FEATURE_ALRB not found: check if there is a RefParameter without a condition.
2025-08-29 22:10:07,374 [WARN] IP:2250 - RTC_NONSECURE_FEATURE_TS not found: check if there is a RefParameter without a condition.
2025-08-29 22:10:07,374 [WARN] IP:2250 - RTC_NONSECURE_FEATURE_CAL not found: check if there is a RefParameter without a condition.
2025-08-29 22:10:07,374 [WARN] IP:2250 - RTC_NONSECURE_FEATURE_WUT not found: check if there is a RefParameter without a condition.
2025-08-29 22:10:07,374 [WARN] IP:2250 - Sec_BKP_Registers1 not found: check if there is a RefParameter without a condition.
2025-08-29 22:10:07,374 [WARN] IP:2250 - backupRegisterStartZone2_gS not found: check if there is a RefParameter without a condition.
2025-08-29 22:10:07,374 [WARN] IP:2250 - backupRegisterStartZone3_gS not found: check if there is a RefParameter without a condition.
2025-08-29 22:10:07,374 [WARN] IP:2250 - rtcPrivilegeFeatures not found: check if there is a RefParameter without a condition.
2025-08-29 22:10:07,375 [WARN] IP:2250 - RTC_PRIVILEGE_FEATURE_INIT not found: check if there is a RefParameter without a condition.
2025-08-29 22:10:07,375 [WARN] IP:2250 - RTC_PRIVILEGE_FEATURE_ALRA not found: check if there is a RefParameter without a condition.
2025-08-29 22:10:07,375 [WARN] IP:2250 - RTC_PRIVILEGE_FEATURE_ALRB not found: check if there is a RefParameter without a condition.
2025-08-29 22:10:07,375 [WARN] IP:2250 - RTC_PRIVILEGE_FEATURE_CAL not found: check if there is a RefParameter without a condition.
2025-08-29 22:10:07,375 [WARN] IP:2250 - RTC_PRIVILEGE_FEATURE_TS not found: check if there is a RefParameter without a condition.
2025-08-29 22:10:07,375 [WARN] IP:2250 - RTC_PRIVILEGE_FEATURE_WUT not found: check if there is a RefParameter without a condition.
2025-08-29 22:10:07,375 [WARN] IP:2250 - SSRU_Underflow_Interrupt not found: check if there is a RefParameter without a condition.
2025-08-29 22:10:07,375 [WARN] IP:2250 - BinMixBcdU not found: check if there is a RefParameter without a condition.
2025-08-29 22:10:07,375 [WARN] IP:2250 - OutPut1 not found: check if there is a RefParameter without a condition.
2025-08-29 22:10:07,375 [WARN] IP:2250 - OutPut2 not found: check if there is a RefParameter without a condition.
2025-08-29 22:10:07,375 [WARN] IP:2250 - OutPut3 not found: check if there is a RefParameter without a condition.
2025-08-29 22:10:07,375 [WARN] IP:2250 - BinMixBcdU not found: check if there is a RefParameter without a condition.
2025-08-29 22:10:07,376 [WARN] IP:2250 - SSRU_Underflow_Interrupt not found: check if there is a RefParameter without a condition.
2025-08-29 22:10:07,376 [WARN] IP:2250 - rtcSecureFull not found: check if there is a RefParameter without a condition.
2025-08-29 22:10:07,376 [WARN] IP:2250 - rtcNonSecureFeatures not found: check if there is a RefParameter without a condition.
2025-08-29 22:10:07,376 [WARN] IP:2250 - RTC_NONSECURE_FEATURE_NONE not found: check if there is a RefParameter without a condition.
2025-08-29 22:10:07,376 [WARN] IP:2250 - RTC_NONSECURE_FEATURE_INIT not found: check if there is a RefParameter without a condition.
2025-08-29 22:10:07,376 [WARN] IP:2250 - RTC_NONSECURE_FEATURE_ALRA not found: check if there is a RefParameter without a condition.
2025-08-29 22:10:07,376 [WARN] IP:2250 - RTC_NONSECURE_FEATURE_ALRB not found: check if there is a RefParameter without a condition.
2025-08-29 22:10:07,376 [WARN] IP:2250 - RTC_NONSECURE_FEATURE_TS not found: check if there is a RefParameter without a condition.
2025-08-29 22:10:07,376 [WARN] IP:2250 - RTC_NONSECURE_FEATURE_CAL not found: check if there is a RefParameter without a condition.
2025-08-29 22:10:07,376 [WARN] IP:2250 - RTC_NONSECURE_FEATURE_WUT not found: check if there is a RefParameter without a condition.
2025-08-29 22:10:07,376 [WARN] IP:2250 - Sec_BKP_Registers1 not found: check if there is a RefParameter without a condition.
2025-08-29 22:10:07,376 [WARN] IP:2250 - backupRegisterStartZone2_gS not found: check if there is a RefParameter without a condition.
2025-08-29 22:10:07,376 [WARN] IP:2250 - backupRegisterStartZone3_gS not found: check if there is a RefParameter without a condition.
2025-08-29 22:10:07,376 [WARN] IP:2250 - rtcPrivilegeFeatures not found: check if there is a RefParameter without a condition.
2025-08-29 22:10:07,376 [WARN] IP:2250 - RTC_PRIVILEGE_FEATURE_INIT not found: check if there is a RefParameter without a condition.
2025-08-29 22:10:07,376 [WARN] IP:2250 - RTC_PRIVILEGE_FEATURE_ALRA not found: check if there is a RefParameter without a condition.
2025-08-29 22:10:07,376 [WARN] IP:2250 - RTC_PRIVILEGE_FEATURE_ALRB not found: check if there is a RefParameter without a condition.
2025-08-29 22:10:07,376 [WARN] IP:2250 - RTC_PRIVILEGE_FEATURE_CAL not found: check if there is a RefParameter without a condition.
2025-08-29 22:10:07,376 [WARN] IP:2250 - RTC_PRIVILEGE_FEATURE_TS not found: check if there is a RefParameter without a condition.
2025-08-29 22:10:07,376 [WARN] IP:2250 - RTC_PRIVILEGE_FEATURE_WUT not found: check if there is a RefParameter without a condition.
2025-08-29 22:10:07,376 [WARN] IP:2250 - BinaryAutoClr_A not found: check if there is a RefParameter without a condition.
2025-08-29 22:10:07,376 [WARN] IP:2250 - FlagAutoClr_A not found: check if there is a RefParameter without a condition.
2025-08-29 22:10:07,378 [WARN] IP:2250 - OutPut1 not found: check if there is a RefParameter without a condition.
2025-08-29 22:10:07,378 [WARN] IP:2250 - OutPut2 not found: check if there is a RefParameter without a condition.
2025-08-29 22:10:07,378 [WARN] IP:2250 - OutPut3 not found: check if there is a RefParameter without a condition.
2025-08-29 22:10:07,378 [WARN] IP:2250 - BinMixBcdU not found: check if there is a RefParameter without a condition.
2025-08-29 22:10:07,378 [WARN] IP:2250 - SSRU_Underflow_Interrupt not found: check if there is a RefParameter without a condition.
2025-08-29 22:10:07,378 [WARN] IP:2250 - rtcSecureFull not found: check if there is a RefParameter without a condition.
2025-08-29 22:10:07,378 [WARN] IP:2250 - rtcNonSecureFeatures not found: check if there is a RefParameter without a condition.
2025-08-29 22:10:07,378 [WARN] IP:2250 - RTC_NONSECURE_FEATURE_NONE not found: check if there is a RefParameter without a condition.
2025-08-29 22:10:07,378 [WARN] IP:2250 - RTC_NONSECURE_FEATURE_INIT not found: check if there is a RefParameter without a condition.
2025-08-29 22:10:07,378 [WARN] IP:2250 - RTC_NONSECURE_FEATURE_ALRA not found: check if there is a RefParameter without a condition.
2025-08-29 22:10:07,378 [WARN] IP:2250 - RTC_NONSECURE_FEATURE_ALRB not found: check if there is a RefParameter without a condition.
2025-08-29 22:10:07,378 [WARN] IP:2250 - RTC_NONSECURE_FEATURE_TS not found: check if there is a RefParameter without a condition.
2025-08-29 22:10:07,378 [WARN] IP:2250 - RTC_NONSECURE_FEATURE_CAL not found: check if there is a RefParameter without a condition.
2025-08-29 22:10:07,378 [WARN] IP:2250 - RTC_NONSECURE_FEATURE_WUT not found: check if there is a RefParameter without a condition.
2025-08-29 22:10:07,379 [WARN] IP:2250 - Sec_BKP_Registers1 not found: check if there is a RefParameter without a condition.
2025-08-29 22:10:07,379 [WARN] IP:2250 - backupRegisterStartZone2_gS not found: check if there is a RefParameter without a condition.
2025-08-29 22:10:07,379 [WARN] IP:2250 - backupRegisterStartZone3_gS not found: check if there is a RefParameter without a condition.
2025-08-29 22:10:07,379 [WARN] IP:2250 - rtcPrivilegeFeatures not found: check if there is a RefParameter without a condition.
2025-08-29 22:10:07,379 [WARN] IP:2250 - RTC_PRIVILEGE_FEATURE_INIT not found: check if there is a RefParameter without a condition.
2025-08-29 22:10:07,379 [WARN] IP:2250 - RTC_PRIVILEGE_FEATURE_ALRA not found: check if there is a RefParameter without a condition.
2025-08-29 22:10:07,379 [WARN] IP:2250 - RTC_PRIVILEGE_FEATURE_ALRB not found: check if there is a RefParameter without a condition.
2025-08-29 22:10:07,379 [WARN] IP:2250 - RTC_PRIVILEGE_FEATURE_CAL not found: check if there is a RefParameter without a condition.
2025-08-29 22:10:07,379 [WARN] IP:2250 - RTC_PRIVILEGE_FEATURE_TS not found: check if there is a RefParameter without a condition.
2025-08-29 22:10:07,379 [WARN] IP:2250 - RTC_PRIVILEGE_FEATURE_WUT not found: check if there is a RefParameter without a condition.
2025-08-29 22:10:07,380 [WARN] IP:2250 - SSRU_Underflow_Interrupt not found: check if there is a RefParameter without a condition.
2025-08-29 22:10:07,380 [WARN] IP:2250 - BinMixBcdU not found: check if there is a RefParameter without a condition.
2025-08-29 22:10:07,380 [WARN] IP:2250 - OutPut1 not found: check if there is a RefParameter without a condition.
2025-08-29 22:10:07,380 [WARN] IP:2250 - OutPut2 not found: check if there is a RefParameter without a condition.
2025-08-29 22:10:07,380 [WARN] IP:2250 - OutPut3 not found: check if there is a RefParameter without a condition.
2025-08-29 22:10:07,380 [WARN] IP:2250 - BinMixBcdU not found: check if there is a RefParameter without a condition.
2025-08-29 22:10:07,380 [WARN] IP:2250 - SSRU_Underflow_Interrupt not found: check if there is a RefParameter without a condition.
2025-08-29 22:10:07,380 [WARN] IP:2250 - rtcSecureFull not found: check if there is a RefParameter without a condition.
2025-08-29 22:10:07,380 [WARN] IP:2250 - rtcNonSecureFeatures not found: check if there is a RefParameter without a condition.
2025-08-29 22:10:07,381 [WARN] IP:2250 - RTC_NONSECURE_FEATURE_NONE not found: check if there is a RefParameter without a condition.
2025-08-29 22:10:07,381 [WARN] IP:2250 - RTC_NONSECURE_FEATURE_INIT not found: check if there is a RefParameter without a condition.
2025-08-29 22:10:07,381 [WARN] IP:2250 - RTC_NONSECURE_FEATURE_ALRA not found: check if there is a RefParameter without a condition.
2025-08-29 22:10:07,381 [WARN] IP:2250 - RTC_NONSECURE_FEATURE_ALRB not found: check if there is a RefParameter without a condition.
2025-08-29 22:10:07,381 [WARN] IP:2250 - RTC_NONSECURE_FEATURE_TS not found: check if there is a RefParameter without a condition.
2025-08-29 22:10:07,381 [WARN] IP:2250 - RTC_NONSECURE_FEATURE_CAL not found: check if there is a RefParameter without a condition.
2025-08-29 22:10:07,381 [WARN] IP:2250 - RTC_NONSECURE_FEATURE_WUT not found: check if there is a RefParameter without a condition.
2025-08-29 22:10:07,381 [WARN] IP:2250 - Sec_BKP_Registers1 not found: check if there is a RefParameter without a condition.
2025-08-29 22:10:07,381 [WARN] IP:2250 - backupRegisterStartZone2_gS not found: check if there is a RefParameter without a condition.
2025-08-29 22:10:07,381 [WARN] IP:2250 - backupRegisterStartZone3_gS not found: check if there is a RefParameter without a condition.
2025-08-29 22:10:07,381 [WARN] IP:2250 - rtcPrivilegeFeatures not found: check if there is a RefParameter without a condition.
2025-08-29 22:10:07,381 [WARN] IP:2250 - RTC_PRIVILEGE_FEATURE_INIT not found: check if there is a RefParameter without a condition.
2025-08-29 22:10:07,381 [WARN] IP:2250 - RTC_PRIVILEGE_FEATURE_ALRA not found: check if there is a RefParameter without a condition.
2025-08-29 22:10:07,381 [WARN] IP:2250 - RTC_PRIVILEGE_FEATURE_ALRB not found: check if there is a RefParameter without a condition.
2025-08-29 22:10:07,381 [WARN] IP:2250 - RTC_PRIVILEGE_FEATURE_CAL not found: check if there is a RefParameter without a condition.
2025-08-29 22:10:07,381 [WARN] IP:2250 - RTC_PRIVILEGE_FEATURE_TS not found: check if there is a RefParameter without a condition.
2025-08-29 22:10:07,381 [WARN] IP:2250 - RTC_PRIVILEGE_FEATURE_WUT not found: check if there is a RefParameter without a condition.
2025-08-29 22:10:07,382 [WARN] IP:2250 - BinaryAutoClr_A not found: check if there is a RefParameter without a condition.
2025-08-29 22:10:07,382 [WARN] IP:2250 - FlagAutoClr_A not found: check if there is a RefParameter without a condition.
2025-08-29 22:10:07,409 [WARN] IP:2250 - DATAEXCHANGEDESRCBYTE_GPDMACH2 not found: check if there is a RefParameter without a condition.
2025-08-29 22:10:07,409 [WARN] IP:2250 - DATAEXCHANGEDESTHALFWORD_GPDMACH2 not found: check if there is a RefParameter without a condition.
2025-08-29 22:10:07,417 [WARN] IP:2250 - DATAEXCHANGEDESRCBYTE_GPDMACH2 not found: check if there is a RefParameter without a condition.
2025-08-29 22:10:07,417 [WARN] IP:2250 - DATAEXCHANGEDESTHALFWORD_GPDMACH2 not found: check if there is a RefParameter without a condition.
2025-08-29 22:15:07,531 [WARN] IP:2250 - DATAEXCHANGEDESRCBYTE_GPDMACH2 not found: check if there is a RefParameter without a condition.
2025-08-29 22:15:07,531 [WARN] IP:2250 - DATAEXCHANGEDESTHALFWORD_GPDMACH2 not found: check if there is a RefParameter without a condition.
2025-08-29 22:15:07,764 [WARN] IP:2250 - DATAEXCHANGEDESRCBYTE_GPDMACH2 not found: check if there is a RefParameter without a condition.
2025-08-29 22:15:07,764 [WARN] IP:2250 - DATAEXCHANGEDESTHALFWORD_GPDMACH2 not found: check if there is a RefParameter without a condition.
2025-08-29 22:15:07,821 [INFO] RtosManager:803 -  ==== DEBUG ==== Saving {key/value} = {rtos.0.tasks.0/allocationType,Dynamic;bufferName,NULL;codeGen,Default;controlBlockName,NULL;entry,StartDefaultTask;name,defaultTask;parameter,NULL;priority,osPriorityNormal;stackSize,128}
2025-08-29 22:15:43,127 [INFO] I2cTimingTraitement:330 - 0x00000E14
2025-08-29 22:15:43,132 [WARN] IP:2250 - SRAM5PowerDownInRunMode not found: check if there is a RefParameter without a condition.
2025-08-29 22:15:43,132 [WARN] IP:2250 - RAM1Page4PowerDownInStopMode not found: check if there is a RefParameter without a condition.
2025-08-29 22:15:43,132 [WARN] IP:2250 - RAM1Page5PowerDownInStopMode not found: check if there is a RefParameter without a condition.
2025-08-29 22:15:43,132 [WARN] IP:2250 - RAM1Page6PowerDownInStopMode not found: check if there is a RefParameter without a condition.
2025-08-29 22:15:43,132 [WARN] IP:2250 - RAM1Page7PowerDownInStopMode not found: check if there is a RefParameter without a condition.
2025-08-29 22:15:43,132 [WARN] IP:2250 - RAM1Page8PowerDownInStopMode not found: check if there is a RefParameter without a condition.
2025-08-29 22:15:43,132 [WARN] IP:2250 - RAM1Page9PowerDownInStopMode not found: check if there is a RefParameter without a condition.
2025-08-29 22:15:43,132 [WARN] IP:2250 - RAM1Page10PowerDownInStopMode not found: check if there is a RefParameter without a condition.
2025-08-29 22:15:43,132 [WARN] IP:2250 - RAM1Page11PowerDownInStopMode not found: check if there is a RefParameter without a condition.
2025-08-29 22:15:43,132 [WARN] IP:2250 - RAM1Page12PowerDownInStopMode not found: check if there is a RefParameter without a condition.
2025-08-29 22:15:43,132 [WARN] IP:2250 - RAM3Page9PowerDownInStopMode not found: check if there is a RefParameter without a condition.
2025-08-29 22:15:43,132 [WARN] IP:2250 - RAM3Page10PowerDownInStopMode not found: check if there is a RefParameter without a condition.
2025-08-29 22:15:43,132 [WARN] IP:2250 - RAM3Page11PowerDownInStopMode not found: check if there is a RefParameter without a condition.
2025-08-29 22:15:43,132 [WARN] IP:2250 - RAM3Page12PowerDownInStopMode not found: check if there is a RefParameter without a condition.
2025-08-29 22:15:43,132 [WARN] IP:2250 - RAM3Page13PowerDownInStopMode not found: check if there is a RefParameter without a condition.
2025-08-29 22:15:43,132 [WARN] IP:2250 - RAM5Page1PowerDownInStopMode not found: check if there is a RefParameter without a condition.
2025-08-29 22:15:43,132 [WARN] IP:2250 - RAM5Page2PowerDownInStopMode not found: check if there is a RefParameter without a condition.
2025-08-29 22:15:43,132 [WARN] IP:2250 - RAM5Page3PowerDownInStopMode not found: check if there is a RefParameter without a condition.
2025-08-29 22:15:43,132 [WARN] IP:2250 - RAM5Page4PowerDownInStopMode not found: check if there is a RefParameter without a condition.
2025-08-29 22:15:43,132 [WARN] IP:2250 - RAM5Page5PowerDownInStopMode not found: check if there is a RefParameter without a condition.
2025-08-29 22:15:43,132 [WARN] IP:2250 - RAM5Page6PowerDownInStopMode not found: check if there is a RefParameter without a condition.
2025-08-29 22:15:43,132 [WARN] IP:2250 - RAM5Page7PowerDownInStopMode not found: check if there is a RefParameter without a condition.
2025-08-29 22:15:43,132 [WARN] IP:2250 - RAM5Page8PowerDownInStopMode not found: check if there is a RefParameter without a condition.
2025-08-29 22:15:43,132 [WARN] IP:2250 - RAM5Page9PowerDownInStopMode not found: check if there is a RefParameter without a condition.
2025-08-29 22:15:43,132 [WARN] IP:2250 - RAM5Page10PowerDownInStopMode not found: check if there is a RefParameter without a condition.
2025-08-29 22:15:43,132 [WARN] IP:2250 - RAM5Page11PowerDownInStopMode not found: check if there is a RefParameter without a condition.
2025-08-29 22:15:43,132 [WARN] IP:2250 - RAM5Page12PowerDownInStopMode not found: check if there is a RefParameter without a condition.
2025-08-29 22:15:43,132 [WARN] IP:2250 - RAM5Page13PowerDownInStopMode not found: check if there is a RefParameter without a condition.
2025-08-29 22:15:43,132 [WARN] IP:2250 - Dcache2PowerDownInStopMode not found: check if there is a RefParameter without a condition.
2025-08-29 22:15:43,132 [WARN] IP:2250 - GRAPHICPRAMPowerDownInStopMode not found: check if there is a RefParameter without a condition.
2025-08-29 22:15:43,132 [WARN] IP:2250 - DSIRAMPowerDownInStopMode not found: check if there is a RefParameter without a condition.
2025-08-29 22:15:43,133 [WARN] IP:2250 - SRAM5PowerDownInRunMode not found: check if there is a RefParameter without a condition.
2025-08-29 22:15:43,133 [WARN] IP:2250 - RAM1Page4PowerDownInStopMode not found: check if there is a RefParameter without a condition.
2025-08-29 22:15:43,133 [WARN] IP:2250 - RAM1Page5PowerDownInStopMode not found: check if there is a RefParameter without a condition.
2025-08-29 22:15:43,133 [WARN] IP:2250 - RAM1Page6PowerDownInStopMode not found: check if there is a RefParameter without a condition.
2025-08-29 22:15:43,133 [WARN] IP:2250 - RAM1Page7PowerDownInStopMode not found: check if there is a RefParameter without a condition.
2025-08-29 22:15:43,133 [WARN] IP:2250 - RAM1Page8PowerDownInStopMode not found: check if there is a RefParameter without a condition.
2025-08-29 22:15:43,134 [WARN] IP:2250 - RAM1Page9PowerDownInStopMode not found: check if there is a RefParameter without a condition.
2025-08-29 22:15:43,134 [WARN] IP:2250 - RAM1Page10PowerDownInStopMode not found: check if there is a RefParameter without a condition.
2025-08-29 22:15:43,134 [WARN] IP:2250 - RAM1Page11PowerDownInStopMode not found: check if there is a RefParameter without a condition.
2025-08-29 22:15:43,134 [WARN] IP:2250 - RAM1Page12PowerDownInStopMode not found: check if there is a RefParameter without a condition.
2025-08-29 22:15:43,134 [WARN] IP:2250 - RAM3Page9PowerDownInStopMode not found: check if there is a RefParameter without a condition.
2025-08-29 22:15:43,134 [WARN] IP:2250 - RAM3Page10PowerDownInStopMode not found: check if there is a RefParameter without a condition.
2025-08-29 22:15:43,134 [WARN] IP:2250 - RAM3Page11PowerDownInStopMode not found: check if there is a RefParameter without a condition.
2025-08-29 22:15:43,134 [WARN] IP:2250 - RAM3Page12PowerDownInStopMode not found: check if there is a RefParameter without a condition.
2025-08-29 22:15:43,134 [WARN] IP:2250 - RAM3Page13PowerDownInStopMode not found: check if there is a RefParameter without a condition.
2025-08-29 22:15:43,134 [WARN] IP:2250 - RAM5Page1PowerDownInStopMode not found: check if there is a RefParameter without a condition.
2025-08-29 22:15:43,134 [WARN] IP:2250 - RAM5Page2PowerDownInStopMode not found: check if there is a RefParameter without a condition.
2025-08-29 22:15:43,134 [WARN] IP:2250 - RAM5Page3PowerDownInStopMode not found: check if there is a RefParameter without a condition.
2025-08-29 22:15:43,134 [WARN] IP:2250 - RAM5Page4PowerDownInStopMode not found: check if there is a RefParameter without a condition.
2025-08-29 22:15:43,134 [WARN] IP:2250 - RAM5Page5PowerDownInStopMode not found: check if there is a RefParameter without a condition.
2025-08-29 22:15:43,134 [WARN] IP:2250 - RAM5Page6PowerDownInStopMode not found: check if there is a RefParameter without a condition.
2025-08-29 22:15:43,134 [WARN] IP:2250 - RAM5Page7PowerDownInStopMode not found: check if there is a RefParameter without a condition.
2025-08-29 22:15:43,134 [WARN] IP:2250 - RAM5Page8PowerDownInStopMode not found: check if there is a RefParameter without a condition.
2025-08-29 22:15:43,134 [WARN] IP:2250 - RAM5Page9PowerDownInStopMode not found: check if there is a RefParameter without a condition.
2025-08-29 22:15:43,134 [WARN] IP:2250 - RAM5Page10PowerDownInStopMode not found: check if there is a RefParameter without a condition.
2025-08-29 22:15:43,134 [WARN] IP:2250 - RAM5Page11PowerDownInStopMode not found: check if there is a RefParameter without a condition.
2025-08-29 22:15:43,134 [WARN] IP:2250 - RAM5Page12PowerDownInStopMode not found: check if there is a RefParameter without a condition.
2025-08-29 22:15:43,134 [WARN] IP:2250 - RAM5Page13PowerDownInStopMode not found: check if there is a RefParameter without a condition.
2025-08-29 22:15:43,134 [WARN] IP:2250 - Dcache2PowerDownInStopMode not found: check if there is a RefParameter without a condition.
2025-08-29 22:15:43,134 [WARN] IP:2250 - GRAPHICPRAMPowerDownInStopMode not found: check if there is a RefParameter without a condition.
2025-08-29 22:15:43,134 [WARN] IP:2250 - DSIRAMPowerDownInStopMode not found: check if there is a RefParameter without a condition.
2025-08-29 22:15:43,230 [WARN] IP:2250 - OutPut1 not found: check if there is a RefParameter without a condition.
2025-08-29 22:15:43,230 [WARN] IP:2250 - OutPut2 not found: check if there is a RefParameter without a condition.
2025-08-29 22:15:43,230 [WARN] IP:2250 - OutPut3 not found: check if there is a RefParameter without a condition.
2025-08-29 22:15:43,231 [WARN] IP:2250 - BinMixBcdU not found: check if there is a RefParameter without a condition.
2025-08-29 22:15:43,231 [WARN] IP:2250 - SSRU_Underflow_Interrupt not found: check if there is a RefParameter without a condition.
2025-08-29 22:15:43,231 [WARN] IP:2250 - rtcSecureFull not found: check if there is a RefParameter without a condition.
2025-08-29 22:15:43,231 [WARN] IP:2250 - rtcNonSecureFeatures not found: check if there is a RefParameter without a condition.
2025-08-29 22:15:43,231 [WARN] IP:2250 - RTC_NONSECURE_FEATURE_NONE not found: check if there is a RefParameter without a condition.
2025-08-29 22:15:43,231 [WARN] IP:2250 - RTC_NONSECURE_FEATURE_INIT not found: check if there is a RefParameter without a condition.
2025-08-29 22:15:43,231 [WARN] IP:2250 - RTC_NONSECURE_FEATURE_ALRA not found: check if there is a RefParameter without a condition.
2025-08-29 22:15:43,231 [WARN] IP:2250 - RTC_NONSECURE_FEATURE_ALRB not found: check if there is a RefParameter without a condition.
2025-08-29 22:15:43,231 [WARN] IP:2250 - RTC_NONSECURE_FEATURE_TS not found: check if there is a RefParameter without a condition.
2025-08-29 22:15:43,231 [WARN] IP:2250 - RTC_NONSECURE_FEATURE_CAL not found: check if there is a RefParameter without a condition.
2025-08-29 22:15:43,231 [WARN] IP:2250 - RTC_NONSECURE_FEATURE_WUT not found: check if there is a RefParameter without a condition.
2025-08-29 22:15:43,231 [WARN] IP:2250 - Sec_BKP_Registers1 not found: check if there is a RefParameter without a condition.
2025-08-29 22:15:43,231 [WARN] IP:2250 - backupRegisterStartZone2_gS not found: check if there is a RefParameter without a condition.
2025-08-29 22:15:43,231 [WARN] IP:2250 - backupRegisterStartZone3_gS not found: check if there is a RefParameter without a condition.
2025-08-29 22:15:43,231 [WARN] IP:2250 - rtcPrivilegeFeatures not found: check if there is a RefParameter without a condition.
2025-08-29 22:15:43,231 [WARN] IP:2250 - RTC_PRIVILEGE_FEATURE_INIT not found: check if there is a RefParameter without a condition.
2025-08-29 22:15:43,231 [WARN] IP:2250 - RTC_PRIVILEGE_FEATURE_ALRA not found: check if there is a RefParameter without a condition.
2025-08-29 22:15:43,231 [WARN] IP:2250 - RTC_PRIVILEGE_FEATURE_ALRB not found: check if there is a RefParameter without a condition.
2025-08-29 22:15:43,231 [WARN] IP:2250 - RTC_PRIVILEGE_FEATURE_CAL not found: check if there is a RefParameter without a condition.
2025-08-29 22:15:43,231 [WARN] IP:2250 - RTC_PRIVILEGE_FEATURE_TS not found: check if there is a RefParameter without a condition.
2025-08-29 22:15:43,231 [WARN] IP:2250 - RTC_PRIVILEGE_FEATURE_WUT not found: check if there is a RefParameter without a condition.
2025-08-29 22:15:43,231 [WARN] IP:2250 - SSRU_Underflow_Interrupt not found: check if there is a RefParameter without a condition.
2025-08-29 22:15:43,231 [WARN] IP:2250 - BinMixBcdU not found: check if there is a RefParameter without a condition.
2025-08-29 22:15:43,232 [WARN] IP:2250 - OutPut1 not found: check if there is a RefParameter without a condition.
2025-08-29 22:15:43,232 [WARN] IP:2250 - OutPut2 not found: check if there is a RefParameter without a condition.
2025-08-29 22:15:43,232 [WARN] IP:2250 - OutPut3 not found: check if there is a RefParameter without a condition.
2025-08-29 22:15:43,232 [WARN] IP:2250 - BinMixBcdU not found: check if there is a RefParameter without a condition.
2025-08-29 22:15:43,232 [WARN] IP:2250 - SSRU_Underflow_Interrupt not found: check if there is a RefParameter without a condition.
2025-08-29 22:15:43,232 [WARN] IP:2250 - rtcSecureFull not found: check if there is a RefParameter without a condition.
2025-08-29 22:15:43,232 [WARN] IP:2250 - rtcNonSecureFeatures not found: check if there is a RefParameter without a condition.
2025-08-29 22:15:43,232 [WARN] IP:2250 - RTC_NONSECURE_FEATURE_NONE not found: check if there is a RefParameter without a condition.
2025-08-29 22:15:43,232 [WARN] IP:2250 - RTC_NONSECURE_FEATURE_INIT not found: check if there is a RefParameter without a condition.
2025-08-29 22:15:43,232 [WARN] IP:2250 - RTC_NONSECURE_FEATURE_ALRA not found: check if there is a RefParameter without a condition.
2025-08-29 22:15:43,232 [WARN] IP:2250 - RTC_NONSECURE_FEATURE_ALRB not found: check if there is a RefParameter without a condition.
2025-08-29 22:15:43,232 [WARN] IP:2250 - RTC_NONSECURE_FEATURE_TS not found: check if there is a RefParameter without a condition.
2025-08-29 22:15:43,232 [WARN] IP:2250 - RTC_NONSECURE_FEATURE_CAL not found: check if there is a RefParameter without a condition.
2025-08-29 22:15:43,232 [WARN] IP:2250 - RTC_NONSECURE_FEATURE_WUT not found: check if there is a RefParameter without a condition.
2025-08-29 22:15:43,232 [WARN] IP:2250 - Sec_BKP_Registers1 not found: check if there is a RefParameter without a condition.
2025-08-29 22:15:43,232 [WARN] IP:2250 - backupRegisterStartZone2_gS not found: check if there is a RefParameter without a condition.
2025-08-29 22:15:43,232 [WARN] IP:2250 - backupRegisterStartZone3_gS not found: check if there is a RefParameter without a condition.
2025-08-29 22:15:43,232 [WARN] IP:2250 - rtcPrivilegeFeatures not found: check if there is a RefParameter without a condition.
2025-08-29 22:15:43,232 [WARN] IP:2250 - RTC_PRIVILEGE_FEATURE_INIT not found: check if there is a RefParameter without a condition.
2025-08-29 22:15:43,232 [WARN] IP:2250 - RTC_PRIVILEGE_FEATURE_ALRA not found: check if there is a RefParameter without a condition.
2025-08-29 22:15:43,232 [WARN] IP:2250 - RTC_PRIVILEGE_FEATURE_ALRB not found: check if there is a RefParameter without a condition.
2025-08-29 22:15:43,232 [WARN] IP:2250 - RTC_PRIVILEGE_FEATURE_CAL not found: check if there is a RefParameter without a condition.
2025-08-29 22:15:43,232 [WARN] IP:2250 - RTC_PRIVILEGE_FEATURE_TS not found: check if there is a RefParameter without a condition.
2025-08-29 22:15:43,232 [WARN] IP:2250 - RTC_PRIVILEGE_FEATURE_WUT not found: check if there is a RefParameter without a condition.
2025-08-29 22:15:43,232 [WARN] IP:2250 - BinaryAutoClr_A not found: check if there is a RefParameter without a condition.
2025-08-29 22:15:43,232 [WARN] IP:2250 - FlagAutoClr_A not found: check if there is a RefParameter without a condition.
2025-08-29 22:15:43,233 [WARN] IP:2250 - OutPut1 not found: check if there is a RefParameter without a condition.
2025-08-29 22:15:43,233 [WARN] IP:2250 - OutPut2 not found: check if there is a RefParameter without a condition.
2025-08-29 22:15:43,233 [WARN] IP:2250 - OutPut3 not found: check if there is a RefParameter without a condition.
2025-08-29 22:15:43,233 [WARN] IP:2250 - BinMixBcdU not found: check if there is a RefParameter without a condition.
2025-08-29 22:15:43,233 [WARN] IP:2250 - SSRU_Underflow_Interrupt not found: check if there is a RefParameter without a condition.
2025-08-29 22:15:43,233 [WARN] IP:2250 - rtcSecureFull not found: check if there is a RefParameter without a condition.
2025-08-29 22:15:43,233 [WARN] IP:2250 - rtcNonSecureFeatures not found: check if there is a RefParameter without a condition.
2025-08-29 22:15:43,233 [WARN] IP:2250 - RTC_NONSECURE_FEATURE_NONE not found: check if there is a RefParameter without a condition.
2025-08-29 22:15:43,233 [WARN] IP:2250 - RTC_NONSECURE_FEATURE_INIT not found: check if there is a RefParameter without a condition.
2025-08-29 22:15:43,233 [WARN] IP:2250 - RTC_NONSECURE_FEATURE_ALRA not found: check if there is a RefParameter without a condition.
2025-08-29 22:15:43,233 [WARN] IP:2250 - RTC_NONSECURE_FEATURE_ALRB not found: check if there is a RefParameter without a condition.
2025-08-29 22:15:43,233 [WARN] IP:2250 - RTC_NONSECURE_FEATURE_TS not found: check if there is a RefParameter without a condition.
2025-08-29 22:15:43,233 [WARN] IP:2250 - RTC_NONSECURE_FEATURE_CAL not found: check if there is a RefParameter without a condition.
2025-08-29 22:15:43,233 [WARN] IP:2250 - RTC_NONSECURE_FEATURE_WUT not found: check if there is a RefParameter without a condition.
2025-08-29 22:15:43,233 [WARN] IP:2250 - Sec_BKP_Registers1 not found: check if there is a RefParameter without a condition.
2025-08-29 22:15:43,233 [WARN] IP:2250 - backupRegisterStartZone2_gS not found: check if there is a RefParameter without a condition.
2025-08-29 22:15:43,233 [WARN] IP:2250 - backupRegisterStartZone3_gS not found: check if there is a RefParameter without a condition.
2025-08-29 22:15:43,233 [WARN] IP:2250 - rtcPrivilegeFeatures not found: check if there is a RefParameter without a condition.
2025-08-29 22:15:43,234 [WARN] IP:2250 - RTC_PRIVILEGE_FEATURE_INIT not found: check if there is a RefParameter without a condition.
2025-08-29 22:15:43,234 [WARN] IP:2250 - RTC_PRIVILEGE_FEATURE_ALRA not found: check if there is a RefParameter without a condition.
2025-08-29 22:15:43,234 [WARN] IP:2250 - RTC_PRIVILEGE_FEATURE_ALRB not found: check if there is a RefParameter without a condition.
2025-08-29 22:15:43,234 [WARN] IP:2250 - RTC_PRIVILEGE_FEATURE_CAL not found: check if there is a RefParameter without a condition.
2025-08-29 22:15:43,234 [WARN] IP:2250 - RTC_PRIVILEGE_FEATURE_TS not found: check if there is a RefParameter without a condition.
2025-08-29 22:15:43,234 [WARN] IP:2250 - RTC_PRIVILEGE_FEATURE_WUT not found: check if there is a RefParameter without a condition.
2025-08-29 22:15:43,234 [WARN] IP:2250 - SSRU_Underflow_Interrupt not found: check if there is a RefParameter without a condition.
2025-08-29 22:15:43,234 [WARN] IP:2250 - BinMixBcdU not found: check if there is a RefParameter without a condition.
2025-08-29 22:15:43,234 [WARN] IP:2250 - OutPut1 not found: check if there is a RefParameter without a condition.
2025-08-29 22:15:43,234 [WARN] IP:2250 - OutPut2 not found: check if there is a RefParameter without a condition.
2025-08-29 22:15:43,234 [WARN] IP:2250 - OutPut3 not found: check if there is a RefParameter without a condition.
2025-08-29 22:15:43,234 [WARN] IP:2250 - BinMixBcdU not found: check if there is a RefParameter without a condition.
2025-08-29 22:15:43,234 [WARN] IP:2250 - SSRU_Underflow_Interrupt not found: check if there is a RefParameter without a condition.
2025-08-29 22:15:43,234 [WARN] IP:2250 - rtcSecureFull not found: check if there is a RefParameter without a condition.
2025-08-29 22:15:43,234 [WARN] IP:2250 - rtcNonSecureFeatures not found: check if there is a RefParameter without a condition.
2025-08-29 22:15:43,234 [WARN] IP:2250 - RTC_NONSECURE_FEATURE_NONE not found: check if there is a RefParameter without a condition.
2025-08-29 22:15:43,234 [WARN] IP:2250 - RTC_NONSECURE_FEATURE_INIT not found: check if there is a RefParameter without a condition.
2025-08-29 22:15:43,234 [WARN] IP:2250 - RTC_NONSECURE_FEATURE_ALRA not found: check if there is a RefParameter without a condition.
2025-08-29 22:15:43,234 [WARN] IP:2250 - RTC_NONSECURE_FEATURE_ALRB not found: check if there is a RefParameter without a condition.
2025-08-29 22:15:43,234 [WARN] IP:2250 - RTC_NONSECURE_FEATURE_TS not found: check if there is a RefParameter without a condition.
2025-08-29 22:15:43,234 [WARN] IP:2250 - RTC_NONSECURE_FEATURE_CAL not found: check if there is a RefParameter without a condition.
2025-08-29 22:15:43,234 [WARN] IP:2250 - RTC_NONSECURE_FEATURE_WUT not found: check if there is a RefParameter without a condition.
2025-08-29 22:15:43,235 [WARN] IP:2250 - Sec_BKP_Registers1 not found: check if there is a RefParameter without a condition.
2025-08-29 22:15:43,235 [WARN] IP:2250 - backupRegisterStartZone2_gS not found: check if there is a RefParameter without a condition.
2025-08-29 22:15:43,235 [WARN] IP:2250 - backupRegisterStartZone3_gS not found: check if there is a RefParameter without a condition.
2025-08-29 22:15:43,235 [WARN] IP:2250 - rtcPrivilegeFeatures not found: check if there is a RefParameter without a condition.
2025-08-29 22:15:43,235 [WARN] IP:2250 - RTC_PRIVILEGE_FEATURE_INIT not found: check if there is a RefParameter without a condition.
2025-08-29 22:15:43,235 [WARN] IP:2250 - RTC_PRIVILEGE_FEATURE_ALRA not found: check if there is a RefParameter without a condition.
2025-08-29 22:15:43,235 [WARN] IP:2250 - RTC_PRIVILEGE_FEATURE_ALRB not found: check if there is a RefParameter without a condition.
2025-08-29 22:15:43,235 [WARN] IP:2250 - RTC_PRIVILEGE_FEATURE_CAL not found: check if there is a RefParameter without a condition.
2025-08-29 22:15:43,235 [WARN] IP:2250 - RTC_PRIVILEGE_FEATURE_TS not found: check if there is a RefParameter without a condition.
2025-08-29 22:15:43,235 [WARN] IP:2250 - RTC_PRIVILEGE_FEATURE_WUT not found: check if there is a RefParameter without a condition.
2025-08-29 22:15:43,235 [WARN] IP:2250 - BinaryAutoClr_A not found: check if there is a RefParameter without a condition.
2025-08-29 22:15:43,235 [WARN] IP:2250 - FlagAutoClr_A not found: check if there is a RefParameter without a condition.
2025-08-29 22:15:43,275 [WARN] IP:2250 - DATAEXCHANGEDESRCBYTE_GPDMACH2 not found: check if there is a RefParameter without a condition.
2025-08-29 22:15:43,276 [WARN] IP:2250 - DATAEXCHANGEDESTHALFWORD_GPDMACH2 not found: check if there is a RefParameter without a condition.
2025-08-29 22:15:43,285 [WARN] IP:2250 - DATAEXCHANGEDESRCBYTE_GPDMACH2 not found: check if there is a RefParameter without a condition.
2025-08-29 22:15:43,285 [WARN] IP:2250 - DATAEXCHANGEDESTHALFWORD_GPDMACH2 not found: check if there is a RefParameter without a condition.
2025-08-29 22:15:43,450 [WARN] IP:2250 - SRAM5PowerDownInRunMode not found: check if there is a RefParameter without a condition.
2025-08-29 22:15:43,451 [WARN] IP:2250 - RAM1Page4PowerDownInStopMode not found: check if there is a RefParameter without a condition.
2025-08-29 22:15:43,451 [WARN] IP:2250 - RAM1Page5PowerDownInStopMode not found: check if there is a RefParameter without a condition.
2025-08-29 22:15:43,451 [WARN] IP:2250 - RAM1Page6PowerDownInStopMode not found: check if there is a RefParameter without a condition.
2025-08-29 22:15:43,451 [WARN] IP:2250 - RAM1Page7PowerDownInStopMode not found: check if there is a RefParameter without a condition.
2025-08-29 22:15:43,451 [WARN] IP:2250 - RAM1Page8PowerDownInStopMode not found: check if there is a RefParameter without a condition.
2025-08-29 22:15:43,451 [WARN] IP:2250 - RAM1Page9PowerDownInStopMode not found: check if there is a RefParameter without a condition.
2025-08-29 22:15:43,451 [WARN] IP:2250 - RAM1Page10PowerDownInStopMode not found: check if there is a RefParameter without a condition.
2025-08-29 22:15:43,451 [WARN] IP:2250 - RAM1Page11PowerDownInStopMode not found: check if there is a RefParameter without a condition.
2025-08-29 22:15:43,451 [WARN] IP:2250 - RAM1Page12PowerDownInStopMode not found: check if there is a RefParameter without a condition.
2025-08-29 22:15:43,451 [WARN] IP:2250 - RAM3Page9PowerDownInStopMode not found: check if there is a RefParameter without a condition.
2025-08-29 22:15:43,451 [WARN] IP:2250 - RAM3Page10PowerDownInStopMode not found: check if there is a RefParameter without a condition.
2025-08-29 22:15:43,451 [WARN] IP:2250 - RAM3Page11PowerDownInStopMode not found: check if there is a RefParameter without a condition.
2025-08-29 22:15:43,451 [WARN] IP:2250 - RAM3Page12PowerDownInStopMode not found: check if there is a RefParameter without a condition.
2025-08-29 22:15:43,451 [WARN] IP:2250 - RAM3Page13PowerDownInStopMode not found: check if there is a RefParameter without a condition.
2025-08-29 22:15:43,451 [WARN] IP:2250 - RAM5Page1PowerDownInStopMode not found: check if there is a RefParameter without a condition.
2025-08-29 22:15:43,451 [WARN] IP:2250 - RAM5Page2PowerDownInStopMode not found: check if there is a RefParameter without a condition.
2025-08-29 22:15:43,451 [WARN] IP:2250 - RAM5Page3PowerDownInStopMode not found: check if there is a RefParameter without a condition.
2025-08-29 22:15:43,451 [WARN] IP:2250 - RAM5Page4PowerDownInStopMode not found: check if there is a RefParameter without a condition.
2025-08-29 22:15:43,451 [WARN] IP:2250 - RAM5Page5PowerDownInStopMode not found: check if there is a RefParameter without a condition.
2025-08-29 22:15:43,451 [WARN] IP:2250 - RAM5Page6PowerDownInStopMode not found: check if there is a RefParameter without a condition.
2025-08-29 22:15:43,451 [WARN] IP:2250 - RAM5Page7PowerDownInStopMode not found: check if there is a RefParameter without a condition.
2025-08-29 22:15:43,451 [WARN] IP:2250 - RAM5Page8PowerDownInStopMode not found: check if there is a RefParameter without a condition.
2025-08-29 22:15:43,451 [WARN] IP:2250 - RAM5Page9PowerDownInStopMode not found: check if there is a RefParameter without a condition.
2025-08-29 22:15:43,451 [WARN] IP:2250 - RAM5Page10PowerDownInStopMode not found: check if there is a RefParameter without a condition.
2025-08-29 22:15:43,451 [WARN] IP:2250 - RAM5Page11PowerDownInStopMode not found: check if there is a RefParameter without a condition.
2025-08-29 22:15:43,451 [WARN] IP:2250 - RAM5Page12PowerDownInStopMode not found: check if there is a RefParameter without a condition.
2025-08-29 22:15:43,451 [WARN] IP:2250 - RAM5Page13PowerDownInStopMode not found: check if there is a RefParameter without a condition.
2025-08-29 22:15:43,452 [WARN] IP:2250 - Dcache2PowerDownInStopMode not found: check if there is a RefParameter without a condition.
2025-08-29 22:15:43,452 [WARN] IP:2250 - GRAPHICPRAMPowerDownInStopMode not found: check if there is a RefParameter without a condition.
2025-08-29 22:15:43,452 [WARN] IP:2250 - DSIRAMPowerDownInStopMode not found: check if there is a RefParameter without a condition.
2025-08-29 22:15:43,454 [WARN] IP:2250 - SRAM5PowerDownInRunMode not found: check if there is a RefParameter without a condition.
2025-08-29 22:15:43,454 [WARN] IP:2250 - RAM1Page4PowerDownInStopMode not found: check if there is a RefParameter without a condition.
2025-08-29 22:15:43,454 [WARN] IP:2250 - RAM1Page5PowerDownInStopMode not found: check if there is a RefParameter without a condition.
2025-08-29 22:15:43,454 [WARN] IP:2250 - RAM1Page6PowerDownInStopMode not found: check if there is a RefParameter without a condition.
2025-08-29 22:15:43,454 [WARN] IP:2250 - RAM1Page7PowerDownInStopMode not found: check if there is a RefParameter without a condition.
2025-08-29 22:15:43,454 [WARN] IP:2250 - RAM1Page8PowerDownInStopMode not found: check if there is a RefParameter without a condition.
2025-08-29 22:15:43,454 [WARN] IP:2250 - RAM1Page9PowerDownInStopMode not found: check if there is a RefParameter without a condition.
2025-08-29 22:15:43,454 [WARN] IP:2250 - RAM1Page10PowerDownInStopMode not found: check if there is a RefParameter without a condition.
2025-08-29 22:15:43,454 [WARN] IP:2250 - RAM1Page11PowerDownInStopMode not found: check if there is a RefParameter without a condition.
2025-08-29 22:15:43,454 [WARN] IP:2250 - RAM1Page12PowerDownInStopMode not found: check if there is a RefParameter without a condition.
2025-08-29 22:15:43,454 [WARN] IP:2250 - RAM3Page9PowerDownInStopMode not found: check if there is a RefParameter without a condition.
2025-08-29 22:15:43,454 [WARN] IP:2250 - RAM3Page10PowerDownInStopMode not found: check if there is a RefParameter without a condition.
2025-08-29 22:15:43,454 [WARN] IP:2250 - RAM3Page11PowerDownInStopMode not found: check if there is a RefParameter without a condition.
2025-08-29 22:15:43,454 [WARN] IP:2250 - RAM3Page12PowerDownInStopMode not found: check if there is a RefParameter without a condition.
2025-08-29 22:15:43,454 [WARN] IP:2250 - RAM3Page13PowerDownInStopMode not found: check if there is a RefParameter without a condition.
2025-08-29 22:15:43,454 [WARN] IP:2250 - RAM5Page1PowerDownInStopMode not found: check if there is a RefParameter without a condition.
2025-08-29 22:15:43,455 [WARN] IP:2250 - RAM5Page2PowerDownInStopMode not found: check if there is a RefParameter without a condition.
2025-08-29 22:15:43,455 [WARN] IP:2250 - RAM5Page3PowerDownInStopMode not found: check if there is a RefParameter without a condition.
2025-08-29 22:15:43,455 [WARN] IP:2250 - RAM5Page4PowerDownInStopMode not found: check if there is a RefParameter without a condition.
2025-08-29 22:15:43,455 [WARN] IP:2250 - RAM5Page5PowerDownInStopMode not found: check if there is a RefParameter without a condition.
2025-08-29 22:15:43,455 [WARN] IP:2250 - RAM5Page6PowerDownInStopMode not found: check if there is a RefParameter without a condition.
2025-08-29 22:15:43,455 [WARN] IP:2250 - RAM5Page7PowerDownInStopMode not found: check if there is a RefParameter without a condition.
2025-08-29 22:15:43,455 [WARN] IP:2250 - RAM5Page8PowerDownInStopMode not found: check if there is a RefParameter without a condition.
2025-08-29 22:15:43,455 [WARN] IP:2250 - RAM5Page9PowerDownInStopMode not found: check if there is a RefParameter without a condition.
2025-08-29 22:15:43,455 [WARN] IP:2250 - RAM5Page10PowerDownInStopMode not found: check if there is a RefParameter without a condition.
2025-08-29 22:15:43,455 [WARN] IP:2250 - RAM5Page11PowerDownInStopMode not found: check if there is a RefParameter without a condition.
2025-08-29 22:15:43,455 [WARN] IP:2250 - RAM5Page12PowerDownInStopMode not found: check if there is a RefParameter without a condition.
2025-08-29 22:15:43,455 [WARN] IP:2250 - RAM5Page13PowerDownInStopMode not found: check if there is a RefParameter without a condition.
2025-08-29 22:15:43,455 [WARN] IP:2250 - Dcache2PowerDownInStopMode not found: check if there is a RefParameter without a condition.
2025-08-29 22:15:43,455 [WARN] IP:2250 - GRAPHICPRAMPowerDownInStopMode not found: check if there is a RefParameter without a condition.
2025-08-29 22:15:43,455 [WARN] IP:2250 - DSIRAMPowerDownInStopMode not found: check if there is a RefParameter without a condition.
2025-08-29 22:15:43,556 [WARN] IP:2250 - OutPut1 not found: check if there is a RefParameter without a condition.
2025-08-29 22:15:43,556 [WARN] IP:2250 - OutPut2 not found: check if there is a RefParameter without a condition.
2025-08-29 22:15:43,556 [WARN] IP:2250 - OutPut3 not found: check if there is a RefParameter without a condition.
2025-08-29 22:15:43,556 [WARN] IP:2250 - BinMixBcdU not found: check if there is a RefParameter without a condition.
2025-08-29 22:15:43,557 [WARN] IP:2250 - SSRU_Underflow_Interrupt not found: check if there is a RefParameter without a condition.
2025-08-29 22:15:43,557 [WARN] IP:2250 - rtcSecureFull not found: check if there is a RefParameter without a condition.
2025-08-29 22:15:43,557 [WARN] IP:2250 - rtcNonSecureFeatures not found: check if there is a RefParameter without a condition.
2025-08-29 22:15:43,557 [WARN] IP:2250 - RTC_NONSECURE_FEATURE_NONE not found: check if there is a RefParameter without a condition.
2025-08-29 22:15:43,557 [WARN] IP:2250 - RTC_NONSECURE_FEATURE_INIT not found: check if there is a RefParameter without a condition.
2025-08-29 22:15:43,557 [WARN] IP:2250 - RTC_NONSECURE_FEATURE_ALRA not found: check if there is a RefParameter without a condition.
2025-08-29 22:15:43,557 [WARN] IP:2250 - RTC_NONSECURE_FEATURE_ALRB not found: check if there is a RefParameter without a condition.
2025-08-29 22:15:43,557 [WARN] IP:2250 - RTC_NONSECURE_FEATURE_TS not found: check if there is a RefParameter without a condition.
2025-08-29 22:15:43,557 [WARN] IP:2250 - RTC_NONSECURE_FEATURE_CAL not found: check if there is a RefParameter without a condition.
2025-08-29 22:15:43,557 [WARN] IP:2250 - RTC_NONSECURE_FEATURE_WUT not found: check if there is a RefParameter without a condition.
2025-08-29 22:15:43,557 [WARN] IP:2250 - Sec_BKP_Registers1 not found: check if there is a RefParameter without a condition.
2025-08-29 22:15:43,557 [WARN] IP:2250 - backupRegisterStartZone2_gS not found: check if there is a RefParameter without a condition.
2025-08-29 22:15:43,557 [WARN] IP:2250 - backupRegisterStartZone3_gS not found: check if there is a RefParameter without a condition.
2025-08-29 22:15:43,557 [WARN] IP:2250 - rtcPrivilegeFeatures not found: check if there is a RefParameter without a condition.
2025-08-29 22:15:43,557 [WARN] IP:2250 - RTC_PRIVILEGE_FEATURE_INIT not found: check if there is a RefParameter without a condition.
2025-08-29 22:15:43,557 [WARN] IP:2250 - RTC_PRIVILEGE_FEATURE_ALRA not found: check if there is a RefParameter without a condition.
2025-08-29 22:15:43,557 [WARN] IP:2250 - RTC_PRIVILEGE_FEATURE_ALRB not found: check if there is a RefParameter without a condition.
2025-08-29 22:15:43,557 [WARN] IP:2250 - RTC_PRIVILEGE_FEATURE_CAL not found: check if there is a RefParameter without a condition.
2025-08-29 22:15:43,557 [WARN] IP:2250 - RTC_PRIVILEGE_FEATURE_TS not found: check if there is a RefParameter without a condition.
2025-08-29 22:15:43,557 [WARN] IP:2250 - RTC_PRIVILEGE_FEATURE_WUT not found: check if there is a RefParameter without a condition.
2025-08-29 22:15:43,557 [WARN] IP:2250 - SSRU_Underflow_Interrupt not found: check if there is a RefParameter without a condition.
2025-08-29 22:15:43,557 [WARN] IP:2250 - BinMixBcdU not found: check if there is a RefParameter without a condition.
2025-08-29 22:15:43,557 [WARN] IP:2250 - OutPut1 not found: check if there is a RefParameter without a condition.
2025-08-29 22:15:43,557 [WARN] IP:2250 - OutPut2 not found: check if there is a RefParameter without a condition.
2025-08-29 22:15:43,557 [WARN] IP:2250 - OutPut3 not found: check if there is a RefParameter without a condition.
2025-08-29 22:15:43,558 [WARN] IP:2250 - BinMixBcdU not found: check if there is a RefParameter without a condition.
2025-08-29 22:15:43,558 [WARN] IP:2250 - SSRU_Underflow_Interrupt not found: check if there is a RefParameter without a condition.
2025-08-29 22:15:43,558 [WARN] IP:2250 - rtcSecureFull not found: check if there is a RefParameter without a condition.
2025-08-29 22:15:43,558 [WARN] IP:2250 - rtcNonSecureFeatures not found: check if there is a RefParameter without a condition.
2025-08-29 22:15:43,558 [WARN] IP:2250 - RTC_NONSECURE_FEATURE_NONE not found: check if there is a RefParameter without a condition.
2025-08-29 22:15:43,558 [WARN] IP:2250 - RTC_NONSECURE_FEATURE_INIT not found: check if there is a RefParameter without a condition.
2025-08-29 22:15:43,558 [WARN] IP:2250 - RTC_NONSECURE_FEATURE_ALRA not found: check if there is a RefParameter without a condition.
2025-08-29 22:15:43,558 [WARN] IP:2250 - RTC_NONSECURE_FEATURE_ALRB not found: check if there is a RefParameter without a condition.
2025-08-29 22:15:43,558 [WARN] IP:2250 - RTC_NONSECURE_FEATURE_TS not found: check if there is a RefParameter without a condition.
2025-08-29 22:15:43,558 [WARN] IP:2250 - RTC_NONSECURE_FEATURE_CAL not found: check if there is a RefParameter without a condition.
2025-08-29 22:15:43,558 [WARN] IP:2250 - RTC_NONSECURE_FEATURE_WUT not found: check if there is a RefParameter without a condition.
2025-08-29 22:15:43,558 [WARN] IP:2250 - Sec_BKP_Registers1 not found: check if there is a RefParameter without a condition.
2025-08-29 22:15:43,558 [WARN] IP:2250 - backupRegisterStartZone2_gS not found: check if there is a RefParameter without a condition.
2025-08-29 22:15:43,558 [WARN] IP:2250 - backupRegisterStartZone3_gS not found: check if there is a RefParameter without a condition.
2025-08-29 22:15:43,558 [WARN] IP:2250 - rtcPrivilegeFeatures not found: check if there is a RefParameter without a condition.
2025-08-29 22:15:43,558 [WARN] IP:2250 - RTC_PRIVILEGE_FEATURE_INIT not found: check if there is a RefParameter without a condition.
2025-08-29 22:15:43,558 [WARN] IP:2250 - RTC_PRIVILEGE_FEATURE_ALRA not found: check if there is a RefParameter without a condition.
2025-08-29 22:15:43,558 [WARN] IP:2250 - RTC_PRIVILEGE_FEATURE_ALRB not found: check if there is a RefParameter without a condition.
2025-08-29 22:15:43,558 [WARN] IP:2250 - RTC_PRIVILEGE_FEATURE_CAL not found: check if there is a RefParameter without a condition.
2025-08-29 22:15:43,558 [WARN] IP:2250 - RTC_PRIVILEGE_FEATURE_TS not found: check if there is a RefParameter without a condition.
2025-08-29 22:15:43,558 [WARN] IP:2250 - RTC_PRIVILEGE_FEATURE_WUT not found: check if there is a RefParameter without a condition.
2025-08-29 22:15:43,558 [WARN] IP:2250 - BinaryAutoClr_A not found: check if there is a RefParameter without a condition.
2025-08-29 22:15:43,558 [WARN] IP:2250 - FlagAutoClr_A not found: check if there is a RefParameter without a condition.
2025-08-29 22:15:43,559 [WARN] IP:2250 - OutPut1 not found: check if there is a RefParameter without a condition.
2025-08-29 22:15:43,559 [WARN] IP:2250 - OutPut2 not found: check if there is a RefParameter without a condition.
2025-08-29 22:15:43,559 [WARN] IP:2250 - OutPut3 not found: check if there is a RefParameter without a condition.
2025-08-29 22:15:43,559 [WARN] IP:2250 - BinMixBcdU not found: check if there is a RefParameter without a condition.
2025-08-29 22:15:43,559 [WARN] IP:2250 - SSRU_Underflow_Interrupt not found: check if there is a RefParameter without a condition.
2025-08-29 22:15:43,559 [WARN] IP:2250 - rtcSecureFull not found: check if there is a RefParameter without a condition.
2025-08-29 22:15:43,559 [WARN] IP:2250 - rtcNonSecureFeatures not found: check if there is a RefParameter without a condition.
2025-08-29 22:15:43,559 [WARN] IP:2250 - RTC_NONSECURE_FEATURE_NONE not found: check if there is a RefParameter without a condition.
2025-08-29 22:15:43,559 [WARN] IP:2250 - RTC_NONSECURE_FEATURE_INIT not found: check if there is a RefParameter without a condition.
2025-08-29 22:15:43,559 [WARN] IP:2250 - RTC_NONSECURE_FEATURE_ALRA not found: check if there is a RefParameter without a condition.
2025-08-29 22:15:43,559 [WARN] IP:2250 - RTC_NONSECURE_FEATURE_ALRB not found: check if there is a RefParameter without a condition.
2025-08-29 22:15:43,559 [WARN] IP:2250 - RTC_NONSECURE_FEATURE_TS not found: check if there is a RefParameter without a condition.
2025-08-29 22:15:43,559 [WARN] IP:2250 - RTC_NONSECURE_FEATURE_CAL not found: check if there is a RefParameter without a condition.
2025-08-29 22:15:43,559 [WARN] IP:2250 - RTC_NONSECURE_FEATURE_WUT not found: check if there is a RefParameter without a condition.
2025-08-29 22:15:43,559 [WARN] IP:2250 - Sec_BKP_Registers1 not found: check if there is a RefParameter without a condition.
2025-08-29 22:15:43,559 [WARN] IP:2250 - backupRegisterStartZone2_gS not found: check if there is a RefParameter without a condition.
2025-08-29 22:15:43,559 [WARN] IP:2250 - backupRegisterStartZone3_gS not found: check if there is a RefParameter without a condition.
2025-08-29 22:15:43,559 [WARN] IP:2250 - rtcPrivilegeFeatures not found: check if there is a RefParameter without a condition.
2025-08-29 22:15:43,559 [WARN] IP:2250 - RTC_PRIVILEGE_FEATURE_INIT not found: check if there is a RefParameter without a condition.
2025-08-29 22:15:43,559 [WARN] IP:2250 - RTC_PRIVILEGE_FEATURE_ALRA not found: check if there is a RefParameter without a condition.
2025-08-29 22:15:43,559 [WARN] IP:2250 - RTC_PRIVILEGE_FEATURE_ALRB not found: check if there is a RefParameter without a condition.
2025-08-29 22:15:43,559 [WARN] IP:2250 - RTC_PRIVILEGE_FEATURE_CAL not found: check if there is a RefParameter without a condition.
2025-08-29 22:15:43,559 [WARN] IP:2250 - RTC_PRIVILEGE_FEATURE_TS not found: check if there is a RefParameter without a condition.
2025-08-29 22:15:43,559 [WARN] IP:2250 - RTC_PRIVILEGE_FEATURE_WUT not found: check if there is a RefParameter without a condition.
2025-08-29 22:15:43,560 [WARN] IP:2250 - SSRU_Underflow_Interrupt not found: check if there is a RefParameter without a condition.
2025-08-29 22:15:43,560 [WARN] IP:2250 - BinMixBcdU not found: check if there is a RefParameter without a condition.
2025-08-29 22:15:43,560 [WARN] IP:2250 - OutPut1 not found: check if there is a RefParameter without a condition.
2025-08-29 22:15:43,560 [WARN] IP:2250 - OutPut2 not found: check if there is a RefParameter without a condition.
2025-08-29 22:15:43,560 [WARN] IP:2250 - OutPut3 not found: check if there is a RefParameter without a condition.
2025-08-29 22:15:43,560 [WARN] IP:2250 - BinMixBcdU not found: check if there is a RefParameter without a condition.
2025-08-29 22:15:43,560 [WARN] IP:2250 - SSRU_Underflow_Interrupt not found: check if there is a RefParameter without a condition.
2025-08-29 22:15:43,560 [WARN] IP:2250 - rtcSecureFull not found: check if there is a RefParameter without a condition.
2025-08-29 22:15:43,560 [WARN] IP:2250 - rtcNonSecureFeatures not found: check if there is a RefParameter without a condition.
2025-08-29 22:15:43,560 [WARN] IP:2250 - RTC_NONSECURE_FEATURE_NONE not found: check if there is a RefParameter without a condition.
2025-08-29 22:15:43,560 [WARN] IP:2250 - RTC_NONSECURE_FEATURE_INIT not found: check if there is a RefParameter without a condition.
2025-08-29 22:15:43,560 [WARN] IP:2250 - RTC_NONSECURE_FEATURE_ALRA not found: check if there is a RefParameter without a condition.
2025-08-29 22:15:43,560 [WARN] IP:2250 - RTC_NONSECURE_FEATURE_ALRB not found: check if there is a RefParameter without a condition.
2025-08-29 22:15:43,560 [WARN] IP:2250 - RTC_NONSECURE_FEATURE_TS not found: check if there is a RefParameter without a condition.
2025-08-29 22:15:43,560 [WARN] IP:2250 - RTC_NONSECURE_FEATURE_CAL not found: check if there is a RefParameter without a condition.
2025-08-29 22:15:43,560 [WARN] IP:2250 - RTC_NONSECURE_FEATURE_WUT not found: check if there is a RefParameter without a condition.
2025-08-29 22:15:43,561 [WARN] IP:2250 - Sec_BKP_Registers1 not found: check if there is a RefParameter without a condition.
2025-08-29 22:15:43,561 [WARN] IP:2250 - backupRegisterStartZone2_gS not found: check if there is a RefParameter without a condition.
2025-08-29 22:15:43,561 [WARN] IP:2250 - backupRegisterStartZone3_gS not found: check if there is a RefParameter without a condition.
2025-08-29 22:15:43,561 [WARN] IP:2250 - rtcPrivilegeFeatures not found: check if there is a RefParameter without a condition.
2025-08-29 22:15:43,561 [WARN] IP:2250 - RTC_PRIVILEGE_FEATURE_INIT not found: check if there is a RefParameter without a condition.
2025-08-29 22:15:43,561 [WARN] IP:2250 - RTC_PRIVILEGE_FEATURE_ALRA not found: check if there is a RefParameter without a condition.
2025-08-29 22:15:43,561 [WARN] IP:2250 - RTC_PRIVILEGE_FEATURE_ALRB not found: check if there is a RefParameter without a condition.
2025-08-29 22:15:43,561 [WARN] IP:2250 - RTC_PRIVILEGE_FEATURE_CAL not found: check if there is a RefParameter without a condition.
2025-08-29 22:15:43,561 [WARN] IP:2250 - RTC_PRIVILEGE_FEATURE_TS not found: check if there is a RefParameter without a condition.
2025-08-29 22:15:43,561 [WARN] IP:2250 - RTC_PRIVILEGE_FEATURE_WUT not found: check if there is a RefParameter without a condition.
2025-08-29 22:15:43,561 [WARN] IP:2250 - BinaryAutoClr_A not found: check if there is a RefParameter without a condition.
2025-08-29 22:15:43,561 [WARN] IP:2250 - FlagAutoClr_A not found: check if there is a RefParameter without a condition.
2025-08-29 22:15:43,600 [WARN] IP:2250 - DATAEXCHANGEDESRCBYTE_GPDMACH2 not found: check if there is a RefParameter without a condition.
2025-08-29 22:15:43,600 [WARN] IP:2250 - DATAEXCHANGEDESTHALFWORD_GPDMACH2 not found: check if there is a RefParameter without a condition.
2025-08-29 22:15:43,608 [WARN] IP:2250 - DATAEXCHANGEDESRCBYTE_GPDMACH2 not found: check if there is a RefParameter without a condition.
2025-08-29 22:15:43,608 [WARN] IP:2250 - DATAEXCHANGEDESTHALFWORD_GPDMACH2 not found: check if there is a RefParameter without a condition.
2025-08-29 22:15:49,120 [INFO] I2cTimingTraitement:330 - 0x00000E14
2025-08-29 22:15:49,123 [WARN] IP:2250 - SRAM5PowerDownInRunMode not found: check if there is a RefParameter without a condition.
2025-08-29 22:15:49,123 [WARN] IP:2250 - RAM1Page4PowerDownInStopMode not found: check if there is a RefParameter without a condition.
2025-08-29 22:15:49,123 [WARN] IP:2250 - RAM1Page5PowerDownInStopMode not found: check if there is a RefParameter without a condition.
2025-08-29 22:15:49,123 [WARN] IP:2250 - RAM1Page6PowerDownInStopMode not found: check if there is a RefParameter without a condition.
2025-08-29 22:15:49,123 [WARN] IP:2250 - RAM1Page7PowerDownInStopMode not found: check if there is a RefParameter without a condition.
2025-08-29 22:15:49,123 [WARN] IP:2250 - RAM1Page8PowerDownInStopMode not found: check if there is a RefParameter without a condition.
2025-08-29 22:15:49,123 [WARN] IP:2250 - RAM1Page9PowerDownInStopMode not found: check if there is a RefParameter without a condition.
2025-08-29 22:15:49,123 [WARN] IP:2250 - RAM1Page10PowerDownInStopMode not found: check if there is a RefParameter without a condition.
2025-08-29 22:15:49,123 [WARN] IP:2250 - RAM1Page11PowerDownInStopMode not found: check if there is a RefParameter without a condition.
2025-08-29 22:15:49,123 [WARN] IP:2250 - RAM1Page12PowerDownInStopMode not found: check if there is a RefParameter without a condition.
2025-08-29 22:15:49,123 [WARN] IP:2250 - RAM3Page9PowerDownInStopMode not found: check if there is a RefParameter without a condition.
2025-08-29 22:15:49,123 [WARN] IP:2250 - RAM3Page10PowerDownInStopMode not found: check if there is a RefParameter without a condition.
2025-08-29 22:15:49,123 [WARN] IP:2250 - RAM3Page11PowerDownInStopMode not found: check if there is a RefParameter without a condition.
2025-08-29 22:15:49,123 [WARN] IP:2250 - RAM3Page12PowerDownInStopMode not found: check if there is a RefParameter without a condition.
2025-08-29 22:15:49,123 [WARN] IP:2250 - RAM3Page13PowerDownInStopMode not found: check if there is a RefParameter without a condition.
2025-08-29 22:15:49,123 [WARN] IP:2250 - RAM5Page1PowerDownInStopMode not found: check if there is a RefParameter without a condition.
2025-08-29 22:15:49,123 [WARN] IP:2250 - RAM5Page2PowerDownInStopMode not found: check if there is a RefParameter without a condition.
2025-08-29 22:15:49,123 [WARN] IP:2250 - RAM5Page3PowerDownInStopMode not found: check if there is a RefParameter without a condition.
2025-08-29 22:15:49,123 [WARN] IP:2250 - RAM5Page4PowerDownInStopMode not found: check if there is a RefParameter without a condition.
2025-08-29 22:15:49,123 [WARN] IP:2250 - RAM5Page5PowerDownInStopMode not found: check if there is a RefParameter without a condition.
2025-08-29 22:15:49,124 [WARN] IP:2250 - RAM5Page6PowerDownInStopMode not found: check if there is a RefParameter without a condition.
2025-08-29 22:15:49,124 [WARN] IP:2250 - RAM5Page7PowerDownInStopMode not found: check if there is a RefParameter without a condition.
2025-08-29 22:15:49,124 [WARN] IP:2250 - RAM5Page8PowerDownInStopMode not found: check if there is a RefParameter without a condition.
2025-08-29 22:15:49,124 [WARN] IP:2250 - RAM5Page9PowerDownInStopMode not found: check if there is a RefParameter without a condition.
2025-08-29 22:15:49,124 [WARN] IP:2250 - RAM5Page10PowerDownInStopMode not found: check if there is a RefParameter without a condition.
2025-08-29 22:15:49,124 [WARN] IP:2250 - RAM5Page11PowerDownInStopMode not found: check if there is a RefParameter without a condition.
2025-08-29 22:15:49,124 [WARN] IP:2250 - RAM5Page12PowerDownInStopMode not found: check if there is a RefParameter without a condition.
2025-08-29 22:15:49,124 [WARN] IP:2250 - RAM5Page13PowerDownInStopMode not found: check if there is a RefParameter without a condition.
2025-08-29 22:15:49,124 [WARN] IP:2250 - Dcache2PowerDownInStopMode not found: check if there is a RefParameter without a condition.
2025-08-29 22:15:49,124 [WARN] IP:2250 - GRAPHICPRAMPowerDownInStopMode not found: check if there is a RefParameter without a condition.
2025-08-29 22:15:49,124 [WARN] IP:2250 - DSIRAMPowerDownInStopMode not found: check if there is a RefParameter without a condition.
2025-08-29 22:15:49,125 [WARN] IP:2250 - SRAM5PowerDownInRunMode not found: check if there is a RefParameter without a condition.
2025-08-29 22:15:49,125 [WARN] IP:2250 - RAM1Page4PowerDownInStopMode not found: check if there is a RefParameter without a condition.
2025-08-29 22:15:49,125 [WARN] IP:2250 - RAM1Page5PowerDownInStopMode not found: check if there is a RefParameter without a condition.
2025-08-29 22:15:49,125 [WARN] IP:2250 - RAM1Page6PowerDownInStopMode not found: check if there is a RefParameter without a condition.
2025-08-29 22:15:49,125 [WARN] IP:2250 - RAM1Page7PowerDownInStopMode not found: check if there is a RefParameter without a condition.
2025-08-29 22:15:49,125 [WARN] IP:2250 - RAM1Page8PowerDownInStopMode not found: check if there is a RefParameter without a condition.
2025-08-29 22:15:49,125 [WARN] IP:2250 - RAM1Page9PowerDownInStopMode not found: check if there is a RefParameter without a condition.
2025-08-29 22:15:49,125 [WARN] IP:2250 - RAM1Page10PowerDownInStopMode not found: check if there is a RefParameter without a condition.
2025-08-29 22:15:49,125 [WARN] IP:2250 - RAM1Page11PowerDownInStopMode not found: check if there is a RefParameter without a condition.
2025-08-29 22:15:49,125 [WARN] IP:2250 - RAM1Page12PowerDownInStopMode not found: check if there is a RefParameter without a condition.
2025-08-29 22:15:49,125 [WARN] IP:2250 - RAM3Page9PowerDownInStopMode not found: check if there is a RefParameter without a condition.
2025-08-29 22:15:49,125 [WARN] IP:2250 - RAM3Page10PowerDownInStopMode not found: check if there is a RefParameter without a condition.
2025-08-29 22:15:49,125 [WARN] IP:2250 - RAM3Page11PowerDownInStopMode not found: check if there is a RefParameter without a condition.
2025-08-29 22:15:49,125 [WARN] IP:2250 - RAM3Page12PowerDownInStopMode not found: check if there is a RefParameter without a condition.
2025-08-29 22:15:49,125 [WARN] IP:2250 - RAM3Page13PowerDownInStopMode not found: check if there is a RefParameter without a condition.
2025-08-29 22:15:49,125 [WARN] IP:2250 - RAM5Page1PowerDownInStopMode not found: check if there is a RefParameter without a condition.
2025-08-29 22:15:49,125 [WARN] IP:2250 - RAM5Page2PowerDownInStopMode not found: check if there is a RefParameter without a condition.
2025-08-29 22:15:49,125 [WARN] IP:2250 - RAM5Page3PowerDownInStopMode not found: check if there is a RefParameter without a condition.
2025-08-29 22:15:49,125 [WARN] IP:2250 - RAM5Page4PowerDownInStopMode not found: check if there is a RefParameter without a condition.
2025-08-29 22:15:49,125 [WARN] IP:2250 - RAM5Page5PowerDownInStopMode not found: check if there is a RefParameter without a condition.
2025-08-29 22:15:49,125 [WARN] IP:2250 - RAM5Page6PowerDownInStopMode not found: check if there is a RefParameter without a condition.
2025-08-29 22:15:49,125 [WARN] IP:2250 - RAM5Page7PowerDownInStopMode not found: check if there is a RefParameter without a condition.
2025-08-29 22:15:49,125 [WARN] IP:2250 - RAM5Page8PowerDownInStopMode not found: check if there is a RefParameter without a condition.
2025-08-29 22:15:49,125 [WARN] IP:2250 - RAM5Page9PowerDownInStopMode not found: check if there is a RefParameter without a condition.
2025-08-29 22:15:49,125 [WARN] IP:2250 - RAM5Page10PowerDownInStopMode not found: check if there is a RefParameter without a condition.
2025-08-29 22:15:49,125 [WARN] IP:2250 - RAM5Page11PowerDownInStopMode not found: check if there is a RefParameter without a condition.
2025-08-29 22:15:49,125 [WARN] IP:2250 - RAM5Page12PowerDownInStopMode not found: check if there is a RefParameter without a condition.
2025-08-29 22:15:49,125 [WARN] IP:2250 - RAM5Page13PowerDownInStopMode not found: check if there is a RefParameter without a condition.
2025-08-29 22:15:49,125 [WARN] IP:2250 - Dcache2PowerDownInStopMode not found: check if there is a RefParameter without a condition.
2025-08-29 22:15:49,125 [WARN] IP:2250 - GRAPHICPRAMPowerDownInStopMode not found: check if there is a RefParameter without a condition.
2025-08-29 22:15:49,125 [WARN] IP:2250 - DSIRAMPowerDownInStopMode not found: check if there is a RefParameter without a condition.
2025-08-29 22:15:49,219 [WARN] IP:2250 - OutPut1 not found: check if there is a RefParameter without a condition.
2025-08-29 22:15:49,219 [WARN] IP:2250 - OutPut2 not found: check if there is a RefParameter without a condition.
2025-08-29 22:15:49,219 [WARN] IP:2250 - OutPut3 not found: check if there is a RefParameter without a condition.
2025-08-29 22:15:49,219 [WARN] IP:2250 - BinMixBcdU not found: check if there is a RefParameter without a condition.
2025-08-29 22:15:49,219 [WARN] IP:2250 - SSRU_Underflow_Interrupt not found: check if there is a RefParameter without a condition.
2025-08-29 22:15:49,219 [WARN] IP:2250 - rtcSecureFull not found: check if there is a RefParameter without a condition.
2025-08-29 22:15:49,219 [WARN] IP:2250 - rtcNonSecureFeatures not found: check if there is a RefParameter without a condition.
2025-08-29 22:15:49,219 [WARN] IP:2250 - RTC_NONSECURE_FEATURE_NONE not found: check if there is a RefParameter without a condition.
2025-08-29 22:15:49,219 [WARN] IP:2250 - RTC_NONSECURE_FEATURE_INIT not found: check if there is a RefParameter without a condition.
2025-08-29 22:15:49,219 [WARN] IP:2250 - RTC_NONSECURE_FEATURE_ALRA not found: check if there is a RefParameter without a condition.
2025-08-29 22:15:49,219 [WARN] IP:2250 - RTC_NONSECURE_FEATURE_ALRB not found: check if there is a RefParameter without a condition.
2025-08-29 22:15:49,219 [WARN] IP:2250 - RTC_NONSECURE_FEATURE_TS not found: check if there is a RefParameter without a condition.
2025-08-29 22:15:49,220 [WARN] IP:2250 - RTC_NONSECURE_FEATURE_CAL not found: check if there is a RefParameter without a condition.
2025-08-29 22:15:49,220 [WARN] IP:2250 - RTC_NONSECURE_FEATURE_WUT not found: check if there is a RefParameter without a condition.
2025-08-29 22:15:49,220 [WARN] IP:2250 - Sec_BKP_Registers1 not found: check if there is a RefParameter without a condition.
2025-08-29 22:15:49,220 [WARN] IP:2250 - backupRegisterStartZone2_gS not found: check if there is a RefParameter without a condition.
2025-08-29 22:15:49,220 [WARN] IP:2250 - backupRegisterStartZone3_gS not found: check if there is a RefParameter without a condition.
2025-08-29 22:15:49,220 [WARN] IP:2250 - rtcPrivilegeFeatures not found: check if there is a RefParameter without a condition.
2025-08-29 22:15:49,220 [WARN] IP:2250 - RTC_PRIVILEGE_FEATURE_INIT not found: check if there is a RefParameter without a condition.
2025-08-29 22:15:49,220 [WARN] IP:2250 - RTC_PRIVILEGE_FEATURE_ALRA not found: check if there is a RefParameter without a condition.
2025-08-29 22:15:49,220 [WARN] IP:2250 - RTC_PRIVILEGE_FEATURE_ALRB not found: check if there is a RefParameter without a condition.
2025-08-29 22:15:49,220 [WARN] IP:2250 - RTC_PRIVILEGE_FEATURE_CAL not found: check if there is a RefParameter without a condition.
2025-08-29 22:15:49,220 [WARN] IP:2250 - RTC_PRIVILEGE_FEATURE_TS not found: check if there is a RefParameter without a condition.
2025-08-29 22:15:49,220 [WARN] IP:2250 - RTC_PRIVILEGE_FEATURE_WUT not found: check if there is a RefParameter without a condition.
2025-08-29 22:15:49,220 [WARN] IP:2250 - SSRU_Underflow_Interrupt not found: check if there is a RefParameter without a condition.
2025-08-29 22:15:49,220 [WARN] IP:2250 - BinMixBcdU not found: check if there is a RefParameter without a condition.
2025-08-29 22:15:49,221 [WARN] IP:2250 - OutPut1 not found: check if there is a RefParameter without a condition.
2025-08-29 22:15:49,221 [WARN] IP:2250 - OutPut2 not found: check if there is a RefParameter without a condition.
2025-08-29 22:15:49,221 [WARN] IP:2250 - OutPut3 not found: check if there is a RefParameter without a condition.
2025-08-29 22:15:49,221 [WARN] IP:2250 - BinMixBcdU not found: check if there is a RefParameter without a condition.
2025-08-29 22:15:49,221 [WARN] IP:2250 - SSRU_Underflow_Interrupt not found: check if there is a RefParameter without a condition.
2025-08-29 22:15:49,221 [WARN] IP:2250 - rtcSecureFull not found: check if there is a RefParameter without a condition.
2025-08-29 22:15:49,221 [WARN] IP:2250 - rtcNonSecureFeatures not found: check if there is a RefParameter without a condition.
2025-08-29 22:15:49,221 [WARN] IP:2250 - RTC_NONSECURE_FEATURE_NONE not found: check if there is a RefParameter without a condition.
2025-08-29 22:15:49,221 [WARN] IP:2250 - RTC_NONSECURE_FEATURE_INIT not found: check if there is a RefParameter without a condition.
2025-08-29 22:15:49,221 [WARN] IP:2250 - RTC_NONSECURE_FEATURE_ALRA not found: check if there is a RefParameter without a condition.
2025-08-29 22:15:49,222 [WARN] IP:2250 - RTC_NONSECURE_FEATURE_ALRB not found: check if there is a RefParameter without a condition.
2025-08-29 22:15:49,222 [WARN] IP:2250 - RTC_NONSECURE_FEATURE_TS not found: check if there is a RefParameter without a condition.
2025-08-29 22:15:49,222 [WARN] IP:2250 - RTC_NONSECURE_FEATURE_CAL not found: check if there is a RefParameter without a condition.
2025-08-29 22:15:49,222 [WARN] IP:2250 - RTC_NONSECURE_FEATURE_WUT not found: check if there is a RefParameter without a condition.
2025-08-29 22:15:49,222 [WARN] IP:2250 - Sec_BKP_Registers1 not found: check if there is a RefParameter without a condition.
2025-08-29 22:15:49,222 [WARN] IP:2250 - backupRegisterStartZone2_gS not found: check if there is a RefParameter without a condition.
2025-08-29 22:15:49,222 [WARN] IP:2250 - backupRegisterStartZone3_gS not found: check if there is a RefParameter without a condition.
2025-08-29 22:15:49,222 [WARN] IP:2250 - rtcPrivilegeFeatures not found: check if there is a RefParameter without a condition.
2025-08-29 22:15:49,233 [WARN] IP:2250 - RTC_PRIVILEGE_FEATURE_INIT not found: check if there is a RefParameter without a condition.
2025-08-29 22:15:49,233 [WARN] IP:2250 - RTC_PRIVILEGE_FEATURE_ALRA not found: check if there is a RefParameter without a condition.
2025-08-29 22:15:49,233 [WARN] IP:2250 - RTC_PRIVILEGE_FEATURE_ALRB not found: check if there is a RefParameter without a condition.
2025-08-29 22:15:49,233 [WARN] IP:2250 - RTC_PRIVILEGE_FEATURE_CAL not found: check if there is a RefParameter without a condition.
2025-08-29 22:15:49,233 [WARN] IP:2250 - RTC_PRIVILEGE_FEATURE_TS not found: check if there is a RefParameter without a condition.
2025-08-29 22:15:49,233 [WARN] IP:2250 - RTC_PRIVILEGE_FEATURE_WUT not found: check if there is a RefParameter without a condition.
2025-08-29 22:15:49,234 [WARN] IP:2250 - BinaryAutoClr_A not found: check if there is a RefParameter without a condition.
2025-08-29 22:15:49,234 [WARN] IP:2250 - FlagAutoClr_A not found: check if there is a RefParameter without a condition.
2025-08-29 22:15:49,234 [WARN] IP:2250 - OutPut1 not found: check if there is a RefParameter without a condition.
2025-08-29 22:15:49,234 [WARN] IP:2250 - OutPut2 not found: check if there is a RefParameter without a condition.
2025-08-29 22:15:49,234 [WARN] IP:2250 - OutPut3 not found: check if there is a RefParameter without a condition.
2025-08-29 22:15:49,234 [WARN] IP:2250 - BinMixBcdU not found: check if there is a RefParameter without a condition.
2025-08-29 22:15:49,235 [WARN] IP:2250 - SSRU_Underflow_Interrupt not found: check if there is a RefParameter without a condition.
2025-08-29 22:15:49,235 [WARN] IP:2250 - rtcSecureFull not found: check if there is a RefParameter without a condition.
2025-08-29 22:15:49,235 [WARN] IP:2250 - rtcNonSecureFeatures not found: check if there is a RefParameter without a condition.
2025-08-29 22:15:49,235 [WARN] IP:2250 - RTC_NONSECURE_FEATURE_NONE not found: check if there is a RefParameter without a condition.
2025-08-29 22:15:49,235 [WARN] IP:2250 - RTC_NONSECURE_FEATURE_INIT not found: check if there is a RefParameter without a condition.
2025-08-29 22:15:49,235 [WARN] IP:2250 - RTC_NONSECURE_FEATURE_ALRA not found: check if there is a RefParameter without a condition.
2025-08-29 22:15:49,235 [WARN] IP:2250 - RTC_NONSECURE_FEATURE_ALRB not found: check if there is a RefParameter without a condition.
2025-08-29 22:15:49,235 [WARN] IP:2250 - RTC_NONSECURE_FEATURE_TS not found: check if there is a RefParameter without a condition.
2025-08-29 22:15:49,235 [WARN] IP:2250 - RTC_NONSECURE_FEATURE_CAL not found: check if there is a RefParameter without a condition.
2025-08-29 22:15:49,235 [WARN] IP:2250 - RTC_NONSECURE_FEATURE_WUT not found: check if there is a RefParameter without a condition.
2025-08-29 22:15:49,235 [WARN] IP:2250 - Sec_BKP_Registers1 not found: check if there is a RefParameter without a condition.
2025-08-29 22:15:49,235 [WARN] IP:2250 - backupRegisterStartZone2_gS not found: check if there is a RefParameter without a condition.
2025-08-29 22:15:49,235 [WARN] IP:2250 - backupRegisterStartZone3_gS not found: check if there is a RefParameter without a condition.
2025-08-29 22:15:49,235 [WARN] IP:2250 - rtcPrivilegeFeatures not found: check if there is a RefParameter without a condition.
2025-08-29 22:15:49,235 [WARN] IP:2250 - RTC_PRIVILEGE_FEATURE_INIT not found: check if there is a RefParameter without a condition.
2025-08-29 22:15:49,235 [WARN] IP:2250 - RTC_PRIVILEGE_FEATURE_ALRA not found: check if there is a RefParameter without a condition.
2025-08-29 22:15:49,235 [WARN] IP:2250 - RTC_PRIVILEGE_FEATURE_ALRB not found: check if there is a RefParameter without a condition.
2025-08-29 22:15:49,235 [WARN] IP:2250 - RTC_PRIVILEGE_FEATURE_CAL not found: check if there is a RefParameter without a condition.
2025-08-29 22:15:49,235 [WARN] IP:2250 - RTC_PRIVILEGE_FEATURE_TS not found: check if there is a RefParameter without a condition.
2025-08-29 22:15:49,235 [WARN] IP:2250 - RTC_PRIVILEGE_FEATURE_WUT not found: check if there is a RefParameter without a condition.
2025-08-29 22:15:49,236 [WARN] IP:2250 - SSRU_Underflow_Interrupt not found: check if there is a RefParameter without a condition.
2025-08-29 22:15:49,236 [WARN] IP:2250 - BinMixBcdU not found: check if there is a RefParameter without a condition.
2025-08-29 22:15:49,236 [WARN] IP:2250 - OutPut1 not found: check if there is a RefParameter without a condition.
2025-08-29 22:15:49,236 [WARN] IP:2250 - OutPut2 not found: check if there is a RefParameter without a condition.
2025-08-29 22:15:49,236 [WARN] IP:2250 - OutPut3 not found: check if there is a RefParameter without a condition.
2025-08-29 22:15:49,236 [WARN] IP:2250 - BinMixBcdU not found: check if there is a RefParameter without a condition.
2025-08-29 22:15:49,236 [WARN] IP:2250 - SSRU_Underflow_Interrupt not found: check if there is a RefParameter without a condition.
2025-08-29 22:15:49,236 [WARN] IP:2250 - rtcSecureFull not found: check if there is a RefParameter without a condition.
2025-08-29 22:15:49,236 [WARN] IP:2250 - rtcNonSecureFeatures not found: check if there is a RefParameter without a condition.
2025-08-29 22:15:49,236 [WARN] IP:2250 - RTC_NONSECURE_FEATURE_NONE not found: check if there is a RefParameter without a condition.
2025-08-29 22:15:49,236 [WARN] IP:2250 - RTC_NONSECURE_FEATURE_INIT not found: check if there is a RefParameter without a condition.
2025-08-29 22:15:49,236 [WARN] IP:2250 - RTC_NONSECURE_FEATURE_ALRA not found: check if there is a RefParameter without a condition.
2025-08-29 22:15:49,236 [WARN] IP:2250 - RTC_NONSECURE_FEATURE_ALRB not found: check if there is a RefParameter without a condition.
2025-08-29 22:15:49,236 [WARN] IP:2250 - RTC_NONSECURE_FEATURE_TS not found: check if there is a RefParameter without a condition.
2025-08-29 22:15:49,236 [WARN] IP:2250 - RTC_NONSECURE_FEATURE_CAL not found: check if there is a RefParameter without a condition.
2025-08-29 22:15:49,236 [WARN] IP:2250 - RTC_NONSECURE_FEATURE_WUT not found: check if there is a RefParameter without a condition.
2025-08-29 22:15:49,236 [WARN] IP:2250 - Sec_BKP_Registers1 not found: check if there is a RefParameter without a condition.
2025-08-29 22:15:49,236 [WARN] IP:2250 - backupRegisterStartZone2_gS not found: check if there is a RefParameter without a condition.
2025-08-29 22:15:49,236 [WARN] IP:2250 - backupRegisterStartZone3_gS not found: check if there is a RefParameter without a condition.
2025-08-29 22:15:49,236 [WARN] IP:2250 - rtcPrivilegeFeatures not found: check if there is a RefParameter without a condition.
2025-08-29 22:15:49,237 [WARN] IP:2250 - RTC_PRIVILEGE_FEATURE_INIT not found: check if there is a RefParameter without a condition.
2025-08-29 22:15:49,237 [WARN] IP:2250 - RTC_PRIVILEGE_FEATURE_ALRA not found: check if there is a RefParameter without a condition.
2025-08-29 22:15:49,237 [WARN] IP:2250 - RTC_PRIVILEGE_FEATURE_ALRB not found: check if there is a RefParameter without a condition.
2025-08-29 22:15:49,237 [WARN] IP:2250 - RTC_PRIVILEGE_FEATURE_CAL not found: check if there is a RefParameter without a condition.
2025-08-29 22:15:49,237 [WARN] IP:2250 - RTC_PRIVILEGE_FEATURE_TS not found: check if there is a RefParameter without a condition.
2025-08-29 22:15:49,237 [WARN] IP:2250 - RTC_PRIVILEGE_FEATURE_WUT not found: check if there is a RefParameter without a condition.
2025-08-29 22:15:49,237 [WARN] IP:2250 - BinaryAutoClr_A not found: check if there is a RefParameter without a condition.
2025-08-29 22:15:49,237 [WARN] IP:2250 - FlagAutoClr_A not found: check if there is a RefParameter without a condition.
2025-08-29 22:15:49,278 [WARN] IP:2250 - DATAEXCHANGEDESRCBYTE_GPDMACH2 not found: check if there is a RefParameter without a condition.
2025-08-29 22:15:49,278 [WARN] IP:2250 - DATAEXCHANGEDESTHALFWORD_GPDMACH2 not found: check if there is a RefParameter without a condition.
2025-08-29 22:15:49,287 [WARN] IP:2250 - DATAEXCHANGEDESRCBYTE_GPDMACH2 not found: check if there is a RefParameter without a condition.
2025-08-29 22:15:49,287 [WARN] IP:2250 - DATAEXCHANGEDESTHALFWORD_GPDMACH2 not found: check if there is a RefParameter without a condition.
2025-08-29 22:15:49,439 [WARN] IP:2250 - SRAM5PowerDownInRunMode not found: check if there is a RefParameter without a condition.
2025-08-29 22:15:49,439 [WARN] IP:2250 - RAM1Page4PowerDownInStopMode not found: check if there is a RefParameter without a condition.
2025-08-29 22:15:49,439 [WARN] IP:2250 - RAM1Page5PowerDownInStopMode not found: check if there is a RefParameter without a condition.
2025-08-29 22:15:49,439 [WARN] IP:2250 - RAM1Page6PowerDownInStopMode not found: check if there is a RefParameter without a condition.
2025-08-29 22:15:49,439 [WARN] IP:2250 - RAM1Page7PowerDownInStopMode not found: check if there is a RefParameter without a condition.
2025-08-29 22:15:49,439 [WARN] IP:2250 - RAM1Page8PowerDownInStopMode not found: check if there is a RefParameter without a condition.
2025-08-29 22:15:49,439 [WARN] IP:2250 - RAM1Page9PowerDownInStopMode not found: check if there is a RefParameter without a condition.
2025-08-29 22:15:49,439 [WARN] IP:2250 - RAM1Page10PowerDownInStopMode not found: check if there is a RefParameter without a condition.
2025-08-29 22:15:49,439 [WARN] IP:2250 - RAM1Page11PowerDownInStopMode not found: check if there is a RefParameter without a condition.
2025-08-29 22:15:49,439 [WARN] IP:2250 - RAM1Page12PowerDownInStopMode not found: check if there is a RefParameter without a condition.
2025-08-29 22:15:49,440 [WARN] IP:2250 - RAM3Page9PowerDownInStopMode not found: check if there is a RefParameter without a condition.
2025-08-29 22:15:49,440 [WARN] IP:2250 - RAM3Page10PowerDownInStopMode not found: check if there is a RefParameter without a condition.
2025-08-29 22:15:49,440 [WARN] IP:2250 - RAM3Page11PowerDownInStopMode not found: check if there is a RefParameter without a condition.
2025-08-29 22:15:49,440 [WARN] IP:2250 - RAM3Page12PowerDownInStopMode not found: check if there is a RefParameter without a condition.
2025-08-29 22:15:49,440 [WARN] IP:2250 - RAM3Page13PowerDownInStopMode not found: check if there is a RefParameter without a condition.
2025-08-29 22:15:49,440 [WARN] IP:2250 - RAM5Page1PowerDownInStopMode not found: check if there is a RefParameter without a condition.
2025-08-29 22:15:49,440 [WARN] IP:2250 - RAM5Page2PowerDownInStopMode not found: check if there is a RefParameter without a condition.
2025-08-29 22:15:49,440 [WARN] IP:2250 - RAM5Page3PowerDownInStopMode not found: check if there is a RefParameter without a condition.
2025-08-29 22:15:49,440 [WARN] IP:2250 - RAM5Page4PowerDownInStopMode not found: check if there is a RefParameter without a condition.
2025-08-29 22:15:49,440 [WARN] IP:2250 - RAM5Page5PowerDownInStopMode not found: check if there is a RefParameter without a condition.
2025-08-29 22:15:49,440 [WARN] IP:2250 - RAM5Page6PowerDownInStopMode not found: check if there is a RefParameter without a condition.
2025-08-29 22:15:49,440 [WARN] IP:2250 - RAM5Page7PowerDownInStopMode not found: check if there is a RefParameter without a condition.
2025-08-29 22:15:49,440 [WARN] IP:2250 - RAM5Page8PowerDownInStopMode not found: check if there is a RefParameter without a condition.
2025-08-29 22:15:49,440 [WARN] IP:2250 - RAM5Page9PowerDownInStopMode not found: check if there is a RefParameter without a condition.
2025-08-29 22:15:49,440 [WARN] IP:2250 - RAM5Page10PowerDownInStopMode not found: check if there is a RefParameter without a condition.
2025-08-29 22:15:49,440 [WARN] IP:2250 - RAM5Page11PowerDownInStopMode not found: check if there is a RefParameter without a condition.
2025-08-29 22:15:49,440 [WARN] IP:2250 - RAM5Page12PowerDownInStopMode not found: check if there is a RefParameter without a condition.
2025-08-29 22:15:49,440 [WARN] IP:2250 - RAM5Page13PowerDownInStopMode not found: check if there is a RefParameter without a condition.
2025-08-29 22:15:49,440 [WARN] IP:2250 - Dcache2PowerDownInStopMode not found: check if there is a RefParameter without a condition.
2025-08-29 22:15:49,440 [WARN] IP:2250 - GRAPHICPRAMPowerDownInStopMode not found: check if there is a RefParameter without a condition.
2025-08-29 22:15:49,440 [WARN] IP:2250 - DSIRAMPowerDownInStopMode not found: check if there is a RefParameter without a condition.
2025-08-29 22:15:49,441 [WARN] IP:2250 - SRAM5PowerDownInRunMode not found: check if there is a RefParameter without a condition.
2025-08-29 22:15:49,441 [WARN] IP:2250 - RAM1Page4PowerDownInStopMode not found: check if there is a RefParameter without a condition.
2025-08-29 22:15:49,441 [WARN] IP:2250 - RAM1Page5PowerDownInStopMode not found: check if there is a RefParameter without a condition.
2025-08-29 22:15:49,441 [WARN] IP:2250 - RAM1Page6PowerDownInStopMode not found: check if there is a RefParameter without a condition.
2025-08-29 22:15:49,441 [WARN] IP:2250 - RAM1Page7PowerDownInStopMode not found: check if there is a RefParameter without a condition.
2025-08-29 22:15:49,441 [WARN] IP:2250 - RAM1Page8PowerDownInStopMode not found: check if there is a RefParameter without a condition.
2025-08-29 22:15:49,441 [WARN] IP:2250 - RAM1Page9PowerDownInStopMode not found: check if there is a RefParameter without a condition.
2025-08-29 22:15:49,441 [WARN] IP:2250 - RAM1Page10PowerDownInStopMode not found: check if there is a RefParameter without a condition.
2025-08-29 22:15:49,441 [WARN] IP:2250 - RAM1Page11PowerDownInStopMode not found: check if there is a RefParameter without a condition.
2025-08-29 22:15:49,441 [WARN] IP:2250 - RAM1Page12PowerDownInStopMode not found: check if there is a RefParameter without a condition.
2025-08-29 22:15:49,441 [WARN] IP:2250 - RAM3Page9PowerDownInStopMode not found: check if there is a RefParameter without a condition.
2025-08-29 22:15:49,441 [WARN] IP:2250 - RAM3Page10PowerDownInStopMode not found: check if there is a RefParameter without a condition.
2025-08-29 22:15:49,441 [WARN] IP:2250 - RAM3Page11PowerDownInStopMode not found: check if there is a RefParameter without a condition.
2025-08-29 22:15:49,441 [WARN] IP:2250 - RAM3Page12PowerDownInStopMode not found: check if there is a RefParameter without a condition.
2025-08-29 22:15:49,441 [WARN] IP:2250 - RAM3Page13PowerDownInStopMode not found: check if there is a RefParameter without a condition.
2025-08-29 22:15:49,441 [WARN] IP:2250 - RAM5Page1PowerDownInStopMode not found: check if there is a RefParameter without a condition.
2025-08-29 22:15:49,441 [WARN] IP:2250 - RAM5Page2PowerDownInStopMode not found: check if there is a RefParameter without a condition.
2025-08-29 22:15:49,441 [WARN] IP:2250 - RAM5Page3PowerDownInStopMode not found: check if there is a RefParameter without a condition.
2025-08-29 22:15:49,441 [WARN] IP:2250 - RAM5Page4PowerDownInStopMode not found: check if there is a RefParameter without a condition.
2025-08-29 22:15:49,441 [WARN] IP:2250 - RAM5Page5PowerDownInStopMode not found: check if there is a RefParameter without a condition.
2025-08-29 22:15:49,441 [WARN] IP:2250 - RAM5Page6PowerDownInStopMode not found: check if there is a RefParameter without a condition.
2025-08-29 22:15:49,441 [WARN] IP:2250 - RAM5Page7PowerDownInStopMode not found: check if there is a RefParameter without a condition.
2025-08-29 22:15:49,441 [WARN] IP:2250 - RAM5Page8PowerDownInStopMode not found: check if there is a RefParameter without a condition.
2025-08-29 22:15:49,441 [WARN] IP:2250 - RAM5Page9PowerDownInStopMode not found: check if there is a RefParameter without a condition.
2025-08-29 22:15:49,441 [WARN] IP:2250 - RAM5Page10PowerDownInStopMode not found: check if there is a RefParameter without a condition.
2025-08-29 22:15:49,441 [WARN] IP:2250 - RAM5Page11PowerDownInStopMode not found: check if there is a RefParameter without a condition.
2025-08-29 22:15:49,441 [WARN] IP:2250 - RAM5Page12PowerDownInStopMode not found: check if there is a RefParameter without a condition.
2025-08-29 22:15:49,441 [WARN] IP:2250 - RAM5Page13PowerDownInStopMode not found: check if there is a RefParameter without a condition.
2025-08-29 22:15:49,442 [WARN] IP:2250 - Dcache2PowerDownInStopMode not found: check if there is a RefParameter without a condition.
2025-08-29 22:15:49,442 [WARN] IP:2250 - GRAPHICPRAMPowerDownInStopMode not found: check if there is a RefParameter without a condition.
2025-08-29 22:15:49,442 [WARN] IP:2250 - DSIRAMPowerDownInStopMode not found: check if there is a RefParameter without a condition.
2025-08-29 22:15:49,535 [WARN] IP:2250 - OutPut1 not found: check if there is a RefParameter without a condition.
2025-08-29 22:15:49,535 [WARN] IP:2250 - OutPut2 not found: check if there is a RefParameter without a condition.
2025-08-29 22:15:49,535 [WARN] IP:2250 - OutPut3 not found: check if there is a RefParameter without a condition.
2025-08-29 22:15:49,535 [WARN] IP:2250 - BinMixBcdU not found: check if there is a RefParameter without a condition.
2025-08-29 22:15:49,535 [WARN] IP:2250 - SSRU_Underflow_Interrupt not found: check if there is a RefParameter without a condition.
2025-08-29 22:15:49,535 [WARN] IP:2250 - rtcSecureFull not found: check if there is a RefParameter without a condition.
2025-08-29 22:15:49,535 [WARN] IP:2250 - rtcNonSecureFeatures not found: check if there is a RefParameter without a condition.
2025-08-29 22:15:49,535 [WARN] IP:2250 - RTC_NONSECURE_FEATURE_NONE not found: check if there is a RefParameter without a condition.
2025-08-29 22:15:49,535 [WARN] IP:2250 - RTC_NONSECURE_FEATURE_INIT not found: check if there is a RefParameter without a condition.
2025-08-29 22:15:49,535 [WARN] IP:2250 - RTC_NONSECURE_FEATURE_ALRA not found: check if there is a RefParameter without a condition.
2025-08-29 22:15:49,535 [WARN] IP:2250 - RTC_NONSECURE_FEATURE_ALRB not found: check if there is a RefParameter without a condition.
2025-08-29 22:15:49,535 [WARN] IP:2250 - RTC_NONSECURE_FEATURE_TS not found: check if there is a RefParameter without a condition.
2025-08-29 22:15:49,535 [WARN] IP:2250 - RTC_NONSECURE_FEATURE_CAL not found: check if there is a RefParameter without a condition.
2025-08-29 22:15:49,535 [WARN] IP:2250 - RTC_NONSECURE_FEATURE_WUT not found: check if there is a RefParameter without a condition.
2025-08-29 22:15:49,535 [WARN] IP:2250 - Sec_BKP_Registers1 not found: check if there is a RefParameter without a condition.
2025-08-29 22:15:49,535 [WARN] IP:2250 - backupRegisterStartZone2_gS not found: check if there is a RefParameter without a condition.
2025-08-29 22:15:49,535 [WARN] IP:2250 - backupRegisterStartZone3_gS not found: check if there is a RefParameter without a condition.
2025-08-29 22:15:49,535 [WARN] IP:2250 - rtcPrivilegeFeatures not found: check if there is a RefParameter without a condition.
2025-08-29 22:15:49,535 [WARN] IP:2250 - RTC_PRIVILEGE_FEATURE_INIT not found: check if there is a RefParameter without a condition.
2025-08-29 22:15:49,535 [WARN] IP:2250 - RTC_PRIVILEGE_FEATURE_ALRA not found: check if there is a RefParameter without a condition.
2025-08-29 22:15:49,535 [WARN] IP:2250 - RTC_PRIVILEGE_FEATURE_ALRB not found: check if there is a RefParameter without a condition.
2025-08-29 22:15:49,535 [WARN] IP:2250 - RTC_PRIVILEGE_FEATURE_CAL not found: check if there is a RefParameter without a condition.
2025-08-29 22:15:49,535 [WARN] IP:2250 - RTC_PRIVILEGE_FEATURE_TS not found: check if there is a RefParameter without a condition.
2025-08-29 22:15:49,535 [WARN] IP:2250 - RTC_PRIVILEGE_FEATURE_WUT not found: check if there is a RefParameter without a condition.
2025-08-29 22:15:49,535 [WARN] IP:2250 - SSRU_Underflow_Interrupt not found: check if there is a RefParameter without a condition.
2025-08-29 22:15:49,535 [WARN] IP:2250 - BinMixBcdU not found: check if there is a RefParameter without a condition.
2025-08-29 22:15:49,536 [WARN] IP:2250 - OutPut1 not found: check if there is a RefParameter without a condition.
2025-08-29 22:15:49,536 [WARN] IP:2250 - OutPut2 not found: check if there is a RefParameter without a condition.
2025-08-29 22:15:49,536 [WARN] IP:2250 - OutPut3 not found: check if there is a RefParameter without a condition.
2025-08-29 22:15:49,536 [WARN] IP:2250 - BinMixBcdU not found: check if there is a RefParameter without a condition.
2025-08-29 22:15:49,536 [WARN] IP:2250 - SSRU_Underflow_Interrupt not found: check if there is a RefParameter without a condition.
2025-08-29 22:15:49,536 [WARN] IP:2250 - rtcSecureFull not found: check if there is a RefParameter without a condition.
2025-08-29 22:15:49,536 [WARN] IP:2250 - rtcNonSecureFeatures not found: check if there is a RefParameter without a condition.
2025-08-29 22:15:49,536 [WARN] IP:2250 - RTC_NONSECURE_FEATURE_NONE not found: check if there is a RefParameter without a condition.
2025-08-29 22:15:49,536 [WARN] IP:2250 - RTC_NONSECURE_FEATURE_INIT not found: check if there is a RefParameter without a condition.
2025-08-29 22:15:49,536 [WARN] IP:2250 - RTC_NONSECURE_FEATURE_ALRA not found: check if there is a RefParameter without a condition.
2025-08-29 22:15:49,536 [WARN] IP:2250 - RTC_NONSECURE_FEATURE_ALRB not found: check if there is a RefParameter without a condition.
2025-08-29 22:15:49,536 [WARN] IP:2250 - RTC_NONSECURE_FEATURE_TS not found: check if there is a RefParameter without a condition.
2025-08-29 22:15:49,536 [WARN] IP:2250 - RTC_NONSECURE_FEATURE_CAL not found: check if there is a RefParameter without a condition.
2025-08-29 22:15:49,536 [WARN] IP:2250 - RTC_NONSECURE_FEATURE_WUT not found: check if there is a RefParameter without a condition.
2025-08-29 22:15:49,536 [WARN] IP:2250 - Sec_BKP_Registers1 not found: check if there is a RefParameter without a condition.
2025-08-29 22:15:49,536 [WARN] IP:2250 - backupRegisterStartZone2_gS not found: check if there is a RefParameter without a condition.
2025-08-29 22:15:49,536 [WARN] IP:2250 - backupRegisterStartZone3_gS not found: check if there is a RefParameter without a condition.
2025-08-29 22:15:49,536 [WARN] IP:2250 - rtcPrivilegeFeatures not found: check if there is a RefParameter without a condition.
2025-08-29 22:15:49,536 [WARN] IP:2250 - RTC_PRIVILEGE_FEATURE_INIT not found: check if there is a RefParameter without a condition.
2025-08-29 22:15:49,536 [WARN] IP:2250 - RTC_PRIVILEGE_FEATURE_ALRA not found: check if there is a RefParameter without a condition.
2025-08-29 22:15:49,536 [WARN] IP:2250 - RTC_PRIVILEGE_FEATURE_ALRB not found: check if there is a RefParameter without a condition.
2025-08-29 22:15:49,536 [WARN] IP:2250 - RTC_PRIVILEGE_FEATURE_CAL not found: check if there is a RefParameter without a condition.
2025-08-29 22:15:49,536 [WARN] IP:2250 - RTC_PRIVILEGE_FEATURE_TS not found: check if there is a RefParameter without a condition.
2025-08-29 22:15:49,536 [WARN] IP:2250 - RTC_PRIVILEGE_FEATURE_WUT not found: check if there is a RefParameter without a condition.
2025-08-29 22:15:49,537 [WARN] IP:2250 - BinaryAutoClr_A not found: check if there is a RefParameter without a condition.
2025-08-29 22:15:49,537 [WARN] IP:2250 - FlagAutoClr_A not found: check if there is a RefParameter without a condition.
2025-08-29 22:15:49,537 [WARN] IP:2250 - OutPut1 not found: check if there is a RefParameter without a condition.
2025-08-29 22:15:49,537 [WARN] IP:2250 - OutPut2 not found: check if there is a RefParameter without a condition.
2025-08-29 22:15:49,537 [WARN] IP:2250 - OutPut3 not found: check if there is a RefParameter without a condition.
2025-08-29 22:15:49,537 [WARN] IP:2250 - BinMixBcdU not found: check if there is a RefParameter without a condition.
2025-08-29 22:15:49,537 [WARN] IP:2250 - SSRU_Underflow_Interrupt not found: check if there is a RefParameter without a condition.
2025-08-29 22:15:49,537 [WARN] IP:2250 - rtcSecureFull not found: check if there is a RefParameter without a condition.
2025-08-29 22:15:49,537 [WARN] IP:2250 - rtcNonSecureFeatures not found: check if there is a RefParameter without a condition.
2025-08-29 22:15:49,537 [WARN] IP:2250 - RTC_NONSECURE_FEATURE_NONE not found: check if there is a RefParameter without a condition.
2025-08-29 22:15:49,538 [WARN] IP:2250 - RTC_NONSECURE_FEATURE_INIT not found: check if there is a RefParameter without a condition.
2025-08-29 22:15:49,538 [WARN] IP:2250 - RTC_NONSECURE_FEATURE_ALRA not found: check if there is a RefParameter without a condition.
2025-08-29 22:15:49,538 [WARN] IP:2250 - RTC_NONSECURE_FEATURE_ALRB not found: check if there is a RefParameter without a condition.
2025-08-29 22:15:49,538 [WARN] IP:2250 - RTC_NONSECURE_FEATURE_TS not found: check if there is a RefParameter without a condition.
2025-08-29 22:15:49,538 [WARN] IP:2250 - RTC_NONSECURE_FEATURE_CAL not found: check if there is a RefParameter without a condition.
2025-08-29 22:15:49,538 [WARN] IP:2250 - RTC_NONSECURE_FEATURE_WUT not found: check if there is a RefParameter without a condition.
2025-08-29 22:15:49,538 [WARN] IP:2250 - Sec_BKP_Registers1 not found: check if there is a RefParameter without a condition.
2025-08-29 22:15:49,538 [WARN] IP:2250 - backupRegisterStartZone2_gS not found: check if there is a RefParameter without a condition.
2025-08-29 22:15:49,538 [WARN] IP:2250 - backupRegisterStartZone3_gS not found: check if there is a RefParameter without a condition.
2025-08-29 22:15:49,538 [WARN] IP:2250 - rtcPrivilegeFeatures not found: check if there is a RefParameter without a condition.
2025-08-29 22:15:49,538 [WARN] IP:2250 - RTC_PRIVILEGE_FEATURE_INIT not found: check if there is a RefParameter without a condition.
2025-08-29 22:15:49,538 [WARN] IP:2250 - RTC_PRIVILEGE_FEATURE_ALRA not found: check if there is a RefParameter without a condition.
2025-08-29 22:15:49,538 [WARN] IP:2250 - RTC_PRIVILEGE_FEATURE_ALRB not found: check if there is a RefParameter without a condition.
2025-08-29 22:15:49,538 [WARN] IP:2250 - RTC_PRIVILEGE_FEATURE_CAL not found: check if there is a RefParameter without a condition.
2025-08-29 22:15:49,538 [WARN] IP:2250 - RTC_PRIVILEGE_FEATURE_TS not found: check if there is a RefParameter without a condition.
2025-08-29 22:15:49,538 [WARN] IP:2250 - RTC_PRIVILEGE_FEATURE_WUT not found: check if there is a RefParameter without a condition.
2025-08-29 22:15:49,538 [WARN] IP:2250 - SSRU_Underflow_Interrupt not found: check if there is a RefParameter without a condition.
2025-08-29 22:15:49,538 [WARN] IP:2250 - BinMixBcdU not found: check if there is a RefParameter without a condition.
2025-08-29 22:15:49,538 [WARN] IP:2250 - OutPut1 not found: check if there is a RefParameter without a condition.
2025-08-29 22:15:49,538 [WARN] IP:2250 - OutPut2 not found: check if there is a RefParameter without a condition.
2025-08-29 22:15:49,538 [WARN] IP:2250 - OutPut3 not found: check if there is a RefParameter without a condition.
2025-08-29 22:15:49,539 [WARN] IP:2250 - BinMixBcdU not found: check if there is a RefParameter without a condition.
2025-08-29 22:15:49,539 [WARN] IP:2250 - SSRU_Underflow_Interrupt not found: check if there is a RefParameter without a condition.
2025-08-29 22:15:49,539 [WARN] IP:2250 - rtcSecureFull not found: check if there is a RefParameter without a condition.
2025-08-29 22:15:49,539 [WARN] IP:2250 - rtcNonSecureFeatures not found: check if there is a RefParameter without a condition.
2025-08-29 22:15:49,539 [WARN] IP:2250 - RTC_NONSECURE_FEATURE_NONE not found: check if there is a RefParameter without a condition.
2025-08-29 22:15:49,539 [WARN] IP:2250 - RTC_NONSECURE_FEATURE_INIT not found: check if there is a RefParameter without a condition.
2025-08-29 22:15:49,539 [WARN] IP:2250 - RTC_NONSECURE_FEATURE_ALRA not found: check if there is a RefParameter without a condition.
2025-08-29 22:15:49,539 [WARN] IP:2250 - RTC_NONSECURE_FEATURE_ALRB not found: check if there is a RefParameter without a condition.
2025-08-29 22:15:49,539 [WARN] IP:2250 - RTC_NONSECURE_FEATURE_TS not found: check if there is a RefParameter without a condition.
2025-08-29 22:15:49,539 [WARN] IP:2250 - RTC_NONSECURE_FEATURE_CAL not found: check if there is a RefParameter without a condition.
2025-08-29 22:15:49,539 [WARN] IP:2250 - RTC_NONSECURE_FEATURE_WUT not found: check if there is a RefParameter without a condition.
2025-08-29 22:15:49,539 [WARN] IP:2250 - Sec_BKP_Registers1 not found: check if there is a RefParameter without a condition.
2025-08-29 22:15:49,539 [WARN] IP:2250 - backupRegisterStartZone2_gS not found: check if there is a RefParameter without a condition.
2025-08-29 22:15:49,539 [WARN] IP:2250 - backupRegisterStartZone3_gS not found: check if there is a RefParameter without a condition.
2025-08-29 22:15:49,539 [WARN] IP:2250 - rtcPrivilegeFeatures not found: check if there is a RefParameter without a condition.
2025-08-29 22:15:49,539 [WARN] IP:2250 - RTC_PRIVILEGE_FEATURE_INIT not found: check if there is a RefParameter without a condition.
2025-08-29 22:15:49,539 [WARN] IP:2250 - RTC_PRIVILEGE_FEATURE_ALRA not found: check if there is a RefParameter without a condition.
2025-08-29 22:15:49,539 [WARN] IP:2250 - RTC_PRIVILEGE_FEATURE_ALRB not found: check if there is a RefParameter without a condition.
2025-08-29 22:15:49,539 [WARN] IP:2250 - RTC_PRIVILEGE_FEATURE_CAL not found: check if there is a RefParameter without a condition.
2025-08-29 22:15:49,539 [WARN] IP:2250 - RTC_PRIVILEGE_FEATURE_TS not found: check if there is a RefParameter without a condition.
2025-08-29 22:15:49,539 [WARN] IP:2250 - RTC_PRIVILEGE_FEATURE_WUT not found: check if there is a RefParameter without a condition.
2025-08-29 22:15:49,539 [WARN] IP:2250 - BinaryAutoClr_A not found: check if there is a RefParameter without a condition.
2025-08-29 22:15:49,539 [WARN] IP:2250 - FlagAutoClr_A not found: check if there is a RefParameter without a condition.
2025-08-29 22:15:49,579 [WARN] IP:2250 - DATAEXCHANGEDESRCBYTE_GPDMACH2 not found: check if there is a RefParameter without a condition.
2025-08-29 22:15:49,579 [WARN] IP:2250 - DATAEXCHANGEDESTHALFWORD_GPDMACH2 not found: check if there is a RefParameter without a condition.
2025-08-29 22:15:49,587 [WARN] IP:2250 - DATAEXCHANGEDESRCBYTE_GPDMACH2 not found: check if there is a RefParameter without a condition.
2025-08-29 22:15:49,587 [WARN] IP:2250 - DATAEXCHANGEDESTHALFWORD_GPDMACH2 not found: check if there is a RefParameter without a condition.
2025-08-29 22:15:56,853 [INFO] I2cTimingTraitement:330 - 0x00000E14
2025-08-29 22:15:56,856 [WARN] IP:2250 - SRAM5PowerDownInRunMode not found: check if there is a RefParameter without a condition.
2025-08-29 22:15:56,856 [WARN] IP:2250 - RAM1Page4PowerDownInStopMode not found: check if there is a RefParameter without a condition.
2025-08-29 22:15:56,856 [WARN] IP:2250 - RAM1Page5PowerDownInStopMode not found: check if there is a RefParameter without a condition.
2025-08-29 22:15:56,856 [WARN] IP:2250 - RAM1Page6PowerDownInStopMode not found: check if there is a RefParameter without a condition.
2025-08-29 22:15:56,856 [WARN] IP:2250 - RAM1Page7PowerDownInStopMode not found: check if there is a RefParameter without a condition.
2025-08-29 22:15:56,856 [WARN] IP:2250 - RAM1Page8PowerDownInStopMode not found: check if there is a RefParameter without a condition.
2025-08-29 22:15:56,856 [WARN] IP:2250 - RAM1Page9PowerDownInStopMode not found: check if there is a RefParameter without a condition.
2025-08-29 22:15:56,856 [WARN] IP:2250 - RAM1Page10PowerDownInStopMode not found: check if there is a RefParameter without a condition.
2025-08-29 22:15:56,856 [WARN] IP:2250 - RAM1Page11PowerDownInStopMode not found: check if there is a RefParameter without a condition.
2025-08-29 22:15:56,856 [WARN] IP:2250 - RAM1Page12PowerDownInStopMode not found: check if there is a RefParameter without a condition.
2025-08-29 22:15:56,857 [WARN] IP:2250 - RAM3Page9PowerDownInStopMode not found: check if there is a RefParameter without a condition.
2025-08-29 22:15:56,857 [WARN] IP:2250 - RAM3Page10PowerDownInStopMode not found: check if there is a RefParameter without a condition.
2025-08-29 22:15:56,857 [WARN] IP:2250 - RAM3Page11PowerDownInStopMode not found: check if there is a RefParameter without a condition.
2025-08-29 22:15:56,857 [WARN] IP:2250 - RAM3Page12PowerDownInStopMode not found: check if there is a RefParameter without a condition.
2025-08-29 22:15:56,857 [WARN] IP:2250 - RAM3Page13PowerDownInStopMode not found: check if there is a RefParameter without a condition.
2025-08-29 22:15:56,857 [WARN] IP:2250 - RAM5Page1PowerDownInStopMode not found: check if there is a RefParameter without a condition.
2025-08-29 22:15:56,857 [WARN] IP:2250 - RAM5Page2PowerDownInStopMode not found: check if there is a RefParameter without a condition.
2025-08-29 22:15:56,857 [WARN] IP:2250 - RAM5Page3PowerDownInStopMode not found: check if there is a RefParameter without a condition.
2025-08-29 22:15:56,857 [WARN] IP:2250 - RAM5Page4PowerDownInStopMode not found: check if there is a RefParameter without a condition.
2025-08-29 22:15:56,857 [WARN] IP:2250 - RAM5Page5PowerDownInStopMode not found: check if there is a RefParameter without a condition.
2025-08-29 22:15:56,857 [WARN] IP:2250 - RAM5Page6PowerDownInStopMode not found: check if there is a RefParameter without a condition.
2025-08-29 22:15:56,857 [WARN] IP:2250 - RAM5Page7PowerDownInStopMode not found: check if there is a RefParameter without a condition.
2025-08-29 22:15:56,857 [WARN] IP:2250 - RAM5Page8PowerDownInStopMode not found: check if there is a RefParameter without a condition.
2025-08-29 22:15:56,857 [WARN] IP:2250 - RAM5Page9PowerDownInStopMode not found: check if there is a RefParameter without a condition.
2025-08-29 22:15:56,857 [WARN] IP:2250 - RAM5Page10PowerDownInStopMode not found: check if there is a RefParameter without a condition.
2025-08-29 22:15:56,857 [WARN] IP:2250 - RAM5Page11PowerDownInStopMode not found: check if there is a RefParameter without a condition.
2025-08-29 22:15:56,857 [WARN] IP:2250 - RAM5Page12PowerDownInStopMode not found: check if there is a RefParameter without a condition.
2025-08-29 22:15:56,857 [WARN] IP:2250 - RAM5Page13PowerDownInStopMode not found: check if there is a RefParameter without a condition.
2025-08-29 22:15:56,857 [WARN] IP:2250 - Dcache2PowerDownInStopMode not found: check if there is a RefParameter without a condition.
2025-08-29 22:15:56,857 [WARN] IP:2250 - GRAPHICPRAMPowerDownInStopMode not found: check if there is a RefParameter without a condition.
2025-08-29 22:15:56,857 [WARN] IP:2250 - DSIRAMPowerDownInStopMode not found: check if there is a RefParameter without a condition.
2025-08-29 22:15:56,858 [WARN] IP:2250 - SRAM5PowerDownInRunMode not found: check if there is a RefParameter without a condition.
2025-08-29 22:15:56,858 [WARN] IP:2250 - RAM1Page4PowerDownInStopMode not found: check if there is a RefParameter without a condition.
2025-08-29 22:15:56,858 [WARN] IP:2250 - RAM1Page5PowerDownInStopMode not found: check if there is a RefParameter without a condition.
2025-08-29 22:15:56,858 [WARN] IP:2250 - RAM1Page6PowerDownInStopMode not found: check if there is a RefParameter without a condition.
2025-08-29 22:15:56,858 [WARN] IP:2250 - RAM1Page7PowerDownInStopMode not found: check if there is a RefParameter without a condition.
2025-08-29 22:15:56,858 [WARN] IP:2250 - RAM1Page8PowerDownInStopMode not found: check if there is a RefParameter without a condition.
2025-08-29 22:15:56,858 [WARN] IP:2250 - RAM1Page9PowerDownInStopMode not found: check if there is a RefParameter without a condition.
2025-08-29 22:15:56,858 [WARN] IP:2250 - RAM1Page10PowerDownInStopMode not found: check if there is a RefParameter without a condition.
2025-08-29 22:15:56,858 [WARN] IP:2250 - RAM1Page11PowerDownInStopMode not found: check if there is a RefParameter without a condition.
2025-08-29 22:15:56,858 [WARN] IP:2250 - RAM1Page12PowerDownInStopMode not found: check if there is a RefParameter without a condition.
2025-08-29 22:15:56,858 [WARN] IP:2250 - RAM3Page9PowerDownInStopMode not found: check if there is a RefParameter without a condition.
2025-08-29 22:15:56,858 [WARN] IP:2250 - RAM3Page10PowerDownInStopMode not found: check if there is a RefParameter without a condition.
2025-08-29 22:15:56,858 [WARN] IP:2250 - RAM3Page11PowerDownInStopMode not found: check if there is a RefParameter without a condition.
2025-08-29 22:15:56,858 [WARN] IP:2250 - RAM3Page12PowerDownInStopMode not found: check if there is a RefParameter without a condition.
2025-08-29 22:15:56,858 [WARN] IP:2250 - RAM3Page13PowerDownInStopMode not found: check if there is a RefParameter without a condition.
2025-08-29 22:15:56,858 [WARN] IP:2250 - RAM5Page1PowerDownInStopMode not found: check if there is a RefParameter without a condition.
2025-08-29 22:15:56,858 [WARN] IP:2250 - RAM5Page2PowerDownInStopMode not found: check if there is a RefParameter without a condition.
2025-08-29 22:15:56,858 [WARN] IP:2250 - RAM5Page3PowerDownInStopMode not found: check if there is a RefParameter without a condition.
2025-08-29 22:15:56,858 [WARN] IP:2250 - RAM5Page4PowerDownInStopMode not found: check if there is a RefParameter without a condition.
2025-08-29 22:15:56,858 [WARN] IP:2250 - RAM5Page5PowerDownInStopMode not found: check if there is a RefParameter without a condition.
2025-08-29 22:15:56,858 [WARN] IP:2250 - RAM5Page6PowerDownInStopMode not found: check if there is a RefParameter without a condition.
2025-08-29 22:15:56,858 [WARN] IP:2250 - RAM5Page7PowerDownInStopMode not found: check if there is a RefParameter without a condition.
2025-08-29 22:15:56,858 [WARN] IP:2250 - RAM5Page8PowerDownInStopMode not found: check if there is a RefParameter without a condition.
2025-08-29 22:15:56,858 [WARN] IP:2250 - RAM5Page9PowerDownInStopMode not found: check if there is a RefParameter without a condition.
2025-08-29 22:15:56,858 [WARN] IP:2250 - RAM5Page10PowerDownInStopMode not found: check if there is a RefParameter without a condition.
2025-08-29 22:15:56,858 [WARN] IP:2250 - RAM5Page11PowerDownInStopMode not found: check if there is a RefParameter without a condition.
2025-08-29 22:15:56,858 [WARN] IP:2250 - RAM5Page12PowerDownInStopMode not found: check if there is a RefParameter without a condition.
2025-08-29 22:15:56,858 [WARN] IP:2250 - RAM5Page13PowerDownInStopMode not found: check if there is a RefParameter without a condition.
2025-08-29 22:15:56,859 [WARN] IP:2250 - Dcache2PowerDownInStopMode not found: check if there is a RefParameter without a condition.
2025-08-29 22:15:56,859 [WARN] IP:2250 - GRAPHICPRAMPowerDownInStopMode not found: check if there is a RefParameter without a condition.
2025-08-29 22:15:56,859 [WARN] IP:2250 - DSIRAMPowerDownInStopMode not found: check if there is a RefParameter without a condition.
2025-08-29 22:15:56,953 [WARN] IP:2250 - OutPut1 not found: check if there is a RefParameter without a condition.
2025-08-29 22:15:56,953 [WARN] IP:2250 - OutPut2 not found: check if there is a RefParameter without a condition.
2025-08-29 22:15:56,953 [WARN] IP:2250 - OutPut3 not found: check if there is a RefParameter without a condition.
2025-08-29 22:15:56,953 [WARN] IP:2250 - BinMixBcdU not found: check if there is a RefParameter without a condition.
2025-08-29 22:15:56,953 [WARN] IP:2250 - SSRU_Underflow_Interrupt not found: check if there is a RefParameter without a condition.
2025-08-29 22:15:56,953 [WARN] IP:2250 - rtcSecureFull not found: check if there is a RefParameter without a condition.
2025-08-29 22:15:56,954 [WARN] IP:2250 - rtcNonSecureFeatures not found: check if there is a RefParameter without a condition.
2025-08-29 22:15:56,954 [WARN] IP:2250 - RTC_NONSECURE_FEATURE_NONE not found: check if there is a RefParameter without a condition.
2025-08-29 22:15:56,954 [WARN] IP:2250 - RTC_NONSECURE_FEATURE_INIT not found: check if there is a RefParameter without a condition.
2025-08-29 22:15:56,954 [WARN] IP:2250 - RTC_NONSECURE_FEATURE_ALRA not found: check if there is a RefParameter without a condition.
2025-08-29 22:15:56,954 [WARN] IP:2250 - RTC_NONSECURE_FEATURE_ALRB not found: check if there is a RefParameter without a condition.
2025-08-29 22:15:56,954 [WARN] IP:2250 - RTC_NONSECURE_FEATURE_TS not found: check if there is a RefParameter without a condition.
2025-08-29 22:15:56,954 [WARN] IP:2250 - RTC_NONSECURE_FEATURE_CAL not found: check if there is a RefParameter without a condition.
2025-08-29 22:15:56,954 [WARN] IP:2250 - RTC_NONSECURE_FEATURE_WUT not found: check if there is a RefParameter without a condition.
2025-08-29 22:15:56,954 [WARN] IP:2250 - Sec_BKP_Registers1 not found: check if there is a RefParameter without a condition.
2025-08-29 22:15:56,954 [WARN] IP:2250 - backupRegisterStartZone2_gS not found: check if there is a RefParameter without a condition.
2025-08-29 22:15:56,954 [WARN] IP:2250 - backupRegisterStartZone3_gS not found: check if there is a RefParameter without a condition.
2025-08-29 22:15:56,954 [WARN] IP:2250 - rtcPrivilegeFeatures not found: check if there is a RefParameter without a condition.
2025-08-29 22:15:56,954 [WARN] IP:2250 - RTC_PRIVILEGE_FEATURE_INIT not found: check if there is a RefParameter without a condition.
2025-08-29 22:15:56,954 [WARN] IP:2250 - RTC_PRIVILEGE_FEATURE_ALRA not found: check if there is a RefParameter without a condition.
2025-08-29 22:15:56,954 [WARN] IP:2250 - RTC_PRIVILEGE_FEATURE_ALRB not found: check if there is a RefParameter without a condition.
2025-08-29 22:15:56,954 [WARN] IP:2250 - RTC_PRIVILEGE_FEATURE_CAL not found: check if there is a RefParameter without a condition.
2025-08-29 22:15:56,954 [WARN] IP:2250 - RTC_PRIVILEGE_FEATURE_TS not found: check if there is a RefParameter without a condition.
2025-08-29 22:15:56,954 [WARN] IP:2250 - RTC_PRIVILEGE_FEATURE_WUT not found: check if there is a RefParameter without a condition.
2025-08-29 22:15:56,954 [WARN] IP:2250 - SSRU_Underflow_Interrupt not found: check if there is a RefParameter without a condition.
2025-08-29 22:15:56,954 [WARN] IP:2250 - BinMixBcdU not found: check if there is a RefParameter without a condition.
2025-08-29 22:15:56,954 [WARN] IP:2250 - OutPut1 not found: check if there is a RefParameter without a condition.
2025-08-29 22:15:56,954 [WARN] IP:2250 - OutPut2 not found: check if there is a RefParameter without a condition.
2025-08-29 22:15:56,954 [WARN] IP:2250 - OutPut3 not found: check if there is a RefParameter without a condition.
2025-08-29 22:15:56,955 [WARN] IP:2250 - BinMixBcdU not found: check if there is a RefParameter without a condition.
2025-08-29 22:15:56,955 [WARN] IP:2250 - SSRU_Underflow_Interrupt not found: check if there is a RefParameter without a condition.
2025-08-29 22:15:56,955 [WARN] IP:2250 - rtcSecureFull not found: check if there is a RefParameter without a condition.
2025-08-29 22:15:56,955 [WARN] IP:2250 - rtcNonSecureFeatures not found: check if there is a RefParameter without a condition.
2025-08-29 22:15:56,955 [WARN] IP:2250 - RTC_NONSECURE_FEATURE_NONE not found: check if there is a RefParameter without a condition.
2025-08-29 22:15:56,955 [WARN] IP:2250 - RTC_NONSECURE_FEATURE_INIT not found: check if there is a RefParameter without a condition.
2025-08-29 22:15:56,955 [WARN] IP:2250 - RTC_NONSECURE_FEATURE_ALRA not found: check if there is a RefParameter without a condition.
2025-08-29 22:15:56,955 [WARN] IP:2250 - RTC_NONSECURE_FEATURE_ALRB not found: check if there is a RefParameter without a condition.
2025-08-29 22:15:56,955 [WARN] IP:2250 - RTC_NONSECURE_FEATURE_TS not found: check if there is a RefParameter without a condition.
2025-08-29 22:15:56,955 [WARN] IP:2250 - RTC_NONSECURE_FEATURE_CAL not found: check if there is a RefParameter without a condition.
2025-08-29 22:15:56,955 [WARN] IP:2250 - RTC_NONSECURE_FEATURE_WUT not found: check if there is a RefParameter without a condition.
2025-08-29 22:15:56,955 [WARN] IP:2250 - Sec_BKP_Registers1 not found: check if there is a RefParameter without a condition.
2025-08-29 22:15:56,955 [WARN] IP:2250 - backupRegisterStartZone2_gS not found: check if there is a RefParameter without a condition.
2025-08-29 22:15:56,955 [WARN] IP:2250 - backupRegisterStartZone3_gS not found: check if there is a RefParameter without a condition.
2025-08-29 22:15:56,955 [WARN] IP:2250 - rtcPrivilegeFeatures not found: check if there is a RefParameter without a condition.
2025-08-29 22:15:56,955 [WARN] IP:2250 - RTC_PRIVILEGE_FEATURE_INIT not found: check if there is a RefParameter without a condition.
2025-08-29 22:15:56,955 [WARN] IP:2250 - RTC_PRIVILEGE_FEATURE_ALRA not found: check if there is a RefParameter without a condition.
2025-08-29 22:15:56,955 [WARN] IP:2250 - RTC_PRIVILEGE_FEATURE_ALRB not found: check if there is a RefParameter without a condition.
2025-08-29 22:15:56,955 [WARN] IP:2250 - RTC_PRIVILEGE_FEATURE_CAL not found: check if there is a RefParameter without a condition.
2025-08-29 22:15:56,955 [WARN] IP:2250 - RTC_PRIVILEGE_FEATURE_TS not found: check if there is a RefParameter without a condition.
2025-08-29 22:15:56,955 [WARN] IP:2250 - RTC_PRIVILEGE_FEATURE_WUT not found: check if there is a RefParameter without a condition.
2025-08-29 22:15:56,955 [WARN] IP:2250 - BinaryAutoClr_A not found: check if there is a RefParameter without a condition.
2025-08-29 22:15:56,955 [WARN] IP:2250 - FlagAutoClr_A not found: check if there is a RefParameter without a condition.
2025-08-29 22:15:56,956 [WARN] IP:2250 - OutPut1 not found: check if there is a RefParameter without a condition.
2025-08-29 22:15:56,956 [WARN] IP:2250 - OutPut2 not found: check if there is a RefParameter without a condition.
2025-08-29 22:15:56,956 [WARN] IP:2250 - OutPut3 not found: check if there is a RefParameter without a condition.
2025-08-29 22:15:56,956 [WARN] IP:2250 - BinMixBcdU not found: check if there is a RefParameter without a condition.
2025-08-29 22:15:56,956 [WARN] IP:2250 - SSRU_Underflow_Interrupt not found: check if there is a RefParameter without a condition.
2025-08-29 22:15:56,956 [WARN] IP:2250 - rtcSecureFull not found: check if there is a RefParameter without a condition.
2025-08-29 22:15:56,956 [WARN] IP:2250 - rtcNonSecureFeatures not found: check if there is a RefParameter without a condition.
2025-08-29 22:15:56,956 [WARN] IP:2250 - RTC_NONSECURE_FEATURE_NONE not found: check if there is a RefParameter without a condition.
2025-08-29 22:15:56,956 [WARN] IP:2250 - RTC_NONSECURE_FEATURE_INIT not found: check if there is a RefParameter without a condition.
2025-08-29 22:15:56,956 [WARN] IP:2250 - RTC_NONSECURE_FEATURE_ALRA not found: check if there is a RefParameter without a condition.
2025-08-29 22:15:56,956 [WARN] IP:2250 - RTC_NONSECURE_FEATURE_ALRB not found: check if there is a RefParameter without a condition.
2025-08-29 22:15:56,956 [WARN] IP:2250 - RTC_NONSECURE_FEATURE_TS not found: check if there is a RefParameter without a condition.
2025-08-29 22:15:56,956 [WARN] IP:2250 - RTC_NONSECURE_FEATURE_CAL not found: check if there is a RefParameter without a condition.
2025-08-29 22:15:56,956 [WARN] IP:2250 - RTC_NONSECURE_FEATURE_WUT not found: check if there is a RefParameter without a condition.
2025-08-29 22:15:56,956 [WARN] IP:2250 - Sec_BKP_Registers1 not found: check if there is a RefParameter without a condition.
2025-08-29 22:15:56,956 [WARN] IP:2250 - backupRegisterStartZone2_gS not found: check if there is a RefParameter without a condition.
2025-08-29 22:15:56,956 [WARN] IP:2250 - backupRegisterStartZone3_gS not found: check if there is a RefParameter without a condition.
2025-08-29 22:15:56,956 [WARN] IP:2250 - rtcPrivilegeFeatures not found: check if there is a RefParameter without a condition.
2025-08-29 22:15:56,956 [WARN] IP:2250 - RTC_PRIVILEGE_FEATURE_INIT not found: check if there is a RefParameter without a condition.
2025-08-29 22:15:56,956 [WARN] IP:2250 - RTC_PRIVILEGE_FEATURE_ALRA not found: check if there is a RefParameter without a condition.
2025-08-29 22:15:56,956 [WARN] IP:2250 - RTC_PRIVILEGE_FEATURE_ALRB not found: check if there is a RefParameter without a condition.
2025-08-29 22:15:56,956 [WARN] IP:2250 - RTC_PRIVILEGE_FEATURE_CAL not found: check if there is a RefParameter without a condition.
2025-08-29 22:15:56,956 [WARN] IP:2250 - RTC_PRIVILEGE_FEATURE_TS not found: check if there is a RefParameter without a condition.
2025-08-29 22:15:56,956 [WARN] IP:2250 - RTC_PRIVILEGE_FEATURE_WUT not found: check if there is a RefParameter without a condition.
2025-08-29 22:15:56,957 [WARN] IP:2250 - SSRU_Underflow_Interrupt not found: check if there is a RefParameter without a condition.
2025-08-29 22:15:56,957 [WARN] IP:2250 - BinMixBcdU not found: check if there is a RefParameter without a condition.
2025-08-29 22:15:56,957 [WARN] IP:2250 - OutPut1 not found: check if there is a RefParameter without a condition.
2025-08-29 22:15:56,957 [WARN] IP:2250 - OutPut2 not found: check if there is a RefParameter without a condition.
2025-08-29 22:15:56,957 [WARN] IP:2250 - OutPut3 not found: check if there is a RefParameter without a condition.
2025-08-29 22:15:56,957 [WARN] IP:2250 - BinMixBcdU not found: check if there is a RefParameter without a condition.
2025-08-29 22:15:56,957 [WARN] IP:2250 - SSRU_Underflow_Interrupt not found: check if there is a RefParameter without a condition.
2025-08-29 22:15:56,957 [WARN] IP:2250 - rtcSecureFull not found: check if there is a RefParameter without a condition.
2025-08-29 22:15:56,957 [WARN] IP:2250 - rtcNonSecureFeatures not found: check if there is a RefParameter without a condition.
2025-08-29 22:15:56,957 [WARN] IP:2250 - RTC_NONSECURE_FEATURE_NONE not found: check if there is a RefParameter without a condition.
2025-08-29 22:15:56,957 [WARN] IP:2250 - RTC_NONSECURE_FEATURE_INIT not found: check if there is a RefParameter without a condition.
2025-08-29 22:15:56,957 [WARN] IP:2250 - RTC_NONSECURE_FEATURE_ALRA not found: check if there is a RefParameter without a condition.
2025-08-29 22:15:56,957 [WARN] IP:2250 - RTC_NONSECURE_FEATURE_ALRB not found: check if there is a RefParameter without a condition.
2025-08-29 22:15:56,957 [WARN] IP:2250 - RTC_NONSECURE_FEATURE_TS not found: check if there is a RefParameter without a condition.
2025-08-29 22:15:56,957 [WARN] IP:2250 - RTC_NONSECURE_FEATURE_CAL not found: check if there is a RefParameter without a condition.
2025-08-29 22:15:56,957 [WARN] IP:2250 - RTC_NONSECURE_FEATURE_WUT not found: check if there is a RefParameter without a condition.
2025-08-29 22:15:56,957 [WARN] IP:2250 - Sec_BKP_Registers1 not found: check if there is a RefParameter without a condition.
2025-08-29 22:15:56,957 [WARN] IP:2250 - backupRegisterStartZone2_gS not found: check if there is a RefParameter without a condition.
2025-08-29 22:15:56,957 [WARN] IP:2250 - backupRegisterStartZone3_gS not found: check if there is a RefParameter without a condition.
2025-08-29 22:15:56,957 [WARN] IP:2250 - rtcPrivilegeFeatures not found: check if there is a RefParameter without a condition.
2025-08-29 22:15:56,958 [WARN] IP:2250 - RTC_PRIVILEGE_FEATURE_INIT not found: check if there is a RefParameter without a condition.
2025-08-29 22:15:56,958 [WARN] IP:2250 - RTC_PRIVILEGE_FEATURE_ALRA not found: check if there is a RefParameter without a condition.
2025-08-29 22:15:56,958 [WARN] IP:2250 - RTC_PRIVILEGE_FEATURE_ALRB not found: check if there is a RefParameter without a condition.
2025-08-29 22:15:56,958 [WARN] IP:2250 - RTC_PRIVILEGE_FEATURE_CAL not found: check if there is a RefParameter without a condition.
2025-08-29 22:15:56,958 [WARN] IP:2250 - RTC_PRIVILEGE_FEATURE_TS not found: check if there is a RefParameter without a condition.
2025-08-29 22:15:56,958 [WARN] IP:2250 - RTC_PRIVILEGE_FEATURE_WUT not found: check if there is a RefParameter without a condition.
2025-08-29 22:15:56,958 [WARN] IP:2250 - BinaryAutoClr_A not found: check if there is a RefParameter without a condition.
2025-08-29 22:15:56,958 [WARN] IP:2250 - FlagAutoClr_A not found: check if there is a RefParameter without a condition.
2025-08-29 22:15:57,022 [WARN] IP:2250 - DATAEXCHANGEDESRCBYTE_GPDMACH2 not found: check if there is a RefParameter without a condition.
2025-08-29 22:15:57,022 [WARN] IP:2250 - DATAEXCHANGEDESTHALFWORD_GPDMACH2 not found: check if there is a RefParameter without a condition.
2025-08-29 22:15:57,031 [WARN] IP:2250 - DATAEXCHANGEDESRCBYTE_GPDMACH2 not found: check if there is a RefParameter without a condition.
2025-08-29 22:15:57,031 [WARN] IP:2250 - DATAEXCHANGEDESTHALFWORD_GPDMACH2 not found: check if there is a RefParameter without a condition.
2025-08-29 22:15:57,198 [WARN] IP:2250 - SRAM5PowerDownInRunMode not found: check if there is a RefParameter without a condition.
2025-08-29 22:15:57,198 [WARN] IP:2250 - RAM1Page4PowerDownInStopMode not found: check if there is a RefParameter without a condition.
2025-08-29 22:15:57,198 [WARN] IP:2250 - RAM1Page5PowerDownInStopMode not found: check if there is a RefParameter without a condition.
2025-08-29 22:15:57,198 [WARN] IP:2250 - RAM1Page6PowerDownInStopMode not found: check if there is a RefParameter without a condition.
2025-08-29 22:15:57,198 [WARN] IP:2250 - RAM1Page7PowerDownInStopMode not found: check if there is a RefParameter without a condition.
2025-08-29 22:15:57,198 [WARN] IP:2250 - RAM1Page8PowerDownInStopMode not found: check if there is a RefParameter without a condition.
2025-08-29 22:15:57,198 [WARN] IP:2250 - RAM1Page9PowerDownInStopMode not found: check if there is a RefParameter without a condition.
2025-08-29 22:15:57,198 [WARN] IP:2250 - RAM1Page10PowerDownInStopMode not found: check if there is a RefParameter without a condition.
2025-08-29 22:15:57,198 [WARN] IP:2250 - RAM1Page11PowerDownInStopMode not found: check if there is a RefParameter without a condition.
2025-08-29 22:15:57,198 [WARN] IP:2250 - RAM1Page12PowerDownInStopMode not found: check if there is a RefParameter without a condition.
2025-08-29 22:15:57,198 [WARN] IP:2250 - RAM3Page9PowerDownInStopMode not found: check if there is a RefParameter without a condition.
2025-08-29 22:15:57,198 [WARN] IP:2250 - RAM3Page10PowerDownInStopMode not found: check if there is a RefParameter without a condition.
2025-08-29 22:15:57,198 [WARN] IP:2250 - RAM3Page11PowerDownInStopMode not found: check if there is a RefParameter without a condition.
2025-08-29 22:15:57,198 [WARN] IP:2250 - RAM3Page12PowerDownInStopMode not found: check if there is a RefParameter without a condition.
2025-08-29 22:15:57,198 [WARN] IP:2250 - RAM3Page13PowerDownInStopMode not found: check if there is a RefParameter without a condition.
2025-08-29 22:15:57,198 [WARN] IP:2250 - RAM5Page1PowerDownInStopMode not found: check if there is a RefParameter without a condition.
2025-08-29 22:15:57,198 [WARN] IP:2250 - RAM5Page2PowerDownInStopMode not found: check if there is a RefParameter without a condition.
2025-08-29 22:15:57,198 [WARN] IP:2250 - RAM5Page3PowerDownInStopMode not found: check if there is a RefParameter without a condition.
2025-08-29 22:15:57,198 [WARN] IP:2250 - RAM5Page4PowerDownInStopMode not found: check if there is a RefParameter without a condition.
2025-08-29 22:15:57,198 [WARN] IP:2250 - RAM5Page5PowerDownInStopMode not found: check if there is a RefParameter without a condition.
2025-08-29 22:15:57,198 [WARN] IP:2250 - RAM5Page6PowerDownInStopMode not found: check if there is a RefParameter without a condition.
2025-08-29 22:15:57,198 [WARN] IP:2250 - RAM5Page7PowerDownInStopMode not found: check if there is a RefParameter without a condition.
2025-08-29 22:15:57,198 [WARN] IP:2250 - RAM5Page8PowerDownInStopMode not found: check if there is a RefParameter without a condition.
2025-08-29 22:15:57,198 [WARN] IP:2250 - RAM5Page9PowerDownInStopMode not found: check if there is a RefParameter without a condition.
2025-08-29 22:15:57,198 [WARN] IP:2250 - RAM5Page10PowerDownInStopMode not found: check if there is a RefParameter without a condition.
2025-08-29 22:15:57,198 [WARN] IP:2250 - RAM5Page11PowerDownInStopMode not found: check if there is a RefParameter without a condition.
2025-08-29 22:15:57,198 [WARN] IP:2250 - RAM5Page12PowerDownInStopMode not found: check if there is a RefParameter without a condition.
2025-08-29 22:15:57,198 [WARN] IP:2250 - RAM5Page13PowerDownInStopMode not found: check if there is a RefParameter without a condition.
2025-08-29 22:15:57,198 [WARN] IP:2250 - Dcache2PowerDownInStopMode not found: check if there is a RefParameter without a condition.
2025-08-29 22:15:57,198 [WARN] IP:2250 - GRAPHICPRAMPowerDownInStopMode not found: check if there is a RefParameter without a condition.
2025-08-29 22:15:57,198 [WARN] IP:2250 - DSIRAMPowerDownInStopMode not found: check if there is a RefParameter without a condition.
2025-08-29 22:15:57,199 [WARN] IP:2250 - SRAM5PowerDownInRunMode not found: check if there is a RefParameter without a condition.
2025-08-29 22:15:57,199 [WARN] IP:2250 - RAM1Page4PowerDownInStopMode not found: check if there is a RefParameter without a condition.
2025-08-29 22:15:57,199 [WARN] IP:2250 - RAM1Page5PowerDownInStopMode not found: check if there is a RefParameter without a condition.
2025-08-29 22:15:57,199 [WARN] IP:2250 - RAM1Page6PowerDownInStopMode not found: check if there is a RefParameter without a condition.
2025-08-29 22:15:57,200 [WARN] IP:2250 - RAM1Page7PowerDownInStopMode not found: check if there is a RefParameter without a condition.
2025-08-29 22:15:57,200 [WARN] IP:2250 - RAM1Page8PowerDownInStopMode not found: check if there is a RefParameter without a condition.
2025-08-29 22:15:57,200 [WARN] IP:2250 - RAM1Page9PowerDownInStopMode not found: check if there is a RefParameter without a condition.
2025-08-29 22:15:57,200 [WARN] IP:2250 - RAM1Page10PowerDownInStopMode not found: check if there is a RefParameter without a condition.
2025-08-29 22:15:57,200 [WARN] IP:2250 - RAM1Page11PowerDownInStopMode not found: check if there is a RefParameter without a condition.
2025-08-29 22:15:57,200 [WARN] IP:2250 - RAM1Page12PowerDownInStopMode not found: check if there is a RefParameter without a condition.
2025-08-29 22:15:57,200 [WARN] IP:2250 - RAM3Page9PowerDownInStopMode not found: check if there is a RefParameter without a condition.
2025-08-29 22:15:57,200 [WARN] IP:2250 - RAM3Page10PowerDownInStopMode not found: check if there is a RefParameter without a condition.
2025-08-29 22:15:57,200 [WARN] IP:2250 - RAM3Page11PowerDownInStopMode not found: check if there is a RefParameter without a condition.
2025-08-29 22:15:57,200 [WARN] IP:2250 - RAM3Page12PowerDownInStopMode not found: check if there is a RefParameter without a condition.
2025-08-29 22:15:57,200 [WARN] IP:2250 - RAM3Page13PowerDownInStopMode not found: check if there is a RefParameter without a condition.
2025-08-29 22:15:57,200 [WARN] IP:2250 - RAM5Page1PowerDownInStopMode not found: check if there is a RefParameter without a condition.
2025-08-29 22:15:57,200 [WARN] IP:2250 - RAM5Page2PowerDownInStopMode not found: check if there is a RefParameter without a condition.
2025-08-29 22:15:57,200 [WARN] IP:2250 - RAM5Page3PowerDownInStopMode not found: check if there is a RefParameter without a condition.
2025-08-29 22:15:57,200 [WARN] IP:2250 - RAM5Page4PowerDownInStopMode not found: check if there is a RefParameter without a condition.
2025-08-29 22:15:57,200 [WARN] IP:2250 - RAM5Page5PowerDownInStopMode not found: check if there is a RefParameter without a condition.
2025-08-29 22:15:57,200 [WARN] IP:2250 - RAM5Page6PowerDownInStopMode not found: check if there is a RefParameter without a condition.
2025-08-29 22:15:57,200 [WARN] IP:2250 - RAM5Page7PowerDownInStopMode not found: check if there is a RefParameter without a condition.
2025-08-29 22:15:57,200 [WARN] IP:2250 - RAM5Page8PowerDownInStopMode not found: check if there is a RefParameter without a condition.
2025-08-29 22:15:57,200 [WARN] IP:2250 - RAM5Page9PowerDownInStopMode not found: check if there is a RefParameter without a condition.
2025-08-29 22:15:57,200 [WARN] IP:2250 - RAM5Page10PowerDownInStopMode not found: check if there is a RefParameter without a condition.
2025-08-29 22:15:57,200 [WARN] IP:2250 - RAM5Page11PowerDownInStopMode not found: check if there is a RefParameter without a condition.
2025-08-29 22:15:57,200 [WARN] IP:2250 - RAM5Page12PowerDownInStopMode not found: check if there is a RefParameter without a condition.
2025-08-29 22:15:57,200 [WARN] IP:2250 - RAM5Page13PowerDownInStopMode not found: check if there is a RefParameter without a condition.
2025-08-29 22:15:57,200 [WARN] IP:2250 - Dcache2PowerDownInStopMode not found: check if there is a RefParameter without a condition.
2025-08-29 22:15:57,200 [WARN] IP:2250 - GRAPHICPRAMPowerDownInStopMode not found: check if there is a RefParameter without a condition.
2025-08-29 22:15:57,200 [WARN] IP:2250 - DSIRAMPowerDownInStopMode not found: check if there is a RefParameter without a condition.
2025-08-29 22:15:57,294 [WARN] IP:2250 - OutPut1 not found: check if there is a RefParameter without a condition.
2025-08-29 22:15:57,294 [WARN] IP:2250 - OutPut2 not found: check if there is a RefParameter without a condition.
2025-08-29 22:15:57,294 [WARN] IP:2250 - OutPut3 not found: check if there is a RefParameter without a condition.
2025-08-29 22:15:57,294 [WARN] IP:2250 - BinMixBcdU not found: check if there is a RefParameter without a condition.
2025-08-29 22:15:57,294 [WARN] IP:2250 - SSRU_Underflow_Interrupt not found: check if there is a RefParameter without a condition.
2025-08-29 22:15:57,294 [WARN] IP:2250 - rtcSecureFull not found: check if there is a RefParameter without a condition.
2025-08-29 22:15:57,294 [WARN] IP:2250 - rtcNonSecureFeatures not found: check if there is a RefParameter without a condition.
2025-08-29 22:15:57,294 [WARN] IP:2250 - RTC_NONSECURE_FEATURE_NONE not found: check if there is a RefParameter without a condition.
2025-08-29 22:15:57,294 [WARN] IP:2250 - RTC_NONSECURE_FEATURE_INIT not found: check if there is a RefParameter without a condition.
2025-08-29 22:15:57,294 [WARN] IP:2250 - RTC_NONSECURE_FEATURE_ALRA not found: check if there is a RefParameter without a condition.
2025-08-29 22:15:57,294 [WARN] IP:2250 - RTC_NONSECURE_FEATURE_ALRB not found: check if there is a RefParameter without a condition.
2025-08-29 22:15:57,294 [WARN] IP:2250 - RTC_NONSECURE_FEATURE_TS not found: check if there is a RefParameter without a condition.
2025-08-29 22:15:57,294 [WARN] IP:2250 - RTC_NONSECURE_FEATURE_CAL not found: check if there is a RefParameter without a condition.
2025-08-29 22:15:57,294 [WARN] IP:2250 - RTC_NONSECURE_FEATURE_WUT not found: check if there is a RefParameter without a condition.
2025-08-29 22:15:57,294 [WARN] IP:2250 - Sec_BKP_Registers1 not found: check if there is a RefParameter without a condition.
2025-08-29 22:15:57,294 [WARN] IP:2250 - backupRegisterStartZone2_gS not found: check if there is a RefParameter without a condition.
2025-08-29 22:15:57,294 [WARN] IP:2250 - backupRegisterStartZone3_gS not found: check if there is a RefParameter without a condition.
2025-08-29 22:15:57,294 [WARN] IP:2250 - rtcPrivilegeFeatures not found: check if there is a RefParameter without a condition.
2025-08-29 22:15:57,294 [WARN] IP:2250 - RTC_PRIVILEGE_FEATURE_INIT not found: check if there is a RefParameter without a condition.
2025-08-29 22:15:57,294 [WARN] IP:2250 - RTC_PRIVILEGE_FEATURE_ALRA not found: check if there is a RefParameter without a condition.
2025-08-29 22:15:57,294 [WARN] IP:2250 - RTC_PRIVILEGE_FEATURE_ALRB not found: check if there is a RefParameter without a condition.
2025-08-29 22:15:57,295 [WARN] IP:2250 - RTC_PRIVILEGE_FEATURE_CAL not found: check if there is a RefParameter without a condition.
2025-08-29 22:15:57,295 [WARN] IP:2250 - RTC_PRIVILEGE_FEATURE_TS not found: check if there is a RefParameter without a condition.
2025-08-29 22:15:57,295 [WARN] IP:2250 - RTC_PRIVILEGE_FEATURE_WUT not found: check if there is a RefParameter without a condition.
2025-08-29 22:15:57,295 [WARN] IP:2250 - SSRU_Underflow_Interrupt not found: check if there is a RefParameter without a condition.
2025-08-29 22:15:57,295 [WARN] IP:2250 - BinMixBcdU not found: check if there is a RefParameter without a condition.
2025-08-29 22:15:57,295 [WARN] IP:2250 - OutPut1 not found: check if there is a RefParameter without a condition.
2025-08-29 22:15:57,295 [WARN] IP:2250 - OutPut2 not found: check if there is a RefParameter without a condition.
2025-08-29 22:15:57,295 [WARN] IP:2250 - OutPut3 not found: check if there is a RefParameter without a condition.
2025-08-29 22:15:57,295 [WARN] IP:2250 - BinMixBcdU not found: check if there is a RefParameter without a condition.
2025-08-29 22:15:57,295 [WARN] IP:2250 - SSRU_Underflow_Interrupt not found: check if there is a RefParameter without a condition.
2025-08-29 22:15:57,295 [WARN] IP:2250 - rtcSecureFull not found: check if there is a RefParameter without a condition.
2025-08-29 22:15:57,295 [WARN] IP:2250 - rtcNonSecureFeatures not found: check if there is a RefParameter without a condition.
2025-08-29 22:15:57,295 [WARN] IP:2250 - RTC_NONSECURE_FEATURE_NONE not found: check if there is a RefParameter without a condition.
2025-08-29 22:15:57,295 [WARN] IP:2250 - RTC_NONSECURE_FEATURE_INIT not found: check if there is a RefParameter without a condition.
2025-08-29 22:15:57,295 [WARN] IP:2250 - RTC_NONSECURE_FEATURE_ALRA not found: check if there is a RefParameter without a condition.
2025-08-29 22:15:57,295 [WARN] IP:2250 - RTC_NONSECURE_FEATURE_ALRB not found: check if there is a RefParameter without a condition.
2025-08-29 22:15:57,295 [WARN] IP:2250 - RTC_NONSECURE_FEATURE_TS not found: check if there is a RefParameter without a condition.
2025-08-29 22:15:57,295 [WARN] IP:2250 - RTC_NONSECURE_FEATURE_CAL not found: check if there is a RefParameter without a condition.
2025-08-29 22:15:57,295 [WARN] IP:2250 - RTC_NONSECURE_FEATURE_WUT not found: check if there is a RefParameter without a condition.
2025-08-29 22:15:57,295 [WARN] IP:2250 - Sec_BKP_Registers1 not found: check if there is a RefParameter without a condition.
2025-08-29 22:15:57,296 [WARN] IP:2250 - backupRegisterStartZone2_gS not found: check if there is a RefParameter without a condition.
2025-08-29 22:15:57,296 [WARN] IP:2250 - backupRegisterStartZone3_gS not found: check if there is a RefParameter without a condition.
2025-08-29 22:15:57,296 [WARN] IP:2250 - rtcPrivilegeFeatures not found: check if there is a RefParameter without a condition.
2025-08-29 22:15:57,296 [WARN] IP:2250 - RTC_PRIVILEGE_FEATURE_INIT not found: check if there is a RefParameter without a condition.
2025-08-29 22:15:57,296 [WARN] IP:2250 - RTC_PRIVILEGE_FEATURE_ALRA not found: check if there is a RefParameter without a condition.
2025-08-29 22:15:57,296 [WARN] IP:2250 - RTC_PRIVILEGE_FEATURE_ALRB not found: check if there is a RefParameter without a condition.
2025-08-29 22:15:57,296 [WARN] IP:2250 - RTC_PRIVILEGE_FEATURE_CAL not found: check if there is a RefParameter without a condition.
2025-08-29 22:15:57,296 [WARN] IP:2250 - RTC_PRIVILEGE_FEATURE_TS not found: check if there is a RefParameter without a condition.
2025-08-29 22:15:57,296 [WARN] IP:2250 - RTC_PRIVILEGE_FEATURE_WUT not found: check if there is a RefParameter without a condition.
2025-08-29 22:15:57,296 [WARN] IP:2250 - BinaryAutoClr_A not found: check if there is a RefParameter without a condition.
2025-08-29 22:15:57,296 [WARN] IP:2250 - FlagAutoClr_A not found: check if there is a RefParameter without a condition.
2025-08-29 22:15:57,296 [WARN] IP:2250 - OutPut1 not found: check if there is a RefParameter without a condition.
2025-08-29 22:15:57,296 [WARN] IP:2250 - OutPut2 not found: check if there is a RefParameter without a condition.
2025-08-29 22:15:57,297 [WARN] IP:2250 - OutPut3 not found: check if there is a RefParameter without a condition.
2025-08-29 22:15:57,297 [WARN] IP:2250 - BinMixBcdU not found: check if there is a RefParameter without a condition.
2025-08-29 22:15:57,297 [WARN] IP:2250 - SSRU_Underflow_Interrupt not found: check if there is a RefParameter without a condition.
2025-08-29 22:15:57,297 [WARN] IP:2250 - rtcSecureFull not found: check if there is a RefParameter without a condition.
2025-08-29 22:15:57,297 [WARN] IP:2250 - rtcNonSecureFeatures not found: check if there is a RefParameter without a condition.
2025-08-29 22:15:57,297 [WARN] IP:2250 - RTC_NONSECURE_FEATURE_NONE not found: check if there is a RefParameter without a condition.
2025-08-29 22:15:57,297 [WARN] IP:2250 - RTC_NONSECURE_FEATURE_INIT not found: check if there is a RefParameter without a condition.
2025-08-29 22:15:57,297 [WARN] IP:2250 - RTC_NONSECURE_FEATURE_ALRA not found: check if there is a RefParameter without a condition.
2025-08-29 22:15:57,297 [WARN] IP:2250 - RTC_NONSECURE_FEATURE_ALRB not found: check if there is a RefParameter without a condition.
2025-08-29 22:15:57,297 [WARN] IP:2250 - RTC_NONSECURE_FEATURE_TS not found: check if there is a RefParameter without a condition.
2025-08-29 22:15:57,297 [WARN] IP:2250 - RTC_NONSECURE_FEATURE_CAL not found: check if there is a RefParameter without a condition.
2025-08-29 22:15:57,297 [WARN] IP:2250 - RTC_NONSECURE_FEATURE_WUT not found: check if there is a RefParameter without a condition.
2025-08-29 22:15:57,297 [WARN] IP:2250 - Sec_BKP_Registers1 not found: check if there is a RefParameter without a condition.
2025-08-29 22:15:57,297 [WARN] IP:2250 - backupRegisterStartZone2_gS not found: check if there is a RefParameter without a condition.
2025-08-29 22:15:57,297 [WARN] IP:2250 - backupRegisterStartZone3_gS not found: check if there is a RefParameter without a condition.
2025-08-29 22:15:57,297 [WARN] IP:2250 - rtcPrivilegeFeatures not found: check if there is a RefParameter without a condition.
2025-08-29 22:15:57,297 [WARN] IP:2250 - RTC_PRIVILEGE_FEATURE_INIT not found: check if there is a RefParameter without a condition.
2025-08-29 22:15:57,297 [WARN] IP:2250 - RTC_PRIVILEGE_FEATURE_ALRA not found: check if there is a RefParameter without a condition.
2025-08-29 22:15:57,297 [WARN] IP:2250 - RTC_PRIVILEGE_FEATURE_ALRB not found: check if there is a RefParameter without a condition.
2025-08-29 22:15:57,297 [WARN] IP:2250 - RTC_PRIVILEGE_FEATURE_CAL not found: check if there is a RefParameter without a condition.
2025-08-29 22:15:57,297 [WARN] IP:2250 - RTC_PRIVILEGE_FEATURE_TS not found: check if there is a RefParameter without a condition.
2025-08-29 22:15:57,297 [WARN] IP:2250 - RTC_PRIVILEGE_FEATURE_WUT not found: check if there is a RefParameter without a condition.
2025-08-29 22:15:57,297 [WARN] IP:2250 - SSRU_Underflow_Interrupt not found: check if there is a RefParameter without a condition.
2025-08-29 22:15:57,297 [WARN] IP:2250 - BinMixBcdU not found: check if there is a RefParameter without a condition.
2025-08-29 22:15:57,298 [WARN] IP:2250 - OutPut1 not found: check if there is a RefParameter without a condition.
2025-08-29 22:15:57,298 [WARN] IP:2250 - OutPut2 not found: check if there is a RefParameter without a condition.
2025-08-29 22:15:57,298 [WARN] IP:2250 - OutPut3 not found: check if there is a RefParameter without a condition.
2025-08-29 22:15:57,298 [WARN] IP:2250 - BinMixBcdU not found: check if there is a RefParameter without a condition.
2025-08-29 22:15:57,298 [WARN] IP:2250 - SSRU_Underflow_Interrupt not found: check if there is a RefParameter without a condition.
2025-08-29 22:15:57,298 [WARN] IP:2250 - rtcSecureFull not found: check if there is a RefParameter without a condition.
2025-08-29 22:15:57,298 [WARN] IP:2250 - rtcNonSecureFeatures not found: check if there is a RefParameter without a condition.
2025-08-29 22:15:57,298 [WARN] IP:2250 - RTC_NONSECURE_FEATURE_NONE not found: check if there is a RefParameter without a condition.
2025-08-29 22:15:57,298 [WARN] IP:2250 - RTC_NONSECURE_FEATURE_INIT not found: check if there is a RefParameter without a condition.
2025-08-29 22:15:57,298 [WARN] IP:2250 - RTC_NONSECURE_FEATURE_ALRA not found: check if there is a RefParameter without a condition.
2025-08-29 22:15:57,298 [WARN] IP:2250 - RTC_NONSECURE_FEATURE_ALRB not found: check if there is a RefParameter without a condition.
2025-08-29 22:15:57,298 [WARN] IP:2250 - RTC_NONSECURE_FEATURE_TS not found: check if there is a RefParameter without a condition.
2025-08-29 22:15:57,298 [WARN] IP:2250 - RTC_NONSECURE_FEATURE_CAL not found: check if there is a RefParameter without a condition.
2025-08-29 22:15:57,298 [WARN] IP:2250 - RTC_NONSECURE_FEATURE_WUT not found: check if there is a RefParameter without a condition.
2025-08-29 22:15:57,298 [WARN] IP:2250 - Sec_BKP_Registers1 not found: check if there is a RefParameter without a condition.
2025-08-29 22:15:57,298 [WARN] IP:2250 - backupRegisterStartZone2_gS not found: check if there is a RefParameter without a condition.
2025-08-29 22:15:57,298 [WARN] IP:2250 - backupRegisterStartZone3_gS not found: check if there is a RefParameter without a condition.
2025-08-29 22:15:57,298 [WARN] IP:2250 - rtcPrivilegeFeatures not found: check if there is a RefParameter without a condition.
2025-08-29 22:15:57,298 [WARN] IP:2250 - RTC_PRIVILEGE_FEATURE_INIT not found: check if there is a RefParameter without a condition.
2025-08-29 22:15:57,298 [WARN] IP:2250 - RTC_PRIVILEGE_FEATURE_ALRA not found: check if there is a RefParameter without a condition.
2025-08-29 22:15:57,298 [WARN] IP:2250 - RTC_PRIVILEGE_FEATURE_ALRB not found: check if there is a RefParameter without a condition.
2025-08-29 22:15:57,298 [WARN] IP:2250 - RTC_PRIVILEGE_FEATURE_CAL not found: check if there is a RefParameter without a condition.
2025-08-29 22:15:57,298 [WARN] IP:2250 - RTC_PRIVILEGE_FEATURE_TS not found: check if there is a RefParameter without a condition.
2025-08-29 22:15:57,298 [WARN] IP:2250 - RTC_PRIVILEGE_FEATURE_WUT not found: check if there is a RefParameter without a condition.
2025-08-29 22:15:57,298 [WARN] IP:2250 - BinaryAutoClr_A not found: check if there is a RefParameter without a condition.
2025-08-29 22:15:57,298 [WARN] IP:2250 - FlagAutoClr_A not found: check if there is a RefParameter without a condition.
2025-08-29 22:15:57,340 [WARN] IP:2250 - DATAEXCHANGEDESRCBYTE_GPDMACH2 not found: check if there is a RefParameter without a condition.
2025-08-29 22:15:57,340 [WARN] IP:2250 - DATAEXCHANGEDESTHALFWORD_GPDMACH2 not found: check if there is a RefParameter without a condition.
2025-08-29 22:15:57,348 [WARN] IP:2250 - DATAEXCHANGEDESRCBYTE_GPDMACH2 not found: check if there is a RefParameter without a condition.
2025-08-29 22:15:57,348 [WARN] IP:2250 - DATAEXCHANGEDESTHALFWORD_GPDMACH2 not found: check if there is a RefParameter without a condition.
2025-08-29 22:15:59,412 [INFO] I2cTimingTraitement:330 - 0x00000E14
2025-08-29 22:15:59,415 [WARN] IP:2250 - SRAM5PowerDownInRunMode not found: check if there is a RefParameter without a condition.
2025-08-29 22:15:59,415 [WARN] IP:2250 - RAM1Page4PowerDownInStopMode not found: check if there is a RefParameter without a condition.
2025-08-29 22:15:59,416 [WARN] IP:2250 - RAM1Page5PowerDownInStopMode not found: check if there is a RefParameter without a condition.
2025-08-29 22:15:59,416 [WARN] IP:2250 - RAM1Page6PowerDownInStopMode not found: check if there is a RefParameter without a condition.
2025-08-29 22:15:59,416 [WARN] IP:2250 - RAM1Page7PowerDownInStopMode not found: check if there is a RefParameter without a condition.
2025-08-29 22:15:59,416 [WARN] IP:2250 - RAM1Page8PowerDownInStopMode not found: check if there is a RefParameter without a condition.
2025-08-29 22:15:59,416 [WARN] IP:2250 - RAM1Page9PowerDownInStopMode not found: check if there is a RefParameter without a condition.
2025-08-29 22:15:59,416 [WARN] IP:2250 - RAM1Page10PowerDownInStopMode not found: check if there is a RefParameter without a condition.
2025-08-29 22:15:59,416 [WARN] IP:2250 - RAM1Page11PowerDownInStopMode not found: check if there is a RefParameter without a condition.
2025-08-29 22:15:59,416 [WARN] IP:2250 - RAM1Page12PowerDownInStopMode not found: check if there is a RefParameter without a condition.
2025-08-29 22:15:59,416 [WARN] IP:2250 - RAM3Page9PowerDownInStopMode not found: check if there is a RefParameter without a condition.
2025-08-29 22:15:59,416 [WARN] IP:2250 - RAM3Page10PowerDownInStopMode not found: check if there is a RefParameter without a condition.
2025-08-29 22:15:59,416 [WARN] IP:2250 - RAM3Page11PowerDownInStopMode not found: check if there is a RefParameter without a condition.
2025-08-29 22:15:59,416 [WARN] IP:2250 - RAM3Page12PowerDownInStopMode not found: check if there is a RefParameter without a condition.
2025-08-29 22:15:59,416 [WARN] IP:2250 - RAM3Page13PowerDownInStopMode not found: check if there is a RefParameter without a condition.
2025-08-29 22:15:59,416 [WARN] IP:2250 - RAM5Page1PowerDownInStopMode not found: check if there is a RefParameter without a condition.
2025-08-29 22:15:59,416 [WARN] IP:2250 - RAM5Page2PowerDownInStopMode not found: check if there is a RefParameter without a condition.
2025-08-29 22:15:59,416 [WARN] IP:2250 - RAM5Page3PowerDownInStopMode not found: check if there is a RefParameter without a condition.
2025-08-29 22:15:59,416 [WARN] IP:2250 - RAM5Page4PowerDownInStopMode not found: check if there is a RefParameter without a condition.
2025-08-29 22:15:59,416 [WARN] IP:2250 - RAM5Page5PowerDownInStopMode not found: check if there is a RefParameter without a condition.
2025-08-29 22:15:59,416 [WARN] IP:2250 - RAM5Page6PowerDownInStopMode not found: check if there is a RefParameter without a condition.
2025-08-29 22:15:59,416 [WARN] IP:2250 - RAM5Page7PowerDownInStopMode not found: check if there is a RefParameter without a condition.
2025-08-29 22:15:59,416 [WARN] IP:2250 - RAM5Page8PowerDownInStopMode not found: check if there is a RefParameter without a condition.
2025-08-29 22:15:59,416 [WARN] IP:2250 - RAM5Page9PowerDownInStopMode not found: check if there is a RefParameter without a condition.
2025-08-29 22:15:59,416 [WARN] IP:2250 - RAM5Page10PowerDownInStopMode not found: check if there is a RefParameter without a condition.
2025-08-29 22:15:59,416 [WARN] IP:2250 - RAM5Page11PowerDownInStopMode not found: check if there is a RefParameter without a condition.
2025-08-29 22:15:59,416 [WARN] IP:2250 - RAM5Page12PowerDownInStopMode not found: check if there is a RefParameter without a condition.
2025-08-29 22:15:59,416 [WARN] IP:2250 - RAM5Page13PowerDownInStopMode not found: check if there is a RefParameter without a condition.
2025-08-29 22:15:59,416 [WARN] IP:2250 - Dcache2PowerDownInStopMode not found: check if there is a RefParameter without a condition.
2025-08-29 22:15:59,416 [WARN] IP:2250 - GRAPHICPRAMPowerDownInStopMode not found: check if there is a RefParameter without a condition.
2025-08-29 22:15:59,416 [WARN] IP:2250 - DSIRAMPowerDownInStopMode not found: check if there is a RefParameter without a condition.
2025-08-29 22:15:59,417 [WARN] IP:2250 - SRAM5PowerDownInRunMode not found: check if there is a RefParameter without a condition.
2025-08-29 22:15:59,417 [WARN] IP:2250 - RAM1Page4PowerDownInStopMode not found: check if there is a RefParameter without a condition.
2025-08-29 22:15:59,417 [WARN] IP:2250 - RAM1Page5PowerDownInStopMode not found: check if there is a RefParameter without a condition.
2025-08-29 22:15:59,417 [WARN] IP:2250 - RAM1Page6PowerDownInStopMode not found: check if there is a RefParameter without a condition.
2025-08-29 22:15:59,417 [WARN] IP:2250 - RAM1Page7PowerDownInStopMode not found: check if there is a RefParameter without a condition.
2025-08-29 22:15:59,417 [WARN] IP:2250 - RAM1Page8PowerDownInStopMode not found: check if there is a RefParameter without a condition.
2025-08-29 22:15:59,417 [WARN] IP:2250 - RAM1Page9PowerDownInStopMode not found: check if there is a RefParameter without a condition.
2025-08-29 22:15:59,417 [WARN] IP:2250 - RAM1Page10PowerDownInStopMode not found: check if there is a RefParameter without a condition.
2025-08-29 22:15:59,417 [WARN] IP:2250 - RAM1Page11PowerDownInStopMode not found: check if there is a RefParameter without a condition.
2025-08-29 22:15:59,417 [WARN] IP:2250 - RAM1Page12PowerDownInStopMode not found: check if there is a RefParameter without a condition.
2025-08-29 22:15:59,417 [WARN] IP:2250 - RAM3Page9PowerDownInStopMode not found: check if there is a RefParameter without a condition.
2025-08-29 22:15:59,417 [WARN] IP:2250 - RAM3Page10PowerDownInStopMode not found: check if there is a RefParameter without a condition.
2025-08-29 22:15:59,417 [WARN] IP:2250 - RAM3Page11PowerDownInStopMode not found: check if there is a RefParameter without a condition.
2025-08-29 22:15:59,417 [WARN] IP:2250 - RAM3Page12PowerDownInStopMode not found: check if there is a RefParameter without a condition.
2025-08-29 22:15:59,417 [WARN] IP:2250 - RAM3Page13PowerDownInStopMode not found: check if there is a RefParameter without a condition.
2025-08-29 22:15:59,417 [WARN] IP:2250 - RAM5Page1PowerDownInStopMode not found: check if there is a RefParameter without a condition.
2025-08-29 22:15:59,417 [WARN] IP:2250 - RAM5Page2PowerDownInStopMode not found: check if there is a RefParameter without a condition.
2025-08-29 22:15:59,417 [WARN] IP:2250 - RAM5Page3PowerDownInStopMode not found: check if there is a RefParameter without a condition.
2025-08-29 22:15:59,417 [WARN] IP:2250 - RAM5Page4PowerDownInStopMode not found: check if there is a RefParameter without a condition.
2025-08-29 22:15:59,418 [WARN] IP:2250 - RAM5Page5PowerDownInStopMode not found: check if there is a RefParameter without a condition.
2025-08-29 22:15:59,418 [WARN] IP:2250 - RAM5Page6PowerDownInStopMode not found: check if there is a RefParameter without a condition.
2025-08-29 22:15:59,418 [WARN] IP:2250 - RAM5Page7PowerDownInStopMode not found: check if there is a RefParameter without a condition.
2025-08-29 22:15:59,418 [WARN] IP:2250 - RAM5Page8PowerDownInStopMode not found: check if there is a RefParameter without a condition.
2025-08-29 22:15:59,418 [WARN] IP:2250 - RAM5Page9PowerDownInStopMode not found: check if there is a RefParameter without a condition.
2025-08-29 22:15:59,418 [WARN] IP:2250 - RAM5Page10PowerDownInStopMode not found: check if there is a RefParameter without a condition.
2025-08-29 22:15:59,418 [WARN] IP:2250 - RAM5Page11PowerDownInStopMode not found: check if there is a RefParameter without a condition.
2025-08-29 22:15:59,418 [WARN] IP:2250 - RAM5Page12PowerDownInStopMode not found: check if there is a RefParameter without a condition.
2025-08-29 22:15:59,418 [WARN] IP:2250 - RAM5Page13PowerDownInStopMode not found: check if there is a RefParameter without a condition.
2025-08-29 22:15:59,418 [WARN] IP:2250 - Dcache2PowerDownInStopMode not found: check if there is a RefParameter without a condition.
2025-08-29 22:15:59,418 [WARN] IP:2250 - GRAPHICPRAMPowerDownInStopMode not found: check if there is a RefParameter without a condition.
2025-08-29 22:15:59,418 [WARN] IP:2250 - DSIRAMPowerDownInStopMode not found: check if there is a RefParameter without a condition.
2025-08-29 22:15:59,511 [WARN] IP:2250 - OutPut1 not found: check if there is a RefParameter without a condition.
2025-08-29 22:15:59,511 [WARN] IP:2250 - OutPut2 not found: check if there is a RefParameter without a condition.
2025-08-29 22:15:59,511 [WARN] IP:2250 - OutPut3 not found: check if there is a RefParameter without a condition.
2025-08-29 22:15:59,511 [WARN] IP:2250 - BinMixBcdU not found: check if there is a RefParameter without a condition.
2025-08-29 22:15:59,511 [WARN] IP:2250 - SSRU_Underflow_Interrupt not found: check if there is a RefParameter without a condition.
2025-08-29 22:15:59,511 [WARN] IP:2250 - rtcSecureFull not found: check if there is a RefParameter without a condition.
2025-08-29 22:15:59,511 [WARN] IP:2250 - rtcNonSecureFeatures not found: check if there is a RefParameter without a condition.
2025-08-29 22:15:59,511 [WARN] IP:2250 - RTC_NONSECURE_FEATURE_NONE not found: check if there is a RefParameter without a condition.
2025-08-29 22:15:59,511 [WARN] IP:2250 - RTC_NONSECURE_FEATURE_INIT not found: check if there is a RefParameter without a condition.
2025-08-29 22:15:59,512 [WARN] IP:2250 - RTC_NONSECURE_FEATURE_ALRA not found: check if there is a RefParameter without a condition.
2025-08-29 22:15:59,512 [WARN] IP:2250 - RTC_NONSECURE_FEATURE_ALRB not found: check if there is a RefParameter without a condition.
2025-08-29 22:15:59,512 [WARN] IP:2250 - RTC_NONSECURE_FEATURE_TS not found: check if there is a RefParameter without a condition.
2025-08-29 22:15:59,512 [WARN] IP:2250 - RTC_NONSECURE_FEATURE_CAL not found: check if there is a RefParameter without a condition.
2025-08-29 22:15:59,512 [WARN] IP:2250 - RTC_NONSECURE_FEATURE_WUT not found: check if there is a RefParameter without a condition.
2025-08-29 22:15:59,512 [WARN] IP:2250 - Sec_BKP_Registers1 not found: check if there is a RefParameter without a condition.
2025-08-29 22:15:59,512 [WARN] IP:2250 - backupRegisterStartZone2_gS not found: check if there is a RefParameter without a condition.
2025-08-29 22:15:59,512 [WARN] IP:2250 - backupRegisterStartZone3_gS not found: check if there is a RefParameter without a condition.
2025-08-29 22:15:59,512 [WARN] IP:2250 - rtcPrivilegeFeatures not found: check if there is a RefParameter without a condition.
2025-08-29 22:15:59,512 [WARN] IP:2250 - RTC_PRIVILEGE_FEATURE_INIT not found: check if there is a RefParameter without a condition.
2025-08-29 22:15:59,512 [WARN] IP:2250 - RTC_PRIVILEGE_FEATURE_ALRA not found: check if there is a RefParameter without a condition.
2025-08-29 22:15:59,512 [WARN] IP:2250 - RTC_PRIVILEGE_FEATURE_ALRB not found: check if there is a RefParameter without a condition.
2025-08-29 22:15:59,512 [WARN] IP:2250 - RTC_PRIVILEGE_FEATURE_CAL not found: check if there is a RefParameter without a condition.
2025-08-29 22:15:59,512 [WARN] IP:2250 - RTC_PRIVILEGE_FEATURE_TS not found: check if there is a RefParameter without a condition.
2025-08-29 22:15:59,512 [WARN] IP:2250 - RTC_PRIVILEGE_FEATURE_WUT not found: check if there is a RefParameter without a condition.
2025-08-29 22:15:59,512 [WARN] IP:2250 - SSRU_Underflow_Interrupt not found: check if there is a RefParameter without a condition.
2025-08-29 22:15:59,512 [WARN] IP:2250 - BinMixBcdU not found: check if there is a RefParameter without a condition.
2025-08-29 22:15:59,512 [WARN] IP:2250 - OutPut1 not found: check if there is a RefParameter without a condition.
2025-08-29 22:15:59,512 [WARN] IP:2250 - OutPut2 not found: check if there is a RefParameter without a condition.
2025-08-29 22:15:59,512 [WARN] IP:2250 - OutPut3 not found: check if there is a RefParameter without a condition.
2025-08-29 22:15:59,513 [WARN] IP:2250 - BinMixBcdU not found: check if there is a RefParameter without a condition.
2025-08-29 22:15:59,513 [WARN] IP:2250 - SSRU_Underflow_Interrupt not found: check if there is a RefParameter without a condition.
2025-08-29 22:15:59,513 [WARN] IP:2250 - rtcSecureFull not found: check if there is a RefParameter without a condition.
2025-08-29 22:15:59,513 [WARN] IP:2250 - rtcNonSecureFeatures not found: check if there is a RefParameter without a condition.
2025-08-29 22:15:59,513 [WARN] IP:2250 - RTC_NONSECURE_FEATURE_NONE not found: check if there is a RefParameter without a condition.
2025-08-29 22:15:59,513 [WARN] IP:2250 - RTC_NONSECURE_FEATURE_INIT not found: check if there is a RefParameter without a condition.
2025-08-29 22:15:59,513 [WARN] IP:2250 - RTC_NONSECURE_FEATURE_ALRA not found: check if there is a RefParameter without a condition.
2025-08-29 22:15:59,513 [WARN] IP:2250 - RTC_NONSECURE_FEATURE_ALRB not found: check if there is a RefParameter without a condition.
2025-08-29 22:15:59,513 [WARN] IP:2250 - RTC_NONSECURE_FEATURE_TS not found: check if there is a RefParameter without a condition.
2025-08-29 22:15:59,513 [WARN] IP:2250 - RTC_NONSECURE_FEATURE_CAL not found: check if there is a RefParameter without a condition.
2025-08-29 22:15:59,513 [WARN] IP:2250 - RTC_NONSECURE_FEATURE_WUT not found: check if there is a RefParameter without a condition.
2025-08-29 22:15:59,513 [WARN] IP:2250 - Sec_BKP_Registers1 not found: check if there is a RefParameter without a condition.
2025-08-29 22:15:59,513 [WARN] IP:2250 - backupRegisterStartZone2_gS not found: check if there is a RefParameter without a condition.
2025-08-29 22:15:59,513 [WARN] IP:2250 - backupRegisterStartZone3_gS not found: check if there is a RefParameter without a condition.
2025-08-29 22:15:59,513 [WARN] IP:2250 - rtcPrivilegeFeatures not found: check if there is a RefParameter without a condition.
2025-08-29 22:15:59,513 [WARN] IP:2250 - RTC_PRIVILEGE_FEATURE_INIT not found: check if there is a RefParameter without a condition.
2025-08-29 22:15:59,513 [WARN] IP:2250 - RTC_PRIVILEGE_FEATURE_ALRA not found: check if there is a RefParameter without a condition.
2025-08-29 22:15:59,513 [WARN] IP:2250 - RTC_PRIVILEGE_FEATURE_ALRB not found: check if there is a RefParameter without a condition.
2025-08-29 22:15:59,513 [WARN] IP:2250 - RTC_PRIVILEGE_FEATURE_CAL not found: check if there is a RefParameter without a condition.
2025-08-29 22:15:59,513 [WARN] IP:2250 - RTC_PRIVILEGE_FEATURE_TS not found: check if there is a RefParameter without a condition.
2025-08-29 22:15:59,513 [WARN] IP:2250 - RTC_PRIVILEGE_FEATURE_WUT not found: check if there is a RefParameter without a condition.
2025-08-29 22:15:59,513 [WARN] IP:2250 - BinaryAutoClr_A not found: check if there is a RefParameter without a condition.
2025-08-29 22:15:59,513 [WARN] IP:2250 - FlagAutoClr_A not found: check if there is a RefParameter without a condition.
2025-08-29 22:15:59,514 [WARN] IP:2250 - OutPut1 not found: check if there is a RefParameter without a condition.
2025-08-29 22:15:59,514 [WARN] IP:2250 - OutPut2 not found: check if there is a RefParameter without a condition.
2025-08-29 22:15:59,514 [WARN] IP:2250 - OutPut3 not found: check if there is a RefParameter without a condition.
2025-08-29 22:15:59,514 [WARN] IP:2250 - BinMixBcdU not found: check if there is a RefParameter without a condition.
2025-08-29 22:15:59,514 [WARN] IP:2250 - SSRU_Underflow_Interrupt not found: check if there is a RefParameter without a condition.
2025-08-29 22:15:59,514 [WARN] IP:2250 - rtcSecureFull not found: check if there is a RefParameter without a condition.
2025-08-29 22:15:59,514 [WARN] IP:2250 - rtcNonSecureFeatures not found: check if there is a RefParameter without a condition.
2025-08-29 22:15:59,514 [WARN] IP:2250 - RTC_NONSECURE_FEATURE_NONE not found: check if there is a RefParameter without a condition.
2025-08-29 22:15:59,514 [WARN] IP:2250 - RTC_NONSECURE_FEATURE_INIT not found: check if there is a RefParameter without a condition.
2025-08-29 22:15:59,514 [WARN] IP:2250 - RTC_NONSECURE_FEATURE_ALRA not found: check if there is a RefParameter without a condition.
2025-08-29 22:15:59,514 [WARN] IP:2250 - RTC_NONSECURE_FEATURE_ALRB not found: check if there is a RefParameter without a condition.
2025-08-29 22:15:59,514 [WARN] IP:2250 - RTC_NONSECURE_FEATURE_TS not found: check if there is a RefParameter without a condition.
2025-08-29 22:15:59,514 [WARN] IP:2250 - RTC_NONSECURE_FEATURE_CAL not found: check if there is a RefParameter without a condition.
2025-08-29 22:15:59,514 [WARN] IP:2250 - RTC_NONSECURE_FEATURE_WUT not found: check if there is a RefParameter without a condition.
2025-08-29 22:15:59,514 [WARN] IP:2250 - Sec_BKP_Registers1 not found: check if there is a RefParameter without a condition.
2025-08-29 22:15:59,514 [WARN] IP:2250 - backupRegisterStartZone2_gS not found: check if there is a RefParameter without a condition.
2025-08-29 22:15:59,514 [WARN] IP:2250 - backupRegisterStartZone3_gS not found: check if there is a RefParameter without a condition.
2025-08-29 22:15:59,514 [WARN] IP:2250 - rtcPrivilegeFeatures not found: check if there is a RefParameter without a condition.
2025-08-29 22:15:59,514 [WARN] IP:2250 - RTC_PRIVILEGE_FEATURE_INIT not found: check if there is a RefParameter without a condition.
2025-08-29 22:15:59,514 [WARN] IP:2250 - RTC_PRIVILEGE_FEATURE_ALRA not found: check if there is a RefParameter without a condition.
2025-08-29 22:15:59,514 [WARN] IP:2250 - RTC_PRIVILEGE_FEATURE_ALRB not found: check if there is a RefParameter without a condition.
2025-08-29 22:15:59,514 [WARN] IP:2250 - RTC_PRIVILEGE_FEATURE_CAL not found: check if there is a RefParameter without a condition.
2025-08-29 22:15:59,514 [WARN] IP:2250 - RTC_PRIVILEGE_FEATURE_TS not found: check if there is a RefParameter without a condition.
2025-08-29 22:15:59,514 [WARN] IP:2250 - RTC_PRIVILEGE_FEATURE_WUT not found: check if there is a RefParameter without a condition.
2025-08-29 22:15:59,514 [WARN] IP:2250 - SSRU_Underflow_Interrupt not found: check if there is a RefParameter without a condition.
2025-08-29 22:15:59,514 [WARN] IP:2250 - BinMixBcdU not found: check if there is a RefParameter without a condition.
2025-08-29 22:15:59,515 [WARN] IP:2250 - OutPut1 not found: check if there is a RefParameter without a condition.
2025-08-29 22:15:59,515 [WARN] IP:2250 - OutPut2 not found: check if there is a RefParameter without a condition.
2025-08-29 22:15:59,515 [WARN] IP:2250 - OutPut3 not found: check if there is a RefParameter without a condition.
2025-08-29 22:15:59,515 [WARN] IP:2250 - BinMixBcdU not found: check if there is a RefParameter without a condition.
2025-08-29 22:15:59,515 [WARN] IP:2250 - SSRU_Underflow_Interrupt not found: check if there is a RefParameter without a condition.
2025-08-29 22:15:59,515 [WARN] IP:2250 - rtcSecureFull not found: check if there is a RefParameter without a condition.
2025-08-29 22:15:59,515 [WARN] IP:2250 - rtcNonSecureFeatures not found: check if there is a RefParameter without a condition.
2025-08-29 22:15:59,515 [WARN] IP:2250 - RTC_NONSECURE_FEATURE_NONE not found: check if there is a RefParameter without a condition.
2025-08-29 22:15:59,515 [WARN] IP:2250 - RTC_NONSECURE_FEATURE_INIT not found: check if there is a RefParameter without a condition.
2025-08-29 22:15:59,515 [WARN] IP:2250 - RTC_NONSECURE_FEATURE_ALRA not found: check if there is a RefParameter without a condition.
2025-08-29 22:15:59,515 [WARN] IP:2250 - RTC_NONSECURE_FEATURE_ALRB not found: check if there is a RefParameter without a condition.
2025-08-29 22:15:59,515 [WARN] IP:2250 - RTC_NONSECURE_FEATURE_TS not found: check if there is a RefParameter without a condition.
2025-08-29 22:15:59,515 [WARN] IP:2250 - RTC_NONSECURE_FEATURE_CAL not found: check if there is a RefParameter without a condition.
2025-08-29 22:15:59,515 [WARN] IP:2250 - RTC_NONSECURE_FEATURE_WUT not found: check if there is a RefParameter without a condition.
2025-08-29 22:15:59,515 [WARN] IP:2250 - Sec_BKP_Registers1 not found: check if there is a RefParameter without a condition.
2025-08-29 22:15:59,515 [WARN] IP:2250 - backupRegisterStartZone2_gS not found: check if there is a RefParameter without a condition.
2025-08-29 22:15:59,515 [WARN] IP:2250 - backupRegisterStartZone3_gS not found: check if there is a RefParameter without a condition.
2025-08-29 22:15:59,515 [WARN] IP:2250 - rtcPrivilegeFeatures not found: check if there is a RefParameter without a condition.
2025-08-29 22:15:59,515 [WARN] IP:2250 - RTC_PRIVILEGE_FEATURE_INIT not found: check if there is a RefParameter without a condition.
2025-08-29 22:15:59,515 [WARN] IP:2250 - RTC_PRIVILEGE_FEATURE_ALRA not found: check if there is a RefParameter without a condition.
2025-08-29 22:15:59,515 [WARN] IP:2250 - RTC_PRIVILEGE_FEATURE_ALRB not found: check if there is a RefParameter without a condition.
2025-08-29 22:15:59,515 [WARN] IP:2250 - RTC_PRIVILEGE_FEATURE_CAL not found: check if there is a RefParameter without a condition.
2025-08-29 22:15:59,515 [WARN] IP:2250 - RTC_PRIVILEGE_FEATURE_TS not found: check if there is a RefParameter without a condition.
2025-08-29 22:15:59,515 [WARN] IP:2250 - RTC_PRIVILEGE_FEATURE_WUT not found: check if there is a RefParameter without a condition.
2025-08-29 22:15:59,515 [WARN] IP:2250 - BinaryAutoClr_A not found: check if there is a RefParameter without a condition.
2025-08-29 22:15:59,515 [WARN] IP:2250 - FlagAutoClr_A not found: check if there is a RefParameter without a condition.
2025-08-29 22:15:59,561 [WARN] IP:2250 - DATAEXCHANGEDESRCBYTE_GPDMACH2 not found: check if there is a RefParameter without a condition.
2025-08-29 22:15:59,561 [WARN] IP:2250 - DATAEXCHANGEDESTHALFWORD_GPDMACH2 not found: check if there is a RefParameter without a condition.
2025-08-29 22:15:59,569 [WARN] IP:2250 - DATAEXCHANGEDESRCBYTE_GPDMACH2 not found: check if there is a RefParameter without a condition.
2025-08-29 22:15:59,569 [WARN] IP:2250 - DATAEXCHANGEDESTHALFWORD_GPDMACH2 not found: check if there is a RefParameter without a condition.
2025-08-29 22:15:59,719 [WARN] IP:2250 - SRAM5PowerDownInRunMode not found: check if there is a RefParameter without a condition.
2025-08-29 22:15:59,719 [WARN] IP:2250 - RAM1Page4PowerDownInStopMode not found: check if there is a RefParameter without a condition.
2025-08-29 22:15:59,719 [WARN] IP:2250 - RAM1Page5PowerDownInStopMode not found: check if there is a RefParameter without a condition.
2025-08-29 22:15:59,719 [WARN] IP:2250 - RAM1Page6PowerDownInStopMode not found: check if there is a RefParameter without a condition.
2025-08-29 22:15:59,719 [WARN] IP:2250 - RAM1Page7PowerDownInStopMode not found: check if there is a RefParameter without a condition.
2025-08-29 22:15:59,719 [WARN] IP:2250 - RAM1Page8PowerDownInStopMode not found: check if there is a RefParameter without a condition.
2025-08-29 22:15:59,719 [WARN] IP:2250 - RAM1Page9PowerDownInStopMode not found: check if there is a RefParameter without a condition.
2025-08-29 22:15:59,719 [WARN] IP:2250 - RAM1Page10PowerDownInStopMode not found: check if there is a RefParameter without a condition.
2025-08-29 22:15:59,719 [WARN] IP:2250 - RAM1Page11PowerDownInStopMode not found: check if there is a RefParameter without a condition.
2025-08-29 22:15:59,719 [WARN] IP:2250 - RAM1Page12PowerDownInStopMode not found: check if there is a RefParameter without a condition.
2025-08-29 22:15:59,719 [WARN] IP:2250 - RAM3Page9PowerDownInStopMode not found: check if there is a RefParameter without a condition.
2025-08-29 22:15:59,720 [WARN] IP:2250 - RAM3Page10PowerDownInStopMode not found: check if there is a RefParameter without a condition.
2025-08-29 22:15:59,720 [WARN] IP:2250 - RAM3Page11PowerDownInStopMode not found: check if there is a RefParameter without a condition.
2025-08-29 22:15:59,720 [WARN] IP:2250 - RAM3Page12PowerDownInStopMode not found: check if there is a RefParameter without a condition.
2025-08-29 22:15:59,720 [WARN] IP:2250 - RAM3Page13PowerDownInStopMode not found: check if there is a RefParameter without a condition.
2025-08-29 22:15:59,720 [WARN] IP:2250 - RAM5Page1PowerDownInStopMode not found: check if there is a RefParameter without a condition.
2025-08-29 22:15:59,720 [WARN] IP:2250 - RAM5Page2PowerDownInStopMode not found: check if there is a RefParameter without a condition.
2025-08-29 22:15:59,720 [WARN] IP:2250 - RAM5Page3PowerDownInStopMode not found: check if there is a RefParameter without a condition.
2025-08-29 22:15:59,720 [WARN] IP:2250 - RAM5Page4PowerDownInStopMode not found: check if there is a RefParameter without a condition.
2025-08-29 22:15:59,720 [WARN] IP:2250 - RAM5Page5PowerDownInStopMode not found: check if there is a RefParameter without a condition.
2025-08-29 22:15:59,720 [WARN] IP:2250 - RAM5Page6PowerDownInStopMode not found: check if there is a RefParameter without a condition.
2025-08-29 22:15:59,720 [WARN] IP:2250 - RAM5Page7PowerDownInStopMode not found: check if there is a RefParameter without a condition.
2025-08-29 22:15:59,720 [WARN] IP:2250 - RAM5Page8PowerDownInStopMode not found: check if there is a RefParameter without a condition.
2025-08-29 22:15:59,720 [WARN] IP:2250 - RAM5Page9PowerDownInStopMode not found: check if there is a RefParameter without a condition.
2025-08-29 22:15:59,720 [WARN] IP:2250 - RAM5Page10PowerDownInStopMode not found: check if there is a RefParameter without a condition.
2025-08-29 22:15:59,720 [WARN] IP:2250 - RAM5Page11PowerDownInStopMode not found: check if there is a RefParameter without a condition.
2025-08-29 22:15:59,720 [WARN] IP:2250 - RAM5Page12PowerDownInStopMode not found: check if there is a RefParameter without a condition.
2025-08-29 22:15:59,720 [WARN] IP:2250 - RAM5Page13PowerDownInStopMode not found: check if there is a RefParameter without a condition.
2025-08-29 22:15:59,720 [WARN] IP:2250 - Dcache2PowerDownInStopMode not found: check if there is a RefParameter without a condition.
2025-08-29 22:15:59,720 [WARN] IP:2250 - GRAPHICPRAMPowerDownInStopMode not found: check if there is a RefParameter without a condition.
2025-08-29 22:15:59,720 [WARN] IP:2250 - DSIRAMPowerDownInStopMode not found: check if there is a RefParameter without a condition.
2025-08-29 22:15:59,721 [WARN] IP:2250 - SRAM5PowerDownInRunMode not found: check if there is a RefParameter without a condition.
2025-08-29 22:15:59,721 [WARN] IP:2250 - RAM1Page4PowerDownInStopMode not found: check if there is a RefParameter without a condition.
2025-08-29 22:15:59,721 [WARN] IP:2250 - RAM1Page5PowerDownInStopMode not found: check if there is a RefParameter without a condition.
2025-08-29 22:15:59,721 [WARN] IP:2250 - RAM1Page6PowerDownInStopMode not found: check if there is a RefParameter without a condition.
2025-08-29 22:15:59,721 [WARN] IP:2250 - RAM1Page7PowerDownInStopMode not found: check if there is a RefParameter without a condition.
2025-08-29 22:15:59,721 [WARN] IP:2250 - RAM1Page8PowerDownInStopMode not found: check if there is a RefParameter without a condition.
2025-08-29 22:15:59,721 [WARN] IP:2250 - RAM1Page9PowerDownInStopMode not found: check if there is a RefParameter without a condition.
2025-08-29 22:15:59,721 [WARN] IP:2250 - RAM1Page10PowerDownInStopMode not found: check if there is a RefParameter without a condition.
2025-08-29 22:15:59,721 [WARN] IP:2250 - RAM1Page11PowerDownInStopMode not found: check if there is a RefParameter without a condition.
2025-08-29 22:15:59,721 [WARN] IP:2250 - RAM1Page12PowerDownInStopMode not found: check if there is a RefParameter without a condition.
2025-08-29 22:15:59,721 [WARN] IP:2250 - RAM3Page9PowerDownInStopMode not found: check if there is a RefParameter without a condition.
2025-08-29 22:15:59,721 [WARN] IP:2250 - RAM3Page10PowerDownInStopMode not found: check if there is a RefParameter without a condition.
2025-08-29 22:15:59,721 [WARN] IP:2250 - RAM3Page11PowerDownInStopMode not found: check if there is a RefParameter without a condition.
2025-08-29 22:15:59,721 [WARN] IP:2250 - RAM3Page12PowerDownInStopMode not found: check if there is a RefParameter without a condition.
2025-08-29 22:15:59,721 [WARN] IP:2250 - RAM3Page13PowerDownInStopMode not found: check if there is a RefParameter without a condition.
2025-08-29 22:15:59,721 [WARN] IP:2250 - RAM5Page1PowerDownInStopMode not found: check if there is a RefParameter without a condition.
2025-08-29 22:15:59,721 [WARN] IP:2250 - RAM5Page2PowerDownInStopMode not found: check if there is a RefParameter without a condition.
2025-08-29 22:15:59,721 [WARN] IP:2250 - RAM5Page3PowerDownInStopMode not found: check if there is a RefParameter without a condition.
2025-08-29 22:15:59,721 [WARN] IP:2250 - RAM5Page4PowerDownInStopMode not found: check if there is a RefParameter without a condition.
2025-08-29 22:15:59,721 [WARN] IP:2250 - RAM5Page5PowerDownInStopMode not found: check if there is a RefParameter without a condition.
2025-08-29 22:15:59,721 [WARN] IP:2250 - RAM5Page6PowerDownInStopMode not found: check if there is a RefParameter without a condition.
2025-08-29 22:15:59,721 [WARN] IP:2250 - RAM5Page7PowerDownInStopMode not found: check if there is a RefParameter without a condition.
2025-08-29 22:15:59,721 [WARN] IP:2250 - RAM5Page8PowerDownInStopMode not found: check if there is a RefParameter without a condition.
2025-08-29 22:15:59,721 [WARN] IP:2250 - RAM5Page9PowerDownInStopMode not found: check if there is a RefParameter without a condition.
2025-08-29 22:15:59,721 [WARN] IP:2250 - RAM5Page10PowerDownInStopMode not found: check if there is a RefParameter without a condition.
2025-08-29 22:15:59,721 [WARN] IP:2250 - RAM5Page11PowerDownInStopMode not found: check if there is a RefParameter without a condition.
2025-08-29 22:15:59,721 [WARN] IP:2250 - RAM5Page12PowerDownInStopMode not found: check if there is a RefParameter without a condition.
2025-08-29 22:15:59,721 [WARN] IP:2250 - RAM5Page13PowerDownInStopMode not found: check if there is a RefParameter without a condition.
2025-08-29 22:15:59,721 [WARN] IP:2250 - Dcache2PowerDownInStopMode not found: check if there is a RefParameter without a condition.
2025-08-29 22:15:59,721 [WARN] IP:2250 - GRAPHICPRAMPowerDownInStopMode not found: check if there is a RefParameter without a condition.
2025-08-29 22:15:59,722 [WARN] IP:2250 - DSIRAMPowerDownInStopMode not found: check if there is a RefParameter without a condition.
2025-08-29 22:15:59,820 [WARN] IP:2250 - OutPut1 not found: check if there is a RefParameter without a condition.
2025-08-29 22:15:59,820 [WARN] IP:2250 - OutPut2 not found: check if there is a RefParameter without a condition.
2025-08-29 22:15:59,820 [WARN] IP:2250 - OutPut3 not found: check if there is a RefParameter without a condition.
2025-08-29 22:15:59,820 [WARN] IP:2250 - BinMixBcdU not found: check if there is a RefParameter without a condition.
2025-08-29 22:15:59,820 [WARN] IP:2250 - SSRU_Underflow_Interrupt not found: check if there is a RefParameter without a condition.
2025-08-29 22:15:59,820 [WARN] IP:2250 - rtcSecureFull not found: check if there is a RefParameter without a condition.
2025-08-29 22:15:59,820 [WARN] IP:2250 - rtcNonSecureFeatures not found: check if there is a RefParameter without a condition.
2025-08-29 22:15:59,820 [WARN] IP:2250 - RTC_NONSECURE_FEATURE_NONE not found: check if there is a RefParameter without a condition.
2025-08-29 22:15:59,820 [WARN] IP:2250 - RTC_NONSECURE_FEATURE_INIT not found: check if there is a RefParameter without a condition.
2025-08-29 22:15:59,820 [WARN] IP:2250 - RTC_NONSECURE_FEATURE_ALRA not found: check if there is a RefParameter without a condition.
2025-08-29 22:15:59,820 [WARN] IP:2250 - RTC_NONSECURE_FEATURE_ALRB not found: check if there is a RefParameter without a condition.
2025-08-29 22:15:59,820 [WARN] IP:2250 - RTC_NONSECURE_FEATURE_TS not found: check if there is a RefParameter without a condition.
2025-08-29 22:15:59,820 [WARN] IP:2250 - RTC_NONSECURE_FEATURE_CAL not found: check if there is a RefParameter without a condition.
2025-08-29 22:15:59,820 [WARN] IP:2250 - RTC_NONSECURE_FEATURE_WUT not found: check if there is a RefParameter without a condition.
2025-08-29 22:15:59,820 [WARN] IP:2250 - Sec_BKP_Registers1 not found: check if there is a RefParameter without a condition.
2025-08-29 22:15:59,820 [WARN] IP:2250 - backupRegisterStartZone2_gS not found: check if there is a RefParameter without a condition.
2025-08-29 22:15:59,820 [WARN] IP:2250 - backupRegisterStartZone3_gS not found: check if there is a RefParameter without a condition.
2025-08-29 22:15:59,820 [WARN] IP:2250 - rtcPrivilegeFeatures not found: check if there is a RefParameter without a condition.
2025-08-29 22:15:59,820 [WARN] IP:2250 - RTC_PRIVILEGE_FEATURE_INIT not found: check if there is a RefParameter without a condition.
2025-08-29 22:15:59,820 [WARN] IP:2250 - RTC_PRIVILEGE_FEATURE_ALRA not found: check if there is a RefParameter without a condition.
2025-08-29 22:15:59,820 [WARN] IP:2250 - RTC_PRIVILEGE_FEATURE_ALRB not found: check if there is a RefParameter without a condition.
2025-08-29 22:15:59,820 [WARN] IP:2250 - RTC_PRIVILEGE_FEATURE_CAL not found: check if there is a RefParameter without a condition.
2025-08-29 22:15:59,820 [WARN] IP:2250 - RTC_PRIVILEGE_FEATURE_TS not found: check if there is a RefParameter without a condition.
2025-08-29 22:15:59,820 [WARN] IP:2250 - RTC_PRIVILEGE_FEATURE_WUT not found: check if there is a RefParameter without a condition.
2025-08-29 22:15:59,820 [WARN] IP:2250 - SSRU_Underflow_Interrupt not found: check if there is a RefParameter without a condition.
2025-08-29 22:15:59,820 [WARN] IP:2250 - BinMixBcdU not found: check if there is a RefParameter without a condition.
2025-08-29 22:15:59,821 [WARN] IP:2250 - OutPut1 not found: check if there is a RefParameter without a condition.
2025-08-29 22:15:59,821 [WARN] IP:2250 - OutPut2 not found: check if there is a RefParameter without a condition.
2025-08-29 22:15:59,821 [WARN] IP:2250 - OutPut3 not found: check if there is a RefParameter without a condition.
2025-08-29 22:15:59,821 [WARN] IP:2250 - BinMixBcdU not found: check if there is a RefParameter without a condition.
2025-08-29 22:15:59,821 [WARN] IP:2250 - SSRU_Underflow_Interrupt not found: check if there is a RefParameter without a condition.
2025-08-29 22:15:59,821 [WARN] IP:2250 - rtcSecureFull not found: check if there is a RefParameter without a condition.
2025-08-29 22:15:59,821 [WARN] IP:2250 - rtcNonSecureFeatures not found: check if there is a RefParameter without a condition.
2025-08-29 22:15:59,821 [WARN] IP:2250 - RTC_NONSECURE_FEATURE_NONE not found: check if there is a RefParameter without a condition.
2025-08-29 22:15:59,821 [WARN] IP:2250 - RTC_NONSECURE_FEATURE_INIT not found: check if there is a RefParameter without a condition.
2025-08-29 22:15:59,821 [WARN] IP:2250 - RTC_NONSECURE_FEATURE_ALRA not found: check if there is a RefParameter without a condition.
2025-08-29 22:15:59,821 [WARN] IP:2250 - RTC_NONSECURE_FEATURE_ALRB not found: check if there is a RefParameter without a condition.
2025-08-29 22:15:59,821 [WARN] IP:2250 - RTC_NONSECURE_FEATURE_TS not found: check if there is a RefParameter without a condition.
2025-08-29 22:15:59,821 [WARN] IP:2250 - RTC_NONSECURE_FEATURE_CAL not found: check if there is a RefParameter without a condition.
2025-08-29 22:15:59,821 [WARN] IP:2250 - RTC_NONSECURE_FEATURE_WUT not found: check if there is a RefParameter without a condition.
2025-08-29 22:15:59,821 [WARN] IP:2250 - Sec_BKP_Registers1 not found: check if there is a RefParameter without a condition.
2025-08-29 22:15:59,821 [WARN] IP:2250 - backupRegisterStartZone2_gS not found: check if there is a RefParameter without a condition.
2025-08-29 22:15:59,821 [WARN] IP:2250 - backupRegisterStartZone3_gS not found: check if there is a RefParameter without a condition.
2025-08-29 22:15:59,821 [WARN] IP:2250 - rtcPrivilegeFeatures not found: check if there is a RefParameter without a condition.
2025-08-29 22:15:59,821 [WARN] IP:2250 - RTC_PRIVILEGE_FEATURE_INIT not found: check if there is a RefParameter without a condition.
2025-08-29 22:15:59,821 [WARN] IP:2250 - RTC_PRIVILEGE_FEATURE_ALRA not found: check if there is a RefParameter without a condition.
2025-08-29 22:15:59,821 [WARN] IP:2250 - RTC_PRIVILEGE_FEATURE_ALRB not found: check if there is a RefParameter without a condition.
2025-08-29 22:15:59,821 [WARN] IP:2250 - RTC_PRIVILEGE_FEATURE_CAL not found: check if there is a RefParameter without a condition.
2025-08-29 22:15:59,821 [WARN] IP:2250 - RTC_PRIVILEGE_FEATURE_TS not found: check if there is a RefParameter without a condition.
2025-08-29 22:15:59,821 [WARN] IP:2250 - RTC_PRIVILEGE_FEATURE_WUT not found: check if there is a RefParameter without a condition.
2025-08-29 22:15:59,822 [WARN] IP:2250 - BinaryAutoClr_A not found: check if there is a RefParameter without a condition.
2025-08-29 22:15:59,822 [WARN] IP:2250 - FlagAutoClr_A not found: check if there is a RefParameter without a condition.
2025-08-29 22:15:59,822 [WARN] IP:2250 - OutPut1 not found: check if there is a RefParameter without a condition.
2025-08-29 22:15:59,822 [WARN] IP:2250 - OutPut2 not found: check if there is a RefParameter without a condition.
2025-08-29 22:15:59,822 [WARN] IP:2250 - OutPut3 not found: check if there is a RefParameter without a condition.
2025-08-29 22:15:59,822 [WARN] IP:2250 - BinMixBcdU not found: check if there is a RefParameter without a condition.
2025-08-29 22:15:59,822 [WARN] IP:2250 - SSRU_Underflow_Interrupt not found: check if there is a RefParameter without a condition.
2025-08-29 22:15:59,822 [WARN] IP:2250 - rtcSecureFull not found: check if there is a RefParameter without a condition.
2025-08-29 22:15:59,822 [WARN] IP:2250 - rtcNonSecureFeatures not found: check if there is a RefParameter without a condition.
2025-08-29 22:15:59,822 [WARN] IP:2250 - RTC_NONSECURE_FEATURE_NONE not found: check if there is a RefParameter without a condition.
2025-08-29 22:15:59,822 [WARN] IP:2250 - RTC_NONSECURE_FEATURE_INIT not found: check if there is a RefParameter without a condition.
2025-08-29 22:15:59,822 [WARN] IP:2250 - RTC_NONSECURE_FEATURE_ALRA not found: check if there is a RefParameter without a condition.
2025-08-29 22:15:59,822 [WARN] IP:2250 - RTC_NONSECURE_FEATURE_ALRB not found: check if there is a RefParameter without a condition.
2025-08-29 22:15:59,822 [WARN] IP:2250 - RTC_NONSECURE_FEATURE_TS not found: check if there is a RefParameter without a condition.
2025-08-29 22:15:59,822 [WARN] IP:2250 - RTC_NONSECURE_FEATURE_CAL not found: check if there is a RefParameter without a condition.
2025-08-29 22:15:59,823 [WARN] IP:2250 - RTC_NONSECURE_FEATURE_WUT not found: check if there is a RefParameter without a condition.
2025-08-29 22:15:59,823 [WARN] IP:2250 - Sec_BKP_Registers1 not found: check if there is a RefParameter without a condition.
2025-08-29 22:15:59,823 [WARN] IP:2250 - backupRegisterStartZone2_gS not found: check if there is a RefParameter without a condition.
2025-08-29 22:15:59,823 [WARN] IP:2250 - backupRegisterStartZone3_gS not found: check if there is a RefParameter without a condition.
2025-08-29 22:15:59,823 [WARN] IP:2250 - rtcPrivilegeFeatures not found: check if there is a RefParameter without a condition.
2025-08-29 22:15:59,823 [WARN] IP:2250 - RTC_PRIVILEGE_FEATURE_INIT not found: check if there is a RefParameter without a condition.
2025-08-29 22:15:59,823 [WARN] IP:2250 - RTC_PRIVILEGE_FEATURE_ALRA not found: check if there is a RefParameter without a condition.
2025-08-29 22:15:59,823 [WARN] IP:2250 - RTC_PRIVILEGE_FEATURE_ALRB not found: check if there is a RefParameter without a condition.
2025-08-29 22:15:59,823 [WARN] IP:2250 - RTC_PRIVILEGE_FEATURE_CAL not found: check if there is a RefParameter without a condition.
2025-08-29 22:15:59,823 [WARN] IP:2250 - RTC_PRIVILEGE_FEATURE_TS not found: check if there is a RefParameter without a condition.
2025-08-29 22:15:59,823 [WARN] IP:2250 - RTC_PRIVILEGE_FEATURE_WUT not found: check if there is a RefParameter without a condition.
2025-08-29 22:15:59,823 [WARN] IP:2250 - SSRU_Underflow_Interrupt not found: check if there is a RefParameter without a condition.
2025-08-29 22:15:59,823 [WARN] IP:2250 - BinMixBcdU not found: check if there is a RefParameter without a condition.
2025-08-29 22:15:59,823 [WARN] IP:2250 - OutPut1 not found: check if there is a RefParameter without a condition.
2025-08-29 22:15:59,823 [WARN] IP:2250 - OutPut2 not found: check if there is a RefParameter without a condition.
2025-08-29 22:15:59,823 [WARN] IP:2250 - OutPut3 not found: check if there is a RefParameter without a condition.
2025-08-29 22:15:59,823 [WARN] IP:2250 - BinMixBcdU not found: check if there is a RefParameter without a condition.
2025-08-29 22:15:59,823 [WARN] IP:2250 - SSRU_Underflow_Interrupt not found: check if there is a RefParameter without a condition.
2025-08-29 22:15:59,823 [WARN] IP:2250 - rtcSecureFull not found: check if there is a RefParameter without a condition.
2025-08-29 22:15:59,824 [WARN] IP:2250 - rtcNonSecureFeatures not found: check if there is a RefParameter without a condition.
2025-08-29 22:15:59,824 [WARN] IP:2250 - RTC_NONSECURE_FEATURE_NONE not found: check if there is a RefParameter without a condition.
2025-08-29 22:15:59,824 [WARN] IP:2250 - RTC_NONSECURE_FEATURE_INIT not found: check if there is a RefParameter without a condition.
2025-08-29 22:15:59,824 [WARN] IP:2250 - RTC_NONSECURE_FEATURE_ALRA not found: check if there is a RefParameter without a condition.
2025-08-29 22:15:59,824 [WARN] IP:2250 - RTC_NONSECURE_FEATURE_ALRB not found: check if there is a RefParameter without a condition.
2025-08-29 22:15:59,824 [WARN] IP:2250 - RTC_NONSECURE_FEATURE_TS not found: check if there is a RefParameter without a condition.
2025-08-29 22:15:59,824 [WARN] IP:2250 - RTC_NONSECURE_FEATURE_CAL not found: check if there is a RefParameter without a condition.
2025-08-29 22:15:59,824 [WARN] IP:2250 - RTC_NONSECURE_FEATURE_WUT not found: check if there is a RefParameter without a condition.
2025-08-29 22:15:59,824 [WARN] IP:2250 - Sec_BKP_Registers1 not found: check if there is a RefParameter without a condition.
2025-08-29 22:15:59,824 [WARN] IP:2250 - backupRegisterStartZone2_gS not found: check if there is a RefParameter without a condition.
2025-08-29 22:15:59,824 [WARN] IP:2250 - backupRegisterStartZone3_gS not found: check if there is a RefParameter without a condition.
2025-08-29 22:15:59,824 [WARN] IP:2250 - rtcPrivilegeFeatures not found: check if there is a RefParameter without a condition.
2025-08-29 22:15:59,824 [WARN] IP:2250 - RTC_PRIVILEGE_FEATURE_INIT not found: check if there is a RefParameter without a condition.
2025-08-29 22:15:59,824 [WARN] IP:2250 - RTC_PRIVILEGE_FEATURE_ALRA not found: check if there is a RefParameter without a condition.
2025-08-29 22:15:59,824 [WARN] IP:2250 - RTC_PRIVILEGE_FEATURE_ALRB not found: check if there is a RefParameter without a condition.
2025-08-29 22:15:59,824 [WARN] IP:2250 - RTC_PRIVILEGE_FEATURE_CAL not found: check if there is a RefParameter without a condition.
2025-08-29 22:15:59,824 [WARN] IP:2250 - RTC_PRIVILEGE_FEATURE_TS not found: check if there is a RefParameter without a condition.
2025-08-29 22:15:59,824 [WARN] IP:2250 - RTC_PRIVILEGE_FEATURE_WUT not found: check if there is a RefParameter without a condition.
2025-08-29 22:15:59,824 [WARN] IP:2250 - BinaryAutoClr_A not found: check if there is a RefParameter without a condition.
2025-08-29 22:15:59,824 [WARN] IP:2250 - FlagAutoClr_A not found: check if there is a RefParameter without a condition.
2025-08-29 22:15:59,864 [WARN] IP:2250 - DATAEXCHANGEDESRCBYTE_GPDMACH2 not found: check if there is a RefParameter without a condition.
2025-08-29 22:15:59,864 [WARN] IP:2250 - DATAEXCHANGEDESTHALFWORD_GPDMACH2 not found: check if there is a RefParameter without a condition.
2025-08-29 22:15:59,872 [WARN] IP:2250 - DATAEXCHANGEDESRCBYTE_GPDMACH2 not found: check if there is a RefParameter without a condition.
2025-08-29 22:15:59,872 [WARN] IP:2250 - DATAEXCHANGEDESTHALFWORD_GPDMACH2 not found: check if there is a RefParameter without a condition.
2025-08-29 22:16:01,928 [INFO] I2cTimingTraitement:330 - 0x00000E14
2025-08-29 22:16:01,931 [WARN] IP:2250 - SRAM5PowerDownInRunMode not found: check if there is a RefParameter without a condition.
2025-08-29 22:16:01,931 [WARN] IP:2250 - RAM1Page4PowerDownInStopMode not found: check if there is a RefParameter without a condition.
2025-08-29 22:16:01,931 [WARN] IP:2250 - RAM1Page5PowerDownInStopMode not found: check if there is a RefParameter without a condition.
2025-08-29 22:16:01,931 [WARN] IP:2250 - RAM1Page6PowerDownInStopMode not found: check if there is a RefParameter without a condition.
2025-08-29 22:16:01,931 [WARN] IP:2250 - RAM1Page7PowerDownInStopMode not found: check if there is a RefParameter without a condition.
2025-08-29 22:16:01,931 [WARN] IP:2250 - RAM1Page8PowerDownInStopMode not found: check if there is a RefParameter without a condition.
2025-08-29 22:16:01,931 [WARN] IP:2250 - RAM1Page9PowerDownInStopMode not found: check if there is a RefParameter without a condition.
2025-08-29 22:16:01,931 [WARN] IP:2250 - RAM1Page10PowerDownInStopMode not found: check if there is a RefParameter without a condition.
2025-08-29 22:16:01,931 [WARN] IP:2250 - RAM1Page11PowerDownInStopMode not found: check if there is a RefParameter without a condition.
2025-08-29 22:16:01,932 [WARN] IP:2250 - RAM1Page12PowerDownInStopMode not found: check if there is a RefParameter without a condition.
2025-08-29 22:16:01,932 [WARN] IP:2250 - RAM3Page9PowerDownInStopMode not found: check if there is a RefParameter without a condition.
2025-08-29 22:16:01,932 [WARN] IP:2250 - RAM3Page10PowerDownInStopMode not found: check if there is a RefParameter without a condition.
2025-08-29 22:16:01,932 [WARN] IP:2250 - RAM3Page11PowerDownInStopMode not found: check if there is a RefParameter without a condition.
2025-08-29 22:16:01,932 [WARN] IP:2250 - RAM3Page12PowerDownInStopMode not found: check if there is a RefParameter without a condition.
2025-08-29 22:16:01,932 [WARN] IP:2250 - RAM3Page13PowerDownInStopMode not found: check if there is a RefParameter without a condition.
2025-08-29 22:16:01,932 [WARN] IP:2250 - RAM5Page1PowerDownInStopMode not found: check if there is a RefParameter without a condition.
2025-08-29 22:16:01,932 [WARN] IP:2250 - RAM5Page2PowerDownInStopMode not found: check if there is a RefParameter without a condition.
2025-08-29 22:16:01,932 [WARN] IP:2250 - RAM5Page3PowerDownInStopMode not found: check if there is a RefParameter without a condition.
2025-08-29 22:16:01,932 [WARN] IP:2250 - RAM5Page4PowerDownInStopMode not found: check if there is a RefParameter without a condition.
2025-08-29 22:16:01,932 [WARN] IP:2250 - RAM5Page5PowerDownInStopMode not found: check if there is a RefParameter without a condition.
2025-08-29 22:16:01,932 [WARN] IP:2250 - RAM5Page6PowerDownInStopMode not found: check if there is a RefParameter without a condition.
2025-08-29 22:16:01,932 [WARN] IP:2250 - RAM5Page7PowerDownInStopMode not found: check if there is a RefParameter without a condition.
2025-08-29 22:16:01,932 [WARN] IP:2250 - RAM5Page8PowerDownInStopMode not found: check if there is a RefParameter without a condition.
2025-08-29 22:16:01,932 [WARN] IP:2250 - RAM5Page9PowerDownInStopMode not found: check if there is a RefParameter without a condition.
2025-08-29 22:16:01,932 [WARN] IP:2250 - RAM5Page10PowerDownInStopMode not found: check if there is a RefParameter without a condition.
2025-08-29 22:16:01,932 [WARN] IP:2250 - RAM5Page11PowerDownInStopMode not found: check if there is a RefParameter without a condition.
2025-08-29 22:16:01,932 [WARN] IP:2250 - RAM5Page12PowerDownInStopMode not found: check if there is a RefParameter without a condition.
2025-08-29 22:16:01,932 [WARN] IP:2250 - RAM5Page13PowerDownInStopMode not found: check if there is a RefParameter without a condition.
2025-08-29 22:16:01,932 [WARN] IP:2250 - Dcache2PowerDownInStopMode not found: check if there is a RefParameter without a condition.
2025-08-29 22:16:01,932 [WARN] IP:2250 - GRAPHICPRAMPowerDownInStopMode not found: check if there is a RefParameter without a condition.
2025-08-29 22:16:01,932 [WARN] IP:2250 - DSIRAMPowerDownInStopMode not found: check if there is a RefParameter without a condition.
2025-08-29 22:16:01,933 [WARN] IP:2250 - SRAM5PowerDownInRunMode not found: check if there is a RefParameter without a condition.
2025-08-29 22:16:01,933 [WARN] IP:2250 - RAM1Page4PowerDownInStopMode not found: check if there is a RefParameter without a condition.
2025-08-29 22:16:01,933 [WARN] IP:2250 - RAM1Page5PowerDownInStopMode not found: check if there is a RefParameter without a condition.
2025-08-29 22:16:01,933 [WARN] IP:2250 - RAM1Page6PowerDownInStopMode not found: check if there is a RefParameter without a condition.
2025-08-29 22:16:01,933 [WARN] IP:2250 - RAM1Page7PowerDownInStopMode not found: check if there is a RefParameter without a condition.
2025-08-29 22:16:01,933 [WARN] IP:2250 - RAM1Page8PowerDownInStopMode not found: check if there is a RefParameter without a condition.
2025-08-29 22:16:01,933 [WARN] IP:2250 - RAM1Page9PowerDownInStopMode not found: check if there is a RefParameter without a condition.
2025-08-29 22:16:01,933 [WARN] IP:2250 - RAM1Page10PowerDownInStopMode not found: check if there is a RefParameter without a condition.
2025-08-29 22:16:01,933 [WARN] IP:2250 - RAM1Page11PowerDownInStopMode not found: check if there is a RefParameter without a condition.
2025-08-29 22:16:01,933 [WARN] IP:2250 - RAM1Page12PowerDownInStopMode not found: check if there is a RefParameter without a condition.
2025-08-29 22:16:01,933 [WARN] IP:2250 - RAM3Page9PowerDownInStopMode not found: check if there is a RefParameter without a condition.
2025-08-29 22:16:01,933 [WARN] IP:2250 - RAM3Page10PowerDownInStopMode not found: check if there is a RefParameter without a condition.
2025-08-29 22:16:01,933 [WARN] IP:2250 - RAM3Page11PowerDownInStopMode not found: check if there is a RefParameter without a condition.
2025-08-29 22:16:01,933 [WARN] IP:2250 - RAM3Page12PowerDownInStopMode not found: check if there is a RefParameter without a condition.
2025-08-29 22:16:01,933 [WARN] IP:2250 - RAM3Page13PowerDownInStopMode not found: check if there is a RefParameter without a condition.
2025-08-29 22:16:01,933 [WARN] IP:2250 - RAM5Page1PowerDownInStopMode not found: check if there is a RefParameter without a condition.
2025-08-29 22:16:01,933 [WARN] IP:2250 - RAM5Page2PowerDownInStopMode not found: check if there is a RefParameter without a condition.
2025-08-29 22:16:01,933 [WARN] IP:2250 - RAM5Page3PowerDownInStopMode not found: check if there is a RefParameter without a condition.
2025-08-29 22:16:01,933 [WARN] IP:2250 - RAM5Page4PowerDownInStopMode not found: check if there is a RefParameter without a condition.
2025-08-29 22:16:01,933 [WARN] IP:2250 - RAM5Page5PowerDownInStopMode not found: check if there is a RefParameter without a condition.
2025-08-29 22:16:01,933 [WARN] IP:2250 - RAM5Page6PowerDownInStopMode not found: check if there is a RefParameter without a condition.
2025-08-29 22:16:01,933 [WARN] IP:2250 - RAM5Page7PowerDownInStopMode not found: check if there is a RefParameter without a condition.
2025-08-29 22:16:01,933 [WARN] IP:2250 - RAM5Page8PowerDownInStopMode not found: check if there is a RefParameter without a condition.
2025-08-29 22:16:01,933 [WARN] IP:2250 - RAM5Page9PowerDownInStopMode not found: check if there is a RefParameter without a condition.
2025-08-29 22:16:01,933 [WARN] IP:2250 - RAM5Page10PowerDownInStopMode not found: check if there is a RefParameter without a condition.
2025-08-29 22:16:01,933 [WARN] IP:2250 - RAM5Page11PowerDownInStopMode not found: check if there is a RefParameter without a condition.
2025-08-29 22:16:01,933 [WARN] IP:2250 - RAM5Page12PowerDownInStopMode not found: check if there is a RefParameter without a condition.
2025-08-29 22:16:01,933 [WARN] IP:2250 - RAM5Page13PowerDownInStopMode not found: check if there is a RefParameter without a condition.
2025-08-29 22:16:01,934 [WARN] IP:2250 - Dcache2PowerDownInStopMode not found: check if there is a RefParameter without a condition.
2025-08-29 22:16:01,934 [WARN] IP:2250 - GRAPHICPRAMPowerDownInStopMode not found: check if there is a RefParameter without a condition.
2025-08-29 22:16:01,934 [WARN] IP:2250 - DSIRAMPowerDownInStopMode not found: check if there is a RefParameter without a condition.
2025-08-29 22:16:02,026 [WARN] IP:2250 - OutPut1 not found: check if there is a RefParameter without a condition.
2025-08-29 22:16:02,026 [WARN] IP:2250 - OutPut2 not found: check if there is a RefParameter without a condition.
2025-08-29 22:16:02,026 [WARN] IP:2250 - OutPut3 not found: check if there is a RefParameter without a condition.
2025-08-29 22:16:02,026 [WARN] IP:2250 - BinMixBcdU not found: check if there is a RefParameter without a condition.
2025-08-29 22:16:02,026 [WARN] IP:2250 - SSRU_Underflow_Interrupt not found: check if there is a RefParameter without a condition.
2025-08-29 22:16:02,026 [WARN] IP:2250 - rtcSecureFull not found: check if there is a RefParameter without a condition.
2025-08-29 22:16:02,026 [WARN] IP:2250 - rtcNonSecureFeatures not found: check if there is a RefParameter without a condition.
2025-08-29 22:16:02,026 [WARN] IP:2250 - RTC_NONSECURE_FEATURE_NONE not found: check if there is a RefParameter without a condition.
2025-08-29 22:16:02,026 [WARN] IP:2250 - RTC_NONSECURE_FEATURE_INIT not found: check if there is a RefParameter without a condition.
2025-08-29 22:16:02,026 [WARN] IP:2250 - RTC_NONSECURE_FEATURE_ALRA not found: check if there is a RefParameter without a condition.
2025-08-29 22:16:02,026 [WARN] IP:2250 - RTC_NONSECURE_FEATURE_ALRB not found: check if there is a RefParameter without a condition.
2025-08-29 22:16:02,026 [WARN] IP:2250 - RTC_NONSECURE_FEATURE_TS not found: check if there is a RefParameter without a condition.
2025-08-29 22:16:02,026 [WARN] IP:2250 - RTC_NONSECURE_FEATURE_CAL not found: check if there is a RefParameter without a condition.
2025-08-29 22:16:02,026 [WARN] IP:2250 - RTC_NONSECURE_FEATURE_WUT not found: check if there is a RefParameter without a condition.
2025-08-29 22:16:02,026 [WARN] IP:2250 - Sec_BKP_Registers1 not found: check if there is a RefParameter without a condition.
2025-08-29 22:16:02,026 [WARN] IP:2250 - backupRegisterStartZone2_gS not found: check if there is a RefParameter without a condition.
2025-08-29 22:16:02,026 [WARN] IP:2250 - backupRegisterStartZone3_gS not found: check if there is a RefParameter without a condition.
2025-08-29 22:16:02,026 [WARN] IP:2250 - rtcPrivilegeFeatures not found: check if there is a RefParameter without a condition.
2025-08-29 22:16:02,027 [WARN] IP:2250 - RTC_PRIVILEGE_FEATURE_INIT not found: check if there is a RefParameter without a condition.
2025-08-29 22:16:02,027 [WARN] IP:2250 - RTC_PRIVILEGE_FEATURE_ALRA not found: check if there is a RefParameter without a condition.
2025-08-29 22:16:02,027 [WARN] IP:2250 - RTC_PRIVILEGE_FEATURE_ALRB not found: check if there is a RefParameter without a condition.
2025-08-29 22:16:02,027 [WARN] IP:2250 - RTC_PRIVILEGE_FEATURE_CAL not found: check if there is a RefParameter without a condition.
2025-08-29 22:16:02,027 [WARN] IP:2250 - RTC_PRIVILEGE_FEATURE_TS not found: check if there is a RefParameter without a condition.
2025-08-29 22:16:02,027 [WARN] IP:2250 - RTC_PRIVILEGE_FEATURE_WUT not found: check if there is a RefParameter without a condition.
2025-08-29 22:16:02,027 [WARN] IP:2250 - SSRU_Underflow_Interrupt not found: check if there is a RefParameter without a condition.
2025-08-29 22:16:02,027 [WARN] IP:2250 - BinMixBcdU not found: check if there is a RefParameter without a condition.
2025-08-29 22:16:02,027 [WARN] IP:2250 - OutPut1 not found: check if there is a RefParameter without a condition.
2025-08-29 22:16:02,027 [WARN] IP:2250 - OutPut2 not found: check if there is a RefParameter without a condition.
2025-08-29 22:16:02,027 [WARN] IP:2250 - OutPut3 not found: check if there is a RefParameter without a condition.
2025-08-29 22:16:02,027 [WARN] IP:2250 - BinMixBcdU not found: check if there is a RefParameter without a condition.
2025-08-29 22:16:02,027 [WARN] IP:2250 - SSRU_Underflow_Interrupt not found: check if there is a RefParameter without a condition.
2025-08-29 22:16:02,027 [WARN] IP:2250 - rtcSecureFull not found: check if there is a RefParameter without a condition.
2025-08-29 22:16:02,027 [WARN] IP:2250 - rtcNonSecureFeatures not found: check if there is a RefParameter without a condition.
2025-08-29 22:16:02,027 [WARN] IP:2250 - RTC_NONSECURE_FEATURE_NONE not found: check if there is a RefParameter without a condition.
2025-08-29 22:16:02,027 [WARN] IP:2250 - RTC_NONSECURE_FEATURE_INIT not found: check if there is a RefParameter without a condition.
2025-08-29 22:16:02,027 [WARN] IP:2250 - RTC_NONSECURE_FEATURE_ALRA not found: check if there is a RefParameter without a condition.
2025-08-29 22:16:02,027 [WARN] IP:2250 - RTC_NONSECURE_FEATURE_ALRB not found: check if there is a RefParameter without a condition.
2025-08-29 22:16:02,027 [WARN] IP:2250 - RTC_NONSECURE_FEATURE_TS not found: check if there is a RefParameter without a condition.
2025-08-29 22:16:02,027 [WARN] IP:2250 - RTC_NONSECURE_FEATURE_CAL not found: check if there is a RefParameter without a condition.
2025-08-29 22:16:02,028 [WARN] IP:2250 - RTC_NONSECURE_FEATURE_WUT not found: check if there is a RefParameter without a condition.
2025-08-29 22:16:02,028 [WARN] IP:2250 - Sec_BKP_Registers1 not found: check if there is a RefParameter without a condition.
2025-08-29 22:16:02,028 [WARN] IP:2250 - backupRegisterStartZone2_gS not found: check if there is a RefParameter without a condition.
2025-08-29 22:16:02,028 [WARN] IP:2250 - backupRegisterStartZone3_gS not found: check if there is a RefParameter without a condition.
2025-08-29 22:16:02,028 [WARN] IP:2250 - rtcPrivilegeFeatures not found: check if there is a RefParameter without a condition.
2025-08-29 22:16:02,028 [WARN] IP:2250 - RTC_PRIVILEGE_FEATURE_INIT not found: check if there is a RefParameter without a condition.
2025-08-29 22:16:02,028 [WARN] IP:2250 - RTC_PRIVILEGE_FEATURE_ALRA not found: check if there is a RefParameter without a condition.
2025-08-29 22:16:02,028 [WARN] IP:2250 - RTC_PRIVILEGE_FEATURE_ALRB not found: check if there is a RefParameter without a condition.
2025-08-29 22:16:02,028 [WARN] IP:2250 - RTC_PRIVILEGE_FEATURE_CAL not found: check if there is a RefParameter without a condition.
2025-08-29 22:16:02,028 [WARN] IP:2250 - RTC_PRIVILEGE_FEATURE_TS not found: check if there is a RefParameter without a condition.
2025-08-29 22:16:02,028 [WARN] IP:2250 - RTC_PRIVILEGE_FEATURE_WUT not found: check if there is a RefParameter without a condition.
2025-08-29 22:16:02,028 [WARN] IP:2250 - BinaryAutoClr_A not found: check if there is a RefParameter without a condition.
2025-08-29 22:16:02,028 [WARN] IP:2250 - FlagAutoClr_A not found: check if there is a RefParameter without a condition.
2025-08-29 22:16:02,028 [WARN] IP:2250 - OutPut1 not found: check if there is a RefParameter without a condition.
2025-08-29 22:16:02,028 [WARN] IP:2250 - OutPut2 not found: check if there is a RefParameter without a condition.
2025-08-29 22:16:02,028 [WARN] IP:2250 - OutPut3 not found: check if there is a RefParameter without a condition.
2025-08-29 22:16:02,029 [WARN] IP:2250 - BinMixBcdU not found: check if there is a RefParameter without a condition.
2025-08-29 22:16:02,029 [WARN] IP:2250 - SSRU_Underflow_Interrupt not found: check if there is a RefParameter without a condition.
2025-08-29 22:16:02,029 [WARN] IP:2250 - rtcSecureFull not found: check if there is a RefParameter without a condition.
2025-08-29 22:16:02,029 [WARN] IP:2250 - rtcNonSecureFeatures not found: check if there is a RefParameter without a condition.
2025-08-29 22:16:02,029 [WARN] IP:2250 - RTC_NONSECURE_FEATURE_NONE not found: check if there is a RefParameter without a condition.
2025-08-29 22:16:02,029 [WARN] IP:2250 - RTC_NONSECURE_FEATURE_INIT not found: check if there is a RefParameter without a condition.
2025-08-29 22:16:02,029 [WARN] IP:2250 - RTC_NONSECURE_FEATURE_ALRA not found: check if there is a RefParameter without a condition.
2025-08-29 22:16:02,029 [WARN] IP:2250 - RTC_NONSECURE_FEATURE_ALRB not found: check if there is a RefParameter without a condition.
2025-08-29 22:16:02,029 [WARN] IP:2250 - RTC_NONSECURE_FEATURE_TS not found: check if there is a RefParameter without a condition.
2025-08-29 22:16:02,029 [WARN] IP:2250 - RTC_NONSECURE_FEATURE_CAL not found: check if there is a RefParameter without a condition.
2025-08-29 22:16:02,029 [WARN] IP:2250 - RTC_NONSECURE_FEATURE_WUT not found: check if there is a RefParameter without a condition.
2025-08-29 22:16:02,029 [WARN] IP:2250 - Sec_BKP_Registers1 not found: check if there is a RefParameter without a condition.
2025-08-29 22:16:02,029 [WARN] IP:2250 - backupRegisterStartZone2_gS not found: check if there is a RefParameter without a condition.
2025-08-29 22:16:02,029 [WARN] IP:2250 - backupRegisterStartZone3_gS not found: check if there is a RefParameter without a condition.
2025-08-29 22:16:02,029 [WARN] IP:2250 - rtcPrivilegeFeatures not found: check if there is a RefParameter without a condition.
2025-08-29 22:16:02,029 [WARN] IP:2250 - RTC_PRIVILEGE_FEATURE_INIT not found: check if there is a RefParameter without a condition.
2025-08-29 22:16:02,029 [WARN] IP:2250 - RTC_PRIVILEGE_FEATURE_ALRA not found: check if there is a RefParameter without a condition.
2025-08-29 22:16:02,029 [WARN] IP:2250 - RTC_PRIVILEGE_FEATURE_ALRB not found: check if there is a RefParameter without a condition.
2025-08-29 22:16:02,029 [WARN] IP:2250 - RTC_PRIVILEGE_FEATURE_CAL not found: check if there is a RefParameter without a condition.
2025-08-29 22:16:02,029 [WARN] IP:2250 - RTC_PRIVILEGE_FEATURE_TS not found: check if there is a RefParameter without a condition.
2025-08-29 22:16:02,029 [WARN] IP:2250 - RTC_PRIVILEGE_FEATURE_WUT not found: check if there is a RefParameter without a condition.
2025-08-29 22:16:02,029 [WARN] IP:2250 - SSRU_Underflow_Interrupt not found: check if there is a RefParameter without a condition.
2025-08-29 22:16:02,029 [WARN] IP:2250 - BinMixBcdU not found: check if there is a RefParameter without a condition.
2025-08-29 22:16:02,030 [WARN] IP:2250 - OutPut1 not found: check if there is a RefParameter without a condition.
2025-08-29 22:16:02,030 [WARN] IP:2250 - OutPut2 not found: check if there is a RefParameter without a condition.
2025-08-29 22:16:02,030 [WARN] IP:2250 - OutPut3 not found: check if there is a RefParameter without a condition.
2025-08-29 22:16:02,030 [WARN] IP:2250 - BinMixBcdU not found: check if there is a RefParameter without a condition.
2025-08-29 22:16:02,030 [WARN] IP:2250 - SSRU_Underflow_Interrupt not found: check if there is a RefParameter without a condition.
2025-08-29 22:16:02,030 [WARN] IP:2250 - rtcSecureFull not found: check if there is a RefParameter without a condition.
2025-08-29 22:16:02,030 [WARN] IP:2250 - rtcNonSecureFeatures not found: check if there is a RefParameter without a condition.
2025-08-29 22:16:02,030 [WARN] IP:2250 - RTC_NONSECURE_FEATURE_NONE not found: check if there is a RefParameter without a condition.
2025-08-29 22:16:02,030 [WARN] IP:2250 - RTC_NONSECURE_FEATURE_INIT not found: check if there is a RefParameter without a condition.
2025-08-29 22:16:02,030 [WARN] IP:2250 - RTC_NONSECURE_FEATURE_ALRA not found: check if there is a RefParameter without a condition.
2025-08-29 22:16:02,030 [WARN] IP:2250 - RTC_NONSECURE_FEATURE_ALRB not found: check if there is a RefParameter without a condition.
2025-08-29 22:16:02,030 [WARN] IP:2250 - RTC_NONSECURE_FEATURE_TS not found: check if there is a RefParameter without a condition.
2025-08-29 22:16:02,030 [WARN] IP:2250 - RTC_NONSECURE_FEATURE_CAL not found: check if there is a RefParameter without a condition.
2025-08-29 22:16:02,030 [WARN] IP:2250 - RTC_NONSECURE_FEATURE_WUT not found: check if there is a RefParameter without a condition.
2025-08-29 22:16:02,030 [WARN] IP:2250 - Sec_BKP_Registers1 not found: check if there is a RefParameter without a condition.
2025-08-29 22:16:02,030 [WARN] IP:2250 - backupRegisterStartZone2_gS not found: check if there is a RefParameter without a condition.
2025-08-29 22:16:02,030 [WARN] IP:2250 - backupRegisterStartZone3_gS not found: check if there is a RefParameter without a condition.
2025-08-29 22:16:02,030 [WARN] IP:2250 - rtcPrivilegeFeatures not found: check if there is a RefParameter without a condition.
2025-08-29 22:16:02,030 [WARN] IP:2250 - RTC_PRIVILEGE_FEATURE_INIT not found: check if there is a RefParameter without a condition.
2025-08-29 22:16:02,030 [WARN] IP:2250 - RTC_PRIVILEGE_FEATURE_ALRA not found: check if there is a RefParameter without a condition.
2025-08-29 22:16:02,030 [WARN] IP:2250 - RTC_PRIVILEGE_FEATURE_ALRB not found: check if there is a RefParameter without a condition.
2025-08-29 22:16:02,030 [WARN] IP:2250 - RTC_PRIVILEGE_FEATURE_CAL not found: check if there is a RefParameter without a condition.
2025-08-29 22:16:02,030 [WARN] IP:2250 - RTC_PRIVILEGE_FEATURE_TS not found: check if there is a RefParameter without a condition.
2025-08-29 22:16:02,030 [WARN] IP:2250 - RTC_PRIVILEGE_FEATURE_WUT not found: check if there is a RefParameter without a condition.
2025-08-29 22:16:02,030 [WARN] IP:2250 - BinaryAutoClr_A not found: check if there is a RefParameter without a condition.
2025-08-29 22:16:02,030 [WARN] IP:2250 - FlagAutoClr_A not found: check if there is a RefParameter without a condition.
2025-08-29 22:16:02,069 [WARN] IP:2250 - DATAEXCHANGEDESRCBYTE_GPDMACH2 not found: check if there is a RefParameter without a condition.
2025-08-29 22:16:02,069 [WARN] IP:2250 - DATAEXCHANGEDESTHALFWORD_GPDMACH2 not found: check if there is a RefParameter without a condition.
2025-08-29 22:16:02,087 [WARN] IP:2250 - DATAEXCHANGEDESRCBYTE_GPDMACH2 not found: check if there is a RefParameter without a condition.
2025-08-29 22:16:02,087 [WARN] IP:2250 - DATAEXCHANGEDESTHALFWORD_GPDMACH2 not found: check if there is a RefParameter without a condition.
2025-08-29 22:16:02,238 [WARN] IP:2250 - SRAM5PowerDownInRunMode not found: check if there is a RefParameter without a condition.
2025-08-29 22:16:02,238 [WARN] IP:2250 - RAM1Page4PowerDownInStopMode not found: check if there is a RefParameter without a condition.
2025-08-29 22:16:02,238 [WARN] IP:2250 - RAM1Page5PowerDownInStopMode not found: check if there is a RefParameter without a condition.
2025-08-29 22:16:02,238 [WARN] IP:2250 - RAM1Page6PowerDownInStopMode not found: check if there is a RefParameter without a condition.
2025-08-29 22:16:02,238 [WARN] IP:2250 - RAM1Page7PowerDownInStopMode not found: check if there is a RefParameter without a condition.
2025-08-29 22:16:02,238 [WARN] IP:2250 - RAM1Page8PowerDownInStopMode not found: check if there is a RefParameter without a condition.
2025-08-29 22:16:02,238 [WARN] IP:2250 - RAM1Page9PowerDownInStopMode not found: check if there is a RefParameter without a condition.
2025-08-29 22:16:02,238 [WARN] IP:2250 - RAM1Page10PowerDownInStopMode not found: check if there is a RefParameter without a condition.
2025-08-29 22:16:02,238 [WARN] IP:2250 - RAM1Page11PowerDownInStopMode not found: check if there is a RefParameter without a condition.
2025-08-29 22:16:02,238 [WARN] IP:2250 - RAM1Page12PowerDownInStopMode not found: check if there is a RefParameter without a condition.
2025-08-29 22:16:02,238 [WARN] IP:2250 - RAM3Page9PowerDownInStopMode not found: check if there is a RefParameter without a condition.
2025-08-29 22:16:02,238 [WARN] IP:2250 - RAM3Page10PowerDownInStopMode not found: check if there is a RefParameter without a condition.
2025-08-29 22:16:02,238 [WARN] IP:2250 - RAM3Page11PowerDownInStopMode not found: check if there is a RefParameter without a condition.
2025-08-29 22:16:02,238 [WARN] IP:2250 - RAM3Page12PowerDownInStopMode not found: check if there is a RefParameter without a condition.
2025-08-29 22:16:02,238 [WARN] IP:2250 - RAM3Page13PowerDownInStopMode not found: check if there is a RefParameter without a condition.
2025-08-29 22:16:02,238 [WARN] IP:2250 - RAM5Page1PowerDownInStopMode not found: check if there is a RefParameter without a condition.
2025-08-29 22:16:02,238 [WARN] IP:2250 - RAM5Page2PowerDownInStopMode not found: check if there is a RefParameter without a condition.
2025-08-29 22:16:02,238 [WARN] IP:2250 - RAM5Page3PowerDownInStopMode not found: check if there is a RefParameter without a condition.
2025-08-29 22:16:02,238 [WARN] IP:2250 - RAM5Page4PowerDownInStopMode not found: check if there is a RefParameter without a condition.
2025-08-29 22:16:02,238 [WARN] IP:2250 - RAM5Page5PowerDownInStopMode not found: check if there is a RefParameter without a condition.
2025-08-29 22:16:02,238 [WARN] IP:2250 - RAM5Page6PowerDownInStopMode not found: check if there is a RefParameter without a condition.
2025-08-29 22:16:02,238 [WARN] IP:2250 - RAM5Page7PowerDownInStopMode not found: check if there is a RefParameter without a condition.
2025-08-29 22:16:02,238 [WARN] IP:2250 - RAM5Page8PowerDownInStopMode not found: check if there is a RefParameter without a condition.
2025-08-29 22:16:02,238 [WARN] IP:2250 - RAM5Page9PowerDownInStopMode not found: check if there is a RefParameter without a condition.
2025-08-29 22:16:02,238 [WARN] IP:2250 - RAM5Page10PowerDownInStopMode not found: check if there is a RefParameter without a condition.
2025-08-29 22:16:02,238 [WARN] IP:2250 - RAM5Page11PowerDownInStopMode not found: check if there is a RefParameter without a condition.
2025-08-29 22:16:02,238 [WARN] IP:2250 - RAM5Page12PowerDownInStopMode not found: check if there is a RefParameter without a condition.
2025-08-29 22:16:02,238 [WARN] IP:2250 - RAM5Page13PowerDownInStopMode not found: check if there is a RefParameter without a condition.
2025-08-29 22:16:02,239 [WARN] IP:2250 - Dcache2PowerDownInStopMode not found: check if there is a RefParameter without a condition.
2025-08-29 22:16:02,239 [WARN] IP:2250 - GRAPHICPRAMPowerDownInStopMode not found: check if there is a RefParameter without a condition.
2025-08-29 22:16:02,239 [WARN] IP:2250 - DSIRAMPowerDownInStopMode not found: check if there is a RefParameter without a condition.
2025-08-29 22:16:02,241 [WARN] IP:2250 - SRAM5PowerDownInRunMode not found: check if there is a RefParameter without a condition.
2025-08-29 22:16:02,241 [WARN] IP:2250 - RAM1Page4PowerDownInStopMode not found: check if there is a RefParameter without a condition.
2025-08-29 22:16:02,241 [WARN] IP:2250 - RAM1Page5PowerDownInStopMode not found: check if there is a RefParameter without a condition.
2025-08-29 22:16:02,241 [WARN] IP:2250 - RAM1Page6PowerDownInStopMode not found: check if there is a RefParameter without a condition.
2025-08-29 22:16:02,241 [WARN] IP:2250 - RAM1Page7PowerDownInStopMode not found: check if there is a RefParameter without a condition.
2025-08-29 22:16:02,241 [WARN] IP:2250 - RAM1Page8PowerDownInStopMode not found: check if there is a RefParameter without a condition.
2025-08-29 22:16:02,241 [WARN] IP:2250 - RAM1Page9PowerDownInStopMode not found: check if there is a RefParameter without a condition.
2025-08-29 22:16:02,241 [WARN] IP:2250 - RAM1Page10PowerDownInStopMode not found: check if there is a RefParameter without a condition.
2025-08-29 22:16:02,241 [WARN] IP:2250 - RAM1Page11PowerDownInStopMode not found: check if there is a RefParameter without a condition.
2025-08-29 22:16:02,241 [WARN] IP:2250 - RAM1Page12PowerDownInStopMode not found: check if there is a RefParameter without a condition.
2025-08-29 22:16:02,241 [WARN] IP:2250 - RAM3Page9PowerDownInStopMode not found: check if there is a RefParameter without a condition.
2025-08-29 22:16:02,241 [WARN] IP:2250 - RAM3Page10PowerDownInStopMode not found: check if there is a RefParameter without a condition.
2025-08-29 22:16:02,241 [WARN] IP:2250 - RAM3Page11PowerDownInStopMode not found: check if there is a RefParameter without a condition.
2025-08-29 22:16:02,241 [WARN] IP:2250 - RAM3Page12PowerDownInStopMode not found: check if there is a RefParameter without a condition.
2025-08-29 22:16:02,241 [WARN] IP:2250 - RAM3Page13PowerDownInStopMode not found: check if there is a RefParameter without a condition.
2025-08-29 22:16:02,241 [WARN] IP:2250 - RAM5Page1PowerDownInStopMode not found: check if there is a RefParameter without a condition.
2025-08-29 22:16:02,241 [WARN] IP:2250 - RAM5Page2PowerDownInStopMode not found: check if there is a RefParameter without a condition.
2025-08-29 22:16:02,242 [WARN] IP:2250 - RAM5Page3PowerDownInStopMode not found: check if there is a RefParameter without a condition.
2025-08-29 22:16:02,242 [WARN] IP:2250 - RAM5Page4PowerDownInStopMode not found: check if there is a RefParameter without a condition.
2025-08-29 22:16:02,242 [WARN] IP:2250 - RAM5Page5PowerDownInStopMode not found: check if there is a RefParameter without a condition.
2025-08-29 22:16:02,242 [WARN] IP:2250 - RAM5Page6PowerDownInStopMode not found: check if there is a RefParameter without a condition.
2025-08-29 22:16:02,242 [WARN] IP:2250 - RAM5Page7PowerDownInStopMode not found: check if there is a RefParameter without a condition.
2025-08-29 22:16:02,242 [WARN] IP:2250 - RAM5Page8PowerDownInStopMode not found: check if there is a RefParameter without a condition.
2025-08-29 22:16:02,242 [WARN] IP:2250 - RAM5Page9PowerDownInStopMode not found: check if there is a RefParameter without a condition.
2025-08-29 22:16:02,242 [WARN] IP:2250 - RAM5Page10PowerDownInStopMode not found: check if there is a RefParameter without a condition.
2025-08-29 22:16:02,242 [WARN] IP:2250 - RAM5Page11PowerDownInStopMode not found: check if there is a RefParameter without a condition.
2025-08-29 22:16:02,242 [WARN] IP:2250 - RAM5Page12PowerDownInStopMode not found: check if there is a RefParameter without a condition.
2025-08-29 22:16:02,242 [WARN] IP:2250 - RAM5Page13PowerDownInStopMode not found: check if there is a RefParameter without a condition.
2025-08-29 22:16:02,242 [WARN] IP:2250 - Dcache2PowerDownInStopMode not found: check if there is a RefParameter without a condition.
2025-08-29 22:16:02,242 [WARN] IP:2250 - GRAPHICPRAMPowerDownInStopMode not found: check if there is a RefParameter without a condition.
2025-08-29 22:16:02,242 [WARN] IP:2250 - DSIRAMPowerDownInStopMode not found: check if there is a RefParameter without a condition.
2025-08-29 22:16:02,345 [WARN] IP:2250 - OutPut1 not found: check if there is a RefParameter without a condition.
2025-08-29 22:16:02,345 [WARN] IP:2250 - OutPut2 not found: check if there is a RefParameter without a condition.
2025-08-29 22:16:02,346 [WARN] IP:2250 - OutPut3 not found: check if there is a RefParameter without a condition.
2025-08-29 22:16:02,346 [WARN] IP:2250 - BinMixBcdU not found: check if there is a RefParameter without a condition.
2025-08-29 22:16:02,346 [WARN] IP:2250 - SSRU_Underflow_Interrupt not found: check if there is a RefParameter without a condition.
2025-08-29 22:16:02,346 [WARN] IP:2250 - rtcSecureFull not found: check if there is a RefParameter without a condition.
2025-08-29 22:16:02,346 [WARN] IP:2250 - rtcNonSecureFeatures not found: check if there is a RefParameter without a condition.
2025-08-29 22:16:02,346 [WARN] IP:2250 - RTC_NONSECURE_FEATURE_NONE not found: check if there is a RefParameter without a condition.
2025-08-29 22:16:02,346 [WARN] IP:2250 - RTC_NONSECURE_FEATURE_INIT not found: check if there is a RefParameter without a condition.
2025-08-29 22:16:02,346 [WARN] IP:2250 - RTC_NONSECURE_FEATURE_ALRA not found: check if there is a RefParameter without a condition.
2025-08-29 22:16:02,346 [WARN] IP:2250 - RTC_NONSECURE_FEATURE_ALRB not found: check if there is a RefParameter without a condition.
2025-08-29 22:16:02,346 [WARN] IP:2250 - RTC_NONSECURE_FEATURE_TS not found: check if there is a RefParameter without a condition.
2025-08-29 22:16:02,346 [WARN] IP:2250 - RTC_NONSECURE_FEATURE_CAL not found: check if there is a RefParameter without a condition.
2025-08-29 22:16:02,346 [WARN] IP:2250 - RTC_NONSECURE_FEATURE_WUT not found: check if there is a RefParameter without a condition.
2025-08-29 22:16:02,346 [WARN] IP:2250 - Sec_BKP_Registers1 not found: check if there is a RefParameter without a condition.
2025-08-29 22:16:02,346 [WARN] IP:2250 - backupRegisterStartZone2_gS not found: check if there is a RefParameter without a condition.
2025-08-29 22:16:02,346 [WARN] IP:2250 - backupRegisterStartZone3_gS not found: check if there is a RefParameter without a condition.
2025-08-29 22:16:02,346 [WARN] IP:2250 - rtcPrivilegeFeatures not found: check if there is a RefParameter without a condition.
2025-08-29 22:16:02,346 [WARN] IP:2250 - RTC_PRIVILEGE_FEATURE_INIT not found: check if there is a RefParameter without a condition.
2025-08-29 22:16:02,346 [WARN] IP:2250 - RTC_PRIVILEGE_FEATURE_ALRA not found: check if there is a RefParameter without a condition.
2025-08-29 22:16:02,346 [WARN] IP:2250 - RTC_PRIVILEGE_FEATURE_ALRB not found: check if there is a RefParameter without a condition.
2025-08-29 22:16:02,346 [WARN] IP:2250 - RTC_PRIVILEGE_FEATURE_CAL not found: check if there is a RefParameter without a condition.
2025-08-29 22:16:02,346 [WARN] IP:2250 - RTC_PRIVILEGE_FEATURE_TS not found: check if there is a RefParameter without a condition.
2025-08-29 22:16:02,346 [WARN] IP:2250 - RTC_PRIVILEGE_FEATURE_WUT not found: check if there is a RefParameter without a condition.
2025-08-29 22:16:02,346 [WARN] IP:2250 - SSRU_Underflow_Interrupt not found: check if there is a RefParameter without a condition.
2025-08-29 22:16:02,346 [WARN] IP:2250 - BinMixBcdU not found: check if there is a RefParameter without a condition.
2025-08-29 22:16:02,347 [WARN] IP:2250 - OutPut1 not found: check if there is a RefParameter without a condition.
2025-08-29 22:16:02,347 [WARN] IP:2250 - OutPut2 not found: check if there is a RefParameter without a condition.
2025-08-29 22:16:02,347 [WARN] IP:2250 - OutPut3 not found: check if there is a RefParameter without a condition.
2025-08-29 22:16:02,347 [WARN] IP:2250 - BinMixBcdU not found: check if there is a RefParameter without a condition.
2025-08-29 22:16:02,347 [WARN] IP:2250 - SSRU_Underflow_Interrupt not found: check if there is a RefParameter without a condition.
2025-08-29 22:16:02,347 [WARN] IP:2250 - rtcSecureFull not found: check if there is a RefParameter without a condition.
2025-08-29 22:16:02,347 [WARN] IP:2250 - rtcNonSecureFeatures not found: check if there is a RefParameter without a condition.
2025-08-29 22:16:02,347 [WARN] IP:2250 - RTC_NONSECURE_FEATURE_NONE not found: check if there is a RefParameter without a condition.
2025-08-29 22:16:02,347 [WARN] IP:2250 - RTC_NONSECURE_FEATURE_INIT not found: check if there is a RefParameter without a condition.
2025-08-29 22:16:02,347 [WARN] IP:2250 - RTC_NONSECURE_FEATURE_ALRA not found: check if there is a RefParameter without a condition.
2025-08-29 22:16:02,347 [WARN] IP:2250 - RTC_NONSECURE_FEATURE_ALRB not found: check if there is a RefParameter without a condition.
2025-08-29 22:16:02,347 [WARN] IP:2250 - RTC_NONSECURE_FEATURE_TS not found: check if there is a RefParameter without a condition.
2025-08-29 22:16:02,347 [WARN] IP:2250 - RTC_NONSECURE_FEATURE_CAL not found: check if there is a RefParameter without a condition.
2025-08-29 22:16:02,347 [WARN] IP:2250 - RTC_NONSECURE_FEATURE_WUT not found: check if there is a RefParameter without a condition.
2025-08-29 22:16:02,347 [WARN] IP:2250 - Sec_BKP_Registers1 not found: check if there is a RefParameter without a condition.
2025-08-29 22:16:02,347 [WARN] IP:2250 - backupRegisterStartZone2_gS not found: check if there is a RefParameter without a condition.
2025-08-29 22:16:02,347 [WARN] IP:2250 - backupRegisterStartZone3_gS not found: check if there is a RefParameter without a condition.
2025-08-29 22:16:02,347 [WARN] IP:2250 - rtcPrivilegeFeatures not found: check if there is a RefParameter without a condition.
2025-08-29 22:16:02,347 [WARN] IP:2250 - RTC_PRIVILEGE_FEATURE_INIT not found: check if there is a RefParameter without a condition.
2025-08-29 22:16:02,347 [WARN] IP:2250 - RTC_PRIVILEGE_FEATURE_ALRA not found: check if there is a RefParameter without a condition.
2025-08-29 22:16:02,347 [WARN] IP:2250 - RTC_PRIVILEGE_FEATURE_ALRB not found: check if there is a RefParameter without a condition.
2025-08-29 22:16:02,347 [WARN] IP:2250 - RTC_PRIVILEGE_FEATURE_CAL not found: check if there is a RefParameter without a condition.
2025-08-29 22:16:02,347 [WARN] IP:2250 - RTC_PRIVILEGE_FEATURE_TS not found: check if there is a RefParameter without a condition.
2025-08-29 22:16:02,347 [WARN] IP:2250 - RTC_PRIVILEGE_FEATURE_WUT not found: check if there is a RefParameter without a condition.
2025-08-29 22:16:02,347 [WARN] IP:2250 - BinaryAutoClr_A not found: check if there is a RefParameter without a condition.
2025-08-29 22:16:02,347 [WARN] IP:2250 - FlagAutoClr_A not found: check if there is a RefParameter without a condition.
2025-08-29 22:16:02,348 [WARN] IP:2250 - OutPut1 not found: check if there is a RefParameter without a condition.
2025-08-29 22:16:02,348 [WARN] IP:2250 - OutPut2 not found: check if there is a RefParameter without a condition.
2025-08-29 22:16:02,348 [WARN] IP:2250 - OutPut3 not found: check if there is a RefParameter without a condition.
2025-08-29 22:16:02,348 [WARN] IP:2250 - BinMixBcdU not found: check if there is a RefParameter without a condition.
2025-08-29 22:16:02,348 [WARN] IP:2250 - SSRU_Underflow_Interrupt not found: check if there is a RefParameter without a condition.
2025-08-29 22:16:02,348 [WARN] IP:2250 - rtcSecureFull not found: check if there is a RefParameter without a condition.
2025-08-29 22:16:02,348 [WARN] IP:2250 - rtcNonSecureFeatures not found: check if there is a RefParameter without a condition.
2025-08-29 22:16:02,348 [WARN] IP:2250 - RTC_NONSECURE_FEATURE_NONE not found: check if there is a RefParameter without a condition.
2025-08-29 22:16:02,348 [WARN] IP:2250 - RTC_NONSECURE_FEATURE_INIT not found: check if there is a RefParameter without a condition.
2025-08-29 22:16:02,348 [WARN] IP:2250 - RTC_NONSECURE_FEATURE_ALRA not found: check if there is a RefParameter without a condition.
2025-08-29 22:16:02,348 [WARN] IP:2250 - RTC_NONSECURE_FEATURE_ALRB not found: check if there is a RefParameter without a condition.
2025-08-29 22:16:02,348 [WARN] IP:2250 - RTC_NONSECURE_FEATURE_TS not found: check if there is a RefParameter without a condition.
2025-08-29 22:16:02,348 [WARN] IP:2250 - RTC_NONSECURE_FEATURE_CAL not found: check if there is a RefParameter without a condition.
2025-08-29 22:16:02,348 [WARN] IP:2250 - RTC_NONSECURE_FEATURE_WUT not found: check if there is a RefParameter without a condition.
2025-08-29 22:16:02,348 [WARN] IP:2250 - Sec_BKP_Registers1 not found: check if there is a RefParameter without a condition.
2025-08-29 22:16:02,348 [WARN] IP:2250 - backupRegisterStartZone2_gS not found: check if there is a RefParameter without a condition.
2025-08-29 22:16:02,348 [WARN] IP:2250 - backupRegisterStartZone3_gS not found: check if there is a RefParameter without a condition.
2025-08-29 22:16:02,348 [WARN] IP:2250 - rtcPrivilegeFeatures not found: check if there is a RefParameter without a condition.
2025-08-29 22:16:02,348 [WARN] IP:2250 - RTC_PRIVILEGE_FEATURE_INIT not found: check if there is a RefParameter without a condition.
2025-08-29 22:16:02,348 [WARN] IP:2250 - RTC_PRIVILEGE_FEATURE_ALRA not found: check if there is a RefParameter without a condition.
2025-08-29 22:16:02,348 [WARN] IP:2250 - RTC_PRIVILEGE_FEATURE_ALRB not found: check if there is a RefParameter without a condition.
2025-08-29 22:16:02,348 [WARN] IP:2250 - RTC_PRIVILEGE_FEATURE_CAL not found: check if there is a RefParameter without a condition.
2025-08-29 22:16:02,348 [WARN] IP:2250 - RTC_PRIVILEGE_FEATURE_TS not found: check if there is a RefParameter without a condition.
2025-08-29 22:16:02,348 [WARN] IP:2250 - RTC_PRIVILEGE_FEATURE_WUT not found: check if there is a RefParameter without a condition.
2025-08-29 22:16:02,349 [WARN] IP:2250 - SSRU_Underflow_Interrupt not found: check if there is a RefParameter without a condition.
2025-08-29 22:16:02,349 [WARN] IP:2250 - BinMixBcdU not found: check if there is a RefParameter without a condition.
2025-08-29 22:16:02,349 [WARN] IP:2250 - OutPut1 not found: check if there is a RefParameter without a condition.
2025-08-29 22:16:02,349 [WARN] IP:2250 - OutPut2 not found: check if there is a RefParameter without a condition.
2025-08-29 22:16:02,349 [WARN] IP:2250 - OutPut3 not found: check if there is a RefParameter without a condition.
2025-08-29 22:16:02,349 [WARN] IP:2250 - BinMixBcdU not found: check if there is a RefParameter without a condition.
2025-08-29 22:16:02,349 [WARN] IP:2250 - SSRU_Underflow_Interrupt not found: check if there is a RefParameter without a condition.
2025-08-29 22:16:02,349 [WARN] IP:2250 - rtcSecureFull not found: check if there is a RefParameter without a condition.
2025-08-29 22:16:02,349 [WARN] IP:2250 - rtcNonSecureFeatures not found: check if there is a RefParameter without a condition.
2025-08-29 22:16:02,349 [WARN] IP:2250 - RTC_NONSECURE_FEATURE_NONE not found: check if there is a RefParameter without a condition.
2025-08-29 22:16:02,349 [WARN] IP:2250 - RTC_NONSECURE_FEATURE_INIT not found: check if there is a RefParameter without a condition.
2025-08-29 22:16:02,349 [WARN] IP:2250 - RTC_NONSECURE_FEATURE_ALRA not found: check if there is a RefParameter without a condition.
2025-08-29 22:16:02,349 [WARN] IP:2250 - RTC_NONSECURE_FEATURE_ALRB not found: check if there is a RefParameter without a condition.
2025-08-29 22:16:02,349 [WARN] IP:2250 - RTC_NONSECURE_FEATURE_TS not found: check if there is a RefParameter without a condition.
2025-08-29 22:16:02,349 [WARN] IP:2250 - RTC_NONSECURE_FEATURE_CAL not found: check if there is a RefParameter without a condition.
2025-08-29 22:16:02,349 [WARN] IP:2250 - RTC_NONSECURE_FEATURE_WUT not found: check if there is a RefParameter without a condition.
2025-08-29 22:16:02,349 [WARN] IP:2250 - Sec_BKP_Registers1 not found: check if there is a RefParameter without a condition.
2025-08-29 22:16:02,349 [WARN] IP:2250 - backupRegisterStartZone2_gS not found: check if there is a RefParameter without a condition.
2025-08-29 22:16:02,349 [WARN] IP:2250 - backupRegisterStartZone3_gS not found: check if there is a RefParameter without a condition.
2025-08-29 22:16:02,349 [WARN] IP:2250 - rtcPrivilegeFeatures not found: check if there is a RefParameter without a condition.
2025-08-29 22:16:02,349 [WARN] IP:2250 - RTC_PRIVILEGE_FEATURE_INIT not found: check if there is a RefParameter without a condition.
2025-08-29 22:16:02,349 [WARN] IP:2250 - RTC_PRIVILEGE_FEATURE_ALRA not found: check if there is a RefParameter without a condition.
2025-08-29 22:16:02,349 [WARN] IP:2250 - RTC_PRIVILEGE_FEATURE_ALRB not found: check if there is a RefParameter without a condition.
2025-08-29 22:16:02,349 [WARN] IP:2250 - RTC_PRIVILEGE_FEATURE_CAL not found: check if there is a RefParameter without a condition.
2025-08-29 22:16:02,350 [WARN] IP:2250 - RTC_PRIVILEGE_FEATURE_TS not found: check if there is a RefParameter without a condition.
2025-08-29 22:16:02,350 [WARN] IP:2250 - RTC_PRIVILEGE_FEATURE_WUT not found: check if there is a RefParameter without a condition.
2025-08-29 22:16:02,350 [WARN] IP:2250 - BinaryAutoClr_A not found: check if there is a RefParameter without a condition.
2025-08-29 22:16:02,350 [WARN] IP:2250 - FlagAutoClr_A not found: check if there is a RefParameter without a condition.
2025-08-29 22:16:02,388 [WARN] IP:2250 - DATAEXCHANGEDESRCBYTE_GPDMACH2 not found: check if there is a RefParameter without a condition.
2025-08-29 22:16:02,388 [WARN] IP:2250 - DATAEXCHANGEDESTHALFWORD_GPDMACH2 not found: check if there is a RefParameter without a condition.
2025-08-29 22:16:02,396 [WARN] IP:2250 - DATAEXCHANGEDESRCBYTE_GPDMACH2 not found: check if there is a RefParameter without a condition.
2025-08-29 22:16:02,396 [WARN] IP:2250 - DATAEXCHANGEDESTHALFWORD_GPDMACH2 not found: check if there is a RefParameter without a condition.
2025-08-29 22:16:14,275 [INFO] I2cTimingTraitement:330 - 0x00000E14
2025-08-29 22:16:14,278 [WARN] IP:2250 - SRAM5PowerDownInRunMode not found: check if there is a RefParameter without a condition.
2025-08-29 22:16:14,278 [WARN] IP:2250 - RAM1Page4PowerDownInStopMode not found: check if there is a RefParameter without a condition.
2025-08-29 22:16:14,278 [WARN] IP:2250 - RAM1Page5PowerDownInStopMode not found: check if there is a RefParameter without a condition.
2025-08-29 22:16:14,279 [WARN] IP:2250 - RAM1Page6PowerDownInStopMode not found: check if there is a RefParameter without a condition.
2025-08-29 22:16:14,279 [WARN] IP:2250 - RAM1Page7PowerDownInStopMode not found: check if there is a RefParameter without a condition.
2025-08-29 22:16:14,279 [WARN] IP:2250 - RAM1Page8PowerDownInStopMode not found: check if there is a RefParameter without a condition.
2025-08-29 22:16:14,279 [WARN] IP:2250 - RAM1Page9PowerDownInStopMode not found: check if there is a RefParameter without a condition.
2025-08-29 22:16:14,279 [WARN] IP:2250 - RAM1Page10PowerDownInStopMode not found: check if there is a RefParameter without a condition.
2025-08-29 22:16:14,279 [WARN] IP:2250 - RAM1Page11PowerDownInStopMode not found: check if there is a RefParameter without a condition.
2025-08-29 22:16:14,279 [WARN] IP:2250 - RAM1Page12PowerDownInStopMode not found: check if there is a RefParameter without a condition.
2025-08-29 22:16:14,279 [WARN] IP:2250 - RAM3Page9PowerDownInStopMode not found: check if there is a RefParameter without a condition.
2025-08-29 22:16:14,279 [WARN] IP:2250 - RAM3Page10PowerDownInStopMode not found: check if there is a RefParameter without a condition.
2025-08-29 22:16:14,279 [WARN] IP:2250 - RAM3Page11PowerDownInStopMode not found: check if there is a RefParameter without a condition.
2025-08-29 22:16:14,279 [WARN] IP:2250 - RAM3Page12PowerDownInStopMode not found: check if there is a RefParameter without a condition.
2025-08-29 22:16:14,279 [WARN] IP:2250 - RAM3Page13PowerDownInStopMode not found: check if there is a RefParameter without a condition.
2025-08-29 22:16:14,279 [WARN] IP:2250 - RAM5Page1PowerDownInStopMode not found: check if there is a RefParameter without a condition.
2025-08-29 22:16:14,279 [WARN] IP:2250 - RAM5Page2PowerDownInStopMode not found: check if there is a RefParameter without a condition.
2025-08-29 22:16:14,279 [WARN] IP:2250 - RAM5Page3PowerDownInStopMode not found: check if there is a RefParameter without a condition.
2025-08-29 22:16:14,279 [WARN] IP:2250 - RAM5Page4PowerDownInStopMode not found: check if there is a RefParameter without a condition.
2025-08-29 22:16:14,279 [WARN] IP:2250 - RAM5Page5PowerDownInStopMode not found: check if there is a RefParameter without a condition.
2025-08-29 22:16:14,279 [WARN] IP:2250 - RAM5Page6PowerDownInStopMode not found: check if there is a RefParameter without a condition.
2025-08-29 22:16:14,279 [WARN] IP:2250 - RAM5Page7PowerDownInStopMode not found: check if there is a RefParameter without a condition.
2025-08-29 22:16:14,279 [WARN] IP:2250 - RAM5Page8PowerDownInStopMode not found: check if there is a RefParameter without a condition.
2025-08-29 22:16:14,279 [WARN] IP:2250 - RAM5Page9PowerDownInStopMode not found: check if there is a RefParameter without a condition.
2025-08-29 22:16:14,279 [WARN] IP:2250 - RAM5Page10PowerDownInStopMode not found: check if there is a RefParameter without a condition.
2025-08-29 22:16:14,279 [WARN] IP:2250 - RAM5Page11PowerDownInStopMode not found: check if there is a RefParameter without a condition.
2025-08-29 22:16:14,279 [WARN] IP:2250 - RAM5Page12PowerDownInStopMode not found: check if there is a RefParameter without a condition.
2025-08-29 22:16:14,279 [WARN] IP:2250 - RAM5Page13PowerDownInStopMode not found: check if there is a RefParameter without a condition.
2025-08-29 22:16:14,279 [WARN] IP:2250 - Dcache2PowerDownInStopMode not found: check if there is a RefParameter without a condition.
2025-08-29 22:16:14,279 [WARN] IP:2250 - GRAPHICPRAMPowerDownInStopMode not found: check if there is a RefParameter without a condition.
2025-08-29 22:16:14,279 [WARN] IP:2250 - DSIRAMPowerDownInStopMode not found: check if there is a RefParameter without a condition.
2025-08-29 22:16:14,280 [WARN] IP:2250 - SRAM5PowerDownInRunMode not found: check if there is a RefParameter without a condition.
2025-08-29 22:16:14,280 [WARN] IP:2250 - RAM1Page4PowerDownInStopMode not found: check if there is a RefParameter without a condition.
2025-08-29 22:16:14,280 [WARN] IP:2250 - RAM1Page5PowerDownInStopMode not found: check if there is a RefParameter without a condition.
2025-08-29 22:16:14,280 [WARN] IP:2250 - RAM1Page6PowerDownInStopMode not found: check if there is a RefParameter without a condition.
2025-08-29 22:16:14,280 [WARN] IP:2250 - RAM1Page7PowerDownInStopMode not found: check if there is a RefParameter without a condition.
2025-08-29 22:16:14,280 [WARN] IP:2250 - RAM1Page8PowerDownInStopMode not found: check if there is a RefParameter without a condition.
2025-08-29 22:16:14,280 [WARN] IP:2250 - RAM1Page9PowerDownInStopMode not found: check if there is a RefParameter without a condition.
2025-08-29 22:16:14,280 [WARN] IP:2250 - RAM1Page10PowerDownInStopMode not found: check if there is a RefParameter without a condition.
2025-08-29 22:16:14,280 [WARN] IP:2250 - RAM1Page11PowerDownInStopMode not found: check if there is a RefParameter without a condition.
2025-08-29 22:16:14,280 [WARN] IP:2250 - RAM1Page12PowerDownInStopMode not found: check if there is a RefParameter without a condition.
2025-08-29 22:16:14,280 [WARN] IP:2250 - RAM3Page9PowerDownInStopMode not found: check if there is a RefParameter without a condition.
2025-08-29 22:16:14,280 [WARN] IP:2250 - RAM3Page10PowerDownInStopMode not found: check if there is a RefParameter without a condition.
2025-08-29 22:16:14,280 [WARN] IP:2250 - RAM3Page11PowerDownInStopMode not found: check if there is a RefParameter without a condition.
2025-08-29 22:16:14,280 [WARN] IP:2250 - RAM3Page12PowerDownInStopMode not found: check if there is a RefParameter without a condition.
2025-08-29 22:16:14,280 [WARN] IP:2250 - RAM3Page13PowerDownInStopMode not found: check if there is a RefParameter without a condition.
2025-08-29 22:16:14,280 [WARN] IP:2250 - RAM5Page1PowerDownInStopMode not found: check if there is a RefParameter without a condition.
2025-08-29 22:16:14,280 [WARN] IP:2250 - RAM5Page2PowerDownInStopMode not found: check if there is a RefParameter without a condition.
2025-08-29 22:16:14,280 [WARN] IP:2250 - RAM5Page3PowerDownInStopMode not found: check if there is a RefParameter without a condition.
2025-08-29 22:16:14,280 [WARN] IP:2250 - RAM5Page4PowerDownInStopMode not found: check if there is a RefParameter without a condition.
2025-08-29 22:16:14,281 [WARN] IP:2250 - RAM5Page5PowerDownInStopMode not found: check if there is a RefParameter without a condition.
2025-08-29 22:16:14,281 [WARN] IP:2250 - RAM5Page6PowerDownInStopMode not found: check if there is a RefParameter without a condition.
2025-08-29 22:16:14,281 [WARN] IP:2250 - RAM5Page7PowerDownInStopMode not found: check if there is a RefParameter without a condition.
2025-08-29 22:16:14,281 [WARN] IP:2250 - RAM5Page8PowerDownInStopMode not found: check if there is a RefParameter without a condition.
2025-08-29 22:16:14,281 [WARN] IP:2250 - RAM5Page9PowerDownInStopMode not found: check if there is a RefParameter without a condition.
2025-08-29 22:16:14,281 [WARN] IP:2250 - RAM5Page10PowerDownInStopMode not found: check if there is a RefParameter without a condition.
2025-08-29 22:16:14,281 [WARN] IP:2250 - RAM5Page11PowerDownInStopMode not found: check if there is a RefParameter without a condition.
2025-08-29 22:16:14,281 [WARN] IP:2250 - RAM5Page12PowerDownInStopMode not found: check if there is a RefParameter without a condition.
2025-08-29 22:16:14,281 [WARN] IP:2250 - RAM5Page13PowerDownInStopMode not found: check if there is a RefParameter without a condition.
2025-08-29 22:16:14,281 [WARN] IP:2250 - Dcache2PowerDownInStopMode not found: check if there is a RefParameter without a condition.
2025-08-29 22:16:14,281 [WARN] IP:2250 - GRAPHICPRAMPowerDownInStopMode not found: check if there is a RefParameter without a condition.
2025-08-29 22:16:14,281 [WARN] IP:2250 - DSIRAMPowerDownInStopMode not found: check if there is a RefParameter without a condition.
2025-08-29 22:16:14,375 [WARN] IP:2250 - OutPut1 not found: check if there is a RefParameter without a condition.
2025-08-29 22:16:14,375 [WARN] IP:2250 - OutPut2 not found: check if there is a RefParameter without a condition.
2025-08-29 22:16:14,375 [WARN] IP:2250 - OutPut3 not found: check if there is a RefParameter without a condition.
2025-08-29 22:16:14,375 [WARN] IP:2250 - BinMixBcdU not found: check if there is a RefParameter without a condition.
2025-08-29 22:16:14,375 [WARN] IP:2250 - SSRU_Underflow_Interrupt not found: check if there is a RefParameter without a condition.
2025-08-29 22:16:14,375 [WARN] IP:2250 - rtcSecureFull not found: check if there is a RefParameter without a condition.
2025-08-29 22:16:14,375 [WARN] IP:2250 - rtcNonSecureFeatures not found: check if there is a RefParameter without a condition.
2025-08-29 22:16:14,375 [WARN] IP:2250 - RTC_NONSECURE_FEATURE_NONE not found: check if there is a RefParameter without a condition.
2025-08-29 22:16:14,376 [WARN] IP:2250 - RTC_NONSECURE_FEATURE_INIT not found: check if there is a RefParameter without a condition.
2025-08-29 22:16:14,376 [WARN] IP:2250 - RTC_NONSECURE_FEATURE_ALRA not found: check if there is a RefParameter without a condition.
2025-08-29 22:16:14,376 [WARN] IP:2250 - RTC_NONSECURE_FEATURE_ALRB not found: check if there is a RefParameter without a condition.
2025-08-29 22:16:14,376 [WARN] IP:2250 - RTC_NONSECURE_FEATURE_TS not found: check if there is a RefParameter without a condition.
2025-08-29 22:16:14,376 [WARN] IP:2250 - RTC_NONSECURE_FEATURE_CAL not found: check if there is a RefParameter without a condition.
2025-08-29 22:16:14,376 [WARN] IP:2250 - RTC_NONSECURE_FEATURE_WUT not found: check if there is a RefParameter without a condition.
2025-08-29 22:16:14,376 [WARN] IP:2250 - Sec_BKP_Registers1 not found: check if there is a RefParameter without a condition.
2025-08-29 22:16:14,376 [WARN] IP:2250 - backupRegisterStartZone2_gS not found: check if there is a RefParameter without a condition.
2025-08-29 22:16:14,376 [WARN] IP:2250 - backupRegisterStartZone3_gS not found: check if there is a RefParameter without a condition.
2025-08-29 22:16:14,376 [WARN] IP:2250 - rtcPrivilegeFeatures not found: check if there is a RefParameter without a condition.
2025-08-29 22:16:14,376 [WARN] IP:2250 - RTC_PRIVILEGE_FEATURE_INIT not found: check if there is a RefParameter without a condition.
2025-08-29 22:16:14,376 [WARN] IP:2250 - RTC_PRIVILEGE_FEATURE_ALRA not found: check if there is a RefParameter without a condition.
2025-08-29 22:16:14,376 [WARN] IP:2250 - RTC_PRIVILEGE_FEATURE_ALRB not found: check if there is a RefParameter without a condition.
2025-08-29 22:16:14,376 [WARN] IP:2250 - RTC_PRIVILEGE_FEATURE_CAL not found: check if there is a RefParameter without a condition.
2025-08-29 22:16:14,376 [WARN] IP:2250 - RTC_PRIVILEGE_FEATURE_TS not found: check if there is a RefParameter without a condition.
2025-08-29 22:16:14,376 [WARN] IP:2250 - RTC_PRIVILEGE_FEATURE_WUT not found: check if there is a RefParameter without a condition.
2025-08-29 22:16:14,376 [WARN] IP:2250 - SSRU_Underflow_Interrupt not found: check if there is a RefParameter without a condition.
2025-08-29 22:16:14,376 [WARN] IP:2250 - BinMixBcdU not found: check if there is a RefParameter without a condition.
2025-08-29 22:16:14,376 [WARN] IP:2250 - OutPut1 not found: check if there is a RefParameter without a condition.
2025-08-29 22:16:14,376 [WARN] IP:2250 - OutPut2 not found: check if there is a RefParameter without a condition.
2025-08-29 22:16:14,376 [WARN] IP:2250 - OutPut3 not found: check if there is a RefParameter without a condition.
2025-08-29 22:16:14,376 [WARN] IP:2250 - BinMixBcdU not found: check if there is a RefParameter without a condition.
2025-08-29 22:16:14,377 [WARN] IP:2250 - SSRU_Underflow_Interrupt not found: check if there is a RefParameter without a condition.
2025-08-29 22:16:14,377 [WARN] IP:2250 - rtcSecureFull not found: check if there is a RefParameter without a condition.
2025-08-29 22:16:14,377 [WARN] IP:2250 - rtcNonSecureFeatures not found: check if there is a RefParameter without a condition.
2025-08-29 22:16:14,377 [WARN] IP:2250 - RTC_NONSECURE_FEATURE_NONE not found: check if there is a RefParameter without a condition.
2025-08-29 22:16:14,377 [WARN] IP:2250 - RTC_NONSECURE_FEATURE_INIT not found: check if there is a RefParameter without a condition.
2025-08-29 22:16:14,377 [WARN] IP:2250 - RTC_NONSECURE_FEATURE_ALRA not found: check if there is a RefParameter without a condition.
2025-08-29 22:16:14,377 [WARN] IP:2250 - RTC_NONSECURE_FEATURE_ALRB not found: check if there is a RefParameter without a condition.
2025-08-29 22:16:14,377 [WARN] IP:2250 - RTC_NONSECURE_FEATURE_TS not found: check if there is a RefParameter without a condition.
2025-08-29 22:16:14,377 [WARN] IP:2250 - RTC_NONSECURE_FEATURE_CAL not found: check if there is a RefParameter without a condition.
2025-08-29 22:16:14,377 [WARN] IP:2250 - RTC_NONSECURE_FEATURE_WUT not found: check if there is a RefParameter without a condition.
2025-08-29 22:16:14,377 [WARN] IP:2250 - Sec_BKP_Registers1 not found: check if there is a RefParameter without a condition.
2025-08-29 22:16:14,377 [WARN] IP:2250 - backupRegisterStartZone2_gS not found: check if there is a RefParameter without a condition.
2025-08-29 22:16:14,377 [WARN] IP:2250 - backupRegisterStartZone3_gS not found: check if there is a RefParameter without a condition.
2025-08-29 22:16:14,377 [WARN] IP:2250 - rtcPrivilegeFeatures not found: check if there is a RefParameter without a condition.
2025-08-29 22:16:14,377 [WARN] IP:2250 - RTC_PRIVILEGE_FEATURE_INIT not found: check if there is a RefParameter without a condition.
2025-08-29 22:16:14,377 [WARN] IP:2250 - RTC_PRIVILEGE_FEATURE_ALRA not found: check if there is a RefParameter without a condition.
2025-08-29 22:16:14,377 [WARN] IP:2250 - RTC_PRIVILEGE_FEATURE_ALRB not found: check if there is a RefParameter without a condition.
2025-08-29 22:16:14,377 [WARN] IP:2250 - RTC_PRIVILEGE_FEATURE_CAL not found: check if there is a RefParameter without a condition.
2025-08-29 22:16:14,377 [WARN] IP:2250 - RTC_PRIVILEGE_FEATURE_TS not found: check if there is a RefParameter without a condition.
2025-08-29 22:16:14,377 [WARN] IP:2250 - RTC_PRIVILEGE_FEATURE_WUT not found: check if there is a RefParameter without a condition.
2025-08-29 22:16:14,377 [WARN] IP:2250 - BinaryAutoClr_A not found: check if there is a RefParameter without a condition.
2025-08-29 22:16:14,377 [WARN] IP:2250 - FlagAutoClr_A not found: check if there is a RefParameter without a condition.
2025-08-29 22:16:14,378 [WARN] IP:2250 - OutPut1 not found: check if there is a RefParameter without a condition.
2025-08-29 22:16:14,378 [WARN] IP:2250 - OutPut2 not found: check if there is a RefParameter without a condition.
2025-08-29 22:16:14,378 [WARN] IP:2250 - OutPut3 not found: check if there is a RefParameter without a condition.
2025-08-29 22:16:14,378 [WARN] IP:2250 - BinMixBcdU not found: check if there is a RefParameter without a condition.
2025-08-29 22:16:14,378 [WARN] IP:2250 - SSRU_Underflow_Interrupt not found: check if there is a RefParameter without a condition.
2025-08-29 22:16:14,378 [WARN] IP:2250 - rtcSecureFull not found: check if there is a RefParameter without a condition.
2025-08-29 22:16:14,378 [WARN] IP:2250 - rtcNonSecureFeatures not found: check if there is a RefParameter without a condition.
2025-08-29 22:16:14,378 [WARN] IP:2250 - RTC_NONSECURE_FEATURE_NONE not found: check if there is a RefParameter without a condition.
2025-08-29 22:16:14,378 [WARN] IP:2250 - RTC_NONSECURE_FEATURE_INIT not found: check if there is a RefParameter without a condition.
2025-08-29 22:16:14,378 [WARN] IP:2250 - RTC_NONSECURE_FEATURE_ALRA not found: check if there is a RefParameter without a condition.
2025-08-29 22:16:14,378 [WARN] IP:2250 - RTC_NONSECURE_FEATURE_ALRB not found: check if there is a RefParameter without a condition.
2025-08-29 22:16:14,378 [WARN] IP:2250 - RTC_NONSECURE_FEATURE_TS not found: check if there is a RefParameter without a condition.
2025-08-29 22:16:14,378 [WARN] IP:2250 - RTC_NONSECURE_FEATURE_CAL not found: check if there is a RefParameter without a condition.
2025-08-29 22:16:14,378 [WARN] IP:2250 - RTC_NONSECURE_FEATURE_WUT not found: check if there is a RefParameter without a condition.
2025-08-29 22:16:14,378 [WARN] IP:2250 - Sec_BKP_Registers1 not found: check if there is a RefParameter without a condition.
2025-08-29 22:16:14,378 [WARN] IP:2250 - backupRegisterStartZone2_gS not found: check if there is a RefParameter without a condition.
2025-08-29 22:16:14,378 [WARN] IP:2250 - backupRegisterStartZone3_gS not found: check if there is a RefParameter without a condition.
2025-08-29 22:16:14,378 [WARN] IP:2250 - rtcPrivilegeFeatures not found: check if there is a RefParameter without a condition.
2025-08-29 22:16:14,378 [WARN] IP:2250 - RTC_PRIVILEGE_FEATURE_INIT not found: check if there is a RefParameter without a condition.
2025-08-29 22:16:14,378 [WARN] IP:2250 - RTC_PRIVILEGE_FEATURE_ALRA not found: check if there is a RefParameter without a condition.
2025-08-29 22:16:14,378 [WARN] IP:2250 - RTC_PRIVILEGE_FEATURE_ALRB not found: check if there is a RefParameter without a condition.
2025-08-29 22:16:14,378 [WARN] IP:2250 - RTC_PRIVILEGE_FEATURE_CAL not found: check if there is a RefParameter without a condition.
2025-08-29 22:16:14,378 [WARN] IP:2250 - RTC_PRIVILEGE_FEATURE_TS not found: check if there is a RefParameter without a condition.
2025-08-29 22:16:14,378 [WARN] IP:2250 - RTC_PRIVILEGE_FEATURE_WUT not found: check if there is a RefParameter without a condition.
2025-08-29 22:16:14,378 [WARN] IP:2250 - SSRU_Underflow_Interrupt not found: check if there is a RefParameter without a condition.
2025-08-29 22:16:14,379 [WARN] IP:2250 - BinMixBcdU not found: check if there is a RefParameter without a condition.
2025-08-29 22:16:14,379 [WARN] IP:2250 - OutPut1 not found: check if there is a RefParameter without a condition.
2025-08-29 22:16:14,379 [WARN] IP:2250 - OutPut2 not found: check if there is a RefParameter without a condition.
2025-08-29 22:16:14,379 [WARN] IP:2250 - OutPut3 not found: check if there is a RefParameter without a condition.
2025-08-29 22:16:14,379 [WARN] IP:2250 - BinMixBcdU not found: check if there is a RefParameter without a condition.
2025-08-29 22:16:14,379 [WARN] IP:2250 - SSRU_Underflow_Interrupt not found: check if there is a RefParameter without a condition.
2025-08-29 22:16:14,379 [WARN] IP:2250 - rtcSecureFull not found: check if there is a RefParameter without a condition.
2025-08-29 22:16:14,379 [WARN] IP:2250 - rtcNonSecureFeatures not found: check if there is a RefParameter without a condition.
2025-08-29 22:16:14,379 [WARN] IP:2250 - RTC_NONSECURE_FEATURE_NONE not found: check if there is a RefParameter without a condition.
2025-08-29 22:16:14,379 [WARN] IP:2250 - RTC_NONSECURE_FEATURE_INIT not found: check if there is a RefParameter without a condition.
2025-08-29 22:16:14,379 [WARN] IP:2250 - RTC_NONSECURE_FEATURE_ALRA not found: check if there is a RefParameter without a condition.
2025-08-29 22:16:14,379 [WARN] IP:2250 - RTC_NONSECURE_FEATURE_ALRB not found: check if there is a RefParameter without a condition.
2025-08-29 22:16:14,379 [WARN] IP:2250 - RTC_NONSECURE_FEATURE_TS not found: check if there is a RefParameter without a condition.
2025-08-29 22:16:14,379 [WARN] IP:2250 - RTC_NONSECURE_FEATURE_CAL not found: check if there is a RefParameter without a condition.
2025-08-29 22:16:14,379 [WARN] IP:2250 - RTC_NONSECURE_FEATURE_WUT not found: check if there is a RefParameter without a condition.
2025-08-29 22:16:14,379 [WARN] IP:2250 - Sec_BKP_Registers1 not found: check if there is a RefParameter without a condition.
2025-08-29 22:16:14,379 [WARN] IP:2250 - backupRegisterStartZone2_gS not found: check if there is a RefParameter without a condition.
2025-08-29 22:16:14,379 [WARN] IP:2250 - backupRegisterStartZone3_gS not found: check if there is a RefParameter without a condition.
2025-08-29 22:16:14,379 [WARN] IP:2250 - rtcPrivilegeFeatures not found: check if there is a RefParameter without a condition.
2025-08-29 22:16:14,379 [WARN] IP:2250 - RTC_PRIVILEGE_FEATURE_INIT not found: check if there is a RefParameter without a condition.
2025-08-29 22:16:14,379 [WARN] IP:2250 - RTC_PRIVILEGE_FEATURE_ALRA not found: check if there is a RefParameter without a condition.
2025-08-29 22:16:14,379 [WARN] IP:2250 - RTC_PRIVILEGE_FEATURE_ALRB not found: check if there is a RefParameter without a condition.
2025-08-29 22:16:14,379 [WARN] IP:2250 - RTC_PRIVILEGE_FEATURE_CAL not found: check if there is a RefParameter without a condition.
2025-08-29 22:16:14,379 [WARN] IP:2250 - RTC_PRIVILEGE_FEATURE_TS not found: check if there is a RefParameter without a condition.
2025-08-29 22:16:14,380 [WARN] IP:2250 - RTC_PRIVILEGE_FEATURE_WUT not found: check if there is a RefParameter without a condition.
2025-08-29 22:16:14,380 [WARN] IP:2250 - BinaryAutoClr_A not found: check if there is a RefParameter without a condition.
2025-08-29 22:16:14,380 [WARN] IP:2250 - FlagAutoClr_A not found: check if there is a RefParameter without a condition.
2025-08-29 22:16:14,419 [WARN] IP:2250 - DATAEXCHANGEDESRCBYTE_GPDMACH2 not found: check if there is a RefParameter without a condition.
2025-08-29 22:16:14,419 [WARN] IP:2250 - DATAEXCHANGEDESTHALFWORD_GPDMACH2 not found: check if there is a RefParameter without a condition.
2025-08-29 22:16:14,427 [WARN] IP:2250 - DATAEXCHANGEDESRCBYTE_GPDMACH2 not found: check if there is a RefParameter without a condition.
2025-08-29 22:16:14,427 [WARN] IP:2250 - DATAEXCHANGEDESTHALFWORD_GPDMACH2 not found: check if there is a RefParameter without a condition.
2025-08-29 22:17:29,909 [WARN] IP:2250 - DATAEXCHANGEDESRCBYTE_GPDMACH2 not found: check if there is a RefParameter without a condition.
2025-08-29 22:17:29,909 [WARN] IP:2250 - DATAEXCHANGEDESTHALFWORD_GPDMACH2 not found: check if there is a RefParameter without a condition.
2025-08-29 22:17:29,917 [WARN] IP:2250 - DATAEXCHANGEDESRCBYTE_GPDMACH2 not found: check if there is a RefParameter without a condition.
2025-08-29 22:17:29,917 [WARN] IP:2250 - DATAEXCHANGEDESTHALFWORD_GPDMACH2 not found: check if there is a RefParameter without a condition.
2025-08-29 22:17:30,003 [INFO] NvicIntPanel:101 - NVIC parent = com.st.microxplorer.plugins.ip.nvic.MultiNvicIntPanel[,0,0,0x0,invalid,layout=javax.swing.BoxLayout,alignmentX=0.0,alignmentY=0.0,border=,flags=9,maximumSize=,minimumSize=,preferredSize=]
2025-08-29 22:19:11,675 [WARN] IP:2250 - DATAEXCHANGEDESRCBYTE_GPDMACH2 not found: check if there is a RefParameter without a condition.
2025-08-29 22:19:11,676 [WARN] IP:2250 - DATAEXCHANGEDESTHALFWORD_GPDMACH2 not found: check if there is a RefParameter without a condition.
2025-08-29 22:19:11,720 [INFO] RtosManager:803 -  ==== DEBUG ==== Saving {key/value} = {rtos.0.tasks.0/allocationType,Dynamic;bufferName,NULL;codeGen,Default;controlBlockName,NULL;entry,StartDefaultTask;name,defaultTask;parameter,NULL;priority,osPriorityNormal;stackSize,128}
2025-08-29 22:19:11,720 [INFO] UtilMem:75 - End SaveConfig() Used Memory: 776128256 Bytes (1073741824)
2025-08-29 22:19:14,015 [WARN] IP:2250 - DATAEXCHANGEDESRCBYTE_GPDMACH2 not found: check if there is a RefParameter without a condition.
2025-08-29 22:19:14,015 [WARN] IP:2250 - DATAEXCHANGEDESTHALFWORD_GPDMACH2 not found: check if there is a RefParameter without a condition.
2025-08-29 22:19:14,052 [INFO] RtosManager:803 -  ==== DEBUG ==== Saving {key/value} = {rtos.0.tasks.0/allocationType,Dynamic;bufferName,NULL;codeGen,Default;controlBlockName,NULL;entry,StartDefaultTask;name,defaultTask;parameter,NULL;priority,osPriorityNormal;stackSize,128}
2025-08-29 22:19:14,052 [INFO] UtilMem:75 - End SaveConfig() Used Memory: 835370752 Bytes (1073741824)
2025-08-29 22:19:14,261 [WARN] IP:2250 - DATAEXCHANGEDESRCBYTE_GPDMACH2 not found: check if there is a RefParameter without a condition.
2025-08-29 22:19:14,261 [WARN] IP:2250 - DATAEXCHANGEDESTHALFWORD_GPDMACH2 not found: check if there is a RefParameter without a condition.
2025-08-29 22:19:14,307 [INFO] RtosManager:803 -  ==== DEBUG ==== Saving {key/value} = {rtos.0.tasks.0/allocationType,Dynamic;bufferName,NULL;codeGen,Default;controlBlockName,NULL;entry,StartDefaultTask;name,defaultTask;parameter,NULL;priority,osPriorityNormal;stackSize,128}
2025-08-29 22:19:14,307 [INFO] UtilMem:75 - End SaveConfig() Used Memory: 954386176 Bytes (1073741824)
2025-08-29 22:19:14,526 [WARN] IP:2250 - SRAM5PowerDownInRunMode not found: check if there is a RefParameter without a condition.
2025-08-29 22:19:14,526 [WARN] IP:2250 - RAM1Page4PowerDownInStopMode not found: check if there is a RefParameter without a condition.
2025-08-29 22:19:14,526 [WARN] IP:2250 - RAM1Page5PowerDownInStopMode not found: check if there is a RefParameter without a condition.
2025-08-29 22:19:14,526 [WARN] IP:2250 - RAM1Page6PowerDownInStopMode not found: check if there is a RefParameter without a condition.
2025-08-29 22:19:14,526 [WARN] IP:2250 - RAM1Page7PowerDownInStopMode not found: check if there is a RefParameter without a condition.
2025-08-29 22:19:14,526 [WARN] IP:2250 - RAM1Page8PowerDownInStopMode not found: check if there is a RefParameter without a condition.
2025-08-29 22:19:14,526 [WARN] IP:2250 - RAM1Page9PowerDownInStopMode not found: check if there is a RefParameter without a condition.
2025-08-29 22:19:14,526 [WARN] IP:2250 - RAM1Page10PowerDownInStopMode not found: check if there is a RefParameter without a condition.
2025-08-29 22:19:14,526 [WARN] IP:2250 - RAM1Page11PowerDownInStopMode not found: check if there is a RefParameter without a condition.
2025-08-29 22:19:14,526 [WARN] IP:2250 - RAM1Page12PowerDownInStopMode not found: check if there is a RefParameter without a condition.
2025-08-29 22:19:14,526 [WARN] IP:2250 - RAM3Page9PowerDownInStopMode not found: check if there is a RefParameter without a condition.
2025-08-29 22:19:14,526 [WARN] IP:2250 - RAM3Page10PowerDownInStopMode not found: check if there is a RefParameter without a condition.
2025-08-29 22:19:14,526 [WARN] IP:2250 - RAM3Page11PowerDownInStopMode not found: check if there is a RefParameter without a condition.
2025-08-29 22:19:14,526 [WARN] IP:2250 - RAM3Page12PowerDownInStopMode not found: check if there is a RefParameter without a condition.
2025-08-29 22:19:14,526 [WARN] IP:2250 - RAM3Page13PowerDownInStopMode not found: check if there is a RefParameter without a condition.
2025-08-29 22:19:14,526 [WARN] IP:2250 - RAM5Page1PowerDownInStopMode not found: check if there is a RefParameter without a condition.
2025-08-29 22:19:14,526 [WARN] IP:2250 - RAM5Page2PowerDownInStopMode not found: check if there is a RefParameter without a condition.
2025-08-29 22:19:14,526 [WARN] IP:2250 - RAM5Page3PowerDownInStopMode not found: check if there is a RefParameter without a condition.
2025-08-29 22:19:14,526 [WARN] IP:2250 - RAM5Page4PowerDownInStopMode not found: check if there is a RefParameter without a condition.
2025-08-29 22:19:14,526 [WARN] IP:2250 - RAM5Page5PowerDownInStopMode not found: check if there is a RefParameter without a condition.
2025-08-29 22:19:14,526 [WARN] IP:2250 - RAM5Page6PowerDownInStopMode not found: check if there is a RefParameter without a condition.
2025-08-29 22:19:14,526 [WARN] IP:2250 - RAM5Page7PowerDownInStopMode not found: check if there is a RefParameter without a condition.
2025-08-29 22:19:14,526 [WARN] IP:2250 - RAM5Page8PowerDownInStopMode not found: check if there is a RefParameter without a condition.
2025-08-29 22:19:14,526 [WARN] IP:2250 - RAM5Page9PowerDownInStopMode not found: check if there is a RefParameter without a condition.
2025-08-29 22:19:14,526 [WARN] IP:2250 - RAM5Page10PowerDownInStopMode not found: check if there is a RefParameter without a condition.
2025-08-29 22:19:14,526 [WARN] IP:2250 - RAM5Page11PowerDownInStopMode not found: check if there is a RefParameter without a condition.
2025-08-29 22:19:14,526 [WARN] IP:2250 - RAM5Page12PowerDownInStopMode not found: check if there is a RefParameter without a condition.
2025-08-29 22:19:14,526 [WARN] IP:2250 - RAM5Page13PowerDownInStopMode not found: check if there is a RefParameter without a condition.
2025-08-29 22:19:14,526 [WARN] IP:2250 - Dcache2PowerDownInStopMode not found: check if there is a RefParameter without a condition.
2025-08-29 22:19:14,526 [WARN] IP:2250 - GRAPHICPRAMPowerDownInStopMode not found: check if there is a RefParameter without a condition.
2025-08-29 22:19:14,526 [WARN] IP:2250 - DSIRAMPowerDownInStopMode not found: check if there is a RefParameter without a condition.
2025-08-29 22:19:14,533 [INFO] BlockDiagram:2775 - set Specific Code input for plugin: PWR
2025-08-29 22:19:14,533 [INFO] BlockDiagram:2775 - set Specific Code input for plugin: RCC
2025-08-29 22:19:14,533 [INFO] BlockDiagram:2775 - set Specific Code input for plugin: I2C
2025-08-29 22:19:14,533 [INFO] BlockDiagram:2775 - set Specific Code input for plugin: RTC
2025-08-29 22:19:14,533 [INFO] BlockDiagram:2775 - set Specific Code input for plugin: STMicroelectronics.X-CUBE-FREERTOS.1.3.1
2025-08-29 22:19:14,533 [INFO] BlockDiagram:2775 - set Specific Code input for plugin: TIM1_8U5
2025-08-29 22:19:14,533 [INFO] BlockDiagram:2775 - set Specific Code input for plugin: OCTOSPI
2025-08-29 22:19:14,533 [INFO] BlockDiagram:2775 - set Specific Code input for plugin: GPDMA
2025-08-29 22:19:14,533 [INFO] BlockDiagram:2775 - set Specific Code input for plugin: MEMORYMAP
2025-08-29 22:19:14,533 [INFO] BlockDiagram:2775 - set Specific Code input for plugin: SYS
2025-08-29 22:19:14,533 [INFO] BlockDiagram:2775 - set Specific Code input for plugin: LPBAM
2025-08-29 22:19:14,533 [INFO] BlockDiagram:2775 - set Specific Code input for plugin: NVIC
2025-08-29 22:19:14,533 [INFO] BlockDiagram:2775 - set Specific Code input for plugin: ICACHE
2025-08-29 22:19:14,533 [INFO] BlockDiagram:2775 - set Specific Code input for plugin: UART
2025-08-29 22:19:14,534 [INFO] BlockDiagram:2775 - set Specific Code input for plugin: GPIO
2025-08-29 22:19:14,534 [INFO] BlockDiagram:2775 - set Specific Code input for plugin: LPBAMQUEUE
2025-08-29 22:19:14,535 [WARN] ThirdPartyIpManager:480 - Condition 'CM33 IAR Condition' not fulfilled in pack 'STMicroelectronics.X-CUBE-FREERTOS.1.3.1'
2025-08-29 22:19:14,535 [WARN] ThirdPartyIpManager:480 - Condition 'CM33 IAR Condition' not fulfilled in pack 'STMicroelectronics.X-CUBE-FREERTOS.1.3.1'
2025-08-29 22:19:14,535 [WARN] ThirdPartyIpManager:480 - Condition 'CM33 IAR Condition' not fulfilled in pack 'STMicroelectronics.X-CUBE-FREERTOS.1.3.1'
2025-08-29 22:19:14,535 [WARN] ThirdPartyIpManager:480 - Condition 'CM0 IAR Condition' not fulfilled in pack 'STMicroelectronics.X-CUBE-FREERTOS.1.3.1'
2025-08-29 22:19:14,535 [WARN] ThirdPartyIpManager:480 - Condition 'CM0 IAR Condition' not fulfilled in pack 'STMicroelectronics.X-CUBE-FREERTOS.1.3.1'
2025-08-29 22:19:14,535 [WARN] ThirdPartyIpManager:480 - Condition 'CM0 IAR Condition' not fulfilled in pack 'STMicroelectronics.X-CUBE-FREERTOS.1.3.1'
2025-08-29 22:19:14,535 [WARN] ThirdPartyIpManager:480 - Condition 'CM0 GNU ARMC6 Condition' not fulfilled in pack 'STMicroelectronics.X-CUBE-FREERTOS.1.3.1'
2025-08-29 22:19:14,535 [WARN] ThirdPartyIpManager:480 - Condition 'CM0 GNU ARMC6 Condition' not fulfilled in pack 'STMicroelectronics.X-CUBE-FREERTOS.1.3.1'
2025-08-29 22:19:14,537 [INFO] CodeGenerator:892 - code generatio: config db path: /home/joakim-wennergren/st/stm32cubeide_1.19.0/plugins/com.st.stm32cube.common.mx_6.15.0.202507011659//db/
2025-08-29 22:19:14,547 [WARN] IP:2250 - DATAEXCHANGEDESRCBYTE_GPDMACH2 not found: check if there is a RefParameter without a condition.
2025-08-29 22:19:14,547 [WARN] IP:2250 - DATAEXCHANGEDESTHALFWORD_GPDMACH2 not found: check if there is a RefParameter without a condition.
2025-08-29 22:19:14,611 [WARN] IP:2250 - SRAM5PowerDownInRunMode not found: check if there is a RefParameter without a condition.
2025-08-29 22:19:14,612 [WARN] IP:2250 - RAM1Page4PowerDownInStopMode not found: check if there is a RefParameter without a condition.
2025-08-29 22:19:14,612 [WARN] IP:2250 - RAM1Page5PowerDownInStopMode not found: check if there is a RefParameter without a condition.
2025-08-29 22:19:14,612 [WARN] IP:2250 - RAM1Page6PowerDownInStopMode not found: check if there is a RefParameter without a condition.
2025-08-29 22:19:14,612 [WARN] IP:2250 - RAM1Page7PowerDownInStopMode not found: check if there is a RefParameter without a condition.
2025-08-29 22:19:14,612 [WARN] IP:2250 - RAM1Page8PowerDownInStopMode not found: check if there is a RefParameter without a condition.
2025-08-29 22:19:14,612 [WARN] IP:2250 - RAM1Page9PowerDownInStopMode not found: check if there is a RefParameter without a condition.
2025-08-29 22:19:14,612 [WARN] IP:2250 - RAM1Page10PowerDownInStopMode not found: check if there is a RefParameter without a condition.
2025-08-29 22:19:14,612 [WARN] IP:2250 - RAM1Page11PowerDownInStopMode not found: check if there is a RefParameter without a condition.
2025-08-29 22:19:14,612 [WARN] IP:2250 - RAM1Page12PowerDownInStopMode not found: check if there is a RefParameter without a condition.
2025-08-29 22:19:14,612 [WARN] IP:2250 - RAM3Page9PowerDownInStopMode not found: check if there is a RefParameter without a condition.
2025-08-29 22:19:14,612 [WARN] IP:2250 - RAM3Page10PowerDownInStopMode not found: check if there is a RefParameter without a condition.
2025-08-29 22:19:14,612 [WARN] IP:2250 - RAM3Page11PowerDownInStopMode not found: check if there is a RefParameter without a condition.
2025-08-29 22:19:14,612 [WARN] IP:2250 - RAM3Page12PowerDownInStopMode not found: check if there is a RefParameter without a condition.
2025-08-29 22:19:14,612 [WARN] IP:2250 - RAM3Page13PowerDownInStopMode not found: check if there is a RefParameter without a condition.
2025-08-29 22:19:14,612 [WARN] IP:2250 - RAM5Page1PowerDownInStopMode not found: check if there is a RefParameter without a condition.
2025-08-29 22:19:14,612 [WARN] IP:2250 - RAM5Page2PowerDownInStopMode not found: check if there is a RefParameter without a condition.
2025-08-29 22:19:14,612 [WARN] IP:2250 - RAM5Page3PowerDownInStopMode not found: check if there is a RefParameter without a condition.
2025-08-29 22:19:14,612 [WARN] IP:2250 - RAM5Page4PowerDownInStopMode not found: check if there is a RefParameter without a condition.
2025-08-29 22:19:14,612 [WARN] IP:2250 - RAM5Page5PowerDownInStopMode not found: check if there is a RefParameter without a condition.
2025-08-29 22:19:14,612 [WARN] IP:2250 - RAM5Page6PowerDownInStopMode not found: check if there is a RefParameter without a condition.
2025-08-29 22:19:14,612 [WARN] IP:2250 - RAM5Page7PowerDownInStopMode not found: check if there is a RefParameter without a condition.
2025-08-29 22:19:14,612 [WARN] IP:2250 - RAM5Page8PowerDownInStopMode not found: check if there is a RefParameter without a condition.
2025-08-29 22:19:14,612 [WARN] IP:2250 - RAM5Page9PowerDownInStopMode not found: check if there is a RefParameter without a condition.
2025-08-29 22:19:14,612 [WARN] IP:2250 - RAM5Page10PowerDownInStopMode not found: check if there is a RefParameter without a condition.
2025-08-29 22:19:14,612 [WARN] IP:2250 - RAM5Page11PowerDownInStopMode not found: check if there is a RefParameter without a condition.
2025-08-29 22:19:14,612 [WARN] IP:2250 - RAM5Page12PowerDownInStopMode not found: check if there is a RefParameter without a condition.
2025-08-29 22:19:14,612 [WARN] IP:2250 - RAM5Page13PowerDownInStopMode not found: check if there is a RefParameter without a condition.
2025-08-29 22:19:14,612 [WARN] IP:2250 - Dcache2PowerDownInStopMode not found: check if there is a RefParameter without a condition.
2025-08-29 22:19:14,612 [WARN] IP:2250 - GRAPHICPRAMPowerDownInStopMode not found: check if there is a RefParameter without a condition.
2025-08-29 22:19:14,612 [WARN] IP:2250 - DSIRAMPowerDownInStopMode not found: check if there is a RefParameter without a condition.
2025-08-29 22:19:14,659 [WARN] IP:2250 - OutPut1 not found: check if there is a RefParameter without a condition.
2025-08-29 22:19:14,659 [WARN] IP:2250 - OutPut2 not found: check if there is a RefParameter without a condition.
2025-08-29 22:19:14,659 [WARN] IP:2250 - OutPut3 not found: check if there is a RefParameter without a condition.
2025-08-29 22:19:14,659 [WARN] IP:2250 - BinMixBcdU not found: check if there is a RefParameter without a condition.
2025-08-29 22:19:14,659 [WARN] IP:2250 - SSRU_Underflow_Interrupt not found: check if there is a RefParameter without a condition.
2025-08-29 22:19:14,659 [WARN] IP:2250 - rtcSecureFull not found: check if there is a RefParameter without a condition.
2025-08-29 22:19:14,659 [WARN] IP:2250 - rtcNonSecureFeatures not found: check if there is a RefParameter without a condition.
2025-08-29 22:19:14,659 [WARN] IP:2250 - RTC_NONSECURE_FEATURE_NONE not found: check if there is a RefParameter without a condition.
2025-08-29 22:19:14,659 [WARN] IP:2250 - RTC_NONSECURE_FEATURE_INIT not found: check if there is a RefParameter without a condition.
2025-08-29 22:19:14,659 [WARN] IP:2250 - RTC_NONSECURE_FEATURE_ALRA not found: check if there is a RefParameter without a condition.
2025-08-29 22:19:14,659 [WARN] IP:2250 - RTC_NONSECURE_FEATURE_ALRB not found: check if there is a RefParameter without a condition.
2025-08-29 22:19:14,659 [WARN] IP:2250 - RTC_NONSECURE_FEATURE_TS not found: check if there is a RefParameter without a condition.
2025-08-29 22:19:14,659 [WARN] IP:2250 - RTC_NONSECURE_FEATURE_CAL not found: check if there is a RefParameter without a condition.
2025-08-29 22:19:14,659 [WARN] IP:2250 - RTC_NONSECURE_FEATURE_WUT not found: check if there is a RefParameter without a condition.
2025-08-29 22:19:14,659 [WARN] IP:2250 - Sec_BKP_Registers1 not found: check if there is a RefParameter without a condition.
2025-08-29 22:19:14,659 [WARN] IP:2250 - backupRegisterStartZone2_gS not found: check if there is a RefParameter without a condition.
2025-08-29 22:19:14,659 [WARN] IP:2250 - backupRegisterStartZone3_gS not found: check if there is a RefParameter without a condition.
2025-08-29 22:19:14,659 [WARN] IP:2250 - rtcPrivilegeFeatures not found: check if there is a RefParameter without a condition.
2025-08-29 22:19:14,659 [WARN] IP:2250 - RTC_PRIVILEGE_FEATURE_INIT not found: check if there is a RefParameter without a condition.
2025-08-29 22:19:14,659 [WARN] IP:2250 - RTC_PRIVILEGE_FEATURE_ALRA not found: check if there is a RefParameter without a condition.
2025-08-29 22:19:14,659 [WARN] IP:2250 - RTC_PRIVILEGE_FEATURE_ALRB not found: check if there is a RefParameter without a condition.
2025-08-29 22:19:14,659 [WARN] IP:2250 - RTC_PRIVILEGE_FEATURE_CAL not found: check if there is a RefParameter without a condition.
2025-08-29 22:19:14,659 [WARN] IP:2250 - RTC_PRIVILEGE_FEATURE_TS not found: check if there is a RefParameter without a condition.
2025-08-29 22:19:14,659 [WARN] IP:2250 - RTC_PRIVILEGE_FEATURE_WUT not found: check if there is a RefParameter without a condition.
2025-08-29 22:19:14,660 [WARN] IP:2250 - SSRU_Underflow_Interrupt not found: check if there is a RefParameter without a condition.
2025-08-29 22:19:14,660 [WARN] IP:2250 - BinMixBcdU not found: check if there is a RefParameter without a condition.
2025-08-29 22:19:14,660 [WARN] IP:2250 - OutPut1 not found: check if there is a RefParameter without a condition.
2025-08-29 22:19:14,660 [WARN] IP:2250 - OutPut2 not found: check if there is a RefParameter without a condition.
2025-08-29 22:19:14,660 [WARN] IP:2250 - OutPut3 not found: check if there is a RefParameter without a condition.
2025-08-29 22:19:14,660 [WARN] IP:2250 - BinMixBcdU not found: check if there is a RefParameter without a condition.
2025-08-29 22:19:14,660 [WARN] IP:2250 - SSRU_Underflow_Interrupt not found: check if there is a RefParameter without a condition.
2025-08-29 22:19:14,660 [WARN] IP:2250 - rtcSecureFull not found: check if there is a RefParameter without a condition.
2025-08-29 22:19:14,660 [WARN] IP:2250 - rtcNonSecureFeatures not found: check if there is a RefParameter without a condition.
2025-08-29 22:19:14,660 [WARN] IP:2250 - RTC_NONSECURE_FEATURE_NONE not found: check if there is a RefParameter without a condition.
2025-08-29 22:19:14,660 [WARN] IP:2250 - RTC_NONSECURE_FEATURE_INIT not found: check if there is a RefParameter without a condition.
2025-08-29 22:19:14,660 [WARN] IP:2250 - RTC_NONSECURE_FEATURE_ALRA not found: check if there is a RefParameter without a condition.
2025-08-29 22:19:14,660 [WARN] IP:2250 - RTC_NONSECURE_FEATURE_ALRB not found: check if there is a RefParameter without a condition.
2025-08-29 22:19:14,660 [WARN] IP:2250 - RTC_NONSECURE_FEATURE_TS not found: check if there is a RefParameter without a condition.
2025-08-29 22:19:14,660 [WARN] IP:2250 - RTC_NONSECURE_FEATURE_CAL not found: check if there is a RefParameter without a condition.
2025-08-29 22:19:14,660 [WARN] IP:2250 - RTC_NONSECURE_FEATURE_WUT not found: check if there is a RefParameter without a condition.
2025-08-29 22:19:14,660 [WARN] IP:2250 - Sec_BKP_Registers1 not found: check if there is a RefParameter without a condition.
2025-08-29 22:19:14,660 [WARN] IP:2250 - backupRegisterStartZone2_gS not found: check if there is a RefParameter without a condition.
2025-08-29 22:19:14,660 [WARN] IP:2250 - backupRegisterStartZone3_gS not found: check if there is a RefParameter without a condition.
2025-08-29 22:19:14,661 [WARN] IP:2250 - rtcPrivilegeFeatures not found: check if there is a RefParameter without a condition.
2025-08-29 22:19:14,661 [WARN] IP:2250 - RTC_PRIVILEGE_FEATURE_INIT not found: check if there is a RefParameter without a condition.
2025-08-29 22:19:14,661 [WARN] IP:2250 - RTC_PRIVILEGE_FEATURE_ALRA not found: check if there is a RefParameter without a condition.
2025-08-29 22:19:14,661 [WARN] IP:2250 - RTC_PRIVILEGE_FEATURE_ALRB not found: check if there is a RefParameter without a condition.
2025-08-29 22:19:14,661 [WARN] IP:2250 - RTC_PRIVILEGE_FEATURE_CAL not found: check if there is a RefParameter without a condition.
2025-08-29 22:19:14,661 [WARN] IP:2250 - RTC_PRIVILEGE_FEATURE_TS not found: check if there is a RefParameter without a condition.
2025-08-29 22:19:14,661 [WARN] IP:2250 - RTC_PRIVILEGE_FEATURE_WUT not found: check if there is a RefParameter without a condition.
2025-08-29 22:19:14,661 [WARN] IP:2250 - BinaryAutoClr_A not found: check if there is a RefParameter without a condition.
2025-08-29 22:19:14,661 [WARN] IP:2250 - FlagAutoClr_A not found: check if there is a RefParameter without a condition.
2025-08-29 22:19:14,757 [INFO] IP:3347 - RTE template : freertos_start.ftl
2025-08-29 22:19:14,760 [INFO] CodeEngine:265 - oldGeneratedFile, /home/joakim-wennergren/Desktop/Smartwatch/Firmware/Bench/MXTmpFiles/license.tmp_save
2025-08-29 22:19:14,980 [INFO] CodeEngine:289 - Generated code: /home/joakim-wennergren/Desktop/Smartwatch/Firmware/Bench/MXTmpFiles/license.tmp
2025-08-29 22:19:15,061 [INFO] CodeEngine:265 - oldGeneratedFile, /home/joakim-wennergren/Desktop/Smartwatch/Firmware/Bench/MXTmpFiles/gpio.tmp_save
2025-08-29 22:19:15,169 [INFO] CodeEngine:289 - Generated code: /home/joakim-wennergren/Desktop/Smartwatch/Firmware/Bench/MXTmpFiles/gpio.tmp
2025-08-29 22:19:15,482 [WARN] IPConfigManager:103 - WARNING: Missing Config File for MEMORYMAP ip!!
2025-08-29 22:19:15,483 [WARN] IP:2250 - DefaultDataRegion not found: check if there is a RefParameter without a condition.
2025-08-29 22:19:15,650 [WARN] IP:2250 - OutPut1 not found: check if there is a RefParameter without a condition.
2025-08-29 22:19:15,650 [WARN] IP:2250 - OutPut2 not found: check if there is a RefParameter without a condition.
2025-08-29 22:19:15,650 [WARN] IP:2250 - OutPut3 not found: check if there is a RefParameter without a condition.
2025-08-29 22:19:15,650 [WARN] IP:2250 - BinMixBcdU not found: check if there is a RefParameter without a condition.
2025-08-29 22:19:15,650 [WARN] IP:2250 - SSRU_Underflow_Interrupt not found: check if there is a RefParameter without a condition.
2025-08-29 22:19:15,650 [WARN] IP:2250 - rtcSecureFull not found: check if there is a RefParameter without a condition.
2025-08-29 22:19:15,650 [WARN] IP:2250 - rtcNonSecureFeatures not found: check if there is a RefParameter without a condition.
2025-08-29 22:19:15,650 [WARN] IP:2250 - RTC_NONSECURE_FEATURE_NONE not found: check if there is a RefParameter without a condition.
2025-08-29 22:19:15,650 [WARN] IP:2250 - RTC_NONSECURE_FEATURE_INIT not found: check if there is a RefParameter without a condition.
2025-08-29 22:19:15,650 [WARN] IP:2250 - RTC_NONSECURE_FEATURE_ALRA not found: check if there is a RefParameter without a condition.
2025-08-29 22:19:15,650 [WARN] IP:2250 - RTC_NONSECURE_FEATURE_ALRB not found: check if there is a RefParameter without a condition.
2025-08-29 22:19:15,650 [WARN] IP:2250 - RTC_NONSECURE_FEATURE_TS not found: check if there is a RefParameter without a condition.
2025-08-29 22:19:15,650 [WARN] IP:2250 - RTC_NONSECURE_FEATURE_CAL not found: check if there is a RefParameter without a condition.
2025-08-29 22:19:15,650 [WARN] IP:2250 - RTC_NONSECURE_FEATURE_WUT not found: check if there is a RefParameter without a condition.
2025-08-29 22:19:15,650 [WARN] IP:2250 - Sec_BKP_Registers1 not found: check if there is a RefParameter without a condition.
2025-08-29 22:19:15,651 [WARN] IP:2250 - backupRegisterStartZone2_gS not found: check if there is a RefParameter without a condition.
2025-08-29 22:19:15,651 [WARN] IP:2250 - backupRegisterStartZone3_gS not found: check if there is a RefParameter without a condition.
2025-08-29 22:19:15,651 [WARN] IP:2250 - rtcPrivilegeFeatures not found: check if there is a RefParameter without a condition.
2025-08-29 22:19:15,651 [WARN] IP:2250 - RTC_PRIVILEGE_FEATURE_INIT not found: check if there is a RefParameter without a condition.
2025-08-29 22:19:15,651 [WARN] IP:2250 - RTC_PRIVILEGE_FEATURE_ALRA not found: check if there is a RefParameter without a condition.
2025-08-29 22:19:15,651 [WARN] IP:2250 - RTC_PRIVILEGE_FEATURE_ALRB not found: check if there is a RefParameter without a condition.
2025-08-29 22:19:15,651 [WARN] IP:2250 - RTC_PRIVILEGE_FEATURE_CAL not found: check if there is a RefParameter without a condition.
2025-08-29 22:19:15,651 [WARN] IP:2250 - RTC_PRIVILEGE_FEATURE_TS not found: check if there is a RefParameter without a condition.
2025-08-29 22:19:15,651 [WARN] IP:2250 - RTC_PRIVILEGE_FEATURE_WUT not found: check if there is a RefParameter without a condition.
2025-08-29 22:19:15,651 [WARN] IP:2250 - SSRU_Underflow_Interrupt not found: check if there is a RefParameter without a condition.
2025-08-29 22:19:15,651 [WARN] IP:2250 - BinMixBcdU not found: check if there is a RefParameter without a condition.
2025-08-29 22:19:15,950 [INFO] Middleware:1452 - No code input for Bsp Dependency
2025-08-29 22:19:15,953 [INFO] CodeEngine:265 - oldGeneratedFile, /home/joakim-wennergren/Desktop/Smartwatch/Firmware/Bench/MXTmpFiles/rtos_obj_creat.tmp_save
2025-08-29 22:19:16,007 [INFO] CodeEngine:289 - Generated code: /home/joakim-wennergren/Desktop/Smartwatch/Firmware/Bench/MXTmpFiles/rtos_obj_creat.tmp
2025-08-29 22:19:16,008 [INFO] CodeEngine:265 - oldGeneratedFile, /home/joakim-wennergren/Desktop/Smartwatch/Firmware/Bench/MXTmpFiles/rtos_typedefs.tmp_save
2025-08-29 22:19:16,057 [INFO] CodeEngine:289 - Generated code: /home/joakim-wennergren/Desktop/Smartwatch/Firmware/Bench/MXTmpFiles/rtos_typedefs.tmp
2025-08-29 22:19:16,058 [INFO] CodeEngine:265 - oldGeneratedFile, /home/joakim-wennergren/Desktop/Smartwatch/Firmware/Bench/MXTmpFiles/rtos_vars.tmp_save
2025-08-29 22:19:16,108 [INFO] CodeEngine:289 - Generated code: /home/joakim-wennergren/Desktop/Smartwatch/Firmware/Bench/MXTmpFiles/rtos_vars.tmp
2025-08-29 22:19:16,110 [INFO] CodeEngine:265 - oldGeneratedFile, /home/joakim-wennergren/Desktop/Smartwatch/Firmware/Bench/MXTmpFiles/rtos_threads.tmp_save
2025-08-29 22:19:16,160 [INFO] CodeEngine:289 - Generated code: /home/joakim-wennergren/Desktop/Smartwatch/Firmware/Bench/MXTmpFiles/rtos_threads.tmp
2025-08-29 22:19:16,161 [INFO] CodeEngine:265 - oldGeneratedFile, /home/joakim-wennergren/Desktop/Smartwatch/Firmware/Bench/MXTmpFiles/rtos_inc.tmp_save
2025-08-29 22:19:16,208 [INFO] CodeEngine:289 - Generated code: /home/joakim-wennergren/Desktop/Smartwatch/Firmware/Bench/MXTmpFiles/rtos_inc.tmp
2025-08-29 22:19:16,210 [INFO] CodeEngine:265 - oldGeneratedFile, /home/joakim-wennergren/Desktop/Smartwatch/Firmware/Bench/MXTmpFiles/rtos_pfp.tmp_save
2025-08-29 22:19:16,255 [INFO] CodeEngine:289 - Generated code: /home/joakim-wennergren/Desktop/Smartwatch/Firmware/Bench/MXTmpFiles/rtos_pfp.tmp
2025-08-29 22:19:16,256 [INFO] CodeEngine:265 - oldGeneratedFile, /home/joakim-wennergren/Desktop/Smartwatch/Firmware/Bench/MXTmpFiles/rtos_kernelInit.tmp_save
2025-08-29 22:19:16,302 [INFO] CodeEngine:289 - Generated code: /home/joakim-wennergren/Desktop/Smartwatch/Firmware/Bench/MXTmpFiles/rtos_kernelInit.tmp
2025-08-29 22:19:16,304 [INFO] CodeEngine:265 - oldGeneratedFile, /home/joakim-wennergren/Desktop/Smartwatch/Firmware/Bench/MXTmpFiles/rtos_kernelStart.tmp_save
2025-08-29 22:19:16,350 [INFO] CodeEngine:289 - Generated code: /home/joakim-wennergren/Desktop/Smartwatch/Firmware/Bench/MXTmpFiles/rtos_kernelStart.tmp
2025-08-29 22:19:16,353 [INFO] Middleware:1452 - No code input for Bsp Dependency
2025-08-29 22:19:16,356 [INFO] CodeEngine:265 - oldGeneratedFile, /home/joakim-wennergren/Desktop/Smartwatch/Firmware/Bench/MXTmpFiles/rtos_obj_creat.tmp_save
2025-08-29 22:19:16,404 [INFO] CodeEngine:289 - Generated code: /home/joakim-wennergren/Desktop/Smartwatch/Firmware/Bench/MXTmpFiles/rtos_obj_creat.tmp
2025-08-29 22:19:16,406 [INFO] CodeEngine:265 - oldGeneratedFile, /home/joakim-wennergren/Desktop/Smartwatch/Firmware/Bench/MXTmpFiles/rtos_typedefs.tmp_save
2025-08-29 22:19:16,452 [INFO] CodeEngine:289 - Generated code: /home/joakim-wennergren/Desktop/Smartwatch/Firmware/Bench/MXTmpFiles/rtos_typedefs.tmp
2025-08-29 22:19:16,454 [INFO] CodeEngine:265 - oldGeneratedFile, /home/joakim-wennergren/Desktop/Smartwatch/Firmware/Bench/MXTmpFiles/rtos_vars.tmp_save
2025-08-29 22:19:16,498 [INFO] CodeEngine:289 - Generated code: /home/joakim-wennergren/Desktop/Smartwatch/Firmware/Bench/MXTmpFiles/rtos_vars.tmp
2025-08-29 22:19:16,503 [INFO] CodeEngine:265 - oldGeneratedFile, /home/joakim-wennergren/Desktop/Smartwatch/Firmware/Bench/MXTmpFiles/rtos_threads.tmp_save
2025-08-29 22:19:16,546 [INFO] CodeEngine:289 - Generated code: /home/joakim-wennergren/Desktop/Smartwatch/Firmware/Bench/MXTmpFiles/rtos_threads.tmp
2025-08-29 22:19:16,547 [INFO] CodeEngine:265 - oldGeneratedFile, /home/joakim-wennergren/Desktop/Smartwatch/Firmware/Bench/MXTmpFiles/rtos_inc.tmp_save
2025-08-29 22:19:16,591 [INFO] CodeEngine:289 - Generated code: /home/joakim-wennergren/Desktop/Smartwatch/Firmware/Bench/MXTmpFiles/rtos_inc.tmp
2025-08-29 22:19:16,592 [INFO] CodeEngine:265 - oldGeneratedFile, /home/joakim-wennergren/Desktop/Smartwatch/Firmware/Bench/MXTmpFiles/rtos_pfp.tmp_save
2025-08-29 22:19:16,637 [INFO] CodeEngine:289 - Generated code: /home/joakim-wennergren/Desktop/Smartwatch/Firmware/Bench/MXTmpFiles/rtos_pfp.tmp
2025-08-29 22:19:16,639 [INFO] CodeEngine:265 - oldGeneratedFile, /home/joakim-wennergren/Desktop/Smartwatch/Firmware/Bench/MXTmpFiles/rtos_kernelInit.tmp_save
2025-08-29 22:19:16,682 [INFO] CodeEngine:289 - Generated code: /home/joakim-wennergren/Desktop/Smartwatch/Firmware/Bench/MXTmpFiles/rtos_kernelInit.tmp
2025-08-29 22:19:16,684 [INFO] CodeEngine:265 - oldGeneratedFile, /home/joakim-wennergren/Desktop/Smartwatch/Firmware/Bench/MXTmpFiles/rtos_kernelStart.tmp_save
2025-08-29 22:19:16,753 [INFO] CodeEngine:289 - Generated code: /home/joakim-wennergren/Desktop/Smartwatch/Firmware/Bench/MXTmpFiles/rtos_kernelStart.tmp
2025-08-29 22:19:16,754 [INFO] CodeEngine:265 - oldGeneratedFile, /home/joakim-wennergren/Desktop/Smartwatch/Firmware/Bench/Core/Inc/FreeRTOSConfig.h_save
2025-08-29 22:19:16,815 [INFO] CodeEngine:289 - Generated code: /home/joakim-wennergren/Desktop/Smartwatch/Firmware/Bench/Core/Inc/FreeRTOSConfig.h
2025-08-29 22:19:16,816 [INFO] CodeEngine:265 - oldGeneratedFile, /home/joakim-wennergren/Desktop/Smartwatch/Firmware/Bench/Core/Src/app_freertos.c_save
2025-08-29 22:19:16,865 [INFO] CodeEngine:289 - Generated code: /home/joakim-wennergren/Desktop/Smartwatch/Firmware/Bench/Core/Src/app_freertos.c
2025-08-29 22:19:16,866 [INFO] CodeEngine:265 - oldGeneratedFile, /home/joakim-wennergren/Desktop/Smartwatch/Firmware/Bench/Core/Inc/app_freertos.h_save
2025-08-29 22:19:16,913 [INFO] CodeEngine:289 - Generated code: /home/joakim-wennergren/Desktop/Smartwatch/Firmware/Bench/Core/Inc/app_freertos.h
2025-08-29 22:19:16,916 [INFO] CodeEngine:265 - oldGeneratedFile, /home/joakim-wennergren/Desktop/Smartwatch/Firmware/Bench/MXTmpFiles/cortex.tmp_save
2025-08-29 22:19:16,970 [INFO] CodeEngine:289 - Generated code: /home/joakim-wennergren/Desktop/Smartwatch/Firmware/Bench/MXTmpFiles/cortex.tmp
2025-08-29 22:19:17,011 [INFO] CodeEngine:265 - oldGeneratedFile, /home/joakim-wennergren/Desktop/Smartwatch/Firmware/Bench/Core/Src/stm32u5xx_it.c_save
2025-08-29 22:19:17,127 [INFO] CodeEngine:289 - Generated code: /home/joakim-wennergren/Desktop/Smartwatch/Firmware/Bench/Core/Src/stm32u5xx_it.c
2025-08-29 22:19:17,128 [INFO] CodeEngine:265 - oldGeneratedFile, /home/joakim-wennergren/Desktop/Smartwatch/Firmware/Bench/Core/Inc/stm32u5xx_it.h_save
2025-08-29 22:19:17,174 [INFO] CodeEngine:289 - Generated code: /home/joakim-wennergren/Desktop/Smartwatch/Firmware/Bench/Core/Inc/stm32u5xx_it.h
2025-08-29 22:19:17,247 [INFO] CodeEngine:265 - oldGeneratedFile, /home/joakim-wennergren/Desktop/Smartwatch/Firmware/Bench/Core/Src/stm32u5xx_hal_msp.c_save
2025-08-29 22:19:17,344 [INFO] CodeEngine:289 - Generated code: /home/joakim-wennergren/Desktop/Smartwatch/Firmware/Bench/Core/Src/stm32u5xx_hal_msp.c
2025-08-29 22:19:17,345 [INFO] CodeEngine:265 - oldGeneratedFile, /home/joakim-wennergren/Desktop/Smartwatch/Firmware/Bench/MXTmpFiles/system.tmp_save
2025-08-29 22:19:17,388 [INFO] CodeEngine:289 - Generated code: /home/joakim-wennergren/Desktop/Smartwatch/Firmware/Bench/MXTmpFiles/system.tmp
2025-08-29 22:19:17,389 [INFO] CodeEngine:265 - oldGeneratedFile, /home/joakim-wennergren/Desktop/Smartwatch/Firmware/Bench/Core/Src/stm32u5xx_hal_timebase_tim.c_save
2025-08-29 22:19:17,439 [INFO] CodeEngine:289 - Generated code: /home/joakim-wennergren/Desktop/Smartwatch/Firmware/Bench/Core/Src/stm32u5xx_hal_timebase_tim.c
2025-08-29 22:19:17,443 [INFO] CodeEngine:321 - oldGeneratedFile, /home/joakim-wennergren/Desktop/Smartwatch/Firmware/Bench/Core/Inc/stm32u5xx_hal_conf.h_save
2025-08-29 22:19:17,493 [INFO] CodeEngine:345 - Generated code: /home/joakim-wennergren/Desktop/Smartwatch/Firmware/Bench/Core/Inc/stm32u5xx_hal_conf.h
2025-08-29 22:19:17,537 [INFO] ApiDbMcu:532 - Load IP Config File for GPDMA1
2025-08-29 22:19:17,540 [INFO] ApiDbMcu:532 - Load IP Config File for I2C1
2025-08-29 22:19:17,541 [INFO] ApiDbMcu:532 - Load IP Config File for ICACHE
2025-08-29 22:19:17,542 [INFO] ApiDbMcu:532 - Load IP Config File for OCTOSPI1
2025-08-29 22:19:17,552 [INFO] ApiDbMcu:532 - Load IP Config File for RTC
2025-08-29 22:19:17,563 [INFO] ApiDbMcu:532 - Load IP Config File for TIM16
2025-08-29 22:19:17,571 [INFO] ApiDbMcu:532 - Load IP Config File for UART4
2025-08-29 22:19:17,574 [INFO] ApiDbMcu:532 - Load IP Config File for RCC
2025-08-29 22:19:17,578 [WARN] IPConfigManager:3811 - IP not found : TIM
2025-08-29 22:19:17,578 [WARN] CodeGenerator:4259 - IP not found : null
2025-08-29 22:19:17,581 [INFO] CodeEngine:265 - oldGeneratedFile, /home/joakim-wennergren/Desktop/Smartwatch/Firmware/Bench/Core/Inc/main.h_save
2025-08-29 22:19:17,648 [INFO] CodeEngine:289 - Generated code: /home/joakim-wennergren/Desktop/Smartwatch/Firmware/Bench/Core/Inc/main.h
2025-08-29 22:19:17,649 [INFO] CodeEngine:265 - oldGeneratedFile, /home/joakim-wennergren/Desktop/Smartwatch/Firmware/Bench/Core/Src/main.c_save
2025-08-29 22:19:17,777 [INFO] CodeEngine:289 - Generated code: /home/joakim-wennergren/Desktop/Smartwatch/Firmware/Bench/Core/Src/main.c
2025-08-29 22:19:17,989 [INFO] ProjectBuilder:3606 - Time for Copy HAL[1] : 47mS.
2025-08-29 22:19:17,990 [ERROR] Middleware:2950 - Invalid RefComponent list
2025-08-29 22:19:17,990 [ERROR] Middleware:2950 - Invalid RefComponent list
2025-08-29 22:19:17,990 [ERROR] Middleware:2950 - Invalid RefComponent list
2025-08-29 22:19:17,990 [ERROR] Middleware:2950 - Invalid RefComponent list
2025-08-29 22:19:17,990 [ERROR] Middleware:2950 - Invalid RefComponent list
2025-08-29 22:19:17,990 [ERROR] Middleware:2950 - Invalid RefComponent list
2025-08-29 22:19:17,990 [ERROR] Middleware:2950 - Invalid RefComponent list
2025-08-29 22:19:17,990 [ERROR] Middleware:2950 - Invalid RefComponent list
2025-08-29 22:19:17,990 [ERROR] Middleware:2950 - Invalid RefComponent list
2025-08-29 22:19:17,990 [ERROR] Middleware:2950 - Invalid RefComponent list
2025-08-29 22:19:17,990 [ERROR] Middleware:2950 - Invalid RefComponent list
2025-08-29 22:19:17,990 [ERROR] Middleware:2950 - Invalid RefComponent list
2025-08-29 22:19:17,990 [ERROR] Middleware:2950 - Invalid RefComponent list
2025-08-29 22:19:17,990 [ERROR] Middleware:2950 - Invalid RefComponent list
2025-08-29 22:19:17,990 [ERROR] Middleware:2950 - Invalid RefComponent list
2025-08-29 22:19:17,990 [ERROR] Middleware:2950 - Invalid RefComponent list
2025-08-29 22:19:17,990 [ERROR] Middleware:2950 - Invalid RefComponent list
2025-08-29 22:19:17,990 [ERROR] Middleware:2950 - Invalid RefComponent list
2025-08-29 22:19:17,990 [ERROR] Middleware:2950 - Invalid RefComponent list
2025-08-29 22:19:17,991 [ERROR] Middleware:2950 - Invalid RefComponent list
2025-08-29 22:19:17,991 [ERROR] Middleware:2950 - Invalid RefComponent list
2025-08-29 22:19:17,991 [ERROR] Middleware:2950 - Invalid RefComponent list
2025-08-29 22:19:17,991 [ERROR] Middleware:2950 - Invalid RefComponent list
2025-08-29 22:19:17,991 [ERROR] Middleware:2950 - Invalid RefComponent list
2025-08-29 22:19:17,991 [ERROR] Middleware:2950 - Invalid RefComponent list
2025-08-29 22:19:17,991 [ERROR] Middleware:2950 - Invalid RefComponent list
2025-08-29 22:19:17,991 [ERROR] Middleware:2950 - Invalid RefComponent list
2025-08-29 22:19:17,991 [ERROR] Middleware:2950 - Invalid RefComponent list
2025-08-29 22:19:17,991 [ERROR] Middleware:2950 - Invalid RefComponent list
2025-08-29 22:19:17,991 [ERROR] Middleware:2950 - Invalid RefComponent list
2025-08-29 22:19:17,991 [ERROR] Middleware:2950 - Invalid RefComponent list
2025-08-29 22:19:17,991 [ERROR] Middleware:2950 - Invalid RefComponent list
2025-08-29 22:19:17,991 [ERROR] Middleware:2950 - Invalid RefComponent list
2025-08-29 22:19:17,991 [ERROR] Middleware:2950 - Invalid RefComponent list
2025-08-29 22:19:17,991 [ERROR] Middleware:2950 - Invalid RefComponent list
2025-08-29 22:19:17,991 [ERROR] Middleware:2950 - Invalid RefComponent list
2025-08-29 22:19:17,991 [ERROR] Middleware:2950 - Invalid RefComponent list
2025-08-29 22:19:17,991 [ERROR] Middleware:2950 - Invalid RefComponent list
2025-08-29 22:19:17,991 [ERROR] Middleware:2950 - Invalid RefComponent list
2025-08-29 22:19:17,991 [ERROR] Middleware:2950 - Invalid RefComponent list
2025-08-29 22:19:17,991 [ERROR] Middleware:2950 - Invalid RefComponent list
2025-08-29 22:19:17,991 [ERROR] Middleware:2950 - Invalid RefComponent list
2025-08-29 22:19:17,991 [ERROR] Middleware:2950 - Invalid RefComponent list
2025-08-29 22:19:17,991 [ERROR] Middleware:2950 - Invalid RefComponent list
2025-08-29 22:19:17,991 [ERROR] Middleware:2950 - Invalid RefComponent list
2025-08-29 22:19:17,991 [ERROR] Middleware:2950 - Invalid RefComponent list
2025-08-29 22:19:17,991 [ERROR] Middleware:2950 - Invalid RefComponent list
2025-08-29 22:19:17,991 [ERROR] Middleware:2950 - Invalid RefComponent list
2025-08-29 22:19:17,991 [ERROR] Middleware:2950 - Invalid RefComponent list
2025-08-29 22:19:17,991 [ERROR] Middleware:2950 - Invalid RefComponent list
2025-08-29 22:19:17,991 [ERROR] Middleware:2950 - Invalid RefComponent list
2025-08-29 22:19:17,991 [ERROR] Middleware:2950 - Invalid RefComponent list
2025-08-29 22:19:17,991 [ERROR] Middleware:2950 - Invalid RefComponent list
2025-08-29 22:19:17,991 [ERROR] Middleware:2950 - Invalid RefComponent list
2025-08-29 22:19:17,991 [ERROR] Middleware:2950 - Invalid RefComponent list
2025-08-29 22:19:17,991 [ERROR] Middleware:2950 - Invalid RefComponent list
2025-08-29 22:19:17,991 [ERROR] Middleware:2950 - Invalid RefComponent list
2025-08-29 22:19:17,991 [ERROR] Middleware:2950 - Invalid RefComponent list
2025-08-29 22:19:17,991 [ERROR] Middleware:2950 - Invalid RefComponent list
2025-08-29 22:19:17,991 [ERROR] Middleware:2950 - Invalid RefComponent list
2025-08-29 22:19:17,991 [ERROR] Middleware:2950 - Invalid RefComponent list
2025-08-29 22:19:17,991 [ERROR] Middleware:2950 - Invalid RefComponent list
2025-08-29 22:19:17,991 [ERROR] Middleware:2950 - Invalid RefComponent list
2025-08-29 22:19:17,991 [ERROR] Middleware:2950 - Invalid RefComponent list
2025-08-29 22:19:17,991 [ERROR] Middleware:2950 - Invalid RefComponent list
2025-08-29 22:19:17,992 [ERROR] Middleware:2950 - Invalid RefComponent list
2025-08-29 22:19:17,992 [ERROR] Middleware:2950 - Invalid RefComponent list
2025-08-29 22:19:17,992 [ERROR] Middleware:2950 - Invalid RefComponent list
2025-08-29 22:19:17,992 [ERROR] Middleware:2950 - Invalid RefComponent list
2025-08-29 22:19:17,992 [ERROR] Middleware:2950 - Invalid RefComponent list
2025-08-29 22:19:17,992 [ERROR] Middleware:2950 - Invalid RefComponent list
2025-08-29 22:19:17,992 [ERROR] Middleware:2950 - Invalid RefComponent list
2025-08-29 22:19:17,992 [ERROR] Middleware:2950 - Invalid RefComponent list
2025-08-29 22:19:17,992 [ERROR] Middleware:2950 - Invalid RefComponent list
2025-08-29 22:19:17,992 [ERROR] Middleware:2950 - Invalid RefComponent list
2025-08-29 22:19:17,992 [ERROR] Middleware:2950 - Invalid RefComponent list
2025-08-29 22:19:17,992 [ERROR] Middleware:2950 - Invalid RefComponent list
2025-08-29 22:19:17,992 [ERROR] Middleware:2950 - Invalid RefComponent list
2025-08-29 22:19:17,992 [ERROR] Middleware:2950 - Invalid RefComponent list
2025-08-29 22:19:17,992 [ERROR] Middleware:2950 - Invalid RefComponent list
2025-08-29 22:19:17,992 [ERROR] Middleware:2950 - Invalid RefComponent list
2025-08-29 22:19:17,992 [ERROR] Middleware:2950 - Invalid RefComponent list
2025-08-29 22:19:17,992 [ERROR] Middleware:2950 - Invalid RefComponent list
2025-08-29 22:19:17,992 [ERROR] Middleware:2950 - Invalid RefComponent list
2025-08-29 22:19:17,992 [ERROR] Middleware:2950 - Invalid RefComponent list
2025-08-29 22:19:17,992 [ERROR] Middleware:2950 - Invalid RefComponent list
2025-08-29 22:19:17,992 [ERROR] Middleware:2950 - Invalid RefComponent list
2025-08-29 22:19:17,992 [ERROR] Middleware:2950 - Invalid RefComponent list
2025-08-29 22:19:17,992 [ERROR] Middleware:2950 - Invalid RefComponent list
2025-08-29 22:19:17,992 [ERROR] Middleware:2950 - Invalid RefComponent list
2025-08-29 22:19:17,992 [ERROR] Middleware:2950 - Invalid RefComponent list
2025-08-29 22:19:17,992 [ERROR] Middleware:2950 - Invalid RefComponent list
2025-08-29 22:19:17,992 [ERROR] Middleware:2950 - Invalid RefComponent list
2025-08-29 22:19:17,992 [ERROR] Middleware:2950 - Invalid RefComponent list
2025-08-29 22:19:17,992 [ERROR] Middleware:2950 - Invalid RefComponent list
2025-08-29 22:19:17,992 [ERROR] Middleware:2950 - Invalid RefComponent list
2025-08-29 22:19:17,992 [ERROR] Middleware:2950 - Invalid RefComponent list
2025-08-29 22:19:17,992 [ERROR] Middleware:2950 - Invalid RefComponent list
2025-08-29 22:19:17,992 [ERROR] Middleware:2950 - Invalid RefComponent list
2025-08-29 22:19:17,992 [ERROR] Middleware:2950 - Invalid RefComponent list
2025-08-29 22:19:17,992 [ERROR] Middleware:2950 - Invalid RefComponent list
2025-08-29 22:19:17,992 [ERROR] Middleware:2950 - Invalid RefComponent list
2025-08-29 22:19:17,992 [ERROR] Middleware:2950 - Invalid RefComponent list
2025-08-29 22:19:17,992 [ERROR] Middleware:2950 - Invalid RefComponent list
2025-08-29 22:19:17,992 [ERROR] Middleware:2950 - Invalid RefComponent list
2025-08-29 22:19:17,992 [ERROR] Middleware:2950 - Invalid RefComponent list
2025-08-29 22:19:17,992 [ERROR] Middleware:2950 - Invalid RefComponent list
2025-08-29 22:19:17,992 [ERROR] Middleware:2950 - Invalid RefComponent list
2025-08-29 22:19:17,993 [ERROR] Middleware:2950 - Invalid RefComponent list
2025-08-29 22:19:17,993 [ERROR] Middleware:2950 - Invalid RefComponent list
2025-08-29 22:19:17,993 [ERROR] Middleware:2950 - Invalid RefComponent list
2025-08-29 22:19:17,993 [ERROR] Middleware:2950 - Invalid RefComponent list
2025-08-29 22:19:17,993 [ERROR] Middleware:2950 - Invalid RefComponent list
2025-08-29 22:19:17,993 [ERROR] Middleware:2950 - Invalid RefComponent list
2025-08-29 22:19:17,993 [ERROR] Middleware:2950 - Invalid RefComponent list
2025-08-29 22:19:17,993 [ERROR] Middleware:2950 - Invalid RefComponent list
2025-08-29 22:19:17,993 [ERROR] Middleware:2950 - Invalid RefComponent list
2025-08-29 22:19:17,993 [ERROR] Middleware:2950 - Invalid RefComponent list
2025-08-29 22:19:17,993 [ERROR] Middleware:2950 - Invalid RefComponent list
2025-08-29 22:19:17,993 [ERROR] Middleware:2950 - Invalid RefComponent list
2025-08-29 22:19:17,993 [ERROR] Middleware:2950 - Invalid RefComponent list
2025-08-29 22:19:17,993 [ERROR] Middleware:2950 - Invalid RefComponent list
2025-08-29 22:19:17,993 [ERROR] Middleware:2950 - Invalid RefComponent list
2025-08-29 22:19:17,993 [ERROR] Middleware:2950 - Invalid RefComponent list
2025-08-29 22:19:17,993 [ERROR] Middleware:2950 - Invalid RefComponent list
2025-08-29 22:19:17,993 [ERROR] Middleware:2950 - Invalid RefComponent list
2025-08-29 22:19:17,993 [ERROR] Middleware:2950 - Invalid RefComponent list
2025-08-29 22:19:17,993 [ERROR] Middleware:2950 - Invalid RefComponent list
2025-08-29 22:19:17,993 [ERROR] Middleware:2950 - Invalid RefComponent list
2025-08-29 22:19:17,993 [ERROR] Middleware:2950 - Invalid RefComponent list
2025-08-29 22:19:17,993 [ERROR] Middleware:2950 - Invalid RefComponent list
2025-08-29 22:19:17,993 [ERROR] Middleware:2950 - Invalid RefComponent list
2025-08-29 22:19:17,993 [ERROR] Middleware:2950 - Invalid RefComponent list
2025-08-29 22:19:17,993 [ERROR] Middleware:2950 - Invalid RefComponent list
2025-08-29 22:19:17,993 [ERROR] Middleware:2950 - Invalid RefComponent list
2025-08-29 22:19:17,993 [ERROR] Middleware:2950 - Invalid RefComponent list
2025-08-29 22:19:17,993 [ERROR] Middleware:2950 - Invalid RefComponent list
2025-08-29 22:19:17,993 [ERROR] Middleware:2950 - Invalid RefComponent list
2025-08-29 22:19:17,993 [ERROR] Middleware:2950 - Invalid RefComponent list
2025-08-29 22:19:17,993 [ERROR] Middleware:2950 - Invalid RefComponent list
2025-08-29 22:19:17,993 [ERROR] Middleware:2950 - Invalid RefComponent list
2025-08-29 22:19:17,993 [ERROR] Middleware:2950 - Invalid RefComponent list
2025-08-29 22:19:17,993 [ERROR] Middleware:2950 - Invalid RefComponent list
2025-08-29 22:19:17,994 [ERROR] Middleware:2950 - Invalid RefComponent list
2025-08-29 22:19:17,994 [ERROR] Middleware:2950 - Invalid RefComponent list
2025-08-29 22:19:17,994 [ERROR] Middleware:2950 - Invalid RefComponent list
2025-08-29 22:19:17,994 [ERROR] Middleware:2950 - Invalid RefComponent list
2025-08-29 22:19:17,994 [ERROR] Middleware:2950 - Invalid RefComponent list
2025-08-29 22:19:17,994 [ERROR] Middleware:2950 - Invalid RefComponent list
2025-08-29 22:19:17,994 [ERROR] Middleware:2950 - Invalid RefComponent list
2025-08-29 22:19:17,994 [ERROR] Middleware:2950 - Invalid RefComponent list
2025-08-29 22:19:17,994 [ERROR] Middleware:2950 - Invalid RefComponent list
2025-08-29 22:19:17,994 [ERROR] Middleware:2950 - Invalid RefComponent list
2025-08-29 22:19:17,994 [ERROR] Middleware:2950 - Invalid RefComponent list
2025-08-29 22:19:17,994 [ERROR] Middleware:2950 - Invalid RefComponent list
2025-08-29 22:19:17,994 [ERROR] Middleware:2950 - Invalid RefComponent list
2025-08-29 22:19:17,994 [ERROR] Middleware:2950 - Invalid RefComponent list
2025-08-29 22:19:17,994 [ERROR] Middleware:2950 - Invalid RefComponent list
2025-08-29 22:19:17,994 [ERROR] Middleware:2950 - Invalid RefComponent list
2025-08-29 22:19:17,994 [ERROR] Middleware:2950 - Invalid RefComponent list
2025-08-29 22:19:17,994 [ERROR] Middleware:2950 - Invalid RefComponent list
2025-08-29 22:19:17,994 [ERROR] Middleware:2950 - Invalid RefComponent list
2025-08-29 22:19:17,994 [ERROR] Middleware:2950 - Invalid RefComponent list
2025-08-29 22:19:17,994 [ERROR] Middleware:2950 - Invalid RefComponent list
2025-08-29 22:19:17,994 [WARN] ThirdPartyIpManager:480 - Condition 'CM33 IAR Condition' not fulfilled in pack 'STMicroelectronics.X-CUBE-FREERTOS.1.3.1'
2025-08-29 22:19:17,994 [WARN] ThirdPartyIpManager:480 - Condition 'CM33 IAR Condition' not fulfilled in pack 'STMicroelectronics.X-CUBE-FREERTOS.1.3.1'
2025-08-29 22:19:17,994 [WARN] ThirdPartyIpManager:480 - Condition 'CM33 IAR Condition' not fulfilled in pack 'STMicroelectronics.X-CUBE-FREERTOS.1.3.1'
2025-08-29 22:19:17,995 [WARN] ThirdPartyIpManager:480 - Condition 'CM0 IAR Condition' not fulfilled in pack 'STMicroelectronics.X-CUBE-FREERTOS.1.3.1'
2025-08-29 22:19:17,995 [WARN] ThirdPartyIpManager:480 - Condition 'CM0 IAR Condition' not fulfilled in pack 'STMicroelectronics.X-CUBE-FREERTOS.1.3.1'
2025-08-29 22:19:17,995 [WARN] ThirdPartyIpManager:480 - Condition 'CM0 IAR Condition' not fulfilled in pack 'STMicroelectronics.X-CUBE-FREERTOS.1.3.1'
2025-08-29 22:19:17,995 [WARN] ThirdPartyIpManager:480 - Condition 'CM0 GNU ARMC6 Condition' not fulfilled in pack 'STMicroelectronics.X-CUBE-FREERTOS.1.3.1'
2025-08-29 22:19:17,995 [WARN] ThirdPartyIpManager:480 - Condition 'CM0 GNU ARMC6 Condition' not fulfilled in pack 'STMicroelectronics.X-CUBE-FREERTOS.1.3.1'
2025-08-29 22:19:18,009 [INFO] ProjectBuilder:9437 - Time for Copy ThirdParty[1] : 13mS.
2025-08-29 22:19:18,011 [INFO] ProjectBuilder:5216 - Project Generator version: 4.7.0-B52
2025-08-29 22:19:18,077 [INFO] ConfigFileManager:1595 - The Die is : DIE482
2025-08-29 22:19:18,080 [INFO] ApiDbMcu:532 - Load IP Config File for FILEX
2025-08-29 22:19:18,081 [INFO] ApiDbMcu:532 - Load IP Config File for LEVELX
2025-08-29 22:19:18,087 [INFO] ApiDbMcu:532 - Load IP Config File for NETXDUO
2025-08-29 22:19:18,089 [INFO] ApiDbMcu:532 - Load IP Config File for THREADX
2025-08-29 22:19:18,097 [INFO] ApiDbMcu:532 - Load IP Config File for TOUCHSENSING
2025-08-29 22:19:18,100 [INFO] ApiDbMcu:532 - Load IP Config File for USBPD
2025-08-29 22:19:18,105 [INFO] ApiDbMcu:532 - Load IP Config File for USBX
2025-08-29 22:19:18,930 [INFO] ProjectBuilder:5496 - Time for Generating toolchain IDE Files: 918mS.
2025-08-29 22:19:18,930 [INFO] ProjectBuilder:3463 - Time for Copy CMSIS : 0mS.
2025-08-29 22:19:18,931 [INFO] ProjectBuilder:3463 - Time for Copy CMSIS : 0mS.
2025-08-29 23:01:36,578 [INFO] WebApp:194 - Connection lost
2025-08-29 23:01:40,691 [ERROR] ConfigurationRetriever:142 - IOException on connection: sw-center.st.com
2025-08-29 23:01:40,691 [ERROR] ConfigurationRetriever:142 - IOException on connection: sw-center.st.com
2025-08-29 23:01:40,692 [ERROR] ConfigurationRetriever:142 - IOException on connection: sw-center.st.com
2025-08-29 23:01:40,894 [ERROR] ConfigurationRetriever:142 - IOException on connection: sw-center.st.com
2025-08-29 23:01:40,894 [ERROR] ConfigurationRetriever:142 - IOException on connection: sw-center.st.com
2025-08-29 23:01:40,895 [ERROR] ConfigurationRetriever:142 - IOException on connection: sw-center.st.com
2025-08-29 23:02:27,134 [ERROR] ConfigurationRetriever:142 - IOException on connection: sw-center.st.com
2025-08-29 23:02:27,214 [ERROR] ConfigurationRetriever:142 - IOException on connection: sw-center.st.com
2025-08-29 23:02:27,214 [ERROR] ConfigurationRetriever:142 - IOException on connection: sw-center.st.com
2025-08-29 23:03:11,815 [ERROR] ConfigurationRetriever:142 - IOException on connection: sw-center.st.com
2025-08-29 23:03:11,815 [ERROR] ConfigurationRetriever:142 - IOException on connection: sw-center.st.com
2025-08-29 23:03:11,816 [ERROR] ConfigurationRetriever:142 - IOException on connection: sw-center.st.com
2025-08-29 23:03:12,022 [ERROR] ConfigurationRetriever:142 - IOException on connection: sw-center.st.com
2025-08-29 23:03:12,023 [ERROR] ConfigurationRetriever:142 - IOException on connection: sw-center.st.com
2025-08-29 23:03:12,023 [ERROR] ConfigurationRetriever:142 - IOException on connection: sw-center.st.com
2025-08-29 23:03:52,045 [ERROR] ConfigurationRetriever:142 - IOException on connection: sw-center.st.com
2025-08-29 23:03:52,045 [ERROR] ConfigurationRetriever:142 - IOException on connection: sw-center.st.com
2025-08-29 23:03:52,046 [ERROR] ConfigurationRetriever:142 - IOException on connection: sw-center.st.com
2025-08-29 23:03:52,264 [ERROR] ConfigurationRetriever:142 - IOException on connection: sw-center.st.com
2025-08-29 23:03:52,264 [ERROR] ConfigurationRetriever:142 - IOException on connection: sw-center.st.com
2025-08-29 23:03:52,264 [ERROR] ConfigurationRetriever:142 - IOException on connection: sw-center.st.com
2025-08-29 23:10:17,147 [INFO] WebApp:191 - Connection restablished
2025-08-29 23:10:21,475 [INFO] WebApp:194 - Connection lost
2025-08-29 23:10:21,599 [INFO] WebApp:191 - Connection restablished
2025-08-29 23:43:06,265 [INFO] WebApp:194 - Connection lost
2025-08-29 23:43:51,377 [INFO] WebApp:191 - Connection restablished
