:0200000407FCF7
:1000000030E5FC072505FC072D05FC074505FC0729
:1000100000000000000000000000000000000000E0
:100020000000000000000000000000005D05FC076B
:1000300000000000000000005F05FC076105FC07F0
:10004000C525FC07F576FC071D27F0074928FC07A6
:10005000FD27FC076305FC07B925FC076305FC07C2
:100060006305FC076305FC078926FC079326FC074C
:100070009D26FC07A726FC07B126FC076305FC07A5
:100080006928FC076305FC076305FC076305FC079B
:100090006305FC076305FC076305FC076305FC07B4
:0200000407FCF7
:100510000348854601F0EEFD004800476560FC0792
:1005200030E5FC070F4880470F480047042071461C
:10053000084203D0EFF309800C490847EFF3088025
:100540000A49084704207146084203D0EFF30980A6
:1005500007490847EFF3088005490847FEE7FEE72B
:10056000FEE7FEE721CBFC071105FC070D28FC0781
:10057000E527FC0770B50E4604460022032151F71B
:10058000EAF9054652F7B6FB6880284651F7F4F9B8
:1005900052F7B0FB7188884200D3084601462046D6
:1005A00051F7D1FA002070BD0246FF4B92009A58D5
:1005B0000120126900290ED0517F5E239B5C002B25
:1005C0000BD0052906D1517E090702D5917C090778
:1005D00000D400207047917DEFE70229F9D004296B
:1005E000F7D00529F6D10020EDE7024630B593009B
:1005F000ED4A0120D2581269137DD47E157F234025
:10060000547D2C40012901D0022909D1957C527ECC
:1006100015402A0704D41A462243D20700D10020ED
:10062000032901D0042904D1590702D4610700D459
:10063000002030BDF8B514460D4610465BF76DFC42
:10064000240A002830D0D949A2008B5801271E8BDC
:10065000BF023E431E83132826D0142824D0152819
:1006600011D088582D210A5C0123D10600290CDA0B
:100670000146A0318E7D002E07D08B753D2120468E
:1006800045F7B8FE10E00220F8BD110703D50021A0
:10069000A0308175F7E7A0308375204643F7A4FBAF
:1006A0002946204643F7E3FB0020F8BDFFB581B0A3
:1006B0001546170A10465BF730FC002838D013287F
:1006C00036D0142834D0290A8C00B84E152815D0FD
:1006D000FF20294603305BF707FD30592D21095CC7
:1006E000C90603D5A030C07D00280ED03D026D1C88
:1006F000A8B25BF712FC19280CD00FE03059012189
:10070000A030C175022005B0F0BD3D21384645F747
:1007100071FE0DE0A8B201215BF7CDFB305901223B
:10072000018B5202914301833846029943F79FFBA4
:100730000020E8E7F0B59D498700C95900268031BF
:100740004A8C8B8C1B2A00D21B228C8B944200D2A9
:1007500022468A849A4200D001260B8CCD8C1B2B1A
:1007600000D21B23CC8B9C4200D22346CB84AB42CD
:1007700000D001260B8ECD8D9C46FF2349339D4230
:1007800001D21C4600E02C460D8DA54200D3254623
:100790000D86654500D001264C8EA4468C8D9C426A
:1007A00000D21C464B8DA34200D21C464C866445A9
:1007B00000D00126EB080B3B9BB29A4200D21346B5
:1007C0008B86522379495843794BCA591C68803229
:1007D0000419D28C8034E285C9591A688031801896
:1007E000498E803001863046F0BD10B50446714810
:1007F000008D8007800F012800D000206071002844
:1008000007D057F7F3FE01460622A01D5DF74EFC08
:1008100010BD06226849A01DF8E770B50546002402
:1008200042F7A9F82855641C082CF9DB70BDF8B50F
:10083000022707700126044646700D4688795F49F5
:10084000C96988472A210855287900210007000F27
:10085000A07003005DF77EFC07050709100D100B63
:100860001000A1700AE0A67026E0032002E0A77045
:1008700004E00420A07001E001281DD0A888000A2F
:10088000801FC0B2A0721F2800D9A172284642F76B
:1008900027F9811D2046A27A0B305DF707FC284618
:1008A00042F71EF901460622201D5DF7FFFB28795D
:1008B0004006C00FE070F8BDA172F0E7F7B54468DC
:1008C0008CB02546243503950546074624354CF75C
:1008D0001BFA06464420405B5221484334490968CC
:1008E0004018C0304089694608840121384647F7DE
:1008F0004AF94CF77EF809900E9800698088000A42
:10090000C1002F480818298940182D495B315DF72F
:1009100053FB01466868039D4718403528890690B7
:100920000090A0680099381A400140095DF744FB27
:100930000A910098C019401A400140096946A06018
:10094000098C4900C919891C49014909884204D206
:100950000699401840014009A06001460998081A0C
:10096000400118494009884215D900202B89A26806
:10097000401CD21852015209A260EA89521CEA8135
:10098000A368099A9A1A520152098A42EED801B212
:100990000D9847F799F9A1680998081A4201607DF6
:1009A0005209824221D80FE02C7EFD071879FD07FD
:1009B0004C76FD074C7EFD07CF79FD07B47FFD0720
:1009C00016020000FFFFFF032A898918490149091F
:1009D000A1602A890A99511A814206D901210D98EC
:1009E00047F772F9E889401CE8812989A0685DF71A
:1009F000E3FAF1802889B080208A3081A88870814C
:100A00000020B081C807C00FB073A88852214843A6
:100A10008E30308230464CF782F903984663204688
:100A20000FB0F0BDFFB5002093B006460124FE498B
:100A300049680A7821460C2A0CD06A4611730022B4
:100A40001192002E09D015990291169D1F2D54D98F
:100A5000402052E000242246119413990291149DE3
:100A6000F4E7029989184978012905D0172903D09C
:100A7000182901D0192912D1631E04E003AFFF5CCD
:100A80008F4204D05B1E5BB2002BF7DA03E0002B31
:100A900001DB4A2003E003AB1955641CE4B20B00F0
:100AA0005DF758FB1D2610101010101010101026A6
:100AB000262626262626262626262626101010102E
:100AC00010102600119B03E00BAFFF5C8F4204D097
:100AD0005B1E5BB2002BF7DA03E0002B01DB4A2040
:100AE00006E0119F0BABD9551199491CC9B2119160
:100AF0000299895C521C89188AB2AA4201D2002844
:100B0000AFD0AA4200D04A20761CF6B2022E01D203
:100B1000002894D017B0F0BD10B50022134607E0AE
:100B200084186478012C07D0845C521CA21892B2FD
:100B30008A42F5D3184610BD80188378FAE7F0B5DD
:100B40000646A9B01546002084006318DA789F781D
:100B500012025B783A4352BA1B041A430B5D072416
:100B60001B061A43231A9F0020AB401CDA510828A9
:100B7000EAD300218A0090190746C37880781B02C7
:100B8000034378785BBA00040343B05C10AA000604
:100B90000343601A800013503846223043780078AF
:100BA0001B0203433846203047785BBA3F04007885
:100BB0003B43000603430F27781A8000491C13505B
:100BC0000829D7D35CF706F9014630465CF77FFD6C
:100BD00000282DD05CF7FEF8034620AA10A968462D
:100BE0005DF780F900226846A11A8B009600C75C69
:100BF0007119CF70C75A3F0A8F70C7583F0C4F709A
:100C0000C35820311B0EAB550F239B1A9B00C65CAB
:100C1000CE70C65A521C360A8E70C658360C4E70AC
:100C2000C3581B0E0B70082ADED3002029B0F0BD7C
:100C30000120FBE7F7B500251746064641232A4663
:100C400029460A205AF7B4FF0446002E10D0012E80
:100C500002D0022E0CD105E02022611C002041F7B9
:100C6000A3FE04E0621C3946019841F74DFE207056
:100C700020465AF7B6FF2846FEBDF8B56B480090EF
:100C800007680C46002F7BD005461C35287E0028BF
:100C900076D0012802D0022872D102E02078002804
:100CA00019D038896249002688423AD107204BF78B
:100CB00023FC002835D042233E2200215D485AF70C
:100CC00077FF082101702178002913D0032141709A
:100CD0002178817043E055480226611C14302E763D
:100CE000202204465DF7E2F922465349304641F797
:100CF00015FE45E0002146701F22531A1B194718A4
:100D00005B78491CBB702029F7DB00213F22531A76
:100D100047181B1920375B78491CBB702029F6DB6C
:100D20001DE043493889491C88421AD108204BF7F5
:100D3000E3FB002815D022233E2200213D485AF72C
:100D400037FF09210170217800291BD01221417041
:100D50000021FF224318491C9A702029FADB4DF725
:100D6000D7FE2E7640205BF7A6FB009841F7DAFE0F
:100D70005AF761FF00980068002801D041F7C9FDCB
:100D80000020F8BD002146701F22531A1B19471876
:100D90005B78491CBB702029F7DBE0E770B5087869
:100DA00000250C46012809D01D2810D02B2812D070
:100DB0004022194655F7BCFE284670BD5BF765FA20
:100DC0001948012504601D4857F745FAF4E71C4807
:100DD00041F708FDF0E71B4801680029ECD101212B
:100DE0000160194841F704FEE6E770B5104D174C55
:100DF000223DAB422ED10F4809232A460021C01EB6
:100E00005AF7D6FE044608221149401C5DF74EF9F8
:100E100020790821084320710025257020464DF7D0
:100E200077FE284670BD00004C7EFD07287AFD073E
:100E3000252000000408000089E7F107030C0000EA
:100E4000C3C3C3C35077FD07CC7DFD070DC3F007B7
:100E500030E5FC07A047E5E7F1B584B00498FF4909
:100E600080000C5804980502A81D0290002C15D093
:100E70006068818804290CD34188861D0C38009154
:100E800001903146049857F7BCFFF549884206D1D6
:100E900060680C385AF7CFFE0020606033E4F178C8
:100EA000B2780F02019928431743C880384640386A
:100EB0003F2819D803223946049854F729F8060028
:100EC000E6D0B07B0128E3D13420B07329460A3143
:100ED0000423E448029A5AF76BFEB189418010213D
:100EE00001705AF77EFED3E7616834200870022152
:100EF00000985AF74FFD05463146009A5DF7D6F83F
:100F000068782978000208436168C880E878A97881
:100F1000000208436168062F08810BD0042F09D016
:100F20006068052F10D00C385AF785FE28465AF70E
:100F3000ACFDB1E760688188052913D329798172F6
:100F40006168287988720DE0818805290AD329799A
:100F5000817261682879887260688188062901D366
:100F60006979C17260685AF73CFEDFE7FFB587B068
:100F70000E4609985AF7D1FF0999090A03910028EA
:100F800076D08800B54905900D58B749B079096BFE
:100F90000A225043B478081841F7A2FD019068680E
:100FA000002808D0012C2DD00398FFF755FF686862
:100FB000002802D026E0022C5AD1B088012702284E
:100FC00005D30198417800780C02044302E051F700
:100FD00091FE044651F78EFEA04201D20224002762
:100FE00020464C3083B29E49A048099A5AF7E0FD4A
:100FF000241D68604480002F01D0002000E03420D0
:101000006968087068680028BAD0811D0091B288AC
:101010000199841C071D01928088238882189A42B6
:1010200009D8009A8018019A5DF740F8398801982C
:101030000818388009E01A1A009BC0185DF736F8C6
:1010400020883880696834200870388804280FD3D5
:10105000009841780278080210432188001D8842D8
:1010600007D280B220803988814207D9388002E0D7
:1010700068E0884202D9696834200870388821887D
:1010800088425FD1686800990C380190039857F73F
:10109000B8FE69680978002951D1714988424ED05B
:1010A00003990F0201993843C880208802210190DA
:1010B0005AF770FC0490228800995CF7F7FF0498B7
:1010C00000283FD0696800208880019802226B4682
:1010D000039907C36868049B821C011D801D41F7AA
:1010E000D9FB6968087004985AF7CFFC6868418892
:1010F000002902D00178002954D0018940393F29C4
:1011000044D8017830291ED00146544A05980C393C
:101110001058083041F722FD69680398891D41F78E
:10112000CAFB4628686801891FD00322039853F739
:10113000EFFE00282CD0808A00282CD028E00398CD
:10114000FFF78AFE42E04A49098D0906C90F07D018
:1011500048490C380968099A898D89B25AF75EFDA9
:1011600068680C385AF767FD12E00322039853F7BA
:10117000CFFE04000CD039460A3104233948099ABD
:101180005AF716FDA1894180102101705AF729FDF7
:10119000002068601AE0686800220189039841F71E
:1011A00085FBF5E70189084640383F280ED8032221
:1011B000039853F7ADFE002808D0808A002805D197
:1011C000686800220189039841F770FBB07941F704
:1011D0007AFC00200BB0F0BDFFB58BB00646169828
:1011E0000027022821D00D980188149881427DD3D0
:1011F0007188084640383F2802D8159853F7C9FE31
:101200000C98361D0088149A80190E995CF74EFFD1
:101210000C980188149808180C9908800D9801887A
:101220001498081A0D99088069E100200E9D079016
:1012300069782C78090221433180E978AC78090279
:10124000214371808C46403904242D1D02460346FB
:101250008E46402900D3287861460DE0AC7DFD071D
:10126000FFFF0000260E0000E078FD07010A0000E5
:101270004C7EFD075876FD0704291FD0052914D0A0
:10128000062918D070463F283ED8159853F781FE9E
:101290000006000E04D0FC48008D0006C00F31D0BF
:1012A00002230120F94A002712E0697800290FD0B3
:1012B000F74A17230CE0F74A0F2309E0522802D01F
:1012C000D22802D002E0142000E01520F24A1F23A9
:1012D000002A7DD098427BD28000105804900028CC
:1012E000F7D0002008900590708800E006E14038B3
:1012F000402803D32878052430716D1C701D0090A0
:101300000498AFE03027EDE03327EBE0522864D0BB
:101310000CDC4B283FD004DC41286AD042285AD14B
:1013200011E04C2820D0502855D140E0632830D01F
:1013300004DC572818D061284DD19BE06C2864D07C
:10134000772848D109E00098297801700098641C3A
:10135000401CA4B26D1C009081E00498401C0490D5
:101360000178089881427AD10098A41C401C410859
:101370004900881C009068782A7800021043088091
:101380000599AD1CA4B2002969D0089000200590F1
:1013900065E00120FBE71022294600985CF786FEF5
:1013A000009810341030A4B21035009057E0204659
:1013B00040301499039088420DD840222946009865
:1013C0005CF774FE009840300090039884B200E00F
:1013D00079E0403543E0342741E00822294600986F
:1013E0005CF764FE009808340830A4B20835009019
:1013F00035E00622294600985CF758FE0098A41DA7
:10140000801DA4B2AD1D009029E01498001B80B28D
:1014100003903088001B001D81B2012007900498C2
:10142000401C04900098401C400840000090049824
:10143000007857281CD04228CDD100980170090AA5
:10144000417000982946801C0090039A5CF72EFE9C
:1014500003980399201884B20098401800900498CB
:10146000401C04900078002820D0002F19D01DE0E7
:101470004908E2E71498001B80B203900098039A91
:10148000401C41084900012000910790294600981E
:101490005CF70CFE03980099201884B20398081892
:1014A000DCE70D990988A14200D32FE70D98008849
:1014B000A04208D304990978002904D1079900298A
:1014C00003D1A04201D034270CE00D99001B088005
:1014D0000C9801880098801B001F08180C99002F99
:1014E00008800CD07088042809D0062807D040381E
:1014F000402804D30E984079707100E034273846B4
:101500000FB0F0BDFFB581B01F4616460C46104621
:101510005AF703FD00253F2802D02189062908D06B
:101520003B4632462146019854F7BFF80546284607
:10153000B4E4000701D50225F9E720780028F6D1A8
:10154000300AA11D41F7C1F8F1E7F3B581B0019868
:10155000524C850060590F464068CE8801462431C0
:10156000009146F7E3FE00994D4A40310091C98948
:10157000701A80B2904214D2B14212D060593146F2
:10158000406845F78CFF60590522791C1F305CF7D5
:101590008DFD019805210002401C80B25AF78BFC9A
:1015A000FEBD60590522791C1F305CF77FFD009855
:1015B000808841F767FFFEBDF8B53A4C06468500C6
:1015C0000F4660594821095C24290ED10069102278
:1015D000791D2E305CF76AFD615925204031087273
:1015E00000221146304652F739FE60594821095C05
:1015F0000C291FD100691022791D2E305CF756FD91
:1016000060595F210069095C09072DD401462E311C
:1016100010221E305CF76EFD00280CD060590921A5
:1016200040300172304653F737FB01460022304606
:1016300052F79FF9F8BD0421684601706A460521FA
:10164000304652F741FB6846017860200143684606
:101650000170304653F720FB0146684602780123AB
:10166000304652F79BFAF8BD304653F715FB012878
:101670001AD06059072140300172002211463046CD
:1016800052F7ECFDF8BD00004C7EFD0714F3F107A6
:101690001CF3F10778F3F107B4F3F1071879FD07AC
:1016A000FF7F00002C7EFD07615900200969C031D1
:1016B000887160590421026930461E3252F704FBDA
:1016C000605901694031897F002907D01A214030D3
:1016D00001720021304652F74BFED3E71B21403008
:1016E0000172304652F799FECCE7F8B5FF4C05463B
:1016F0008600A0594822125C192AC3D140224930E1
:10170000491D5CF7D3FCA0594022F94949305CF7E8
:10171000F1FC002805D0F6492846203959F749FF41
:10172000B0E70B21684601706A460521284652F74A
:10173000CBFA68460178602001436846017028466C
:1017400053F7AAFA0146684602780123284652F761
:1017500025FA97E7FFB581B003980C46060A0025E5
:101760005AF7DBFB002818D0132816D0142814D001
:10177000E048B700C0592030407BC00628D5039808
:101780005AF7CBFB15280CD0A07941F79CF93046CD
:1017900045F7B3FD032806D015E0A07941F793F98A
:1017A0001FE002251DE0D348C0592030407B400790
:1017B00004D53D21304641F7BEFD04E03D22002125
:1017C000304641F7C6FD3D21304644F713FE08E0A0
:1017D00020460C38C8498180C68020464DF798F9CC
:1017E00001252846A4E6F1B592B0129841F778F9A0
:1017F0000446129869460079C04A4006C00F0A9014
:1018000008900A208883618B081A90427ED2E08A71
:1018100006287BD31922D201904277D8228BFF234E
:10182000F5339A4272D8521C9300D21803465343A0
:101830005B1C5A100A2359438A4267DC217F002926
:101840000CD1617F002909D1A17F002906D1E17F58
:10185000002903D12021095DC90657D0274620372A
:101860007978C906C90E491F0C294FD2A18A814235
:101870004CD8E17C002949D0421E082A01D9082011
:1018800000E0401E814241D806A844F79BFD002895
:101890003CD19B4D0622E86121460EA85CF706FC70
:1018A000A878002874D06079800901280AD02046E1
:1018B0000A994AF7C5FE010062D03820405C002832
:1018C00058D05DE020464AF728FFE861002804D19F
:1018D00010A920464AF737FFE861894E803EF16A39
:1018E000887A012801D0042812D1E86900280DD097
:1018F0000622253010315CF7FDFB002806D1E8698F
:10190000F16A2030C07AC97B884200E07EE07DD158
:10191000EE69002E34D03046253001460B90062269
:101920000EA85CF7C3FB2036F17A089107AA0B9842
:101930004AF768FD00280FD0E8692030C07A0028F7
:1019400011D168466F49808B49F70EFD07AA012126
:101950006C484AF757FD06E007AA012110A84AF78C
:1019600051FD00280CD0E9696846808B323149F777
:1019700011FD05E00A18527D002A0AD0102873DBF9
:101980005F488038C06A407A022806D0032804D015
:101990000EE0401C1028EDDBF2E76846808B0A2839
:1019A00006D307AA20460A994AF72CFD00285BD0E7
:1019B000002206A920464AF7CFFD002854D1504DF9
:1019C000803DE86A407A02280BD0032809D0002322
:1019D0006846028B0EA808994AF7DFFD002802D05E
:1019E00031E00123F4E7E18A68468180218BC180E0
:1019F000618B018178784109684681747878C106E5
:101A0000C90E684641740622214600E02CE00A30E7
:101A10005CF74CFB129800794006C10F68460174D0
:101A2000038B214601A8AA6D45F779FC0146A865FC
:101A300001A841F71FFB0020A865214668461C311C
:101A4000008B44F712FD47F7B0FC2D4C2034207971
:101A5000002805D0002109205AF746FB00202071FC
:101A6000002108465AF727FA13B0F0BD70B51646A4
:101A70000C46488853F7E7F80546FF2849D001216E
:101A800053F757F90C2804D100220121284652F7B8
:101A900039FF0023E0180079002803D15B1CDBB27A
:101AA000082BF7D31148A9004058006900280AD034
:101AB0004030C07F000706D4082B04D301212846FC
:101AC00051F7F1FF25E029021E2332460E480A3164
:101AD0005AF76EF805460B202870A08968822846C0
:101AE0000822211D14305CF7E1FA0FE02C7EFD077F
:101AF000EC7DFD071879FD0706080000770C000053
:101B0000E479FD0704E5F107160E000028465AF7B0
:101B100068F8002070BD00207047F7B5804E0D4674
:101B20008700F15982B00E2D08D10A69002A05D02C
:101B3000537EDB063DD5927CD2063AD54031040275
:101B4000C97920460A30C907009000290AD0014609
:101B5000E32000015AF7C8FAF0594030C17949082A
:101B60004900C1710520A11D48234002009A5AF77F
:101B70001FF804460620A0806A49A571A8000A58EB
:101B8000A01C0499904720465AF72BF8052D10D039
:101B90000E2D0ED064480099006880304269E32021
:101BA00000015AF757FAF05901224030C179114328
:101BB000C171BDE4F8B50C46054659498000085886
:101BC0004030C079400717D4204640F779FD694678
:101BD0000870002809D007280ED00121284653F7A5
:101BE000A8F860260C2808D00EE020794F49800024
:101BF0000A5821462846904744E568460278012164
:101C00003243284652F77EFE6A460521284652F79F
:101C10005BF820790128EFD00B28EDD0284653F748
:101C20003BF801466846027801233243284651F7C3
:101C3000B5FF27E538B50D46044653F72DF80128C2
:101C40000DD1204651F7AAFD69460870002807D03B
:101C5000092804D10A460521204652F735F838BD37
:101C60002F49A000085800690028F8D1012120461A
:101C700053F75FF80C2804D100220121204652F7C7
:101C800041FE21020A3108230A46294859F790FFEC
:101C900004460A2020700622691D601C5CF706FAC3
:101CA000204659F79EFF38BD70B50C460546012108
:101CB00053F73FF8014670200C2911D0184AA900AB
:101CC0005158096900290AD064790443284652F71B
:101CD000E3FF014600232246284651F75FFF70BD0F
:101CE000627901210243284652F70CFE70BD12486A
:101CF0001049016011494160704710B50E4A104803
:101D0000906010484178037809021943C3788478B9
:101D10001802204300040843D06010BD7047000043
:101D20002C7EFD0730F4F1075876FD076CF4F107BF
:101D3000120E00008CBFF107C00008405CD4FC0705
:101D40005CE5F10730E5FC07F8B53E4C6088C60756
:101D50006088F60FC005C50F6088400840006080AD
:101D60006088FF270137B843608040F729FE40F7BD
:101D70002DFE00220821022040F71CFE002800D082
:101D800001206188A1886188490849003143618048
:101D900061882A02B94311436180F8BD70B50125FD
:101DA00029492A020A60BFF34F8FBFF36F8F27497B
:101DB0000A6027490B681C0A240240231C430C605C
:101DC000214980390A601F494C880626B443241DE6
:101DD0004C804C882C434C804C8838252C434C80BC
:101DE0004C889C434C800F280FD1488833021843FD
:101DF000488048881043488048882A021043488019
:101E00004888012292039043488070BD10B5114C60
:101E1000E18A114ACBB21189248BC904890E64046A
:101E2000640E001B093141430120C002401A80B2F8
:101E3000584340031189000E090A09020143118128
:101E400010BD00002020005080E100E080E200E0B2
:101E500008E400E000230050002C0050F8B5020216
:101E600005464123092134480A3259F7A1FE2721AA
:101E70000170044600201F233049AA008F581E1A03
:101E80004936BE5D2718401C7E702028F6DB0020F6
:101E90003F238E581F1A4937F65D27182037401CFC
:101EA0007E702028F5DB5AF795FF0146601C5BF732
:101EB0000EFC002812D10A2000906A46052128460F
:101EC00051F702FF284652F7E7FE009960221143BE
:101ED000CAB201460123284651F760FE204659F751
:101EE00080FEF8BD70B505460446008914490C34DF
:101EF00088B088421AD100201F216E460A1AA25CBF
:101F00003254401C2028F9DB2022314620465CF761
:101F1000CDF800203F210A1AA25C3254401C202830
:101F2000F9DB20226946A0185CF7C0F8284649F77B
:101F3000DCF908B070BD0000270D00002C7EFD0705
:101F40002620000000280BD000BF00BF00BF00BF4C
:101F500000BF00BF00BF00BF00BF00BF401EF1D1E7
:101F60007047000000487047E4CBFC07CAB2401E2F
:101F70004178401C8A4202D00029F9D100207047E4
:101F8000421C0178401C0029FBD1801A704710B513
:101F9000002200E0521C835C8C5CA34201D1002B28
:101FA000F8D1D8B2E1B2401A10BD03460A780270E7
:101FB000401C491C002AF9D11846704730B5054627
:101FC0000020034600E05B1C934205D2EC5CC85C39
:101FD000201A01D1002CF6D130BD0000F7B5009CCD
:101FE0000F4600262578641C002D05D0FFF7BAFFA8
:101FF0000068405DC007F5D12B2D02D02D2D18D0E3
:10200000641E39462046029A00F020F8002F04D0C2
:102010003968A14201D10099396071050224002973
:102020000BDA4042002803DD0AF018FD0460A00727
:10203000FEBD012080020643E3E70028F8DA0AF03B
:102040000DFD04600048FEBDFFFFFF7FF7B582B0C5
:10205000029C00272078641C15460197302802D086
:10206000002D15D015E020780127641C782804D0B5
:10207000582802D0002D09D00BE0002D01D0102DE2
:1020800007D1002710252078641C02E0082500E015
:102090000A250026009610E00099012769430818D8
:1020A000020C294680B2714300908E183804864293
:1020B00001D3012001902078641C294600F02CF8FF
:1020C0000028E9DA0398002805D0002F01D0641E0B
:1020D00000E0029C04600198002806D00AF0BEFCD3
:1020E00002210160C81E05B0F0BD0099300408430C
:1020F000F9E70000064C0125064E05E0E36807CC31
:102100002B430C3C98471034B442F7D3FEF704FA43
:10211000A8DCFC07D8DCFC073A2800D230382023A2
:1021200002469A43412A01D310463738884201D3E8
:102130000020C04370470000F0B50C465C4085B0FD
:10214000E40FE40703944C00002664085900944609
:10215000490802460296224321D062460A431ED015
:102160006200570D4A000E032303550D0124024659
:102170002C492405781B1B0B360B401823432643A0
:10218000614600901C46501AB44103D30098401C8D
:10219000009002E0921800985B41002803DA0020CA
:1021A000014605B0F0BD002001210905074686461D
:1021B00011E064461D46141BB54106D36546521B0B
:1021C000B341744607430C43A646CD07400849086F
:1021D000284392185B4105460D43EAD11046184347
:1021E00013D06046194650407140084306D06046FF
:1021F000101AB34106D20122002306E00022012377
:10220000DB0702E00122D243531000987446010517
:10221000381C6141029C039D0019694100F041F89E
:10222000BFE70000FD0300000EB505490291002143
:1022300000910A460B46019100F040F803B000BD42
:10224000330400004A0009030123090B1B0519434D
:10225000094B10B5520D9A4201DA002010BD064B11
:1022600034339A4203DC9A1A00F00AF810BD03498D
:102270005118884010BD0000FF030000CDFBFFFF98
:1022800010B5202A04DB0846203AD040002110BDBA
:102290000B46D340D0402024A21A9140084319464F
:1022A00010BD10B5002B08DA0024401C61419218C3
:1022B0005B411A4301D14008400010BDF0B51FB486
:1022C00082B005460C0003D008460AF0AFFB02E0DE
:1022D0000AF0ACFB203002460090214628465BF70E
:1022E00029FF049B059A04460F46184311430843EF
:1022F00014D0184610431BD0009840210A1A1846E3
:102300000599FFF7BDFF05460E46009A059904980A
:102310005BF710FF084305D0012004E02046394652
:1023200007B0F0BD0020C11705430E432C433743CF
:1023300000990E986305401A7905E40A00220C43BF
:10234000FD0A0A3002D500200146E9E7010510190F
:1023500069410C9C0D9D00196941FFF7A2FFDFE761
:10236000F0B507460846584087B0C00F04904800B3
:102370000E46590040084908BC1A884105D2384623
:1023800031461E4617460B46024658004008104389
:102390004CD0300D039040055900400D490D05907B
:1023A000401A0290402872DA18030121000B090537
:1023B0000843019004980092002805D001995242E8
:1023C0000020884100920190029840210A1A019948
:1023D00000985BF7AFFE05460C466B4607CB00F056
:1023E000D7F8C0197141039A0E0D0023D717564034
:1023F0001A467A40164344D0049A002A2DD0029AF5
:10240000012A039A15DC1205C01A914101263605EE
:10241000001C7141D20F059ED207009301920296D3
:102420002A462346FFF74AFF07B0F0BD384631463B
:10243000FAE71605224A0F46B218C01AB741012121
:102440000905001C4F4100187F41114618187941B9
:10245000E20F10436D19644113E0E2076D08154364
:102460006408C2071443039A01261205C01A914159
:102470003605001C7141CE07400830434908C0189A
:1024800051412A462346FFF70CFFCDE7FFE70498AA
:1024900001224000C117121A00238B4104983146D3
:1024A000C417381AA141EEE730B40124E4076340B1
:1024B00030BC55E730B40124E407614030BC4FE73D
:1024C0000000E0FFF8B50546480040080C462843E8
:1024D00004D06000184A400D904201DD2846F8BD46
:1024E00015493539884210DC88420BDB290D200361
:1024F00008432903014305D0E00F1049C0074118E4
:102500000020F8BD00200146F8BD161A4020821BAD
:10251000284621465BF70EFE0746009128462146D5
:102520003246FFF7ADFE3A46009BFFF7BAFE324651
:102530005BF700FEF8BD0000330400000000F03F30
:1025400010B5002904DB0124E40740428C412146F8
:10255000002B04DB1C460123DB075242A3418B42C4
:1025600000D1824210BD000010B5002904DB012417
:10257000E40740428C412146002B04DB1C4601232A
:10258000DB075242A341994200D1904210BD0000A6
:1025900010B5202A06DBCB170846203A1041C11798
:1025A0000B4306E00B461341D0402024A21A914071
:1025B0000843194610BD0000014801210180704701
:1025C0000815005070B505252C076089800723D0B9
:1025D000A08A400701D504F05BFD218C80200143D7
:1025E00021842449FF224A8004220A802288302341
:1025F0001343238022880323134323801E4ACB885E
:102600008E881B049B199342F9D30D80B149098D23
:102610006180218C81432184184801884907FCD4BA
:102620002088302188432080218803208143218015
:102630006189890706D0618981436181608C0121AC
:10264000884360842089802101432181208A0421DC
:1026500088432082A08A8007FCD53FF790FE9D48E2
:10266000406B074908600748016801684907FCD5C5
:1026700070BDC04600160050E9030000083300504A
:10268000080200401000004080B50A2000F088F8E1
:1026900080BD80B50B2000F083F880BD80B50C2094
:1026A00000F07EF880BD80B50D2000F079F880BD87
:1026B00080B50E2000F074F880BD000070B50124D4
:1026C000032800D104208C404001074D049E002EB9
:1026D00001D0445301E02E18748013434900691857
:1026E0000818838070BDC04602300050F0B587B036
:1026F00003931746069105901D4EB5891D48054068
:10270000012420021C4988470190B5813F20C14324
:102710000491B5890D40184988470290B581039905
:1027200001988140308A134A104008433082358A2C
:10273000A54320461049884787402F4337820FA082
:102740000599405C06994018029988403188049A9E
:10275000114001433180FF20000409490A68824387
:10276000E00510180860A0020649086007B0F0BD37
:1027700000140050FFFEFFFF215FFC0701090F1945
:1027800008E400E000E100E0032800D1042040015B
:10279000024A825ACA40012010407047003000505F
:1027A000F8B5C4B226460A3E01252846B0400B497A
:1027B0000F88874380B203F0B3FB29468140394339
:1027C00006480180B00006490818C068002801D0FA
:1027D0008047F8BDA54019480560F8BD0E140050AB
:1027E000800FFD070348C8210180034808210180AC
:1027F000FEE7C04600310050023300500248008816
:102800000E481021016070472C1300509B4801892D
:1028100004220A430281018902220A4302810188BB
:1028200040220A430280054901220A604189044A84
:1028300011408918091D41817047C04680E200E0BF
:10284000FC7F00007047000080B5024806F036FAB1
:1028500080BDC0460011005080B5024806F02EFA37
:1028600080BDC0460010005080B5052000070188DB
:102870003022914301800188032291430180042189
:10288000415E002906D511490A88520702D50A88F7
:10289000D20712D18088C0060ED50D4801880906DE
:1028A0000AD5012181800188802291430180E84876
:1028B000006B002800D0804780BD088802220243B8
:1028C0000A80088801229043088080BD00020050E1
:1028D00000010050040FFD0710B50468091BFF310B
:1028E000994208D3194606E01378237003685C1CEC
:1028F0000460491E521C0029F6D10020207010BD32
:10290000F8B506462120124F3C5C002C1CD0012556
:102910003D8409F05FFC442000213954B965002E44
:1029200004D00C480621002206F004FB06F0E0FB70
:1029300006F034F9FF20023048217852EF204000A1
:102940003D54284609F0BAFE601E84412046F8BD79
:10295000740CFD070BD8FC073848018802220A4393
:1029600002800549491C02D202889207FAD400214C
:10297000018140897047C0465F79FEFFFEB505467C
:102980001448029002AC204600F028F81420FFF70B
:10299000D9FA07208601002D00D08036274F3888CD
:1029A0000D49084080193880FFF7D6FF01900220BA
:1029B000FFF7C8FA0025A570204600F00FF8388808
:1029C0000549084080193880FFF7C6FF3D8001990E
:1029D0004018FEBD010001013FFCFFFF10B5174983
:1029E000174A0A8000224A80164A40231360BFF328
:1029F0004F8FBFF36F8F00281ED00A88124B1340F1
:102A00000278D2021A430A80104A134640330C88D7
:102A10001C4043789B0123430B800B881340827832
:102A200092021A430A8009224A804A8802239A4362
:102A3000C07840001043488010BDC04600150050CB
:102A40000140000080E100E0FFF70000FFFBFFFF16
:102A500080B500210A46FFF7C1FA80BD074801880A
:102A60000020090609D506490968090405D4054866
:102A70000088012101404842484170470800005049
:102A8000300000405877FD0770B532480921042412
:102A90001823224659F78CF805461B202870FD267E
:102AA000304603F013FA0021A982E96029616C60C5
:102AB0006E806870284659F794F870BD0120704701
:102AC000B0B56348427B1449D4B20C236343CD5C58
:102AD000FF2D0AD0022C02D103224273F4E7521CCC
:102AE0004273C818406880470EE0817B0B4ACCB225
:102AF0001C236343D45CFF2C08D0491C8173D3187A
:102B0000DB68002BF3D098470020B0BD0021417353
:102B100081730120B0BDC04674D5FC07DCD0FC0732
:102B200070B50C48092104240A23224659F740F8BD
:102B300005461B2028701426304603F0C7F9FF21F4
:102B4000743129816C606E806870284659F749F8A5
:102B500070BDC0461B0D00001FB514460122029235
:102B6000044A0192069A00921A46234600F0C2FADD
:102B700004B010BD7CCDFC0780B5054809210422B6
:102B8000012359F715F80221017059F72AF880BD81
:102B9000030D000010B50C4601020A31064804225C
:102BA0002C2359F705F828214454014628310122E5
:102BB0004A7059F716F810BD020E0000B0B5104863
:102BC000092504225223294658F7F2FF04462B20F8
:102BD00000212154E172A172FF20083020810948B0
:102BE000E080A080617065730E20207320460E3057
:102BF00005490D225BF75AFA0F20E0722046B0BD5E
:102C00000D0D00004C0400001CDCFC07B0B5104D9D
:102C1000EC6B002C19D10F48092104222C2358F702
:102C2000C7FF0446E8637B2020840B4820800025F2
:102C3000658020460A3011215BF751FA2585E5842D
:102C40006584E583A5832020E0762046B0BDC0469C
:102C5000040FFD07040D0000030A000010B5044630
:102C600001020A3108480422022358F7A1FF132168
:102C70004170012101700C216143044A5118002266
:102C8000CA7058F7AEFF10BD040E0000800FFD079C
:102C900010B50B4C2068002800D010BDFFF78EFF48
:102CA00020600C21017010BD10B5054C2068002873
:102CB00000D010BDFFF782FF20600D21017010BD14
:102CC000B806FD07B0B504467A2060430B490D18DD
:102CD0007820295C2046FFF75DFF204601F0F0FCDC
:102CE00001210170297F4174A91C401C10225BF74F
:102CF000DDF9204600F014F8B0BDC046FA0BFD0720
:102D000080B501F0FFFCFF2805D07A21414303483C
:102D10004018203080BD002080BDC0466C09FD07F2
:102D200010B5044601F0CCFC58F75BFFA000024947
:102D300000220A5010BDC046C806FD0710B5044663
:102D400001F0BEFC002101702046FFF7E9FF20469C
:102D5000FFF784FF10BD0000FEB5029301920E46FE
:102D60008100114A57585518002F0AD101020A3123
:102D70000E4804241E23224658F71AFF0746047003
:102D80002860BC1C102120465BF7A9F9204631467B
:102D9000019A5BF78BF902987870384658F721FF53
:102DA00000202860FEBDC046C406FD07140E0000CA
:102DB000B0B500280FD002461248824212D82348EC
:102DC0002430002423460A2B19D00568002D10D08A
:102DD000001D5B1CF7E7E148C8210180E04808219D
:102DE0000180FEE7DD48C8210180DD48082101801F
:102DF000FEE701605C1CE0B2114600F0A5FDE0B208
:102E0000B0BDC046FCFF3F00F8B50446401E09288F
:102E10001AD8A0000D494718386A002814D00C4D64
:102E2000A84211D020370B482018401C04263146F8
:102E300059F75AF93D60082306483146324658F79B
:102E4000B7FE047058F7CDFEF8BDC046F00FFD0781
:102E5000958AFC0702040000F0B585B00393029246
:102E60000E4607460020041D202C0ED004A9009118
:102E70000AA10D5838463146029A039BA8470028FC
:102E80002046F0D104A8007806E038463146029A80
:102E9000039B08F0C5FB002005B0F0BD3130FC07F6
:102EA0007532FC075130FC07A130FC07592BFC0799
:102EB000B931FC07BD2AFC07FEB505460805090B1C
:102EC000002800D0491C002900D1012157480540A5
:102ED000FF200024144F154E01918C4220D028462B
:102EE00004F054FE00281BD10295002504F0A8FE32
:102EF000C0070CD038880006F8D530680004F5D437
:102F00000B4885420BD06D1C59F767FAEEE7029823
:102F100004490818451C641C00200199DDE7FF20C6
:102F200040B2FEBDFF0F000008000050300000401E
:102F300080841E00F0B587B006908A4206D287488A
:102F4000C8210180864808210180FEE7101F0390F8
:102F50000592D01E0290C81E0490002401910A46DA
:102F60002046C5B20498854218DAE8430599471807
:102F700016463FF700FD010E069BD955D919491E8B
:102F8000020C0A700299491B020A5A5432460399EC
:102F9000491B5854321F281D241DE2E7E0B2019955
:102FA0008842059F0DD10198391AC8B2069A89182E
:102FB000491E002803D000220A70401EF8E707B01F
:102FC000F0BD06983818FF21C9431346E2430A436F
:102FD0001518D8B2C6003FF7CEFC18217218182A6F
:102FE000E1D00246CA402A706D1E0839F6E7C04695
:102FF0007CB514460D4606460C480840884202D16E
:103000002846214608E061190A466A40120B05D09D
:10301000012212038018091AFFF74EFF01AB304658
:103020002946224604F036FE7CBDC04600F0FFFF74
:103030001FB514460F220292044A0192069A00928A
:103040001A46234600F056F804B010BD84CDFC07A4
:1030500010B5014601200B4A914211D3121D914235
:103060000ED8029CF231C8B2800044490918486B5E
:10307000002803D0343100220A60804700202070ED
:1030800010BDC0460E040000E0B5794B1B7C132B2D
:1030900003D101AB04F0A6FD8CBD0020C0438CBD64
:1030A0001FB5144607220292044A0192069A009222
:1030B0001A46234600F01EF804B010BDFCCDFC07F4
:1030C00070B51322D2432D4B002A0AD09C18342508
:1030D000665D864202D0921CFF2EF5D13522A154A6
:1030E000605570BDE0B504F0B5FD01A804F002FD27
:1030F0008CBD0000F0B585B001250C9C002C20D0C3
:1031000001950291039304920B9B0A99E500ED1837
:10311000083D661C104B761E012E11DB2C462F88B5
:10312000874203D02546083D9F42F4D16468002CB5
:103130000AD00D4602AB0ECBA0472870002500E058
:10314000019D284605B0F0BD9348C82101809348F1
:1031500008210180FEE7C046FFFF0000003100505B
:103160000233005080B505484A3005490A31102223
:103170005AF79CFF012000F0DBFB80BD800FFD07AC
:10318000740CFD0770B50B480424092122460B4638
:1031900058F70EFD05461B202870FC26304602F02D
:1031A00095FE002129726C606E806870284658F781
:1031B00018FD70BD1B0D00001FB5144604220292BD
:1031C000044A0192069A00921A462346FFF792FF9C
:1031D00004B010BD34CEFC07F8B50446EB48806D52
:1031E0000F210140E171010F2171C1B20909A171E3
:1031F0000101090F61710103090FE1700102090F5B
:10320000A1700105090F61700004000F20700122F8
:1032100000920322150208230D4F2A46B847E17990
:10322000A0790026009607232A46B847E178A078BF
:10323000009606232A46B84761792079009605232F
:103240003246B84720786178D04A91725072F8BD02
:10325000BD26FC0710B5CD4C207C032801D104F01D
:103260002DFC14202074002003F0F2FE10BDC04697
:10327000040FFD0710B50C464349884220D0434A4D
:1032800090422AD0424988423AD12078401E0928EB
:1032900053D8800042490818416A434A914268D095
:1032A000404881426AD13948042108230A4658F728
:1032B0007FFC217801706168416058F792FC5DE005
:1032C0006268002A47D0334882424BD220782F4987
:1032D0004018042158F7BEFE50E02078411ECAB2C3
:1032E000092A31D889002E4A51184A6A2D4B9A4230
:1032F00044D1CA6C24310A60616800F025FB3DE0CE
:10330000531C012198423CD30A32904239D8C01E46
:10331000C0B2411E8900224A5218516A00292DD09C
:10332000204B99422AD0204B994227D01346243370
:1033300000241C60D464884720E01748C82101801D
:10334000164808210180FEE71348C8210180134870
:1033500008210180FEE71048C82101800F4808219C
:103360000180FEE70C48C82101800C48082101803B
:10337000FEE70146243100220A60C264029800215F
:103380000170084610BDC04601040000030400009F
:1033900002040000FDFF3F000031005002330050E6
:1033A000F00FFD07978AFC07958AFC07EFF3108161
:1033B000012080F31088084A1288120603D4074AB5
:1033C000138803431380002902D080F310887047CC
:1033D000002080F310887047080000500833005028
:1033E000FEB51C460D4606460027002801D4384687
:1033F00000E0012029460A394B424B41034001932A
:1034000000D07642002A01D0372000E057200290F9
:1034100008980090304629465AF7CEFD2946414388
:10342000711A0A2901DB029A00E030228918E1555D
:103430007F1C00280646EDDC00998F4203D2302025
:10344000E0557F1CF9E70198002804D02D20E055B5
:10345000E019421C00E0E21900201070101B410826
:10346000521E002907D02378157825701370491E45
:10347000521E641CF5E7FEBD83B070B5C1B00446B2
:1034800045914692479345AA009201A8214600F033
:10349000A3F8012810DB04463C4D2E788019000A61
:1034A00002D000F00FF82E781D48801901A922469D
:1034B0005AF7FCFD3019287041B070BC01BC03B054
:1034C0000047C046F8B531480078401D032158F741
:1034D00061FA04460027054680C52C480678104945
:1034E000284632465AF7E2FDAF55F84DEFF310810A
:1034F000012080F310882A6D002A06D01346126836
:10350000002AFBD11C60276001E02C65687000294F
:1035100002D080F3108801E087F310882F70F8BD87
:1035200014DDFC07B0B5E94D2878002801D0FFF77D
:10353000C9FF6878012817D1A879401CA87128799B
:1035400000280ED112480022C27012480178027081
:10355000012901D0012000E00220022900D103202E
:103560002871A878002800D0B0BD0B480B494161F4
:10357000286D041D204600F028F881B20122204663
:1035800005F0D8FC00206870B0BDC046040FFD07F0
:103590005877FD07B477FD077803FD07FD8AFC0720
:1035A00082B0B0B5C2B004464692479346AA419253
:1035B00001AD284600F010F820462946FEF7F5FC3C
:1035C00042B0B0BC01BC02B000470021425C491CC3
:1035D000002AFBD1481E7047F0B58BB003920E460F
:1035E0000A90012102900C1A0D0231780A982218D3
:1035F000AA427CD225290ED17778B21C302F11D166
:103600001178002973D03039CAB20A2A00D30021B8
:10361000F778321D07E0761C017000214170401CD4
:103620000A905FE0002104233B436C2B02D1177802
:10363000561C00E01646582F21D0632F42D0642F2D
:1036400027D0692F25D0732F40D0752F17D0782F12
:1036500015D0002F4BD00AA82523029926A2FFF7E8
:103660003BF90A982118A94204D207700021417041
:10367000401C0A900AA80223029929A230E0039A6A
:1036800001CA0392C9B2752F0FD100910A210022FD
:1036900010E0039A01CA0392C9B200910A210022E4
:1036A00004AF3B46FFF79CFE16E00091583F7A427C
:1036B0007A41102104ABFFF793FE03460AA804AA3F
:1036C00002990DE0039A02CA0392A5E7039880C805
:1036D00003903846FFF779FF03460AA802993A4655
:1036E000FFF7FAF83178002900D07FE70A980299AD
:1036F000401A0BB0F0BDC046464154414C3A2075CB
:103700006E737570706F72746564207072696E7418
:1037100066206368617261637465723A200000001C
:103720002E0A000080B5AE21794A515C002904D0F0
:1037300080000249085804F06DF880BD64DCFC0785
:10374000FEB50024E543002814D006460078002882
:1037500010D0002A0ED00F46009209F07FF9019098
:10376000046002A930463A46FEF738FC02990A780E
:10377000002A01D02846FEBD019AB142FAD0116854
:103780000229F7D00028F5D4009908602546F1E712
:10379000B0B50C460025202D04D03FF7ECF860555D
:1037A0006D1CF8E70020B0BDB0B50446A320810031
:1037B000114D28465AF793FC5120C0000349295265
:1037C00003482880204600F019F8B0BD22430000CD
:1037D0003512000010B5034607484218AA24947019
:1037E0007A2251434018203019465AF75FFC0120D5
:1037F00000F004F810BDC0466C09FD077FB5044A0F
:1038000001A90B4670CA70C302F038FA7FBDC046EA
:10381000E8CBFC07F8B50D4604463C4EB06BF063B0
:103820002B4801210091016001680029FCD1294841
:103830000068B0634127F15D002908D04020305C6A
:10384000FFF7E2FA442000213154F155B06BF16BDF
:10385000411A706A814201D800281DD1E8B20328BC
:103860001AD12C20315C2078884215D161788142B0
:1038700012D1A17881420FD1B06A01280ADB009CE5
:10388000F45500090549FFF793FA44217454402187
:103890007054F8BD00F022F8F8BDC046DD38FC07D2
:1038A0000A49087A01280ED1094A012010601368DC
:1038B000002BFCD1074A1268074B1B689A4201D3C0
:1038C00000200872704700207047C046040FFD07B3
:1038D000FC0000401C000040F0DCFC07B0B52020DC
:1038E0000A4C0025255408F037FF0948456005704B
:1038F00008F0BCFB08F0F2F807F082FE44202554E3
:1039000004A003F087FF41202554B0BD740CFD07CF
:10391000540EFD074F4B0D0A00000000BFB50949CA
:1039200001A8024638C938C202F09CF9BFBDC046A2
:103930007FB5044A01A90B4670CA70C302F09EF914
:103940007FBDC046F4CBFC0770B50C4605460C4E57
:10395000FFF784F8002806D07019801C0421224645
:1039600058F778FB70BDFFF721FD0421082330468E
:103970000A4658F71DF94460057058F732F970BDD2
:10398000010400007047000070B514460D4606465D
:10399000FD2003F025FD00280ED0002C13D0002DB3
:1039A00018D01030006800281BD00179B142F9D13D
:1039B00041792980801D16E0DD48C8210180DD485D
:1039C00008210180FEE7DA48C8210180D948082192
:1039D0000180FEE7D648C8210180D6480821018031
:1039E000FEE700202880206070BDC04670B51546F7
:1039F0000C46104658F791FA002815D1FD2003F027
:103A0000EFFC002812D006460C48082106232A465F
:103A100058F7CEF8A1884180A1790171B1886288F8
:103A20005118018058F7DDF8002070BDC048C8214A
:103A30000180C04808210180FEE7C046180C000044
:103A4000FEB514460F460546FD2003F0C9FC0028CC
:103A50002AD0064602940197103634462468002C7A
:103A60000DD02079A842F9D16079B84214D0002253
:103A7000304621463FF7C6F8204658F706F8083783
:103A80000121384657F786FF044639465AF727FB87
:103A9000304621463FF762F8019A62712571A01DF8
:103AA00002995AF703FBFEBDA148C8210180A14835
:103AB00008210180FEE7C046F8B50C46234D1835B5
:103AC000006900900127224E112F0FD0287802287C
:103AD00009D1281F00680088B04204D1F9B2002241
:103AE000204600F06BFA14357F1CEDE702200099A8
:103AF000085E60490140C20B2002104008430021CB
:103B000058F7D9F9F8BDC046F8B5072916D80C46BC
:103B10000E4D183501260E4F112E16D0287802288A
:103B200009D1281F00680088B84204D1F1B20022F0
:103B3000204600F043FA1435761CEDE77C48C82196
:103B400001807C4808210180FEE7F8BD14D1FC0704
:103B50000229000070B50546046926461036306813
:103B6000002805D030463EF7DDFF57F78EFFF6E719
:103B700000202861204657F788FF70BD7CB5FD20E6
:103B800003F02EFC00281BD004468568407B6E465F
:103B900001AA3146FFF7F8FE3088082817D1217BAB
:103BA000019807291AD84A1C2273435C6E7B002EA9
:103BB00002D0DB0702D020E09B071ED41146F0E7BD
:103BC0005B48C82101805B4808210180FEE7584816
:103BD000C8210180574808210180FEE7A068C288FB
:103BE00001896B7B2248002B2CD0042357F7E0FF80
:103BF00000218170E98901802DE0A068C2882B8AAC
:103C0000C12000010902083189B208339BB257F77D
:103C1000CFFF0646687B002801D0122000E0132069
:103C20003070A088E9890818B080288AF080304672
:103C300008302A8A123529465AF738FA304657F79B
:103C4000D0FF7CBD801C80B2062357F7B1FF002156
:103C50000171E989418057F7C4FFA06857F715FF44
:103C60000021A16062880348104058F724F97CBD08
:103C700007FD0000FF7F000010B50446FD2003F0A3
:103C8000AFFB002805D08179A14209D980880019AD
:103C900007E0E648C8210180E54808210180FEE7E9
:103CA000002080B210BDC046B0B50C460546FD20D0
:103CB00003F096FB00280CD0014682888020AA429F
:103CC00006D889798918A94202D9A81A207000203B
:103CD000B0BDFA48C8210180F94808210180FEE7FB
:103CE000BCB508280ED2044601AD6A4608462946EE
:103CF000FFF74AFE288800280BD0009800280FD034
:103D0000005DBCBDED48C8210180ED48082101805F
:103D1000FEE7EA48C8210180E94808210180FEE762
:103D2000E648C8210180E64808210180FEE7C04638
:103D30000031005002330050F0B597B01E46029299
:103D4000079105462824012120460F9157F722FEAE
:103D5000074621465AF7C3F9089504972F61079D36
:103D60001E20019630403F21C943411803915F2135
:103D7000C943411805917F21C9434018069000228C
:103D80008C4E022A00D1D9E00898848A13A887496A
:103D90000180511C86480B91415C0C92875C781C19
:103DA000C2B291421291084600D810461092F943CF
:103DB0000818C1B2182048431830032157F7EAFD0C
:103DC0002988018011904480142420460A97784362
:103DD00030180279022A069903D0042A059900D0E6
:103DE0000399119A11710169901D10225AF75EF919
:103DF000109A54433619002709963C461019129917
:103E000088424FD23079102817D0042828D00228B1
:103E100044D11198C519B0890E90B0680D903068E2
:103E2000017840786876297628461A300E215AF7AC
:103E300056F9109A0D99080C2CE01198C5192846CE
:103E40001830316810225AF731F9109AB068288575
:103E5000B189A9850F99C9040143080C68851DE043
:103E60001198C519B0890E90B0680D90306801782E
:103E700042788378C078E876AB766A7629762846E9
:103E80001C300C215AF72BF9109A0F9880040D99C9
:103E90000843000C688529850E98A88514361837C4
:103EA000641CABE7119844714BF7EDFF109B04467F
:103EB0000028079D099F13D0119857F7E6FD0C982D
:103EC000002802D128880499888012980A99401AFB
:103ED000298840182880002C0B9A364E62D150E772
:103EE0001198008828800024264612988342E3D245
:103EF000002CE1D10C20385E761C002400281AD456
:103F0000F989002917D03879022808D13868027851
:103F100040780002801813AA128890420BD0F0B2A9
:103F2000119A1288101880B21C463B6900224CF787
:103F300084F82346044614375B1CD6E71120049A04
:103F40009071FD200899C8820F9DCD811A48486064
:103F5000888A50801046243088600198C0030299F6
:103F600008431080103210463EF7D4FD002415940B
:103F700014941436112D10D0307902280AD10B4830
:103F8000FF3031680988814204D1E8B2082114AABF
:103F9000FFF756FD14366D1CECE70898808A214621
:103FA00057F789FFE0B217B0F0BDC0460328000004
:103FB000C8D2FC0714D1FC0768D2FC07F0B585B065
:103FC00008281DD215460C46064604AF03AA08462B
:103FD0003946FFF7D9FC3F88002F18D003990029F4
:103FE0001CD0009501AD28463A465AF75FF8009874
:103FF000A855204639462A46FFF722FD05B0F0BDF8
:104000005F48C82101805F4808210180FEE75C48C5
:10401000C82101805B4808210180FEE75848C8217B
:104020000180584808210180FEE7C0460031005059
:1040300002330050FEB516460C46FD2003F0D0F9C1
:1040400000280AD00546019467888488304657F7CF
:1040500064FF012808D102272DE04948C8210180CA
:10406000484808210180FEE7381980B201F0A4FE1B
:1040700000280BD002A9FFF717FE00280DD04048FA
:10408000C82101803F4808210180FEE73C48C82143
:1040900001803C4808210180FEE70127304639466F
:1040A00057F709FF0020287301980C38A860029880
:1040B0006873FFF763FD3846FEBDC046003100500F
:1040C00002330050FEB516460C46FD2003F088F979
:1040D00000280AD00546019467888488304657F73F
:1040E0001CFF012808D102272DE02548C8210180A6
:1040F000244808210180FEE7381980B201F05CFEF7
:1041000000280BD002A9FFF7CFFD00280DD01C48D6
:10411000C82101801B4808210180FEE71848C821FA
:104120000180184808210180FEE701273046394602
:1041300057F7C1FE0020287301980C38A860029838
:104140006873FFF71BFD3846FEBDC04610B50C4630
:10415000FD2003F045F900280BD0808861880818FD
:1041600080B2A188A31D002422464BF766FF20469B
:1041700010BDFD48C8210180FC4808210180FEE7F0
:10418000003100500233005070B514460D46104601
:1041900057F7C3FE01282FD1287801020831AA79E8
:1041A0001648002A0CD089B20623224657F700FD94
:1041B0000646A878FFF760FD3080A879307114E0DA
:1041C000AA8889B2921D93B2224657F7F1FC06469F
:1041D000A878FFF751FD002131713080A8887080E8
:1041E000701DAA88E91D59F761FF304657F7F9FCA1
:1041F0000021204657F75FFE002070BD140C000020
:1042000070477047F8B504462F4D5A3500260527EC
:10421000002F11D028463A380078400709D5002CE5
:1042200006D0F0B2000120181022294659F73EFFAF
:10423000761C7F1E7A35EBE7F0B2F8BDF8B502299F
:1042400003D10120FFF7B0FAF8BD0C46042801D1D4
:10425000167805E0002311461A4600F053FA064688
:10426000042E2FD8002C1AD0174F3C4620340C3780
:104270000420C5437642002D21D07019401D0AD07C
:104280007A21204659F72BFF002038600E49491942
:104290000E4A8854C8716D1C3F1D7A34EBE77A21B1
:1042A00008467043084C2018203059F718FFB0001A
:1042B00020180021C160A019054A81548170012095
:1042C000FFF79CFAF8BDC0466C09FD0787020000A5
:1042D00082020000F8B5234D287801282FD108F07C
:1042E0003BFA214CA088C00702D004F061FDF9E739
:1042F00000206860287007F043FE03F0F7FA2120E1
:10430000C0001A4D285C002817D0FF2630460C301C
:10431000295C85204000285C0127009703221202B7
:104320001423FEF7CBF987204000295C0E36A85DE8
:10433000009700221323FEF7C1F922202060772086
:104340000B49085C002802D00AA003F063FA03209E
:1043500007F08CFF002804D0032007F0C5FE07F00B
:1043600063FEF8BD540EFD0710100050740CFD07DD
:10437000040FFD070D0A2B4157414B450D0A000064
:1043800080B559F781FE80BD80B559F786FE80BDA6
:104390007047704770B505460469261D30680028CF
:1043A00005D030463EF7BEFB57F76FFBF6E700201F
:1043B0002861204657F769FB70BD0000F0B58BB04F
:1043C0001E4607920F4604461098069000880890F3
:1043D000002101200246092913D0032585400990B8
:1043E00020463446089ECE403B46012737407E4259
:1043F0001F462E403243264604460998801C491C1D
:10440000E9E70A92802030439E210140A08A03916F
:104410001D4902910190002000901C490AAA132313
:1044200038464CF7E8F80546002829D10897202798
:1044300001210591384657F7ADFA099606463946E7
:1044400059F74DFE266130461E3011496160A0606B
:104450000898008830830598E0811420E082A08AC3
:1044600070800998C0030799084330800698008837
:104470007083301D3EF74EFBA08A002157F71BFDCD
:1044800028460BB0F0BDC046ECD2FC070A1800006D
:10449000D0D3FC07FEB51F4616460C46142002F08A
:1044A0009FFF002819D001972778082F02961BD864
:1044B0000546418B008B3A4600F0EAF8002815D0FB
:1044C00060788D26802840D8082F11D0072F12D071
:1044D000062F12D1082810D037E05E48C82101808D
:1044E0005D4808210180FEE781262EE082262CE02F
:1044F000072802D029E0062827D32E1D35462D682F
:10450000002D0BD02979B942F9D100223046294635
:104510003EF778FB284657F7B8FA60780830012153
:1045200057F738FA05466178083159F7D8FD2078F1
:10453000287160786871A81D6278A11C59F7B6FDD2
:10454000304629463EF70AFB002606480223019919
:10455000029A57F72DFB21780170467057F741FBFF
:104560000020FEBD01140000003100500233005055
:10457000F8B514460D46104657F7CFFC01283ED13A
:10458000142002F02DFF002821D00746418B008B1C
:104590003E7F324600F07CF80090787F01020831BF
:1045A0002A781848964219D16A7889B2931D224612
:1045B00057F7FEFA0746002038710098388068786F
:1045C0007880781D6A78A91C59F770FD10E02148A1
:1045D000C8210180204808210180FEE789B2062316
:1045E000224657F7E5FA0746802038710098388050
:1045F000384657F7F6FA0021204657F75CFC0020B2
:10460000F8BDC046140C0000F8B50F78092F19D278
:104610000D4612A0C45DA01CC6B21348194633460D
:1046200057F7C6FA0646287830707470B8000FA1A4
:104630000958B01C224659F739FD304657F7D1FAD0
:104640000020F8BD0348C8210180034808210180EB
:10465000FEE7C046003100500233005007070A074A
:104660000D0D0806070000000314000099DBFC078D
:1046700067D8FC07B4D8FC0767D8FC074BD8FC0701
:1046800059D8FC0712DCFC070BDCFC07D4D0FC0774
:10469000B0B58BB2411C00200446092C0DD01D463C
:1046A000E540ED0702D0A24202D0891C641CF4E769
:1046B000092A01D0481C00E0002080B2B0BD0000F3
:1046C00010B58200074B9958002909D19C180102A6
:1046D0000A3105480422122357F76AFA014620607E
:1046E000084610BDC806FD07180E00007FB5044A35
:1046F00001A90B4670CA70C301F0C0FA7FBDC04665
:1047000000CCFC07F8B500920D460646914F913754
:104710000024052C21D0032E1CD8B00001A108587C
:104720008746C0463547FC073B47FC073F47FC0729
:104730004547FC0738465F3806E0384604E038460F
:10474000373801E0384627382946009A59F7D2FC15
:10475000002803D07A37641CDBE7FF24E0B2F8BD01
:10476000F0B585B00092019106467A490F4691371F
:104770007130029030463A300490FF2003900024BC
:104780002546052C1FD008198078AA280BD130782F
:104790003946713909780140480709D53946373912
:1047A0001022049807E0E80700D10394012507E0F0
:1047B00007220298394659F79DFC002804D0654924
:1047C0007A37641CDDE7039C0120054000980570E2
:1047D0000198047005B0F0BDFEB50C78A41E052C40
:1047E0004ED81F0A7C4424796400A744023C494CFB
:1047F0005A687A207843504A151888787821685486
:10480000C00700D18FE0009571350C2078434B49EB
:104810000C18611D0622284659F748FC2079A8711A
:1048200002AA0024147001AEFF25357000983146AD
:10483000FFF796FF3078FF285CD1464801460C31DF
:104840000422D243141D454B002A5DD08618F65C25
:10485000002E05D10E68A64202D2541DE5B23446A0
:10486000091D521CF0E70C20784334490818002435
:10487000C47233A002F0CEFF2046FEF7EFF958E0F5
:1048800006F0CEFE55E07A247C432B4D28193A30B1
:10489000891C172259F70AFC285D04210143295578
:1048A00047E07A257D43244E70196130891C10241D
:1048B000224659F7FBFB705D2043705539E07A20A2
:1048C00078431D4A14188B1C488A002808D02046BB
:1048D0001E301C22194659F7E9FB2078022106E018
:1048E000A01C1C22194659F7E1FB20780121014345
:1048F00021701EE002A90978002903D01549091882
:10490000154A8C54054601E0601C0CD079210098B2
:104910004554104B99684A1C9A60AA009A18D160B5
:104920002946FEF757FF0C20784304490818002158
:10493000C1720020FEBDC046FA0BFD07800FFD07C7
:104940002B424F4E44494E47204641494C45440D69
:104950000A0000006C09FD078202000087020000C7
:10496000F0B587B00878072824D81D461C0AC04631
:104970007844007940008744031D1D1D24DD4576E1
:104980007A206043704A0023009313540C20604344
:10499000E84A10180127C772EA4A4878010700D58B
:1049A000A1E01178042900D09DE0400700D494E0F4
:1049B000384693E0DD48C8210180DD4808210180A8
:1049C000FEE748780022032816D0022800D1B4E080
:1049D0000128134611D13DF7CEFF5F4959F7ECFA94
:1049E0005E480A18069201AD5DA12846FEF7D8FD83
:1049F000284602F00FFF0422012306A92046FEF7F5
:104A0000ABF997E0A00051490F187E6C4437002E97
:104A100023D10A200543F52085434D4804221E2357
:104A2000294657F7C5F883214900018038607A2666
:104A300066434548841951341025204629462A46A4
:104A4000FEF778FA404A905D0821014391553E688F
:104A5000B01C21462A4659F729FB304657F7C1F8C2
:104A60000020386066E07A266643374885194F781B
:104A70002F772846143008210A46FEF75BFAA81C57
:104A80000090102239461746FEF754FA3DF773FF9F
:104A90002D4B995D01220A439A556882204601F008
:104AA000C7FA297F0177698A4182E98AAA8A6B8BD2
:104AB0002D8B058343838282C182801C00993A46F4
:104AC00059F7F4FA204601F0B3FA57F78AF8A00034
:104AD0001E490818002181642CE0022002F062FFC8
:104AE00021201A490F54A00018490E18346C403682
:104AF000002C1AD10A200543F520854314480422CE
:104B00001E23294657F754F8044607703060801C6E
:104B10008C4D691C072259F7C9FAA878012803D1DE
:104B2000E878F721014021716770204657F759F85E
:104B300000983060002007B0F0BD1B20000105493F
:104B400001220A54F6E7C046FA0BFD07040FFD07E1
:104B5000140E0000740CFD07A0BB0D00A086010020
:104B60000D0A2B50494E3A253036750D0A000000CB
:104B700010B50C78092C04D14878002807F000FC07
:104B800001E006F04DFD002010BD0000EB204000CC
:104B90000978B44A115400207047C046F0B585B07A
:104BA0001D4610460C4657F7B8F9022861D1029508
:104BB0002F0A0C2501957D43A84840190390877062
:104BC000FF2F1AD00120039EF0700420032157F715
:104BD00072F92088F8494853607A3071701D0A34A0
:104BE0000622214659F762FA7A207843F3490818D9
:104BF0007821415C3846FDF7CDFF77208000994C45
:104C000000252552A583658025810120049007F0A9
:104C10002DFB002804D0012007F066FA07F004FA03
:104C2000FF263046223004992154D7204000205CD2
:104C3000052825D1277075208949085C002802D0F5
:104C4000424802F0E7FD01F025F9B0360320A055F7
:104C50003F48082104220A2356F7AAFF00210181B8
:104C60003C49C180049E86803B49018056F7B9FFCC
:104C700047E07848C8210180774808210180FEE795
:104C80000398801C0078FF2838D0277007F0D2F9ED
:104C90003C202949FEF78CF8284801780029049E19
:104CA00035D0284B1878032819D0B8006C4A14184E
:104CB000E06C4C3400280ED10A2002990143F52003
:104CC0008143DD7820480422022356F771FF4570A6
:104CD00001990170206056F784FF0020206001F0E8
:104CE000D9F875205E49085C002802D0174802F008
:104CF00091FDB1485C303DF70DFF02E004F0A8FAE9
:104D0000049E304602F012FE002005B0F0BD067091
:104D10000B4C1C206843215CFF29C2D0201801697C
:104D2000002901D0384688476D1CF2E70031005059
:104D300002330050800FFD07255EFC0728DEFC07CC
:104D4000DCD0FC07DCDCFC071A0E0000D8D7FC071F
:104D5000030C0000FF1F000005020000FEB51C460A
:104D6000104657F7DAF803282DD1200A0C210191BB
:104D70004843914C2018FF274780394DE87BFEF7C8
:104D800043F8EB204000EF4E002102913154287E81
:104D9000012805D132480299017633483DF722FDBA
:104DA0000420022157F787F8384622300125355470
:104DB0002020305C00280DD007F020FA4320355425
:104DC00007F0CAFA0DE02348C821018022480821D3
:104DD0000180FEE707F02EF907F01CFCB0370298BF
:104DE000F0551F4F022007F041FA002804D002209E
:104DF00007F07AF907F018F9307E002806D00298FB
:104E00003076B5751948F060019870810025284604
:104E100002F08CFD2120395C012903D13D5404208E
:104E200002F0C0FDD7204000305C082101430A2970
:104E300001D104F00DFA25465C352D68002D03D014
:104E4000686856F722FEF8E75C3420463DF77BFEA3
:104E50000020FEBD0031005002330050800FFD07DE
:104E6000040FFD07740CFD07111111110000C40996
:104E7000180A7A224243C34880180978782281545C
:104E8000002070477CB51E0A0C2070434A4A101857
:104E9000C27A3446002A15D00020019000907A2072
:104EA0007043B84A125C012010400A88002A06D1DB
:104EB00000287BD0881C6946082259F71BF9002876
:104EC00074D13EE00A88002A20D000200222FDF79B
:104ED00017FF00286AD005467A225643A948801950
:104EE000294659F7E3F82046FDF7ECFE7920285CC7
:104EF00004285ED832490A189278AA2A59D180002B
:104F000008188A68C260501C886052E0451D01790B
:104F10000120002908D02A796B791B029A180129EF
:104F200013D1294B9A4210D906222946FDF7E8FEF3
:104F300000283BD001467A2256439248801959F7FF
:104F4000B5F82046FDF7BEFE33E01E48401C024087
:104F5000012921D10120800382421DD10020FFF7C9
:104F600051F9002822D006460301083317480921C9
:104F7000042256F71DFE0446467017202070A01C20
:104F80000622294659F792F820460830FFF73AF9E9
:104F9000204656F726FE0CE0012901D1002A05D053
:104FA000FE200140022901D10320BDE72046FDF784
:104FB000C5FE00207CBDC046800FFD07FA0BFD0733
:104FC0006C09FD07FFBFFFFFFFBF0000140D0000CD
:104FD000F0B589B01D4614460878022827D001286C
:104FE00035D0002840D14C48067800211F2E009172
:104FF00001D82020811B01AFB81959F770F8464835
:10500000411C3846324659F751F833460A3318489E
:105010002946224656F7CCFD04464680009820706B
:10502000201D3946324659F741F820461AE010480B
:105030000A232946224656F7BBFD7D210181002126
:10504000C1801021818008214180022109E032487D
:10505000468C07480A232946224656F7A9FD468072
:105060000121017056F7BDFD002009B0F0BDC0461A
:105070000B0E00000020704710B51946E12000011A
:10508000062356F795FD0024848044800121017099
:1050900056F7A7FD204610BD1CB51C46087801A98F
:1050A000087007F007F801988006C00FBC21254A58
:1050B0005054907D002802D0200A07F091F900207A
:1050C0001CBDC0460020704770B51D460C460878D0
:1050D00001280AD000280DD162880F480270401CB8
:1050E000211DD2B258F7E2FF02E060880A494884E5
:1050F000002600E048260A200543F520854307489E
:1051000004220223294656F753FD46702178017088
:1051100056F767FD002070BDF00FFD070D0E000073
:1051200080B5FF20B030E349085C042809D1064867
:1051300009210422012356F73BFD0221017056F795
:1051400050FD80BD740CFD07030D000010B51C461A
:10515000891D02201022FDF7D3FD240A00280BD060
:1051600001467A2210466043064B181858F79EFFF6
:105170002046FDF7A7FD02E02046FDF7DFFD0020F9
:1051800010BDC046FA0BFD07F0B5BBB00C46487821
:10519000002801D0522500E05025207A202715282C
:1051A00010D326460E363B491022304658F7A2FF50
:1051B000002806D038491022304658F79BFF0028B7
:1051C00000D12A270B9727780420384304285ED182
:1051D0000A951DA87821099058F781FF0CA8412154
:1051E00058F77DFF2820205CFF38E1790891A379EA
:1051F00061792279E578A6780790042F01D029A754
:1052000000E026A7009301A866C00A9805900697BB
:1052100026A109980B9A089BFEF7C2F9207804286A
:1052200032D1207A00282FD0607A02282CD30B3478
:10523000401EC5B228462146002815D00A781F2AEC
:1052400003D9401E491C7E2AF6D90CAE2A4F002DE8
:1052500008D0227830463946FEF7A2F96D1EB61CFA
:10526000641CF4E720A405E00CA821462A4658F760
:105270001DFF22A41DAD2846FCF782FE2818801EC3
:105280000CAA2146FEF78CF91DA802F0C3FA0020F3
:105290003BB0F0BDDBD2FC07CBD2FC075253500031
:1052A000000000004144560000000000282563294A
:1052B00020253032583A253032583A253032583A83
:1052C000253032583A253032583A253032582C257C
:1052D000632C20547970653A2025732C2052535347
:1052E000493A25640D0A00002C205253503A307878
:1052F00025730D0A000000001FDAFC072C20525312
:10530000503A25730D0A000070B50C78641E162CF7
:1053100026D8C0467C4424796400A7441721242160
:10532000212121212121210B0BBBBB210E0E2E217E
:105330002121430006F0F2FFACE05FA002F06AFA20
:10534000FF20B0305B4900220A54A3E048780028CF
:105350002FD05E48C82101805D4808210180FEE70A
:1053600006F05EF996E0487800282AD05748C82110
:105370000180574808210180FEE74878442800D082
:1053800088E045A002F046FAFF20B03049490022EB
:105390000A54D7204000085C0A287BD10020FDF782
:1053A0005DFC77E04878472874D1180AFDF7C6FC01
:1053B00070E0FDF72BFC56F714FC46480021C16352
:1053C00068E0444C2079002802D08020607104E01D
:1053D00041480021C17041480170D7204600354D39
:1053E000A85D00280ED02026A05D01282BD1E07FEB
:1053F00002282DD0012839D1A07F03F083FF02209D
:10540000E07733E006F096FD7420205C002802D09F
:1054100034A002F0FFF904200124214656F74BFD89
:10542000FDF74EFB002801D003F012FFFF20B23041
:105430002C540A20A855752080002C54B920400017
:105440002B49295212E0FF20B030002129540AE0F4
:10545000FDF798FEFDF718FB607F012801D103F0EE
:10546000F7FE0020A0551E4802F0D4F9214801891A
:105470004068214A1060516020480178012907D115
:1054800000214160017006F07BFD1D482221016072
:1054900006F0A0FE002070BD434F4E4E45435449D8
:1054A0004F4E204641494C45440D0A4552524F52F9
:1054B0000D0A0000740CFD075343414E20434F4D2D
:1054C000504C4554450D0A4F4B0D0A000031005019
:1054D00002330050040FFD075877FD07B477FD072E
:1054E0000BD8FC070D0A2B52454144590D0A000008
:1054F0004C040000F8DCFC0724000040540EFD07BB
:105500001010005010B5104656F707FD002806D0C1
:10551000DC48C8210180DC4808210180FEE70648FC
:10552000092104220124234656F742FB047056F752
:1055300058FB002010BDC046020D000080B510468B
:1055400056F7EBFC012809D1FDF7BAFA002805D07F
:105550000420022156F7AFFC03F07AFE002080BD44
:105560000020704700207047F8B51D4616460C46CF
:10557000104656F7D2FC002801D00020F8BDFD20CF
:1055800001F02EFF002811D007460F4804213246B3
:105590000B4656F70DFB290A0170E90A0DD1B988AF
:1055A0002288511A418056F71CFBE6E7B548C8210E
:1055B0000180B54808210180FEE7B248C82101807A
:1055C000B14808210180FEE70DFD000080B5087894
:1055D000FE210140122901D1FEF7D0FA002080BD42
:1055E000F8B51D4614460E46104656F796FC01289F
:1055F00019D000284DD1142001F0F2FE002814D05B
:105600000095418B3288038B5D1C0023092B34D01D
:105610000F46DF40FF0704D0AFB27F1C97420BD08C
:10562000AD1C5B1CF2E7022434E09648C8210180DF
:10563000954808210180FEE7DFB2082F1DD8051D1F
:105640002D68002D28D02979B942F9D16879831DB8
:105650008B480099224656F7ABFA074630883880C7
:1056600000243C7168797880781D6A79A91D58F703
:105670001DFD384656F7B5FA0CE08148062300991F
:10568000224656F795FA318801808021017156F73C
:10569000A8FA00242046F8BD0777009B190A417735
:1056A0000088754A024000B2C10B1940FF208143B7
:1056B00011430748012522462B4656F779FA077011
:1056C00056F78FFA2046294656F7F5FBE1E7C04624
:1056D00002140000FEB51E4615460C46104656F74D
:1056E0001CFC002807D0284656F717FC401E4142F4
:1056F00041414800FEBDFC2001F072FE002813D09D
:105700008179238802AA0027178001976A461780AB
:10571000591AC9B213290ED00D2917D102A9022294
:105720000A800A3001900FE0DE48C8210180DE487F
:1057300008210180FEE702A802210180300A4CF70F
:10574000FCF9694608800191082007E002A901AA36
:1057500018464AF766FD07460298801D83B24848FE
:1057600031462A4656F724FA0546208828802F71AC
:1057700002A802886A80002A03D0681D019958F7A0
:1057800095FC284656F72DFA0020FEBDF0B585B0F1
:105790001D4614460E46104656F7BFFB002801D0A2
:1057A000022063E0FD2001F01BFE002823D00190C1
:1057B00004A900270F703088FEF776FA034603A885
:1057C0000780002B1ED00293BB1D2D482946224680
:1057D00056F7EEF9044630882080678002982071E1
:1057E000002804D1601D03A93A4658F75FFC204603
:1057F00056F7F7F939E0AB48C8210180AA480821DB
:105800000180FEE7280A009004A807781420784356
:1058100017490A181279022A0ED10858008815492A
:10582000884209D1009839461F46FEF759FA3B468F
:1058300003A908800227C6E700200199085E954960
:105840000140C00B0540FF2085430D430B48042356
:105850002946224656F7ACF947800099017056F761
:10586000C0F90121204656F726FB002005B0F0BD07
:1058700014D1FC0702290000FF7F000004FD000096
:10588000140C00000031005002330050002070471B
:10589000FEB51E4614460D46104656F73EFB002840
:1058A00007D0204656F739FB401E4142414148008F
:1058B000FEBDEB48042331462246029356F778F9A1
:1058C0000746FC2001F08CFD002845D004468020CE
:1058D000B87028883880A179401AC0B2801E0B2881
:1058E0003B4600D9D1E0320A784400794000874431
:1058F00005CC3ACCCCCC6ACC96CCCCC501926A888B
:10590000A98828881F46AB1D4AF797FBB8702088E6
:10591000D149014000B2C00B0640FF2086430E4330
:105920003F208002FC220823314656F741F9044605
:1059300001984FF7A5F9002161602080687A000680
:105940006060297A090408186060E979090208187A
:105950006060A979012232E0BC48C8210180BC48BE
:1059600008210180FEE701926A88A98828881F46DD
:10597000AB1D4AF762FBB8702088B749014000B2FE
:10598000C00B0640FF2086430E434548FC220823F7
:10599000314656F70DF9044601984FF771F9002189
:1059A00061602080687A00066060297A090408181E
:1059B0006060E979090208186060A9790222A27082
:1059C0004018606026E001926A88A98828881F46EE
:1059D000AB1D4AF732FBB87020889F49014000B2E6
:1059E000C00B0640FF2086430E432B48FC220623B3
:1059F000314656F7DDF8044601984FF741F900218A
:105A0000A1802080E8790002A080A9790322A270F9
:105A10004018A080204656F7E4F83B4635E0019256
:105A20006A88A9882888AF1D00933B464AF705FB82
:105A30000099887020888849014000B2C00B064058
:105A4000FF2086430E43A888001D83B21348FC2222
:105A5000314656F7ADF8044601984FF711F920800A
:105A6000201DAA88394658F721FB2879E070029852
:105A7000A070204656F7B5F8009B06E0A879E979B2
:105A800000229A70090208186081184656F7A9F892
:105A90000020FEBDFF7F000002FC000003FC0000B0
:105AA00001FC00000031005002330050F0B595B009
:105AB0001C4615460F46FD2001F092FC002812D02E
:105AC000089009950CA900260E703888FEF7ECF8AE
:105AD0000546788800280DD05C48C82101805C48C4
:105AE00008210180FEE75948C82101805848082153
:105AF0000180FEE7002D7AD1200A04900CA80178DD
:105B000014200391484353490A181279022A37D1C5
:105B100008580088C249FF31884231D102940020E0
:105B20000B9006900A903E8830464AF7FDF90146F0
:105B3000079705908888B5B285421AD3C8888542F0
:105B400017D80DAF284639464AF70DFA069B009341
:105B50000FA910AC3846079F22464AF7F7FA20886B
:105B6000761EAF4988420599E4D1691C88B2884203
:105B70004BD03648C8210180354808210180FEE716
:105B800011961096388810A94AF7EDF90820109957
:105B9000085E002806D47A88B9883888BB1D4AF781
:105BA0004CFA06463546002D21D100250898405F65
:105BB000294A0240C10B2140FF2081431143B8888C
:105BC000801D83B22548099A55F7F2FF2646044600
:105BD000801DBA88B91D58F769FA03986080B888A3
:105BE00004992170A0802046344655F7FAFF1C48DE
:105BF00004232146099A55F7DBFF85703988018017
:105C000055F7EFFF002015B0F0BD10A900250AAB35
:105C10002A464AF72EFCB88802280BD1FA8810A829
:105C20004078800709D40220C0430242029C07D07A
:105C30008125B8E70D25029CB5E7012A029CF7D81B
:105C400004980399FEF7BAF9ADE7C0460031005059
:105C50000233005014D1FC07FF7F00000AFD000052
:105C6000160C000080B5012103F05EFA80BDE0B59E
:105C700001F0F0FF01A801F03DFF8CBDF0B587B049
:105C80000D4604908868083000260090314655F78C
:105C900081FE01902846314603F046FA434C0295B6
:105CA000022E7AD0FFF7E3FFA868020B3D490842B5
:105CB000039600D0521C6E683B48064000250592B2
:105CC000954234D00498002817D0304601F05EFF8A
:105CD000002857D1002701F0B3FFC00721D020884A
:105CE0000006F8D5CD4800680004F4D43048874257
:105CF00048D07F1C56F771FBEDE701F05DFF0028EF
:105D000040D102F01FF800283CD1022002F070F8C8
:105D100001204007304302F07FF801F0A7FF002880
:105D200030D120488019461C6D1C059AC8E7019F98
:105D30003846009E314658F7D2F9029DAA68296874
:105D4000384658F7B3F91B4B1868411C0122D2435F
:105D5000101A19605860A9681A687A547918030EE5
:105D6000CB71030C8B71030A4B710871100EC87054
:105D7000100C8870100A4870696806AB38463246C5
:105D800001F088FF029D686806490818401C686099
:105D900001F01BFF039E761C82E7019855F775FE04
:105DA00007B0F0BDFF0F000000F0FFFF080000503B
:105DB00080841E00E8DCFC07F0B58BB004464AF78F
:105DC000B3F8024602909188A0B20026884223D3FD
:105DD000D188884220D8039404AF39464AF7C3F8E3
:105DE0000026009606AD07AC3846294622463346C3
:105DF0004AF7ACF90A4B287821881A46FF329142BB
:105E000001D1022807D09942039C01D1022803D076
:105E1000641C029AD7E7039EB0B20BB0F0BDC04637
:105E20000328000010B5BC20254900220A5425484B
:105E30000A2104240123224655F7BAFE047055F7BF
:105E4000D0FE10BD70B511490A880888012420438E
:105E5000088008881E2398430880A5020C484580C6
:105E60000525058005886D07FCD480880D881426DB
:105E70002E430A25AE430E800D88A5430D801A409F
:105E80000C889C43A2180A8070BDC04622000050B6
:105E90000016005080B50A48007800020A3081B22E
:105EA00008480422012355F783FE0721017055F7A6
:105EB00098FEC8200449FCF77BFF6849C87380BD81
:105EC000740CFD07050E0000955EFC0710B513214C
:105ED000C943074A002909D0531834241B5D891C83
:105EE0008342F7D150183321405C10BD042010BD0F
:105EF000800FFD0710B50120840206480460BFF33F
:105F00004F8FBFF36F8F02F061FE034804600348B8
:105F1000046010BD80E100E080E200E000E100E00C
:105F200005494118414049080020090402D0401C9D
:105F3000490CFAE780B27047FFFF01007FB5044AC1
:105F400001A90B4670CA70C3FFF798FE7FBDC0461B
:105F50000CCCFC0770B5414C217F0120E27E032A66
:105F600000D1042203468B40550108490A78084EA7
:105F7000002A02D075196B8000E0AB5342400A70D2
:105F800064200449FCF714FF607670BD14DEFC0742
:105F900002300050555FFC0780B5042055F7BDFF67
:105FA000C11E4842484180BD80B50C3080B20221FC
:105FB00055F7A8FC80BD000070B5184EB06842F7D8
:105FC0006EFF26498A6B00238B631518084C284600
:105FD000214657F7F1FF706106494143481901D046
:105FE000201A80B23061306808210143316070BDF1
:105FF000710200008FFDFFFF80B50648002101609F
:10600000054856F777FA0120C00704490A68824319
:106010000A6080BDAC76FD07E2040000300000405D
:1060200080B542F73CFF80BD80B542F729FF80BDB7
:1060300010B501468000094A1418A06C002800D051
:1060400010BD483409020A31054804221E2355F7C1
:10605000AFFDFF2108310180206010BD040FFD0756
:10606000140E000000B5A7B01048C8211F9101828E
:1060700000211E9141820E4808211A9101800D488D
:106080000088C046C0460C4F01223A720B4B18885C
:1060900007212091884318800F200F90000215904F
:1060A00005252C07608D800517D509E0F0300050DC
:1060B0000233005042000050040FFD0782000050E0
:1060C0001598FF301988014068030818188018884F
:1060D000402101433820814319801D9512925602B8
:1060E00065883D85608C0127384360840D200E90C3
:1060F000FBF728FF608918973843022119918843DC
:10610000608160894006FCD51B9665807D20C000BB
:106110001790FBF717FF6089032114918843608172
:1061200060890006FCD5608C189FB8436084F44AEF
:106130001E9E1660608A402528436082EB431393BD
:10614000608A184060825661EE4890623804109070
:10615000D062208880211C91084320803F20169027
:10616000FBF7F0FEE64B1F60E74A11466C31E7484B
:10617000008809918880E6480068D066E548018873
:10618000918440881E605084608A11952843608203
:10619000608A1399084060825E61DA4999621099B9
:1061A000D9621F4620881C9D284320801698FBF743
:1061B000C9FE38682099884338602088A843208029
:1061C000D548D64957F78BFF1D9F7902D44857F71A
:1061D00086FFFBF7A3FDD348D34930220D9257F732
:1061E00065FFD248C671867146710671C6708670A9
:1061F0004670FD210170CE480670CE480A210C91F0
:106200000170CD4832210170CC48CD490160CD48A4
:10621000CD490160CD49CE480860CE480670CE48D1
:106220000760CE4818990160CD480760CD48062127
:106230000160CD4820990160CC481A990160CC4892
:106240008A210160CB480160CB48B3490160208AB4
:10625000199988432082A08A0007FCD5608A2021F2
:106260002091084360821298009014990F02C34E47
:10627000199D28463A461A9BB0471E9E0096072352
:10628000284631463A463D460A97BC4FB8470096E5
:1062900009211391062319982A460B93B74FB84743
:1062A000009604211D910523199D28463246089326
:1062B000B847B348219021A801F05EFD01F0CAFC67
:1062C00001F083FC01F0FAFB129800902846149923
:1062D0000A9A3346A94FB8470096284631461B9F75
:1062E0003A463346A54DA8470096199813993A4661
:1062F0003346A24DA8470096199805461D993A467F
:1063000033469E4EB0471A9E00F0C2FE20890D997A
:106310008843208120891C99084320812089189F67
:106320003843A8432081208930432081208C0843B2
:106330002084608AB04360822089119908432081BB
:10634000208A1D9988432082A08A8007FCD5208C52
:10635000384320843803618DC9000140208C894A6C
:10636000024050182084208C282101435020814372
:106370002184208C0B9908432084608A30436082FA
:10638000208C1C9B9843208420891199884320816C
:10639000608D1B9E304202D07B4808994180B9072E
:1063A00008687A4A10401D91086016984002784D9E
:1063B000296881437803091829607649491C2A68AD
:1063C0000A432A60744A1188169189212181288004
:1063D00020881843208020881499884320801088C2
:1063E00019990843108001F029F93CF7E9FA3CF7C4
:1063F000EDFA64200D90FBF7A5FD684908880B9025
:1064000048880890664A90880690D0880590C88889
:106410000490488B03906348008802901088019094
:106420001E9D0D804D80604890802F3ED680CD808F
:10643000C32010805D481A990180380207907C3093
:10644000FBF780FD5A49304E012D31D81B95594834
:106450004180FF22828001230380C288D207FCD1C1
:10646000002215461746BFB2179E1536B7421AD2FC
:10647000CE5DC819807870401840EEB2B040D2B2FC
:1064800002436D1CE8B2082808D11E9DA8B24A4EEE
:10649000301802736D1C1E95002215463E481F9E43
:1064A00006821037DFE71B9D6D1C174E189FCBE748
:1064B000394816990180002016903C4908803748D9
:1064C0000B990180089941803549069A8A80059A7E
:1064D000CA80049AC280039A42833248029A028098
:1064E0000198088020881C9DA84320803248C068FD
:1064F0003CF747FA3079002860D0757163E0C046F8
:106500000000F407204F101A040FFD07ACFFF80736
:10651000A8FFF80710FEF8070064FD073C0E000016
:106520000076FD07FC76FD0758ECF10730E5FC0727
:10653000F976FD07B476FD07DD76FD075076FD0799
:1065400000D4FC075476FD0754D6FC075876FD07A7
:1065500098D5FC07B576FD075C76FD076076FD07EC
:106560006476FD076876FD076C76FD077076FD079B
:106570004876FD074476FD074C76FD07BD26FC07EF
:1065800000000203FFEF000082000050FFFEFFFF4B
:1065900000020040FFFF1F00F030005000240050B8
:1065A0006228005002260050808000002020005009
:1065B0001001FC0700350050F8DCFC07CE48002134
:1065C000C170CE480170CE4800683BF773FE1D993C
:1065D0000868079A10430860C748169D0571C57082
:1065E000C84E0E9A3270C848056045608560701CC0
:1065F000C64957F75BFD75840426C549304655F7F3
:1066000028FC0B963046294655F755FCC149062211
:10661000099D284657F76EFD002806D0A88821A9B5
:106620008880BD4EF06E219005E021A8BB49818095
:10663000BB482190B84EBB48001D21A9062257F740
:1066400035FD1699F165316671663175B6480160A0
:1066500014203074B54BED33AB4D002B08D0E81847
:1066600035210B9A42543421FF2242549B1CF4E7FB
:106670003079002802D08120707104E001209E4909
:10668000C8709E490870AE20A9490F54AD200F5420
:106690003A46A84F2098169E3E54B9204000A6497D
:1066A0003952D720400008903E521B2000013E5432
:1066B0002120C0001E903E542320C000179939505D
:1066C000112000013E54FF25284610303E549B48BF
:1066D00038639B48B8850D98B862FA757F20B882F8
:1066E0009848386138462C302B21817019201B9036
:1066F00080017862452080000C9939505D2080002F
:10670000381891A11C2257F7D1FCC92040001399D9
:1067100039541B980001934939522846943038184F
:106720007A490D2257F7C2FC2846B230189A3A54DB
:106730000C95AE350F9979557D48466002708A49AF
:1067400021A8024668C968C2FFF78CFA8748018809
:10675000874A914205D15121C900405A8549884252
:1067600002D00020FDF720F8834921A8024668C91D
:1067700068C2FFF777FA9E26804D28888049814AB3
:10678000884202D1A85B904212D0A81C9C2157F7E6
:10679000A6FC7C48A8536A201499295436201999DC
:1067A0002954774828801898A8700020FFF7C6FB66
:1067B000FDF7B4F84820544E0E90335A354648350C
:1067C000714A7249934202D16B8A8B420ED00E9865
:1067D00032526F4A6F4BF2645A4830657365698272
:1067E000169828820C216980FDF7A2F8FDF796F82B
:1067F00038460A3031464A311022149257F756FC77
:10680000654921A8024668C968C2FFF72BFA7221C0
:10681000414E735A30467230604A934203D1C38866
:106820005F4DAB420FD072525D49C1801699818095
:10683000418074201899782802D03154401CFAE71E
:106840000020FDF753FFFFF7D7FB1698E082608C1E
:10685000A021014311988143618452481F9901820C
:1068600051481A99018021A8083009901898C0034E
:106870001B904E484E4908184E4940188008401E4B
:106880000F901D4D2089000600D488E11D98006BF3
:106890001B99084200D082E12888C00700D07EE121
:1068A00055F79BFDF07A042800D096E0002521954D
:1068B00021A8042146F79EFB002800D18CE01898FF
:1068C0003D49086008680028FCD11D98C069F16A3C
:1068D000884201D2F5622946F279012A6ED1F0622E
:1068E000F571FFF7AFFAF084FBF72EFA002873D1A9
:1068F0001298F07170E0C0465877FD07B477FD0735
:106900004C76FD07F00FFD07800FFD071CDCFC0730
:106910005CCDFC0790E1F107040FFD072348000060
:106920000400F435F8DCFC07CC06FD07FFFEFFFF92
:10693000540EFD07740CFD074C0400002B2B2B009C
:106940002B2B00007B007F001107B75C49D204A30A
:106950004071A0B535853EB083070302F5FE0508FA
:10696000434E76321C0E0000E8CBFC076C09FD0795
:1069700035120000224300000CCCFC07CC08FD07B8
:106980007956000066870000573400004465000017
:106990000000C4097F00010100CCFC07CEAB000061
:1069A000BBDC0000F030005002330050E4D70000A0
:1069B0001005FC07030004F8FC000040411AC90957
:1069C000192909D3F062FFF73DFAF28C111A00D2AF
:1069D000811A89B2182986D2CB4D2098385C0028BC
:1069E00000D1DAE0B86D022849D0002800D0D4E008
:1069F000FFF7D2FA002800D1CFE0C420385AFFF7C1
:106A0000D3FA0D99795C0029129902D0189948405F
:106A10000146002933D121A80C9901711698099AD1
:106A2000106050609060D0603B20C000385809066C
:106A3000884383210906401821901E98385C00285D
:106A400004D0B248B249C16002F0C0F821A802F0F7
:106A5000DFF8B048B049016102F0D4F90C980C306D
:106A6000395C85204000385C129A009214230A9AFF
:106A7000FBF724FE2220A949C8601998B86501F0E7
:106A8000D7F91C983E58308A002838D08C21795884
:106A9000814238D188203958491C39500629169D21
:106AA00036D3D0203958491C39509C4A108818993F
:106AB0008843108010880B9988431080CC20395867
:106AC000328A8918395039464831139100250D64AE
:106AD000EFF3108072B6896B384668303CF73EF8A9
:106AE00062B6318A12363046FCF794FE13988563FD
:106AF00005F00EF800280BD102F084F908E0902090
:106B00003858451C04E039464831169D0D644864E8
:106B100090203D504420385C0028814E7A4D1AD098
:106B2000C420385AFFF740FA002834D0EFF3108021
:106B300072B6386F00282DD1F86C01282AD10020B8
:106B4000F86422257548C56062B602F05BF97348A7
:106B5000C5606D4D1FE00E98385C0028E0D0EFF363
:106B6000108072B6386F62B60028D9D0F86F00284E
:106B7000D6D1EFF3108072B6384668303BF7D2FFBB
:106B8000F86762B60898385C052800D0B8E001F0D4
:106B900079F9C5E762B602F03BFA05F0BBFAEFF30C
:106BA000108072B62098385C002859D01E98385C46
:106BB000002848D0F148008AC00741D1F86F00286A
:106BC00041D11C983858008A00283CD1E848007907
:106BD00000250228284602D0E2480068806A2190F9
:106BE000FCF75EFE002800D06CE154F7B0FD0028F1
:106BF00000D167E1A08AC0070B9D00D062E1DC48AC
:106C000000880028189D00D05CE1DE48806A0028DA
:106C100003D0D4480068806A2190D548817821A8A3
:106C200055F7A0FA0028189D00D14BE1D048817893
:106C300021A846F7DFF9002800D042E1012541E113
:106C4000902000213950C44E3079002803D01C9880
:106C50007071C74D04E00020C54DE870C54908704B
:106C60002879022803D0BF480068806A00E000202D
:106C70002190B848C088C00700D01DE1FCF710FE85
:106C8000002800D018E154F762FD002800D113E17C
:106C9000E87800282DD0A08AC00700D091E028888D
:106CA000002826D1B748806A002803D0AD48006884
:106CB000806A2190A97821A855F754FA002818D0A5
:106CC0001D980069400614D4A97821A846F792F9C6
:106CD00000280ED0307B002131731D9AD16BAB4B55
:106CE00019400F31D163A349097802291AD08326AC
:106CF00019E09849881E1A9A028030BF0A80DBE0AA
:106D000001F0DEF80CE7C0465877FD07800FFD075D
:106D1000F55EFC077803FD071DC8FC070410005052
:106D2000040FFD07B526012800D12136B0021D9AB7
:106D3000D16B974B19400818D063D06B8B49084032
:106D4000372189054018D063219D9248854200D3A0
:106D5000F6E0E802642157F72FF9002D00D0451E18
:106D6000301D854200D0EE1E81480179481E8141C8
:106D7000304642F714F98848C06A80471D991B9A2B
:106D8000086B1042FCD0744B1C9E774D0799286805
:106D90000842FCD02868B04328606E480089452826
:106DA00004D846216B4A1181081A98633BF7BBFA55
:106DB000A8686949486328680006FCD52089B04363
:106DC00020816C480078218A0426314321826C4A54
:106DD000116831431160618A209A91436182218A4E
:106DE000199A11432182618A012803D114988143A1
:106DF000618222E0B14361820020584D2860618A9F
:106E0000119A11436182618A914361826861544899
:106E1000A8621098E862208813961C9E3043208058
:106E20003F20FBF78FF8608A1499084360820F981F
:106E300068612088B043139E2080032054F742FDF0
:106E40004549C870208A159908432082608C5349AF
:106E500008406084608C0125284360840D20FBF786
:106E600071F86089284319998843608160894006D8
:106E7000FCD500206080A08A800603D53548801E9E
:106E80001A99018030BFA08A800602D531481A992C
:106E900001803148C078012806D132480068028953
:106EA0004168032054F7E8FC33480570344908680A
:106EB000B0430860284E2E4D62B625481F990182C6
:106EC000E0E40425042D00D0BDE69C2038580028BD
:106ED00000D0B8E6386F002800D0B4E62748008814
:106EE000800700D5AFE602F059F8002800D0AAE6E6
:106EF00090257859022800D2A5E60026304602F0F7
:106F00005BF8002800D19EE601F048FE1C997858F5
:106F1000002803D054F78FFE1C983E501798183065
:106F200019490860BFF34F8FBFF36F8F7E51BE6565
:106F3000094E3079002801D0812089E618988BE627
:106F400003481F99018203481A990180FEE7C04651
:106F5000F030005002330050040FFD070000F4072A
:106F6000204F101A5876FD0700020040FFFF1F0057
:106F70005877FD07B477FD07540EFD070410005045
:106F800010ED00E0787EFD0780E100E000FCFFFFEF
:106F9000FF03E0FF40420F00B47FFD07FFFE00004B
:106FA00001207047B0B50C4601464039042914D879
:106FB000880001A108588746CD6FFC072B70FC079D
:106FC000F56FFC07FF6FFC070970FC0720780228AB
:106FD00033D307205070D02021E0072819D0012892
:106FE00021D11848011D062510462A4657F75EF89C
:106FF000002024E0207800281FD0402019E02078CD
:1070000000281AD0642014E02078002815D03220FF
:107010000FE02078022810D301205070F420107067
:10702000002002250BE00120B0BD2078002804D00C
:10703000062010700020012501E0042000252570A5
:10704000B0BDC046F8DCFC07002070470120704747
:107050001CB5044600F0FEFD01A800F04BFD002C1D
:1070600000D01CBD00F0B1FD1CBD0000D7204100C8
:107070009548415C052904D14288002A01D00120AD
:1070800070470A394A424A41007A10407047C04668
:10709000F0B589B0854A1088022188431080908815
:1070A0000007FCD501252802518A014351828048FE
:1070B0008049902256F7FAFF7F488049482256F7C8
:1070C000F5FFFAF714FEFAF718FE7D487D490160D6
:1070D0003B20C0007C4A1158002901D17B49115046
:1070E00020200490105CFF210791D6310391515C60
:1070F000014314D105F030FB754CA088C00702D0C5
:1071000001F056FEF9E77348002802D000BF401E88
:10711000FAE7714800214160017004F0DFFC6F481C
:10712000089008A800F028FE0595009503210A02A2
:1071300002200024029006922346FBF7BFFA00F0DB
:10714000D5FB2420C643002E00D18CE037462537DE
:10715000F8B20A2156F730FF0921C9434143C91942
:10716000EC4A93192922D2009A5C551E032D09D2AC
:107170000094079BDB431202D21892B2C0B2C9B28C
:1071800023461EE0042A07D0052A0ED1092F27D84E
:10719000CAB2032A10D923E0079A6E329A5C009291
:1071A000C0B2C9B20023069A0BE0062A0CD1092FFF
:1071B0000AD8CBB2042B07D20094C0B2C9B20F23B5
:1071C0002246FBF77BFA0BE0D21F072A08D8C046FD
:1071D0007A44127952009744050A030303030F21EE
:1071E000761CB0E70094C0B2C9B20923DBE7009473
:1071F000C0B2C9B20A23D6E72122D200DC4B9A5C86
:10720000002AEDD0DA4A039BD25C002A26D0059AE8
:107210000092C0B2C9B200221346D2E72122D700A1
:10722000D34AD25D002ADBD0049AD14DAA5C039BDD
:10723000EB5C134310D1059A0092C0B2C9B214237B
:10724000069AFBF73BFAE85D0028C9D0204A10688F
:10725000029988431060C3E7059AA0E70094C0B282
:10726000C9B21323ACE70598009002260321082336
:107270001B4D3046069F3A46A847009407233046E8
:1072800021463A46A84700940921062330463A464B
:10729000A84700940421052330462246A847034905
:1072A0004888049A1043488009B0F0BD100000508F
:1072B00020000840E4D4FC07C000FC079CD4FC0775
:1072C00000000840FFFF3300740CFD0706110000AA
:1072D00010100050C4090000540EFD0710000203F6
:1072E000BD26FC0703480188034A11408918091D7F
:1072F0000180704712000050FC7F0000FEB505467B
:107300004488E0B2142805D0FD2805D0FC2819D106
:107310006D4802E06A4800E06A48684E324616321C
:1073200021235B1E05D017881832A742F9D14220CD
:107330001DE02027002F1BD0F28AFF2A04D07F1ED9
:107340001836F7E74020FEBD02916B78AA882946DF
:1073500008310091A91D04683046A047002804D1D7
:107360006988F182B18A029A1180002F00D0FEBD97
:107370004B20FEBDF8B50C460546504E2027002F89
:1073800012D0B07D14284E4906D0FD2803D0FC2829
:1073900007D14D4900E04B49CB683046294622468B
:1073A00098477F1E1836EAE7F8BDC046F8B5044690
:1073B000424D2026424F002E11D0A87D1428394678
:1073C00006D0FD2803D0FC2806D13F4900E03D4906
:1073D0008A68284621469047761E1835EBE7F8BDA7
:1073E000364916312122521E06D00B8818318342AD
:1073F000F9D11E390868704700207047B0B52F4991
:107400001431C3B22124FF22641E06D00D88183126
:107410009D42F8D11639098800E01146904308438F
:10742000B0BDC046B0B525491631C3B22124FF22F4
:10743000641E06D00D8818319D42F8D11A3909888A
:1074400000E0114690430843B0BDC046F8B51B4C60
:1074500000281ED020251A4E1A4F002D2CD0A07DBA
:107460001428314606D0FD2803D0FC2805D1164942
:1074700000E039464968204688470020E081606086
:10748000A060FF20E082207D54F75AFD6D1E183465
:10749000E3E71025302D0FD0FF20E082A5820020E9
:1074A00020606060A060E0602061E8B2214654F78F
:1074B000D0FC6D1C1834EDE7F8BDC046B803FD07DD
:1074C000F0D3FC07B8D2FC0754DCFC0780B50146BA
:1074D0000548006D002803D004A0FBF7CDFF80BD58
:1074E000084601F019FE80BD040FFD07256300006A
:1074F00080B5FFF7BBFD00280AD077208000054942
:107500000A5C002A04D101220A5403A000F082F987
:1075100080BDC046740CFD072B434F4D4D414E447A
:10752000204D4F444520535550504F525445440D23
:107530000A00000080B5D72041000D48415C0529B4
:1075400004D1828B002A01D0012104E00A394A4289
:107550004A41417A1140002909D0FF21DE31425CC5
:10756000002A04D10122425402A000F053F980BD48
:10757000740CFD072B42494E415259204D4F444552
:1075800020535550504F525445440D0A00000000FE
:1075900070470000F0B58BB01F2109041B4A136827
:1075A0008B4301214C041B191360CB04184A146847
:1075B0009C431460184C194D194E4661194E1A4FD0
:1075C0001A4BC36106624462124B8362C562184B58
:1075D00007604360880411688143116000202828F7
:1075E00003D001A90854401CF9E7864800684030E0
:1075F00001A9282256F75AFD00F020F8FEF722FCD8
:107600008149C884FAF7A0FB0BB0F0BD74000040BC
:10761000000200403976FC073576FC07E176FC076E
:10762000F176FC074528FC07D576FC07D776FC07E2
:107630009175FC0700207047704700000B480C490B
:1076400001600C480C4901800C48418802220A4321
:1076500004218A4342800A4963220A80F8494A8CFD
:10766000084B1A80898C01807047C046800000401A
:107670004C0554076A280050EBE600000026005035
:10768000062C00501028005080B51F200004012156
:107690008A07536F834348041818506710680723FC
:1076A000984310600A4802880A4302218A430280F4
:1076B000028808210A430280428C920504D5028B7D
:1076C0000A4370218A430283FFF7B8FF80BDC0469A
:1076D00008000050704740087038C0B27047000082
:1076E0000248016807220A430260704730000040E8
:1076F00000207047F8B501242002009066023F4F39
:10770000384608380568002D76D0280615D5802023
:10771000386045F718FBEF204000CA4A105C401E55
:1077200041424141D7204000105C401F421E904121
:10773000084034490968A6228852A80703D50220C8
:10774000386041F7C6FA280707D5082038600020BE
:1077500041F77FFA0420D749C8720098054204D047
:1077600000983860204641F774FA354202D03E60F6
:1077700045F752FB680603D54020386041F764FAAC
:10778000E80603D5102038603FF799FE68070DD44E
:10779000E80706D03C6054F79FFE45F7D4FAC54889
:1077A000C472A806ACD520203860A9E70420386050
:1077B00013490888A043088054F772FE3AF77CFF0B
:1077C0000020BC49C872114800888005E0D5B9483E
:1077D000007B0028DCD1B74804730D480088C0073F
:1077E000D6D12046FBF7CAF831462C318842CFD992
:1077F0000220B0490873CBE7F8BDC046180000402E
:10780000083300504C76FD07040FFD072A00005096
:107810000015005010B504460120FBF771F8002850
:1078200005D103A02146FBF727FE04F073FC10BD31
:107830000D0A257300000000F8B50446FEF7ACFB06
:10784000002813D0D72047007E4EF05D052814D1C4
:1078500075882046FAF794FB00210091401C82B203
:107860000C232846214604F0A9FEF8BD0720FBF7AB
:1078700059FF1B48FFF7CEFFF8BD002C1BD0204658
:10788000FAF77EFB002813D0401C002154F782F841
:1078900000280DD005462146FAF787FB0820002175
:1078A00054F778F8014645600E485C303BF756F9CE
:1078B000F05D0528E0D0FD203AF7C1FF01460A48F7
:1078C0000422072354F774F90121417081718180EA
:1078D0000621418003490978017054F782F9F8BD07
:1078E0000BD8FC07800FFD0706FD00001CB5002427
:1078F000009403200202062102200346FAF7DEFE6E
:10790000FF20D6304F49085C002806D001200090A7
:10791000022005210022134604E0009402200521E4
:1079200001232246FAF7CAFE1CBDC046F0B585B059
:1079300001210390414002912420C443032000020E
:107940000490404D002C2BD027462537281929219B
:10795000CA00815C092910D18618F8B20A2156F7AD
:107960002BFB039900910921C9434143C919C9B2AD
:107970000023049AFAF7A2FE31780A290ED1F8B250
:107980000A2156F719FB029900910921C943414385
:10799000C919C9B20023049AFAF790FE641CD1E712
:1079A00005B0F0BDF8B50446042832D860B21AA17B
:1079B000095C1B4AD1711BA1095C51701BA1095CB8
:1079C000D1701CA10D5CFD201C4E2946B047FE2045
:1079D0002946B047FC202946B0472020354E0121DA
:1079E0003154D72040001749085CB077FF27B037E3
:1079F000C85D7077002807D001280AD1FBF7BCF8D2
:107A000000251048C55503E00225284601F07AFC00
:107A1000F57703480470F8BD050201000500000079
:107A2000DCDCFC0700000303000000000D05010181
:107A30000D000000100C040410000000C130FC0711
:107A4000040FFD07740CFD07F1490A890223134353
:107A5000012293430B810B88DB0501D5030C8B803E
:107A60001302488008888004FCD5CA800888184220
:107A700002D08888020400E0002248881043704742
:107A8000D9498A7A01209040497A032900D10421FA
:107A90004901014A8852704702300050D2498A7A1F
:107AA00001209040497A032900D104214901024A6A
:107AB00088527047040FFD0704300050B0B5EFF353
:107AC0001085012484F31088D1480188A1430180E6
:107AD000C6480188064A0A400280FFF7D1FF002D00
:107AE00002D084F31088B0BD002080F31088B0BDB0
:107AF000FFF70000F8B504461E4E3078002800D08D
:107B0000F8BD00F059F80028FAD10025284600F009
:107B10006FF9FFF7C3FF9F20174FB8472846B847B4
:107B20000006070A284614498847000280B2C71990
:107B3000284611498847C0B23D18FFF7A1FF002D24
:107B4000DED0EF20C2430D4811460C310ED0821812
:107B5000F423D25895420A46F7D140180146E43141
:107B60002CC92CC6E421405C2070F8BD04A00EC8CE
:107B70000EC6F8BD18DEFC07497AFC0718CCFC07D6
:107B800000000000000000000000040010B50446E2
:107B900000F012F8002800D010BD00F0D3F8002843
:107BA000FAD1022000F024F90120400704432046C6
:107BB00000F032F9002010BD80B500F041F801213D
:107BC000014048420D21884380BD80B5FFF7F4FF96
:107BD000002800D080BD002000F00AF9B92000F094
:107BE0001BF980BDF8B51C4617460E460546FFF743
:107BF000E3FF002800D0F8BDB919514880688142E0
:107C000000D9871B2760022000F0F2F8FFF746FF3B
:107C10000320000606433046FFF716FF00263046D5
:107C200000F0E6F82068864205D20020FFF70CFF3E
:107C3000A855761CF6E7FFF723FF0020F8BDC046E5
:107C400080B5012000F0D4F80520000200F0E4F82F
:107C500080B280BD80B5FFF721FFFFF711FF002044
:107C600000F0C6F8AB2000F0D7F880BDB0B5002515
:107C7000074C611CA94205D06D1CFFF7E1FFC0074E
:107C8000F7D1691E0020A14200D9C043B0BDC04653
:107C90007F841E00F0B585B0009314460F46029015
:107CA0000026304600F0A4F8FF2525488068C21B56
:107CB000A24200D322463D4314460192964239D255
:107CC000E019A84201D9E81B441CFFF775FF002802
:107CD00033D100F037F800282FD10395022000F0AF
:107CE00087F8FFF7DBFE0125680607433846FFF7F4
:107CF000ABFE002000F07CF8A7B2FF2F00D92F02C6
:107D0000029804968619380405D03078FFF79CFE57
:107D10007F1E761CF7E7FFF7B3FEFFF7A7FF0028EB
:107D20000BD1049EA619019A941B280203990D18E1
:107D30004F1CC3E700980660002005B0F0BDC046A8
:107D400018DEFC0710B5FFF737FF002812D100241A
:107D5000204600F04DF8062000F05EF8FFF786FFA1
:107D6000002807D1FFF76CFF800701D5204601E00E
:107D70000B20C04340B210BDB0B504468078924994
:107D80004872E0788872FFF77BFEEFF310810120E4
:107D900080F31088C202154B1D8815431D800029F1
:107DA00002D080F3108802E0002181F3108821784E
:107DB0004A08782313400E220A40C907490E891841
:107DC0001943627853079B0D59189209D207520C38
:107DD00089180F4A11801189032399431181D0809A
:107DE000118801431180B0BD040FFD07040000504D
:107DF00010B507490A8801239A430A800A88054C6E
:107E00001440C0012043088008881843088010BD32
:107E1000001200507FFE000010B50446FFF73EFE42
:107E20002046FFF711FE0446FFF72AFE204610BD4C
:107E3000B0B5EFF3108072B6A825354C6059002814
:107E400001D062B6B0BD9C202058002814D0204636
:107E500094303AF767FE6051EC22A358018A5B1810
:107E6000A350F022A3585B1CA350044A044B536157
:107E70001230012201F05EF862B6B0BD7803FD0752
:107E80008990FC07BCB5224CE56F288AFEF78CF878
:107E9000002812D02A8A608B0849009129461231A5
:107EA0000D2304F08BFBE0202158491C2150DC20DD
:107EB00021582A8A89182150BCBDFEE732FE0000F5
:107EC00070B5134DEE6F308AFEF76EF8308A00F011
:107ED000E3FD04460C3884216850328A3146123161
:107EE000A01D56F7E3F8DC202958328A891829505A
:107EF000E0202958491C295001206070A2800A20E6
:107F0000608000202070204653F76BFE70BDC04695
:107F1000740CFD0710B52C4CA07E012804D1607EA6
:107F2000FAF772FF0020A07610BDC04670B50C466F
:107F30000546FAF725F806462046FAF721F8301AE2
:107F400028182146FAF723F84142484170BD000045
:107F5000E0B500690022428101AB1A70C0880C3084
:107F600080B2012148F769F8002806D00348C821EB
:107F70000180034808210180FEE78CBD00310050DC
:107F800002330050704780B5016900220261084643
:107F900053F77BFD80BD000080B58878002811D0A4
:107FA000486809498865087C01461239022909D3C5
:107FB000801E012803D8002000F0EAFC02E008201F
:107FC00000F0F8FC002080BD040FFD07F0B58FB075
:107FD0001F4603920E4605460F20400103210891DB
:107FE00053F7D8FC04460496308820800595A88A6B
:107FF00060801E200297384080302071A01DDEA1D5
:10800000102256F753F8E0482083054620461A30E0
:108010001626314656F763F84020DC4921524820A5
:108020002552204640300D0C45800C9520463630B8
:108030000427C781D648E087D648A087D6486087FE
:10804000D6482087D648E086D648A086D64860869F
:10805000D648208620464A30314656F740F87020F0
:10806000CA4921527820C84921526620D04921525C
:1080700020467030458020466630C781CD49018159
:10808000CD49C180CD498180CD49418020464830CD
:10809000CC498183CC494183CC49018320467A3045
:1080A000314656F71CF8A020C94A2252A820B64DE6
:1080B00025529620C74921522046A030110C079125
:1080C000418020469630C781C3490181C349C180A0
:1080D000C3498180C349418020467830C2498183A9
:1080E000C2494183C24901832046AA30314655F72F
:1080F000F6FFD020A5492152D8202552C620BD49DF
:1081000021522046D0300C9941802046C6300221B1
:108110000C91C181B8490181B849C1800C2181808D
:10812000B74941802046A830B6498183B64941838A
:10813000B64901832046DA30314635460B9655F76D
:10814000CEFF012738020A97B14921522121CE00E2
:108150008D49A153F621AF4A625220180A2141806D
:108160002046F630F4210191C181AB490181AB4930
:10817000C180AB498180AB4941802046D830AA49B3
:108180008183AA494183AA490183852040002018A0
:10819000294655F7A4FF132006900001A549215256
:1081A0002721CD00A449615393214900A34A62527B
:1081B0002018082242806018C781A1490181A14985
:1081C000C180A1498180A1494180A019A049818332
:1081D000A0494183A04901839D20400020180E2121
:1081E00055F77DFF65190020E8820990A8820C9858
:1081F000688287482882644E2E83A9204000201878
:108200000B9F394655F76BFF2F20C0007049215254
:108210000899C90108916652B52149008F4A6252F6
:108220002018079E468060180A9941828C498181F6
:108230008C4941818C4901818C49C1808C49818064
:108240008C4941808C482886C1204000201839463E
:1082500055F745FF3520C0005D4F27521B210D010A
:1082600049496153CF214900844A6252201846800F
:1082700060180C99C181824901818249C18082497B
:1082800081808249418008982018814981838149F1
:10829000418381490183D920400020180B9955F76B
:1082A0001EFF3B20C0002752E72149007B4A625253
:1082B0002018468060187A49C1817A4901817A493B
:1082C000C1807A4981807A494180601979498183E6
:1082D000794941837949018306986071204647F7BF
:1082E000D2FD0646002840D114980C900C25284653
:1082F000099953F74FFB0746294655F7F0FE2088AA
:10830000099B7B81F8800299C903039A1143398044
:10831000059A918A7980FC21D1820A99D1810499A8
:1083200008803846083017616549516090600C98A4
:1083300000783871908A194653F7BDFDFD880EAB61
:108340000D2018700DA90C910198088028460F3057
:1083500080B20A99099F3A4647F76FFE1135A8B2D5
:1083600002213A460C9B47F768FE204653F78DFBE7
:1083700030460FB0F0BDC046F5FE00000000000022
:1083800000000000000000000328000009000A00AF
:1083900082800000A8CA0000A64100002140000021
:1083A000C6910000F956000054B9000034CC00001A
:1083B0000488000042720000F0490000C35E000023
:1083C0005F4B000034420000F05A0000518600006C
:1083D0000100080022A00000536C000025DB000013
:1083E000A1470000FE450000927C000033FB000026
:1083F000D44F000083910000849D0000A3B90000C9
:10840000D84900005B8500003F67000031DA0000BA
:10841000098000001691000078450000E871000016
:1084200016D50000A14C0000D05700007BB1000021
:10843000B29C000001020000022900000A9900001D
:10844000785F000094DF00008C790000F5460000A2
:10845000EBB30000066A0000885C00003BDB000014
:10846000B4640000B5E80000E50D00001B4000000A
:108470001DA20000C8AC00003A9100005484000026
:10848000C3420000DDDF0000BE7700009C4D00000D
:10849000878F0000675200003BFB0000AFA3000085
:1084A00002800000DEB70000EA1E00003D820000EE
:1084B000BB43000090C40000FC3D00003CE2000013
:1084C0002CDCFC0710B50C46FC20FEF789FF0028C9
:1084D00010D0C088801D80B204210022234647F7B7
:1084E000ACFD00280DD00848C821018007480821AC
:1084F0000180FEE70448C82101800448082101806A
:10850000FEE7002010BDC04600310050023300508D
:10851000F0B599B0D34C257C0820132D00D9C5E0C7
:108520000E468978002900D1C2E0E26D0523002AB9
:1085300023D0E90600D4B9E00692F278276EB81885
:10854000012105914902884219D80493B648C019FF
:10855000311D55F7ABFDF078381820660699814239
:108560000FD12746207D0021069CAF4B8C420BD0BB
:108570005A5C50403875491CF8E7184696E00720C9
:1085800094E00499069A8EE0132D1FD107A8FAF7FC
:1085900023FEFAF7A7FD786E002819D00219B96EEC
:1085A0004B1C0626934273D3914201D20C1A3C66AF
:1085B000796D0918F3482246FAF71AFD002867D4A6
:1085C000386E796E08187866022661E0082664E045
:1085D0001226402C5CD3EB490878702858D1487893
:1085E000512855D14D6828464030B8660720C10350
:1085F00009A80C22FAF748FD1622002847D409A83A
:1086000000781426702843D109A8407852283FD119
:108610001326002D3CD00B9C0A99601A40388542E5
:1086200036D8164609A840220091FAF72DFD0028F9
:108630002ED409A881780022AA29059D01920392CF
:10864000029241D109A90A7800230393702A36D1F6
:1086500049785129059D039901910291C84F33D161
:10866000C0780290C7480C3009A90C31102255F788
:1086700041FD002500281ED1C248C06910998842DA
:1086800019D10021059803900D4601911BE0164673
:1086900000203866786E00F07BF9304600F08AF9E9
:1086A000FA6D386E04999042084601D900F082F9BB
:1086B000002019B0F0BD03950598019003E0059DD9
:1086C000039801900290AE4F09A840222146FAF784
:1086D000DBFC0028DCD409A881780026AA291AD15D
:1086E00009A90A780026702A15D14978512912D192
:1086F000C778A4480C3009A90C31102255F7FAFCB0
:10870000002100280BD19F48C069109A904206D1E1
:1087100000210E4605E005990596374601E0059EC5
:108720000591002D10D009A8801C3E21FF2255F78D
:10873000CFFC0398002812D19148009C446505980D
:1087400006430297039627E000290AD009A8801C57
:108750003E21FF2255F7BCFC0598002816D01526AF
:1087600056E0384602990840FF28DCD00298FF28DE
:1087700001D1002FD7D0029800284BD1FF2F49D12B
:1087800009A84021FF2255F7A3FCE5E77C48446592
:1087900001980399014303910398002801D1012511
:1087A00001E00298451CFA48007C062613282FD1C8
:1087B00001212046FAF780FB002829D109A8C570BD
:1087C000704C6168A2680A910B9221460C310246F6
:1087D00004460C32A9C9A9C220206A4A115C21545E
:1087E00010882080D0691090E948007C13280FD1B0
:1087F000E748416D09A84022FAF7FAFB002807D4A0
:10880000E34F796D5F484030069A403A4031D3E6F5
:10881000DF4F3DE709A8801C3E21FF2255F758FC99
:108820000298B84285D997E7CC06FD0780B58878CD
:1088300000280DD08888002807D0D5490A7C132A43
:1088400006D8D20606D4082000E0052000F0B2F8D1
:10885000002080BD044A904201D30720F6E7C86596
:10886000F6E7C046040FFD07010200001FB5887837
:10887000002800D181E04968080E8A0E042A12D827
:10888000C34A107489B25165002801D0012804D16F
:108890007F2189003B4B59185165FE220240122A64
:1088A00001D1032920D201461039022911D30146F2
:1088B000123902290FD3FD281AD0FE2822D0FF2812
:1088C00026D1FAF7C7FCB2480021C1650166032032
:1088D0000BE0082009E00120FEF7BAFBAC4C207C3D
:1088E000C0061CD510201BE0112000F063F841E009
:1088F00025488078FF281BD0A54901220A76FAF77F
:10890000ADF937E0A24C207D002815D0042029E0E5
:10891000082000F04FF89E48142101742AE0082036
:1089200000F048F80020E06520666066207521E0D0
:10893000164839F757FF1DE003A8AA210170207CD3
:1089400013280ED101A8FAF747FCFAF7CBFB606DAC
:10895000811C03A80122FAF74BFB010602D1022079
:1089600000E00620C0B200F025F8FAF773FC002002
:10897000E0652066002000F00BF8002004B010BD78
:10898000040FFD07CC06FD07800FFD071111111123
:1089900010B50446FC2039F752FF01460448042272
:1089A000134653F705F9046053F71BF910BDC04691
:1089B00004FC000010B50446FC2039F740FF0146D6
:1089C00004480422134653F7F3F8847053F709F967
:1089D00010BDC04605FC0000FEB51F4616460D46FC
:1089E000FC20FEF7FDFC002816D0044601970296F5
:1089F000C088AE1C0C3080B20127002539462A46BB
:108A0000334647F71AFB00280DD02F48C8210180B4
:108A10002E4808210180FEE72B48C82101802B4801
:108A200008210180FEE7608900281AD008200199FA
:108A30000143F7208143C12000010923029A53F723
:108A4000B7F861894580012901D0132100E0122186
:108A50000170E188C7800C3181803178017253F751
:108A6000C0F80020FEBDC04610B50948007880005F
:108A7000664C20186D2189004058002802D003213F
:108A800003F088FAFF206E300021215410BDC0464B
:108A9000F80BFD077047704710B50446FD2039F705
:108AA000CEFE0146A01D83B20648042253F780F88B
:108AB000002800D010BD0448C821018003480821C7
:108AC0000180FEE706FD0000003100500233005037
:108AD00010B5BA498A8980231A438A81C2B2064CEA
:108AE000228082B2120A0A80000CC0B28880888973
:108AF0009843888110BDC046C010005070B5244D09
:108B0000286D00240028264606D00168296500212A
:108B1000016052F7BAFF2E6DAC7000F0E9FA002E3A
:108B20000BD00124AC70351D2846FAF74EFD81B2FA
:108B30002846224600F0FEF970BDA879002804D02E
:108B4000401EA871000600D070BD6879002804D0CE
:108B5000002169710321084003E02879002813D01F
:108B6000401E00212971C0B2022806D00128EBD195
:108B700008480121C170084804E006480121C1707D
:108B800005480221017070BD0020287170BDC046EB
:108B9000040FFD075877FD07B477FD0710B50A49A4
:108BA00001200880EFF3108180F31088414A138878
:108BB0008024A3431380002902D080F3108810BDC5
:108BC000002080F3108810BD88100050F8B5872071
:108BD0004700C24EF15DFF240E34305DF9F7D4FD3D
:108BE0000125002806D002F00BFDF15D305D002369
:108BF0002A4608E000950025756500F009FAF15D48
:108C0000305D2A46009BF9F771FDF8BD740CFD0735
:108C1000B0B50446EFF31081012080F31088254A97
:108C2000138880251D431580002902D080F3108809
:108C300002E0002080F310881F4D2888FF200106E5
:108C400020688843FFF744FF2068C10E04220A40D1
:108C5000C000C10E1143ED48021F11802168C90FE9
:108C6000A9832168002916D5490E202211400388C6
:108C70009343591801802168490F0222114003884B
:108C800093435918018020790007800F28842079A8
:108C900003210140A984A068BB490877E068086106
:108CA000206948616069886120790007800F4877F2
:108CB000B0BDC046040000507C100050F0B585B037
:108CC00004469B48201A411E88414001AE490D18B8
:108CD00028460E300190284618300390284614305C
:108CE0000090281D0290AE1D2846103004902746A3
:108CF0007C3720890F210140481E0B28F9D8C04637
:108D000078440079400087445006052005242C054E
:108D100005050534EDE7029800883188814236D296
:108D20008842E6D02289C0231340C02B03D13A8861
:108D3000920703D4DDE7A28A9206DAD54A1C328074
:108D40002B68595C21801146EAE7204600F0CAF8FA
:108D5000CFE704980268002ACBD0A08A9E21014068
:108D600004E004980268002AC3D0012120469047FD
:108D7000BFE7204600F0B6F8A08801218843A08014
:108D8000039801680029B4D0019800880BE0A188FD
:108D900002229143A180A18880229143A180009961
:108DA00009680029A5D08847A3E705B0F0BDC046F3
:108DB000DC48818AC907FCD0008870470010005049
:108DC00010B5C94A0023D381918190606F49042076
:108DD0000860BFF34F8FBFF36F8F6D490B8801247D
:108DE0001C430C800B8803430B80FF210904694B53
:108DF0001C688C43117F8907090A6118196066494C
:108E0000086010BDB0B5C425B64C605BFDF7CCF86A
:108E100000281AD0605BFFF73FFE002181804834B4
:108E2000E26E521CE26602460C3AEFF3108372B611
:108E3000A26362B621646164A164AB49284A8A6175
:108E4000801D0821FFF7BCFFB0BD0120E064EFF3F7
:108E5000108072B6002000F0AFF862B6B0BDC04618
:108E600070B580259F4E7459002C35D0D42172588E
:108E7000521C7250218A08182082C421715A091A82
:108E800089B280B207291ED8CC21725810187050B0
:108E9000D0203158491C3150EFF3108072B671590F
:108EA0003046683039F75AFE62B600207051218A88
:108EB00012342046FAF7AEFC02F02AFE00280BD14D
:108EC000FFF7A0FF70BD0C348749054A8A6120185E
:108ED000801D0821FFF774FF70BDC046740CFD07AC
:108EE000618EFC07F8B58F49411A4A1E914149012C
:108EF0007D4A5518AB89E9892C46083400950E3512
:108F0000994209D2868AF60710D006884F1C2F8016
:108F1000226856543946F3E7828801239A438280B7
:108F200000988269002A01D088B29047F8BDC046F7
:108F30000010005010B56C4B99800024DC80012A91
:108F400004D0002A1FD100F0DBF810BD0F4A042125
:108F500011601860BFF34F8FBFF36F8F0C4802880A
:108F60000224144304800288802414430480FF20D8
:108F70000004084A14688443187F8007000A2018F8
:108F800010600548016010BD7803FD0780E100E036
:108F90000410005000E400E000E100E057490A88B6
:108FA0000120520606D50A88920603D50988C9070A
:108FB00000D100207047C04610B5044600280AD0F2
:108FC0002120C000E149085C002818D00F48006843
:108FD0000221884316E0FFF7E1FF002801D00024BA
:108FE00012E02120C000F349095C0848002903D0A1
:108FF00001680222914301608088C00701D10124E9
:1090000002E0222001490860204610BD10100050E7
:1090100080B5FC48416D01290BD09C2141580329A2
:1090200007D8016D012904D100210165012003F059
:1090300045FB80BD10B5002811D0E420F14C21582B
:10904000491C2150E06F002806D0EFF3108072B663
:10905000E06F52F7F0FD62B60020E06710BDE82136
:10906000E8484258521C42504821415C002909D02E
:10907000D7214900405C052802D1FEF703FF10BD4F
:10908000FEF71EFF10BDC046B0B5FC4C2546483566
:10909000286E52F7D0FD00202866686D00281ED08B
:1090A000EFF3108072B62046943039F73BFDA821CB
:1090B000605062B6F0202258521C2250F4202258F0
:1090C000521C2250EC22A3586058018A5B18A3500E
:1090D000054A064B536112300122FFF72BFFFFF7C1
:1090E00097FFB0BD740CFD077803FD078990FC075E
:1090F000024801884906FCD57047C046141000504C
:10910000B0B50C460546200405D0287800F004F8D8
:10911000641E6D1CF7E7B0BD02498A8A9206FCD531
:109120000880704700100050F0B589B001910446E6
:1091300000270897079706970597049786680836CB
:109140003046394652F726FC0546FCF790FD02945E
:109150006468102F29D02846314654F7C0FF08AB69
:10916000284621463246FEF73DFD02988068295C7C
:1091700028184278120251188278C3781B029A1874
:109180001204511804AAD151017943791B025918CC
:109190008379C0790002C01800044018D1194860D2
:1091A0000120000324180837D3E703A90020088012
:1091B00004A902280AD00CC9DB4308399A4202D11B
:1091C00003AA012313540831401CF2E703A948788D
:1091D0000C78002C07D000280FD004980699814203
:1091E0000AD8002409E0002807D116481649174A72
:1091F00002604160002408E00124E00004A90A584C
:10920000104B081840681A6058600198002811D067
:109210002846314654F763FF2003029C6168091811
:1092200008AB28463246FEF7DDFC2068A2682946D6
:1092300054F73CFF284652F728FCFEF7C6FC09B05D
:10924000F0BDC046E8DCFC0798BADCFE67452301A8
:10925000F8B5FF252F46B237F04EF05D002802D05A
:10926000F9F722FD01E0F9F713FD0446192000018A
:10927000315CE172325C5D208000311820460C3098
:1092800054F714FF2846AE30315C00290DD0F25D52
:10929000002A0AD02B22A154325C28469230311881
:1092A00020462C3054F702FF02E02B2000212154ED
:1092B000B9204000305AE080A080F05D002809D03D
:1092C00001206072F9F7F0FC52F78BFC0C4800218A
:1092D00001600DE003206072F9F7DAFC52F781FCBF
:1092E000074800210160042052F717FE032803D02D
:1092F0000420022152F7DFFDB03501207055F8BD82
:10930000B806FD07F8B50546D7204700D74EF9F750
:109310007DFC0446F5554570032020700C48011D66
:10932000201D062254F7C2FE2A2000252554A576CA
:10933000308A208420460A30102154F7D0FE20467F
:1093400052F74FFC0348C563F8BDC046740CFD07D7
:10935000F8DCFC07040FFD07FEB50C460190242045
:10936000C743C24B0291002F1ED0D8192921C90032
:10937000425CA24216D13D462535401800260670B3
:10938000E8B20A211C4654F717FE01210091092179
:10939000C94341434919C9B232463346F9F78EF9F8
:1093A0002346029C7F1CDEE701981818FF21243118
:1093B0004454FEBD740CFD0770B504463420AB4D1B
:1093C000295C00290FD000262E544220285CF9F792
:1093D0001BFD4320295C002905D02E5403F01AF907
:1093E000FF20B0302E54FF261036A85D012806D18C
:1093F00009204001285CF9F707FD0020A85501204D
:10940000E07570BD740CFD07FEB50E4604460025E0
:10941000294602F05FFEC1B203290FD8934A5118C2
:10942000FF222432895C4A1F012A07D8052908D166
:1094300002A94D8048700120087008E001202076C4
:10944000FEBD01A94870012008700002488008464E
:10945000F9F7C4FA0127B8030096C64E31880143D4
:109460003180308838433080F9F776FA0246C849AF
:109470000098FAF795F8E7753580FEBD740CFD0786
:10948000F8B50D4600900024104F13A619200001D6
:10949000385C401EE1B288420ADD78185D218900FF
:1094A000435C284631462A46FAF77AF8641CEDE711
:1094B00038185D218900435C05A128462A46FAF741
:1094C0006FF801200099C875F8BDC046740CFD07FF
:1094D00025732530325800002573253032583A0064
:1094E00070B58AB00446007B2168081802A901AD56
:1094F0002A4603F007FA002810D02D781C2D0DD82D
:109500005D208000DB4E301802A92A4654F7CEFDBC
:109510001920000135540120E07501E00420207677
:109520000AB070BDFEB50D46FF270297AE37D14990
:10953000C95D002919D0019000263046CD4C8E42DD
:109540000ED2A119029A92328A5CC0B22818EF4951
:10955000FAF726F82846F8F713FDE15D761CEEE7EA
:10956000401EC0B20021295401980121C175FEBDE1
:10957000F0B589B00446007B2168081801A96D4642
:109580002A4603F0BFF9002810D02D781F2D0DD8E2
:10959000FF2630469230B74F381801A92A4654F7B3
:1095A00085FDAE36BD550120E07501E00420207632
:1095B00009B0F0BD70B50446D7204000FA4E305CCB
:1095C0000A2801D0022828D1FF20B030305C0028C2
:1095D00023D1A07A0221014303291ED1FCF7DCFC30
:1095E00000281AD1E07A01280FD10025204629460B
:1095F00002F070FD81B264390A4A91420CD800052C
:10960000000C0A2154F7D8FC00E00548B9214900B4
:109610007052FFF71DFE0125E57570BD740CFD0746
:109620004C040000540B0000B0B50446D7204000A5
:10963000F04D285C0A2801D0022816D1FF20B03056
:10964000285C012811D1A07A0221014303290CD101
:10965000FCF7A2FC002808D1F9F78EFAFF20B03001
:109660000021295401200002E082B0BD740CFD07E6
:10967000F0B587B0049106900124E0023D4E318898
:1096800001433180A0033188014331803088204379
:1096900030801420F8F756FC6002B080F080200380
:1096A0003188014331803088334908403080A50239
:1096B000F9F752F931880195294331800594E44343
:1096C000604355210D010295B035401903902A4899
:1096D000471CF9F741F9B1883940039A1143B18029
:1096E00060434019F18839400143F18030882249B4
:1096F00008403080308821490140318000263046C2
:10970000F9F73CF980B21E49884201D9642627E066
:10971000029A1146E03188420AD900041B494018D8
:10972000792154F75FFC482141430E0C1C3617E0A9
:1097300090420AD9000414494018E02154F752FC21
:1097400018214143080C061D0AE001997031884236
:1097500006D900040B494018E02154F743FC860B5E
:10976000F2B251490498F9F71BFF06980599C175A3
:1097700007B0F0BD00150050FFFBFFFFFFEF00003A
:10978000A9060000000090FB0000B0FA0000D0F92C
:1097900051DAFC07F8B50446C07A012829D0002820
:1097A00035D136480288D207FCD1354882898023DA
:1097B0001A438281334A12880588868887899F43A5
:1097C00087810F2010407022324012042B061B0CA0
:1097D000D21812180020264B1D58AA4219D0083062
:1097E0005028F9D1284B29A208461946F9F7D8FE86
:1097F000F8BD207B21680025009508180A216A46DB
:10980000F9F79EFF00280ED00D202076F8BD00202D
:1098100007E018184268244B08461946F9F7C0FEBD
:109820000120E075F8BD124800990A2DECD042687D
:109830008A4202D008306D1CF7E7092DE4D805688C
:109840003B20C0000B490D500020A075A07A0228D3
:1098500003D10948FDF7F0FF05E007480621FFF7AF
:109860004FFCFFF745FC2846FFF732F9D8E7C04622
:1098700080D0FC07740CFD070BD8FC077C1000504F
:1098800000100050C010005096DBFC074572726F4C
:10989000722064657465726D696E696E67206261BD
:1098A000756420726174650051DAFC07FEB50D46DF
:1098B000009013484768006801A98F800190052433
:1098C0000020124E002C0BD401A90A5DC0B228184A
:1098D0003146F9F765FE2846F8F752FB641EF1E7BA
:1098E000401EC0B22818F90301D407A100E005A169
:1098F000032254F7DBFB01200099C875FEBDC0466A
:10990000240000402C5200002C5000006FD8FC07AF
:109910007CB50446C07A032816D000283ED10D46F7
:10992000214E716A1F4848437D21C90054F75AFBF4
:109930000246B06A0A214143336B00911EA12846BA
:10994000F9F72EFE01252AE00021204602F0C2FB95
:109950007D21C9004843134954F72EFB124D68621C
:109960000221204602F0B6FB0A2154F725FBA8622B
:109970002068617B4018F9F76BF82C216854010CC2
:109980002A462C329170010A51702863A07A012571
:10999000022804D105A0FDF73DFF00E00025E57594
:1099A0007CBDC04671020000740CFD072B4553437B
:1099B000205345510D0A000025692025782025698E
:1099C0000D0A000010B504460068A17A012907D1EC
:1099D000FDF732FF91204000E84901220A5405E0DA
:1099E000801CFDF717FF4A48FDF714FF0120E075C2
:1099F00010BDC046740CFD077CB50446D72040005E
:109A0000ED4E305C05280DD1FCF7C6FA05462068FE
:109A1000A17A01291CD1FDF70FFF912040000121FF
:109A200031541BE0FD20FDF7DBFC8088801D80B2F7
:109A3000FCF7C2F9002832D001A9FAF735F900285D
:109A400034D01F48C82101801E4808210180FEE74C
:109A5000801CFDF7DFFE2E48FDF7DCFE002D0AD04E
:109A600002F0CAFFFFF744FB174D2888C00704D057
:109A7000FFF79EF9F9E7012520E00125280230844F
:109A8000A07A022807D0FDF7F1FA002803D0912030
:109A90004000355412E00020F8F732FF0EE008488D
:109AA000C8210180074808210180FEE701A801784C
:109AB00000252846FAF714F9C007A5D1E5757CBD45
:109AC00000310050023300501410005010B504460D
:109AD000807A012808D12068FDF7AEFE9120400071
:109AE000D24901220A5410E02020D049085C002805
:109AF00004D002F083FB02F02FFC06E02068801CFB
:109B0000FDF788FE0248FDF785FE0120E07510BDD7
:109B100037D8FC0710B50446FCF73EFA002804D0FD
:109B20002121C24A0120505400E00020E07510BD00
:109B3000B0B50446D7204000BC4D285C052801D0B4
:109B40000A2804D1FF20B030285C002800D0B0BD26
:109B5000A07A0128FBD1042052F7DFF90328F6D0C0
:109B6000FF20B230002129540220FFF7CBFB012057
:109B70000002E082B0BDC046B0B50446D720400028
:109B8000F24D285C0A2801D0022804D1FF20B03011
:109B9000285C002800D0B0BDA07A0128FBD1FCF7DA
:109BA000FBF90028F7D1FF20B2300021295405200D
:109BB000FFF7A8FB01200002E082B0BDFEB507461A
:109BC000C07A02281FD00E46002865D101200090DF
:109BD000002E69D001970420C743002F63D03F486F
:109BE000C519EC793046F8F7CBF93018BA1DAA2C14
:109BF00003D13C496B5C3E4901E03B493B4BF9F7E3
:109C0000CFFC7F1CE9E7387B797B01973A68002617
:109C1000029651180091101802AA3146F9F790FDEA
:109C2000012400282746354609D10298FF2804D090
:109C3000411E04293C46354601D80024054602AAA7
:109C400000983146F9F77CFD029901293A4600D87F
:109C5000324600283E46384600D11046002825D11D
:109C6000002C23D1E8B2FF2825D0681EC0B2012401
:109C700004281DD8194A10188278AA2A18D1184A1F
:109C8000835CCDB2AB42019F04D080180170304696
:109C9000F9F7B4FD26461FE03949164A3046F9F770
:109CA0007FFC002618E0019F009E15E0002600E0E2
:109CB0002646019F10E00420C043084A094B019F3B
:109CC000002806D01418E579AA2D00D1E154401CD3
:109CD000F6E73046F9F792FDFE75FEBD6C09FD070B
:109CE000820200008702000032D8FC0775D8FC070A
:109CF0001CD8FC073AD8FC07BCB50446C07A01283A
:109D000013D1207B216800250195081801AA294656
:109D1000F9F716FD002813D10198411E052907D235
:109D20006A4611700420002107E00020E075BCBDE8
:109D3000FF2805D1062002210022FAF77FFA01252B
:109D4000E575BCBDB0B50D460446002102F0C2F970
:109D5000C0B203280ED88000AE4908186D218900D2
:109D60004258002A03D006492846F9F719FC012079
:109D7000E075B0BD0A202076B0BDC046740CFD076A
:109D800096DBFC0710B50446002102F0A3F9C0B22F
:109D900003280DD880009F4908186D21890040587C
:109DA000002807D0032102F0F5F80120E07510BD6E
:109DB0000A20207610BDC046740CFD0770B504461D
:109DC000002102F087F9C0B2032825D8A17C6429BC
:109DD00024D880008F4A12186D208300D058D518DF
:109DE000002802D051F751FEA17C491C00262846CC
:109DF000324602F07DFA002813D02868A17C491C65
:109E000054F76DF9607B21680918A27C286854F723
:109E10004DF90120E07570BD0A2000E00920207690
:109E200070BD082020762E6070BDC046740CFD0702
:109E3000F0B58BB00C460546FCF7AEF80121E9758C
:109E4000E97A04290DD0002972D1F7488389428923
:109E5000C189807D009101903D492046F9F7A0FB22
:109E60006DE00A9000272846394602F033F9069043
:109E700081B2062902D33348814200D3EF7508919D
:109E800001212846059102F025F9049080B207903F
:109E900080087D2800D3EF7502262846314602F05F
:109EA00019F984B2642C02D32748844200D3EF7599
:109EB00009970A27384660431921089A514354F7F5
:109EC0007BF80890039420463946099F54F774F8AC
:109ED000002904D10898401E0799814200D9EF75E6
:109EE0000321284602F0F6F804460004800C00D056
:109EF000EF752640704270410A9908431BD0E87DF7
:109F000000281AD005990C40C74DAC750398E8811C
:109F10000498A88106986881002E03D02976002035
:109F200002F05EFA002C0AD02F76F9F71BF906E052
:109F30000020E87503E0102000E00E2028760BB02A
:109F4000F0BDC046810C0000017D0000740CFD07CF
:109F500024D8FC07F8B50D4604460020E07504201F
:109F600051F7DBFFE17A03290DD000294FD1F048EA
:109F7000438AC27D808A0090AC492846F9F710FBDD
:109F80000120E075F8BD032801D10F2021E0012058
:109F9000E07500272046394602F09CF8064600048A
:109FA000400C00D0E7750121204602F093F80546E9
:109FB00080B21B2801D3FC2800D3E775022120467C
:109FC00002F088F881B21B2901D3FC2903D3E7757D
:109FD0000E202076F8BDE17D0029F9D0B1B21B2218
:109FE0000029044600D114467E26094B9C530029C3
:109FF0002C4600D114467A229C5276229C52E64A84
:10A0000090825582481E8141D175F9F7ABF8F8BDB1
:10A010006479FD07740CFD07F0B585B00D46074661
:10A020000020F875F97A022915D000294BD1009744
:10A03000002D45D07427264C264E782F40D0E35D66
:10A0400028183A46733A3146F9F7AAFA2846F7F73C
:10A0500097FF7F1CF1E77C7B397B3E6800250495E8
:10A06000039501A88571194A82807118019104A98C
:10A0700002F076FC002826D401A88571012529026A
:10A080008180311901910499491E049103A902F0BC
:10A0900067FC002817D40398411E884104990A06DA
:10A0A000920E0BD1C9B20A4A511874228A5C8242BC
:10A0B00004D0743108700120FAF718FBFD7502E036
:10A0C00001200099C87505B0F0BDC046010400002C
:10A0D000040FFD071CD8FC07F0B589B00446C07A10
:10A0E000032813D000281DD1FF200A30D34D2B5C4C
:10A0F0002120C0002A5C43208000285C00904B4D4A
:10A1000008462946F9F74CFA01200CE000252046C4
:10A11000294601F0DFFF0106490E07D00E20207608
:10A12000E57501E00020E07509B0F0BDC0B2411E48
:10A1300002468A412121C900C04F7A5400285CD0D0
:10A1400001212046089101F0C5FF07460221204663
:10A1500001F0C0FF0646FE20394601402529DDD822
:10A1600030402628DAD243208000B4490E54FF2024
:10A1700007900A300F54F0B205900A21049153F76A
:10A180001BFF0290079A0E320692AC498854F8B22F
:10A190000390049953F710FF852149000491A74AC1
:10A1A00050540921C943029A4A43921987235E00F9
:10A1B000A24B9A554143C81907990C3158540F4680
:10A1C0000E210398FFF7C8F80D210598FFF7C4F892
:10A1D0009A4AD15D0498105C17460095032212023A
:10A1E0001423F8F76BFAB95D0698385C00951323D1
:10A1F0002A46F8F763FA089895E7FF2630460A30B2
:10A20000385C2946FFF7A8F843208000385C2946CF
:10A21000FFF7A2F8872040003D540E36BD5585203B
:10A2200040003D5270E7C046740CFD0727D8FC077C
:10A23000F0B589B004463E49D7204000085C0528A7
:10A2400073D1FF27B037C85D00286ED1A07A0128EE
:10A250006BD1FBF7A1FE002867D1607B2168085C09
:10A2600002210143522960D1607C11285DD131A0C7
:10A27000FDF7D0FA607B2168085C0390207B06AA7A
:10A280000026967045181035062E0ED0297806A89F
:10A290004170691E0978017000211022F7F79EFEB7
:10A2A00007A98855ED1E761CEEE704A901910898D0
:10A2B0008880079804902348092104251D232A46F5
:10A2C00051F776FC06460120029030753046153075
:10A2D0000622019953F7EAFE039952394842484150
:10A2E000F0760A2070814521718231823081002010
:10A2F000B0814B208000F08117200002F080032005
:10A30000C002B08013203080304651F76AFC022131
:10A31000284651F7D0FD0648C555192040010A4985
:10A32000F8F746FD02980002E08209B0F0BDC04691
:10A33000740CFD07434F4E4E454354494E470D0A9A
:10A3400000000000110D00002151FC07B0B50446CB
:10A35000FBF722FE002815D00BA0FDF75BFAFF20CB
:10A36000B030E54906220A540C480A21042202238F
:10A3700051F71EFC132141700125057051F731FC86
:10A380002802E082B0BDC046444953434F4E4E457B
:10A390004354494E470D0A00740CFD07040E00009B
:10A3A00070B50446154DD7204000285C052824D1FF
:10A3B000FF26B036A85D00281FD1A07A01281CD145
:10A3C000FBF7EAFD002818D10DA0FDF723FA0220C3
:10A3D000A8550E48092104220C2351F7E9FB012559
:10A3E0008572002101810521C1800A21818011210E
:10A3F000018051F7F6FB2802E08270BD740CFD0766
:10A400005343414E4E494E470D0A00000F0D0000C8
:10A4100070B50D460446D72040000849085C401F2F
:10A4200046424641FBF7B8FD034605A128463246A1
:10A43000F9F7B6F80120E07570BDC046740CFD0751
:10A4400025642C2564000000F0B587B00646C07A6C
:10A4500002283AD001286AD0002800D08BE00D46AF
:10A4600004960124524F2046B84706460220019028
:10A47000B847009003200390B84702904D4F002E3C
:10A480003B4600D033464C494C4E28462246B04706
:10A490002846F7F775FD009900293B4600D00B468A
:10A4A00028184549019A454EB0472846F7F768FDF8
:10A4B0000299002900D00F4628183F49039A3B46CD
:10A4C0003E4DA8470498C47555E0747B3568307BD1
:10A4D000281805A901F0B6FE002847D00496002DE3
:10A4E00049D02D192846F7F74BFD06462C46002E7D
:10A4F00041D0F7F737FD21780068405CC007761E31
:10A50000641C0028F3D105A807782846F7F738FD22
:10A51000312830D806469B20C0432449002841D02A
:10A520000C189E22A25CBA4227D03430F6E7307B6A
:10A530003168081806A901F085FE002816D0049697
:10A5400006A806789B20C7430125184C002F10D081
:10A55000E0199E21415CB14206D19F30332153F76F
:10A56000BEFD2846FBF7EAFC3437EFE70D203076D6
:10A5700001E00498C57507B0F0BD2746A037322129
:10A58000384653F7ACFD01200390FBF7D7FC9F2022
:10A590000399215438462946324653F787FD0398DC
:10A5A000FBF7CCFC01200499C875E4E7CC08FD0753
:10A5B000E9C0FC0775D8FC0732D8FC07A135FC07B9
:10A5C000FEB50446C07A042817D0002821D11120F6
:10A5D0000001494D2B5CFF2010302A5C2320C00075
:10A5E00028584526B600AD59009001951A4D0846E9
:10A5F0002946F8F7D5FF01200CE000252046294622
:10A6000001F068FD0104490C06D00E202076E575A6
:10A61000FEBD0020E075FEBDFF211031364A5054CA
:10A620000126CE4F20463146B84711210901324A52
:10A63000505402212046B8473A462321C9002E4FE4
:10A640007850032120469047472189007D504521BD
:10A6500089007850E675FEBD24D8FC07FEB5044697
:10A66000C07A01280AD0002830D12448827E254BA8
:10A6700008461946F8F794FF012028E000250295C6
:10A680002168227B68468571012633028380891800
:10A69000009102A902F064F900281CD42420C043D0
:10A6A0001549002815D00A182923DB00D25C401C6C
:10A6B0001B2AF6D1243025280BD2029801280ED06F
:10A6C000002801D1FDF726FC354606E00020E075A4
:10A6D000FEBD022000E00E202076E575FEBD074F8E
:10A6E000B87E00283546F8D164200549F8F760FBAC
:10A6F0000125BD767876F0E7740CFD07040FFD07A1
:10A70000555FFC0751DAFC07FEB504460021934D66
:10A71000A8470646012120460291A8470746022184
:10A7200020460191A847F1B20A2901D0072914D186
:10A73000B9B2642903D01922120191420DD1C2B2DB
:10A74000102A01D0082A08D1864A50700298E07574
:10A75000642900D001981070FEBD03202076FEBD54
:10A76000F0B585B004910546C07A032805D10221D1
:10A77000284601F0AFFC044600E0012401F08CFD06
:10A78000002856D000262846314601F0A3FC039449
:10A790000446012701952846394601F09BFC0290AA
:10A7A000E0B201F0DDFC00973C026D4F6E4D039866
:10A7B000C0B20390F0B2039988423DD2029830189B
:10A7C000C0B238806748407808280FD128888007B1
:10A7D000FCD53C8028884007FCD528888006FCD41E
:10A7E000288980062BD03888C3B213E028888007D8
:10A7F000FCD53C803C8028884007FCD52888800612
:10A80000FCD4288980061AD0388800023988C9B259
:10A81000081883B2300605D004980A490246F8F7B2
:10A82000BFFE04E0049808491A46F8F7B9FE761C02
:10A83000C0E70220287602E001980099C17505B0B2
:10A84000F0BDC0461ADAFC071DDAFC07FEB50D465E
:10A85000044601F021FD002824D002940126194F5E
:10A86000194C7F2E21D0B0B201F07AFC0020388044
:10A87000A0888007FCD5012000023880A08840070E
:10A88000FCD5A0888006FCD4A089800608D0388832
:10A89000C0B2009028460DA12A463346F8F780FE44
:10A8A000761CDEE702202076FEBD20880121884349
:10A8B00020800298C1750A480188202291430180B6
:10A8C000FEBDC046101300506C1300502573307845
:10A8D000253032583A3078253032582C00000000AC
:10A8E00004000050FEB5044600251C4E2946B04722
:10A8F0000190012120460291B04700900227204696
:10A900003946B047064601F0C7FC002824D02F4640
:10A910000198C0B201F024FC0098C0B21049088030
:10A92000F2B2104843781048082B029D0AD10388E0
:10A930009B07FCD50A8001884907FCD50188890658
:10A94000FCD407E003889B07FCD50F800A800188B0
:10A950008906FCD4E575FEBD2776FEBDD5C0FC0793
:10A9600010130050F8DCFC0770130050F0B5BBB0BA
:10A970000D46044626AF4B21384653F7B0FBE07A2C
:10A9800002282BD001284BD1207B216808180026F3
:10A99000079607AA3146F8F7D3FE002843D1079857
:10A9A000401E04283FD80494C1B27A200391484342
:10A9B000994909180591223126A81B2253F776FBE5
:10A9C0000024974E2F461B2C30D026A8025D384617
:10A9D0003146F8F7E5FDBF1C641CF4E7607B216895
:10A9E0000A188B492846F8F7DBFD0026002D00D118
:10A9F0009DE006972846F7F7C3FA962800D096E020
:10AA000006984430069028468B300021814F042957
:10AA10005FD07A5CAA5C491C3B2AF8D0002686E00D
:10AA20000020E07584E00D20207680E02846F7F7CE
:10AA3000A7FA3B21069129540599813126A81922AC
:10AA400053F734FB2846F7F79BFA2E180024744F6F
:10AA5000192C08D026A8025D30463946F8F7A0FD2B
:10AA6000B61C641CF4E72846F7F78AFA06992954BD
:10AA700005995A3126A8102253F718FB2846F7F7F4
:10AA80007FFA2E180024664F102C08D026A8025DED
:10AA900030463946F8F784FDB61C641CF4E72846B6
:10AAA000F7F76EFA069F2F54039A5B4B98185B4991
:10AAB000465C90001818C4682846F7F761FA0094BD
:10AAC000281858A132463B46F8F76AFD0126049C37
:10AAD0002DE001780026302929D14078FE2101405F
:10AAE000302924D1049439A8002484702246952C5E
:10AAF00020DC00200592042804D0395C401C8C42E4
:10AB0000F9D1641C295D39A801702919497841706F
:10AB100000260796102107AAF8F712FE0028D6D1C2
:10AB200026A80799059A8154521CA41CDFE7E675F4
:10AB30003BB0F0BD07AD6221284653F7D0FAA81C00
:10AB400026AF1B22394653F7B1FA28466130394601
:10AB50001B31192253F7AAFA28463A30343710220B
:10AB6000394653F7A3FA1520287006980178059105
:10AB70000779C17803918178029144783AAEFF2039
:10AB8000307039AA28463146F9F7EAFD20060299C5
:10AB9000090408180399090240183178FF2924D0C4
:10ABA000C21900240C2002251B4B072D0AD05E5D24
:10ABB000AA2E04D11E58A64200D8264634466D1C43
:10ABC000001DF2E7792507A84155C9B28D005D192E
:10ABD000EA605D18114E059FAF55944200D81446A7
:10ABE000621C9A60F8F7F6FD70E70B4AD4681032E1
:10ABF00000210123052BD3D020CAA5421E4600D335
:10AC00000E46A54200D325465B1C31462C46F1E793
:10AC100096DBFC07D0D0FC076C09FD078202000020
:10AC20001FDAFC07253032582563253038580000DC
:10AC300010B50A46044603491046F8F7B1FC002057
:10AC4000E07510BD3AD8FC07FEB502910446002518
:10AC5000294601F03FFA0746C6B20A21304653F7AB
:10AC6000ABF9252E01D9E575FEBD0246029D0920EE
:10AC7000C0435043C319E07A0128204613D104464B
:10AC8000EA488019FF212431405C401E0328EBD89C
:10AC9000D0B2D9B2F7F778FD02461F492846F8F737
:10ACA0007FFC0125DFE70193012504462946029236
:10ACB00001F010FA029BF1498919FF2224328A5CC3
:10ACC000042AD1D1C2B2012A10D0002ACCD11E3F11
:10ACD000FAB20A2A00D204235A06120D0D4BD218DA
:10ACE000019BDBB200959D4055800DE000951E3F15
:10ACF000FAB20A2A00D204235A06120D019BDBB2D3
:10AD000001269E40034BD6522922D2008854009D32
:10AD1000A9E7C0460230005051DAFC07F0B587B011
:10AD20000446C07A012848D0002814D10D46069464
:10AD30002420C743744C75A6002F3BD0E01929216D
:10AD4000C900435C1C2B04D0284631462A46F8F73C
:10AD500027FC7F1CF0E700262046314601F0BAF9B7
:10AD6000069001212046059101F0B4F9C7B2E57AB9
:10AD7000032D01D1042F20D1029604900698C6B26B
:10AD800061488019FF2103912431425C1C2A0ED0B6
:10AD9000242E0CD81B2F0AD81A2E08D0192E06D014
:10ADA0001D2E0CD8059AB2405A4B1A4207D00C20DF
:10ADB000207602E001200699C87507B0F0BD564A1A
:10ADC00012880192FE23069A13400E2B03D1802392
:10ADD000019A1A40EBD1401801900A21304653F7EE
:10ADE000EBF803460920C043584306994218781EE1
:10ADF000072837D8784400794000874403030320AC
:10AE0000333341121E46002300930398C043049D30
:10AE100029020818114682B2F0B2C9B2F7F74EFC07
:10AE20004EE00821304615461E46FEF795FA029878
:10AE30000090F0B2E9B2032212020A233DE0032D92
:10AE400002990BD10221204615461E4601F042F917
:10AE500033462A46C0B2401E414241410091D8B219
:10AE6000D1B227E0092F049D18D11E461546FBF7E5
:10AE700093F8093F002818D078427841009017E0F5
:10AE80000721304615461E46FEF766FA02980090E6
:10AE9000F0B2E9B20322120209230EE01B2F21D0E7
:10AEA000182F12D00A2FE0D087E7781E874100972D
:10AEB000F0B2E9B2032212020023F7F7FFFB049D70
:10AEC000019E35700598E07577E71820019E307077
:10AED00005980090D8B2D1B2032212021723F7F7D7
:10AEE000EDFBEEE71B21304616461F46FEF734FA0F
:10AEF0000A480677C77605980090F8B2F1B20322A7
:10AF0000120200238AE7C046740CFD072573253022
:10AF1000326420000000902112000050040FFD0751
:10AF200070B504460020E075E07A01280CD00028B6
:10AF300009D10D4647F7DEFE024616A12846F8F76E
:10AF40002FFB0120E07570BD0021204601F0C2F802
:10AF5000172803DB05460D48854202D30E202076D4
:10AF600070BDFF20B0300A4E305C0028EBD1A07AD3
:10AF70000128E8D1042050F7D0FF0328E3D0358220
:10AF8000A8B247F7BAFEF8F7EDF8DAE701020000D9
:10AF9000740CFD0725690D0A0000000070B50D4610
:10AFA0000446002101F096F8C0B203280FD8E17AD8
:10AFB00001290FD18000E549081871218900425804
:10AFC000002A2AD0E4492846F8F7EAFA25E00A20C0
:10AFD000207670BDA17C642922D88000DB4A12183B
:10AFE00071208300D058D518002802D050F74DFDAD
:10AFF000A17C491C00262846324601F079F9002838
:10B0000010D02868A17C491C53F769F8607B21683F
:10B010000918A27C286853F749F80120E07570BD33
:10B020000920D5E7082020762E6070BD740CFD073E
:10B0300070B50446D7204000C44D285C052801D0D7
:10B04000022804D1FF20B030285C002800D070BD59
:10B05000A07A0128FBD1FAF79FFF0028F7D1FF2043
:10B06000B23001262E540A20FEF74CF9F8F78AF880
:10B07000F7F70AFD3002E08270BDC046740CFD0790
:10B080007CB504461B200601B04DA85D00280FD0FA
:10B09000207B21680818F7F7DBFC0021A9550190F7
:10B0A000287801A9042201252B46F7F755FE00E078
:10B0B0000025E5757CBDC046F8B50446807A0228B7
:10B0C00016D1FF2022300E4901250D540DA0FCF7AA
:10B0D000A1FB267B27682846F7F712FC002805D13C
:10B0E000B9199D48F8F7C8F901F014F8074802E0CB
:10B0F000207B21680818FCF78DFB0120E075F8BD66
:10B10000740CFD072B5052494E543A001ADCFC07D0
:10B11000F0B585B00D4604462420C043F14900280F
:10B1200034D00A182923DB00D25C401C182AF6D13F
:10B13000243025282AD2E07A03282DD1667B207B73
:10B14000A17B009127680021049103910191029154
:10B1500038180A2104AAF8F7F3FA00280ED1B81912
:10B160000A2103AAF8F7ECFA002807D1009838184A
:10B170000A2102AAF8F7E4FA002815D07649594ABC
:10B180002846F8F70DFA019EE67503E00020E07509
:10B190000220207605B0F0BD0020E0756E49514ACE
:10B1A0002846F8F7FDF9F5E70499C8087D280BD380
:10B1B0002A48814208D2029D642D05D32848854241
:10B1C00002D2039F652F02D30D202076DBE72548AE
:10B1D00000780028DED1244B188808220092104302
:10B1E00018801888032202431A80204E30890422D6
:10B1F000904330811E4852F7DFFE401EF0803089B8
:10B200000121019108433081F9B2F088401C484384
:10B21000642152F7D1FE3080308902218843308189
:10B22000A8B2F7F701F80022124BF6F785FF01F0FC
:10B2300029FCF7F707F81049F7F7BAFD002803D003
:10B240000848019E06709FE73089012188433081BC
:10B2500005490888009A904308809BE721A10700D0
:10B260001127000015DEFC070400005008340050D0
:10B2700080841E000000244055C6FC077FB50D46A3
:10B280000446C07A012808D03349002817D1144A4F
:10B290002846F8F785F9012016E0217B226802A8EC
:10B2A000002686710D4B838051180291019601A9E9
:10B2B00001F056FB002809D00D2020760CE0094A49
:10B2C0002846F8F76DF90020E0757FBD2249044A51
:10B2D0002846F8F765F90126E6757FBD010C0000E8
:10B2E000F9D7FC073AD8FC07B0B50C46054652F72B
:10B2F000CBFE024603A12046F8F752F90120E8757B
:10B30000B0BDC0463078253038580000B0B50D4685
:10B310000446042050F701FE03280AD1EB20400028
:10B320000A49085C002808D0FF21C943421808A137
:10B3300005E010202076002005E0074907A22846F6
:10B34000F8F72EF90120E075B0BDC046740CFD077A
:10B3500025642064426D000096DBFC0753616D702C
:10B360006C696E672E2E2E00BCB50446C07A01288B
:10B370000AD000281AD11A480278824B084619468A
:10B38000F8F70EF9012012E0207B2168081800254B
:10B39000019501AA2946F8F7D3F9002802D10198AE
:10B3A000052806D30E202076E575BCBD0020E0758B
:10B3B000BCBDFAF7F1FD002801D00F20F3E701989A
:10B3C000C0B207490978814203D0FCF7EBFA0020AC
:10B3D000A0752120274900220A540125E4E7C04630
:10B3E000DCDCFC07F8B504460025294600F072FEB7
:10B3F00000062DD075208000FF2211460231874EB5
:10B40000315287204000315C0E32B05CF7F7BCF956
:10B41000002806D12120C000305C002801D013484C
:10B4200001E001251248134F3863284601F00AF85D
:10B430002120C000305C002804D00F48016802229F
:10B44000914301603879002808D0812078710AE0A2
:10B4500075208000714900220A5204E0074801214A
:10B46000C170074801700120E075F8BDD9C2FC0722
:10B4700021C8FC07040FFD07101000505877FD0786
:10B48000B477FD07F8B504460021134EB0470746D0
:10B49000012520462946B047009002212046B047AA
:10B4A000002808D0FFB2032F07D8009A1106890E92
:10B4B00006D00A2002E00D2000E00B202076F8BD27
:10B4C00006490A70E5750649F7F772FC5349C91930
:10B4D000FF226E328854F8BDD5C0FC07F80BFD077B
:10B4E000698AFC07740CFD0770B5044600252946DF
:10B4F00000F0F0FDC0B203280DD848490918FF221A
:10B500006E32885C002803D08E18F7F77DFC35700A
:10B510000120E07570BD0B20207670BD10B504468B
:10B52000C07A002811D00021204600F0D3FDC0B21F
:10B53000411E02468A41AD210B4B5A54A17A022981
:10B540000FD100280AD00CA009E0AD20064A125CF9
:10B550000C4B08461946F8F723F802E003A0FCF765
:10B5600059F90120E07510BD540EFD072B454348E5
:10B570004F204F46460D0A002B4543484F204F4E63
:10B580000D0A000051DAFC0710B50446002100F056
:10B59000A1FDC0B2411E8841AE21024A5054012093
:10B5A000E07510BD540EFD0710B50A46044603A110
:10B5B0001046F7F7F5FF0120E07510BD436F646595
:10B5C0004C657373204441313435383620765F360C
:10B5D0002E3338302E32302E3636200080B50248D9
:10B5E00037F700F980BDC0461111111110B504469E
:10B5F00000F0A0FCFCF78EFC0120E07510BD0000FF
:10B6000080B50648416D002900D080BD012101654B
:10B610004165022001F052F880BDC046740CFD0760
:10B62000F0B585B00C46F64941180B2932D9F549D9
:10B630004118092900D980E0880001A108588746EF
:10B6400069B6FC07FBB9FC0711B8FC07FBB9FC079E
:10B65000FBB9FC07FBB9FC071FB8FC07FBB9FC07EB
:10B66000FBB9FC07ABB7FC07FF20B030E8490A5C28
:10B67000032A04D100220A54E948FCF7CBF82078C9
:10B680000D2800D0B9E16088E649884200D0B4E1D5
:10B69000607864E0880001A108588746CDB6FC07B1
:10B6A000FBB9FC07FBB9FC074FB7FC07FBB9FC076C
:10B6B000FBB9FC0769B7FC07FBB9FC07FBB9FC0742
:10B6C000B3B7FC07FBB9FC07E1B7FC07FD2037F770
:10B6D000B6F80146D0480422AD2350F769FA054672
:10B6E000CE485C3037F71EFA00260028374602D0D5
:10B6F000466850F7CAF9019620780C214143C748A3
:10B70000401880782870608868803046F6F738FCEA
:10B710003E46AF71401CA880EC1D87B220460199BF
:10B720003A4652F7C3FC3819401E067001980028AB
:10B7300001D050F7AAF9284667E0B349884200D102
:10B74000D9E0B249884200D057E100BF55E12088D6
:10B750000F2800D102E10A2800D04EE1A07800288D
:10B7600000D102E1002001E16088801E0E2800D98E
:10B7700043E1400078448088400087440E003E0149
:10B780003E013E013E0110013E013E013E01FA0034
:10B790003E0115013E011A010301FF20D630EA499E
:10B7A000085C002801D000F045FCA188A01D022201
:10B7B000C6E06688A248082519462B4650F7F8F9D6
:10B7C000002181806288428022780C235343934A6F
:10B7D000D21892780270022E00D00321817114E0F9
:10B7E00075208000D84900220A54FF20B030085C40
:10B7F000801E022800D9A0E08648FB3009210422DF
:10B80000012350F7D5F90221017050F7EAF9F4E06D
:10B81000CD4848302188CA1E8167C267EDE0A51D6A
:10B8200081491022284652F765FC002804D160881F
:10B83000C5494880FBF75CFE7C491022284652F738
:10B8400059FC002802D16088BF49888078491022BD
:10B85000284652F74FFC00280DD16088BA49C880AD
:10B8600004A901220A8000220092401C80B2022218
:10B870000C2300F0A3FE6F491022284652F73AFC31
:10B88000002813D16088B04EB08303A901220A803A
:10B8900000220092401C80B202220C2300F08EFE97
:10B8A000FF20023048217052FBF744FE624910220B
:10B8B000284652F71FFC002802D16088A24948831D
:10B8C0005E491022284652F715FC002800D094E06B
:10B8D00060889D4CE08302A901220A800022009228
:10B8E000401C80B202220C2300F068FEFF200230D0
:10B8F0004821605281E0A088934DE988884213D1A5
:10B900002178122910D14348082104220C2350F732
:10B910004FF92121C900018000210181C180A9883E
:10B92000818050F75EF9A088A98B88420BD1202036
:10B93000285C002861D0618837E022792168601D89
:10B9400000F004F959E0E98B884256D1A079022829
:10B9500047D0012851D14820012144E041208000F6
:10B9600079490A58521C0A5047E00120FDF762FB52
:10B9700043E0E188C82274488152A179C90721D1E6
:10B98000002122E0A079E17909020818012834D1C8
:10B9900049206D49085C00282CD001202BE0A079BB
:10B9A000C00716D1002017E0A188A01D00F0F8FE06
:10B9B00023E0A079022818D001281ED1482062492E
:10B9C000012215E0E279514251414172FBF7B2FD8B
:10B9D00013E0E179484248415B490872FBF788FD72
:10B9E0000BE048200021295407E048205649002256
:10B9F0000A5402E0022000F061FE05B0F0BDC0462E
:10BA0000FC02FFFF00F4FFFF0C0C0000110E000011
:10BA1000740CFD07080C000005FD0000800FFD07F9
:10BA20000BD8FC0732FE00000CCDFC071CCDFC0738
:10BA3000FCCCFC074CCDFC073CCDFC072CCDFC0717
:10BA40000EFD0000FEB52C4F787802A908707868CA
:10BA50003818029901727868401C7860AD21795CD1
:10BA600000290DD002AC2078FBF730FD20780828A3
:10BA700005D12020FBF72AFD0820FBF727FD786879
:10BA800002A909780D2901D0A62822D3381800214F
:10BA900001727C68A52C1BD82046083083B20E4862
:10BAA000019104210A4650F783F8054601202871C8
:10BAB0002C60681D3E4608363146224652F7F6FA9B
:10BAC000284650F78EF8A521304652F708FB019919
:10BAD000796000F055FAFEBD0FFD000080B5044806
:10BAE000044981610448401C0121FDF769F980BDCA
:10BAF0007803FD0745BAFC07540EFD0780B5002802
:10BB000005D0EFF3108172B650F795F862B680BD9C
:10BB100010B5EFF3108072B60B48016F022901D8FF
:10BB2000002100E00121C26C544254410C40012C20
:10BB300006D10121C1640020FDF73EFA62B600E0A3
:10BB400062B6204610BDC046740CFD07F0B58DB03E
:10BB50000D46044606A803928272002606720694D9
:10BB600007910819401E067004200490C043002865
:10BB700005D006A909188E754E74401CF7E706A873
:10BB800006760127C78220787C2810D0412802D170
:10BB9000607854280BD0DC492046FCF7C7F9002810
:10BBA00042D1DA492046FCF7C1F900283CD13046A1
:10BBB000C1B2A9420FD2615C0D2903D0082905D179
:10BBC000761E06E0F1B20022625401E0F2B2A15406
:10BBD000761C401CECE72078002807D07C2819D080
:10BBE00041281CD16178542904D018E061780029DB
:10BBF00015D10027A17872291BD10398022801D101
:10BC0000722919D001280AD1722908D12046FBF7E0
:10BC100013FE0CE00398022806D00128F6D0062077
:10BC2000F7F780FDB94800E02046FBF7F3FD0DB0C3
:10BC3000F0BD01D02B2904D1E0782B2809D00320B6
:10BC400006E0791E8F41002801D1780000E0022033
:10BC5000049006A90020C872049A4A72C1B2A9428F
:10BC600006D2625C3D2A08D0002A11D0401CF5E7BC
:10BC70000023012719461E4611E00027675406AA33
:10BC80000123D372461C16730499411A117206E0FF
:10BC90000499411A06AA1172461C00230127C8B252
:10BCA000042830D0052854D0082800D088E001901E
:10BCB000029703930498C1B261180022944B082A9A
:10BCC00006D09F5C885C521CB842F8D0521E00E03F
:10BCD0000822029F887A2C28039B0FD1082A0DD3B3
:10BCE00006A8012141740223C372049A1146093146
:10BCF00001730B324273A91A81746CE00198052814
:10BD000027D004285CD103930498C0B2201882493C
:10BD10000422F6F753F9411E884138432FD106A873
:10BD2000077BE0192C21F6F721F9002824D006A979
:10BD30000222CA7200220270099A069CA218821A74
:10BD40004A74001B401C4873079A101A8874CB7AF7
:10BD500041E01F460498C0B220186E490522F6F74C
:10BD60002DF9002801D03B462AE006A80123C37222
:10BD70000999691A41742EE0E81B06A94874039BCF
:10BD80001EE0215C00291FD02C2901D0761C17E071
:10BD90000021215406A8C37A052B00D9B1E006A8DA
:10BDA00001460C31721CCA541C465B1EC95C641CE3
:10BDB000C472C0182346711A4174069C079D16462A
:10BDC000F0B28542DDD806E0052B04D806A8181885
:10BDD000C17A711A017406A8417A61180291007A39
:10BDE000039000204D4C3C2826D004906078A17828
:10BDF00009020818E17822791202511809040D1875
:10BE0000277828461E46F6F7BBF833460F213940FF
:10BE10008E420DD339098B420AD8C2B203989042A0
:10BE200006D10298294652F765F9334600282DD0ED
:10BE300009340498401CD6E73C2405A8FF210322BE
:10BE400000F056FA00281DD0092060433349081835
:10BE50004179827912025118C279007A0002801861
:10BE600000044218059C06A82146904791204500F1
:10BE70002B4E705D00280BD020464FF706FE0020A9
:10BE80007055D4E60820F7F74DFCD0E6049CD4E7C3
:10BE900006A8007E411E0F290AD8AE21214A515C16
:10BEA000002905D08000204909582046F7F778FB83
:10BEB00006A8807D002820D006ADE87D002801D0AE
:10BEC000114B00E0114B19A120462246F7F768FB01
:10BED000A87A401E032809D8784400794000874496
:10BEE000010901012046FBF795FC06E00520F7F764
:10BEF00019FC02E02046FBF79FFC20464FF7C5FDEA
:10BF000095E6069C67E7C0460BD8FC0712D8FC07ED
:10BF1000C9D8FC07F6D9FC071AD9FC0754CEFC0790
:10BF2000740CFD07540EFD0764DCFC0725732573B4
:10BF30000000000010B52420C143E648002906D0C7
:10BF400042182923DB000024D454491CF6E74F2172
:10BF50008900084A42529D214900074A42529C49A1
:10BF6000064A0A80FF212431401815214177132108
:10BF7000017510BD0C0B0000141600000208000033
:10BF800080B52020F349085C002800D080BDFFF771
:10BF9000A5FD80BDF0B585B001910546F5F7F0FF30
:10BFA000401C0290002634460298864238D0A85D94
:10BFB0003B2801D0002831D1F5F7D4FF0068214695
:10BFC000E2B2AB5CC35CDB07641C002BF7D1AA18A0
:10BFD000039204963246521ED3B2EB5CC35CDB077D
:10BFE000F9D1501A801CC6B23346083304210D48DB
:10BFF0000A464FF7DDFD0446019820712660671D53
:10C000003846314652F76BF8721E3846039952F79C
:10C010004DF820464FF7E5FD049E741C761CC3E7DF
:10C0200005B0F0BD0FFD000080B50421FFF7B2FFA1
:10C0300080BD000080B500F0DFFCC5480179002913
:10C0400002D08021417104E006480021C1700648F9
:10C05000017075208000DF4900220A52F8F73AF992
:10C0600080BDC0465877FD07B477FD0770B5EFF384
:10C07000108072B6F24C2046683036F764FD2046D8
:10C08000943036F760FD62B625464835A86B084EF9
:10C09000B047286EB047E06FB047EFF3108072B63C
:10C0A00000202866A863E06762B6287770BDC046A6
:10C0B000FDBAFC0780B506480821042213464FF755
:10C0C00077FD00214180012101704FF78AFD80BD7D
:10C0D000010C000080B54118097B00684018F6F794
:10C0E000B7FC80B280BD000010B56A498B1C0022ED
:10C0F000032A05D01C78844203D03433521CF7E75E
:10C100000322D0B2342242438918C878002800D0D4
:10C11000081D10BD10B5FF2002461032C8498A5CC8
:10C12000002A10D00D4A1368002B12D022300C5C6C
:10C13000002C07D0012B05D100230B5402201060E6
:10C1400000F0ACFB10BD223000220A54034802600C
:10C1500001E001201060F7F7E5F910BD24DEFC07CF
:10C1600070B518490A88202422430A8016490B8892
:10C17000012293430B80154B1D8815431D801D889C
:10C1800040262E431E801D8825431D80104C247898
:10C19000641E654265416C001D880626B5432C1956
:10C1A0001C801C881025AC431C803F24A4029D8861
:10C1B000254005439D8008881043088088888006B4
:10C1C000FCD470BD040000506C13005000130050EC
:10C1D000F8DCFC0710B5F44C2046683036F79AFCC2
:10C1E0002046943036F796FC204648300021016600
:10C1F0008163E1670121017710BDC04610B5FCF7EE
:10C20000CDFCFFF733FF00F0A7F8FFF7F9F900F0D6
:10C21000A3FA4420E44C0021215420202154074853
:10C2200041600170606AC117090F4018001104498C
:10C23000F6F7BEFD4221605410BDC046540EFD0706
:10C240007DC6FC07BCB50D460024019401AA214619
:10C25000F7F776FA002807D10198411E022903D882
:10C260000124002D00D028702046BCBD10B509491E
:10C270008B1C0022032A05D01C78844203D034335F
:10C28000521CF7E70322D0B2342242438818C07808
:10C2900010BDC046CC08FD0770B52420C043002166
:10C2A0000122E94B0C4600280FD01D182926F60064
:10C2B000AE5D082E154600D02546072E144600D048
:10C2C0000C46401C21462C46EDE721400120084049
:10C2D00070BDC046740CFD0780B500F08DFBD948D9
:10C2E00002490163012000F0ADF880BD21C8FC07C0
:10C2F000F8B517460C460646084611464FF702FBAE
:10C300000546002807D0204639464FF743FB3060EA
:10C31000214651F7E4FE2846F8BD000010B5202064
:10C32000C84C205C012805D10220FCF7EBFF01205E
:10C33000E07710BDFF20B030F74900220A54F9F72A
:10C340002BFE002802D1C248FBF764FA10BDC0469C
:10C35000040FFD07740CFD07B0B5EF204000EE4C54
:10C3600000252554E06F002809D0EFF3108072B645
:10C37000E16F2046683036F737FCE56762B6B0BD3E
:10C3800010B5BC20F34C205C002821D012480A21B3
:10C39000042206234FF70CFC142101707A220F4966
:10C3A0008A5A7F2A00D37F2242807C22895A8D229A
:10C3B000D200914200D3114681804FF712FC002039
:10C3C00045F7BBFB4834C11EA067E167FFF772FE6B
:10C3D00010BDC046740CFD072B0E00006479FD07EC
:10C3E00070B58100144D6C58002C14D16E180102E8
:10C3F0000A31124804220E234FF7DAFB04460920C3
:10C40000207034600C20A0800021A1816181FA227B
:10C410002281E1806080DF484189A180618081893B
:10C42000E180C0890A2151F7C7FD208120464FF7DE
:10C43000D8FB0020286070BDBC06FD070E0E000072
:10C44000740CFD07FCB501902121C900F24A545C2F
:10C45000002C03D087214900535C00E00523FF2115
:10C46000002C03D00C460E34145D00E00224DAB236
:10C47000250602D1DDB2082D06D3E4B2012C51D13C
:10C48000DDB2062D4ED20832154616467A4A13887A
:10C4900010241C431480454B01245C800198B0405B
:10C4A00001900094AC401E4612360025202D13D07A
:10C4B000CF4332883A400198E840C0B2101830802B
:10C4C000B01C083E32883A402746EF40FFB2D219EE
:10C4D000328008350646E9E7032000020199890900
:10C4E0000140DA8A324D2A405118D982A10901400F
:10C4F000D88928404018D881009C9C800020188151
:10C5000018883F21884318801888802108431880A4
:10C51000284802680A437F218A4302602004264992
:10C520000860FCBDA51E68426841022C05D1DDB241
:10C53000082D02D10E252E46A8E70F260127022C32
:10C5400005D1DDB2092D02D13846354613E0022C63
:10C5500006D1DDB2072D03D81546103538460FE059
:10C560000025EF43082A01D33D4601E01546183562
:10C57000032C00D03D46002802D0DFB2092F85D021
:10C58000002804D0DBB2072B01D810327DE700234E
:10C59000DB43082A01D31E4601E018321646032C5D
:10C5A00000D173E71E4671E7740CFD0700010050CF
:10C5B000FFFCFFFF10E400E000E100E0FEB5002812
:10C5C00025D01E461446074608980190C9480078B1
:10C5D000029111460C318BB20002083081B20C4836
:10C5E00004224FF7E5FA054600206881E8802C8197
:10C5F000AF802E70019868800120687028460C304A
:10C600000299224651F752FD28464FF7EAFAFEBD3D
:10C610000A0C000010B576209949085CFF21B03162
:10C62000B44A515C062906D1094C002806D00748B7
:10C63000FBF7F0F802E0002803D0044C2046FBF79B
:10C64000E9F810BD040FFD07740CFD07E7D7FC07E0
:10C650000BD8FC0706480188012291430180054858
:10C66000002101700448018808229143018070472D
:10C670001034005015DEFC070400005070B59D4DCD
:10C6800028462C30032101242246FCF753FC686A1B
:10C69000A96AC217120F8018001140180649F6F750
:10C6A00087FB422168543426A85D002800D070BD65
:10C6B000FFF714FAAC5570BD7DC6FC07BCB5044647
:10C6C00001A80470D72040008A4D285C052808D1B5
:10C6D000E88B0021009101A901220D23FFF76EFFD5
:10C6E00013E0FD2036F7ABF801460C48042207237F
:10C6F0004FF75EFA0121417084710F2242808180E0
:10C700006249097801704FF76CFA0120000229583C
:10C71000491C2950BCBDC046740CFD0706FD000035
:10C7200010B52120C000734C205C002804D0724852
:10C7300001680222914301602320C0002058142187
:10C7400051F73AFC6E49F6F733FB09214901605471
:10C7500010BDC046740CFD07FEB56846002101718E
:10C7600002910391049105913B21C900614A5158FE
:10C77000FF22120691434322120689180091FCF70A
:10C7800047FA5D482221016003480449016106B06F
:10C7900080BDC046740CFD077803FD071DC8FC076B
:10C7A000F8B50C4601462020524D285C002832D0B6
:10C7B000A01D83B200200091014602464FF7F8F910
:10C7C0000646F820295809192950FC202958491CE7
:10C7D00029502F464837786E401C7866B01D009966
:10C7E000224651F763FCB4800C3EEFF3108072B622
:10C7F00028469430314636F7B1F962B6786D09288B
:10C8000007D3286D002804D1012028650220FFF7F6
:10C8100055FFFBF70DFBF8BD740CFD0700207047BA
:10C8200010B500F0E9F816480179002902D08021FE
:10C83000417104E013480021C17013480170FF21C9
:10C84000D6312C4A0020505410493431104C052860
:10C8500009D00A68002A02D0091D401CF7E70D4ADA
:10C860000A600D494418F6F7F9F8002801D1F6F7E7
:10C870009DFDA0B2042100224FF7C9F910BDC046AA
:10C88000040FFD075877FD07B477FD07800FFD07FC
:10C89000FFFF0000D542FC070E040000B0B54720A2
:10C8A0008000144D295845229200AA58914220D266
:10C8B000491C29502120C000285C002805D00E48C2
:10C8C000222101600D4C142108E0112000012818DC
:10C8D00001210A46FCF72EFB094C0A212320C00047
:10C8E000285851F769FB2146F6F762FA09214901F8
:10C8F0006854B0BD740CFD071010005021C7FC0730
:10C900009DC8FC07FEB516460C460546F5F738FBF4
:10C91000032151F751FB401C307002A900278F7092
:10C92000C6B200960194002E0DD0297802A801709D
:10C930006978417000211022F5F750FB2070761EB7
:10C94000641CED1CEFE7019A009BF8B2984203D2F9
:10C95000115C4018471CF8E7C11A48424841FEBD27
:10C9600082B0FEB50646089209930020C543002E0A
:10C9700012D03768002F0FD00C463846F5F700FB71
:10C98000002809D0042807D8002102AA38460F46FB
:10C99000F6F7D6FE002804D02846FEBC02BC02B042
:10C9A000084731790298884202D37179884217D9B1
:10C9B000B0790028F0D008A80190B0790021029A3F
:10C9C000884208D0019B1D1D0195491C1B689A4295
:10C9D000F6D1491E00E001460027814200D3FF4303
:10C9E000002C06D0002F3D46D6D1029820600025AD
:10C9F000D2E73D46D0E700000A49012088800A8836
:10CA000080239A430A80084A1288D20709D10988EC
:10CA1000090606D4000451490860BFF34F8FBFF3E5
:10CA20006F8F704700010050000200502021020C5F
:10CA300001D010211046020A01D01046083902091F
:10CA400001D01046091F820801D01046891E4208F5
:10CA500001D0881E7047081A7047000000487047D0
:10CA6000D8DCFC0702E008C8121F08C1002AFAD16E
:10CA700070477047002001E001C1121F002AFBD15E
:10CA800070470000F0B513B406460199F5F71AFD9A
:10CA900004460D4602460B4630460199F5F704FD63
:10CAA000064601981B4B0F4600280CDA0022304640
:10CAB000F5F746FD0CD90022174B30463946F5F7FD
:10CAC00053FD1DD214E000223046F5F739FD08D29F
:10CAD0000022124B20462946F5F7E6FC04460D4697
:10CAE0000EE000220C4B30463946F5F73DFD07D8E5
:10CAF00000220A4B20462946F5F732FC04460D4633
:10CB0000019A69004908D20FD2072046114303B0A9
:10CB1000F0BD00000000E0BF0000E03F0000F03F7B
:10CB20000D48062101800120C1030C4A1160BFF3AA
:10CB30004F8FBFF36F8F02211160BFF34F8FBFF391
:10CB40006F8F1060BFF34F8FBFF36F8F052000070B
:10CB50000021018062B670470034005080E100E09F
:10CB60000040404040404040404041414141414000
:10CB700040404040404040404040404040404040B5
:10CB80004005020202020202020202020202020244
:10CB90000220202020202020202020020202020249
:10CBA00002029090909090901010101010101010A1
:10CBB00010101010101010101010101002020202AD
:10CBC00002028888888888880808080808080808F1
:10CBD00008080808080808080808080802020202ED
:10CBE0004000000061CBFC076C09FD0700D001008C
:10CBF0008C020000C80FFD07007001001400000047
:10CC0000760FFD0700B0010008000000CC08FD070A
:10CC100000900100A0000000010000001130EF00B2
:10CC200000000200020000001230EF0000000400CB
:10CC30000300000000421F0000000200040000008A
:10CC40001120C20000000200050000001128C200EF
:10CC500000000200060000001228C20000000400CC
:10CC60000F000000116085000000020010000000AD
:10CC70001140850000000200130000001264C8008B
:10CC8000000004001400000001431F000000040025
:10CC90001500000001111F00000004001600000034
:10CCA00002441F00000008001700000008441F0095
:10CCB000000008001800000001841F0000000800A8
:10CCC000190000000C441F00000008001B000000B9
:10CCD0000C451F00000010001C00000001651F0033
:10CCE000000001001D00000001101F0000000200F4
:10CCF0001E00000008451F000000100039560DC13D
:10CD00005618259F454AF9D4398B04E22554E44D41
:10CD10005914D1B71D41CDE8B98F4F9104A459DC06
:10CD2000066B09AABE4FB250AA35B53BB95C49D2D1
:10CD300004A34071A0B535853EB08307BA5C49D2E3
:10CD400004A34071A0B535853EB08307B85C49D2D5
:10CD500004A34071A0B535853EB0830700000000F4
:10CD60006CCDFC07C006FD070400010074CDFC0774
:10CD700001000000FFFF0000592EFC070214000014
:10CD80000946FC07010D00000555FC07000D0000D9
:10CD90000953FC07000E0000714BFC07010E000058
:10CDA0009D4BFC07030E00005D4DFC070A0E0000C2
:10CDB000D14FFC070C0E0000C950FC071C0D0000F1
:10CDC0003D55FC07100D00008951FC070F0E0000B7
:10CDD0007950FC072C0E00007550FC07120C000067
:10CDE0008D58FC07080E00009950FC07090E000042
:10CDF0008D4BFC071B0E0000C550FC07130E0000F6
:10CE00006149FC07150E0000D947FC07170E00000A
:10CE1000854EFC07190E0000714EFC07150D000031
:10CE20004D51FC07210D00006555FC07220D000047
:10CE30006155FC0700FC00006D88FC0701FC000048
:10CE4000997FFC0702FC00002D88FC0703FC000012
:10CE50001185FC07001ADCFC07B993FC0700EDD82C
:10CE6000FC07A9B5FC0710D9D8FC071DB5FC0700C5
:10CE700030DAFC07EDB5FC0700BAD9FC07DDB5FCDC
:10CE80000711DBD8FC0789B5FC07009AD9FC07AD70
:10CE900098FC072132D9FC079DAFFC0722C9D8FCBA
:10CEA00007BD9DFC071128DAFC07859DFC07119C36
:10CEB000D8FC07459DFC0733FCD9FC0785B4FC076B
:10CEC0001174D9FC07E9B4FC071166D9FC07E5B376
:10CED000FC0730E4D8FC071DADFC07215BD9FC073B
:10CEE00049ACFC071185D8FC070994FC07000EDA51
:10CEF000FC077196FC070041D9FC074DA8FC0733DD
:10CF0000DDD8FC0709A7FC073294D8FC0761A7FC11
:10CF10000733D2D8FC07E5A8FC0711F6D9FC07B9FE
:10CF2000B0FC0700BCD9FC0711A4FC07117DD8FC9C
:10CF300007E194FC07007DD8FC078194FC0711846D
:10CF4000D9FC077195FC070084D9FC072595FC07DF
:10CF5000007CD9FC072996FC071005DAFC07B5957B
:10CF6000FC070012D9FC07799BFC070007D9FC07D6
:10CF700031B0FC0700A1D9FC07319BFC070049D95F
:10CF8000FC07A1A3FC0722CCD9FC0731A2FC0700B7
:10CF9000D7D9FC074DA3FC070036D9FC07E9B2FC42
:10CFA000071157D9FC0781B0FC0711ACD8FC07F971
:10CFB0009CFC07205ED9FC07BD9BFC0721A5D8FC83
:10CFC000076DA9FC07201AD9FC0749A4FC0720F02B
:10CFD000D9FC0719A0FC07008CD9FC07C599FC07F0
:10CFE00000EFD8FC07F999FC0700E5D9FC07CD9ABA
:10CFF000FC07308DD8FC071199FC0700BFD8FC074F
:10D00000159BFC0700F9D8FC07C599FC074093D98C
:10D01000FC07319EFC073051D9FC07559FFC0710D7
:10D0200013DAFC0721AFFC07301FD9FC07D9A0FC9D
:10D0300007406CD9FC07C1A5FC07102BD9FC077D64
:10D04000B2FC07333DD9FC0711B1FC0700EAD8FC5C
:10D05000070DB3FC071089D8FC0769B3FC0710C69D
:10D06000D9FC075DA6FC0710A0D8FC079597FC0724
:10D070001024DAFC0731ACFC070002290328002841
:10D0800005040000008403000B08000000C201003A
:10D090000611000000E10000011A000000960000E7
:10D0A0000C2200008070000001340000004B0000E2
:10D0B000074500004038000003680000802500009C
:10D0C00005D00000C01200000BA0010060090000A4
:10D0D00036698A8D01D2008005000100FD00000044
:10D0E00014D1FC0711000000892AFC070000000091
:10D0F0000000000000000000FF0000000000000031
:10D10000000000000000000000000000000000001F
:10D11000000000007ED0FC071000000001000000AD
:10D1200010001000DBD2FC077CD0FC0702000000DE
:10D130000100000000000000000000000CCDFC0712
:10D140001000000009000200A5000000000000001F
:10D150007CD0FC070200000001000000000000007D
:10D16000000000001CCDFC071000000009000200B8
:10D17000A5800000000000007CD0FC070200000039
:10D18000010000000000000000000000FCCCFC07D3
:10D190001000000009020200010000000000000071
:10D1A0007AD0FC0702000000090002000200000023
:10D1B000000000007ED0FC0710000000010000000D
:10D1C00010001000CBD2FC077CD0FC07020000004E
:10D1D0000100000000000000000000004CCDFC0732
:10D1E0001000000000020000FA0000000000000033
:10D1F0007AD0FC07020000000900020002000000D3
:10D20000000000007CD0FC070200000001000000CC
:10D2100000000000000000003CCDFC0710000000F2
:10D2200008800000FA000000000000007CD0FC072D
:10D2300002000000010000000000000000000000EB
:10D240002CCDFC0710000000098200000100000046
:10D25000000000007AD0FC070200000009800200F4
:10D26000020000000000000070D2FC07090000006E
:10D27000130C00008D57FC07150C0000AD5AFC077D
:10D28000170C00006955FC07000C0000CD55FC0789
:10D2900006FD0000C540FC0703FD00004D41FC07F2
:10D2A00008FD00003540FC070EFD0000ED39FC07CD
:10D2B00005FD00008941FC07393DFC07553BFC0793
:10D2C000093BFC07B93AFC07000811B75C49D204D6
:10D2D000A34071A0B535853EB08307836EEC1BF982
:10D2E000B7059CDC4074E6043B6D86000028000016
:10D2F0000100000000000000032800000100000001
:10D3000002000000292A00000100000080800000C7
:10D31000032800000100000004000000242A00008F
:10D3200001000000808000000328000001000000D0
:10D3300006000000252A0000010000008080000097
:10D34000032800000100000008000000272A000058
:10D3500001000000808000000328000001000000A0
:10D360000A000000262A0000010000008080000062
:10D3700003280000010000000C000000282A000023
:10D380000100000080800000032800000100000070
:10D390000E000000232A00000100000008800000A9
:10D3A0000328000001000000100000002A2A0000ED
:10D3B00001000000088000000328000001000000B8
:10D3C00012000000502A0000010000000780000049
:10D3D000D8D3FC0703000000001400009544FC07AC
:10D3E000130C0000E155FC07031400007145FC0715
:10D3F000BD43FC079543FC079343FC079143FC079F
:10D40000504600030003983A6400F401B80BB80BCF
:10D41000B80B000CB80B120030003000CD009A01A0
:10D420001200240030006400B00018002800120030
:10D430001200D0070000FFFF000000006400C800D9
:10D440000000D00700024441313435383600000076
:10D4500000000000000000000000000001001D01AD
:10D460003506FC07060006086D0FFC0701001E01CB
:10D47000AD06FC070900020D9D0DFC070000050824
:10D48000EB0DFC07010000015517FC070A00020A1A
:10D49000171BFC0700000000000000007505FC07DA
:10D4A0005D1EFC07A905FC07EB05FC07EB07FC0765
:10D4B000190BFC071B08FC07BD08FC072F08FC071D
:10D4C000250AFC074B15FC07E717FC07B915FC07F5
:10D4D000EB16FC076D1AFC071B1BFC07351CFC0731
:10D4E000A91CFC07750BF10700000000B3B5F1079C
:10D4F000000000003B3FF107000000004538F10745
:10D50000000000005791F107000000001584F107AA
:10D51000000000005764F007000000007985F00764
:10D5200000000000C397F00700000000B97AF1077F
:10D5300000000000A145F007000000002D94F00756
:10D5400000000000E393F107000000004796F10798
:10D5500000000000BF9BF10700000000C93CF1077C
:10D56000000000009F91F10700000000AF94F10758
:10D570000000000014000000212BFC070000000048
:10D58000FC0000008531FC0700000000FF000000E7
:10D5900000000000000000000500000038E5FC0766
:10D5A000000400007020FD07680200006410FD0701
:10D5B00000100000E422FD070040000020030000EE
:10D5C00000A60E0004000000D2000000320000009F
:10D5D0003C0000000100000001000000020000000B
:10D5E000020000000400000003000000060000002C
:10D5F0000000000002000000020000000000000027
:10D60000000000000300000003000000050000000F
:10D6100005000000060000000A0000000A000000EB
:10D62000C8000000B80B000002000000B80B0000AA
:10D63000B80B000010000000D4010000E50100005C
:10D64000700200006A0000000400000001000000F9
:10D65000200000009575FC078976FC074BD3F00786
:10D66000A9D3F007B1D3F00701D4F00719D4F0071C
:10D670002FD4F0075928FC07E1D7F00781DAF0072B
:10D68000C1D8F007E1D8F00701D9F0073FD9F0077A
:10D690004FD9F007FBEEF007D5ECF007F3ECF007FD
:10D6A0000FEDF00729EDF0073DEDF007BFEDF007B6
:10D6B000D7EDF0073FBEF10749C0F10773AFF007A0
:10D6C000A56FFC074D70FC07A16FFC074970FC07B4
:10D6D000ED21F007E572FC07B95FFC07F95FFC0775
:10D6E0002960FC072160FC07FF75F007C974F0078B
:10D6F0006B75F0077190F1071F40F1074D74FC073F
:10D70000FD72FC07AD73FC077573FC07FD73FC0726
:10D710002574FC07000000000142FC070342FC07DF
:10D7200057BBF0070986F107D911FC07778FF1077E
:10D730005F8EF1070515FC075366F1077F17F107A8
:10D7400073F9F0078539FC07D599F0073F0BFC0703
:10D75000EBB2F007350CFC077B0CFC073507FC0728
:10D76000532EF0075B78F0072577F007F535F007C3
:10D77000000000008143FC078943FC079137FC0748
:10D7800095D5F0078BD6F007D7D6F0078FB5F10700
:10D790002FB6F107BFB6F10700000000000000003F
:10D7A0000000000000000000000000000000000079
:10D7B0000000000000000000000000000000000069
:10D7C0000000000000000000000000000000000059
:10D7D00000000000000000000D0A2B434F4E4E4594
:10D7E000435445440D0A000D0A2B444953434F4E00
:10D7F0004E45435445440D0A000D0A4E4F542053E4
:10D800005550504F525445440D0A000D0A4F4B0DD0
:10D810000A000D0A4552524F520D0A0025642C256C
:10D82000640D0A0025692025692025692025690DD8
:10D830000A0025642C25730D0A00494E56414C49B7
:10D840004420434F4D4D414E442E00765F362E30DE
:10D850002E32322E3134303100765F362E3338306E
:10D860002E32302E363600444131343538360025DC
:10D870003032583A003C656D7074793E0041445630
:10D880004441544100414443005345430042494E02
:10D89000455343004932435245414400434D4400FF
:10D8A00042415544004945424E444500434C524292
:10D8B0004E444500312E302E302E302D4C45004246
:10D8C000494E524553554D4500434D4453544F52D4
:10D8D00045004932435752495445004600493243B6
:10D8E00043464700494F434647005253534900427D
:10D8F000494E52455141434B0042494E52455145D4
:10D9000058495441434B00504552495048455241B3
:10D910004C0043454E5452414C00484E444C004646
:10D920004C4F57434F4E54524F4C005057524C5649
:10D930004C004D454D0052414E444F4D0050574D07
:10D94000004932435343414E004741505343414EF7
:10D9500000444C45454E0050494E00494F00434855
:10D9600047424E445000534C45455000484F535495
:10D97000534C5000544D5253544F50004144565351
:10D98000544F5000414456524553500042494E5264
:10D99000455100434F4E504152004244414444528D
:10D9A0000042524F41444341535445520045433095
:10D9B000303A204E4F204552524F5200474150536B
:10D9C0005441545553004852544254004741504327
:10D9D0004F4E4E45435400474150444953434F4EE8
:10D9E0004E4543540042494E524551455849540012
:10D9F0004556454E54005052494E5400544D5253D2
:10DA000054415254004144565354415254004241EF
:10DA10005454004D41584D54550025732C307825F1
:10DA20003032580058585800434D44504C4159002A
:10DA30005A00454330343A20496E76616C6964205F
:10DA40006164766572746973696E6720646174617C
:10DA500000256400454330393A204D656D2F6D65D2
:10DA60006D636D64206C656E6774682065786365AE
:10DA70006564656400454331353A204465766963E1
:10DA80006520636F6E6E656374656400454331366F
:10DA90003A20446576696365206E6F7420636F6E0B
:10DAA0006E656374656400454331323A20496E7691
:10DAB000616C6964206770696F2066756E63746954
:10DAC0006F6E2072657175657374656400454331CE
:10DAD000313A20496E76616C69642074696D6572B3
:10DAE00020696400454330363A204E6F6E20415421
:10DAF00020636F6D6D616E6400454331333A2041A0
:10DB00007267756D656E74206F7574206F66207214
:10DB1000616E676500454330353A20556E64656631
:10DB2000696E6564207265706C79206465737469D0
:10DB30006E6174696F6E00454330373A20547269E4
:10DB4000656420746F2073656E6420746F20706547
:10DB50006572202D206E6F20636F6E6E6563746931
:10DB60006F6E00454330383A204D656D6F727920F5
:10DB7000616C6C6F636174696F6E206572726F7235
:10DB800000454330313A204144432070696E732090
:10DB90006572726F720025730052656E65736173F2
:10DBA00000454330333A20496E76616C6964204900
:10DBB000324320706172616D657465727300454314
:10DBC00031343A20496E76616C696420706172610B
:10DBD0006D657465727300454330323A20485720B2
:10DBE0006E6F742070726F7065726C7920736574DB
:10DBF00000454331303A20496E76616C6964206D8E
:10DC0000656D636D6420736C6F7400FFEEDDCCBBDB
:10DC1000AA00123456FFFE9ABCDE0000434E763254
:10DC20002D436F64654C65737300000034DCFC07A2
:10DC300004000000130C0000D556FC07150C000072
:10DC40009158FC0704FC0000C584FC0705FC00009B
:10DC5000D989FC07CD7FFC07877FFC07857FFC0700
:10DC6000517FFC07ADD9FC0781DBFC07D7DBFC0744
:10DC7000A1DBFC0732DAFC0715DBFC07E4DAFC0762
:10DC800037DBFC0763DBFC0754DAFC07F1DBFC073E
:10DC9000CDDAFC07A7DAFC07F9DAFC07BEDBFC07E4
:10DCA00075DAFC078CDAFC071001FC071001FC0791
:10DCB0000004000074CAFC07F4DCFC07F8DCFC0775
:10DCC0004008000074CAFC077803FD077803FD07CD
:10DCD000EC0C000074CAFC07000000000300000DFB
:10DCE00010060105000000007856341287A9CBED1C
:04DCF000800C0000A4
:0400000507FC0511DE
:00000001FF
