:0200000407FCF7
:1000000088A5FC072501FC072D01FC074501FC071D
:1000100000000000000000000000000000000000E0
:100020000000000000000000000000005D01FC076F
:1000300000000000000000005F01FC076101FC07F8
:10004000FD08FC071D3BFC07A526F0076301FC0724
:100050006301FC076301FC07F108FC076301FC076F
:100060006301FC076301FC078109FC078B09FC079E
:100070009509FC079F09FC07A909FC076301FC0718
:10008000F50AFC076301FC076301FC076301FC0739
:100090006301FC076301FC076301FC076301FC07C4
:0800A0000000000090070E00B3
:0200000407FCF7
:100110000348854600F09AF9004800477927FC0714
:1001200088A5FC070F4880470F4800470420714608
:10013000084203D0EFF309800C490847EFF3088029
:100140000A49084704207146084203D0EFF30980AA
:1001500007490847EFF3088005490847FEE7FEE72F
:10016000FEE7FEE75D8CFC071101FC07050AFC07B2
:10017000ED09FC07F0B50546007985B007073F0F8C
:10018000284642F76AFC029028794006C00F039087
:10019000284642F762FC4448806A8079012825D0CD
:1001A0000126414840300079800775D5002E73D074
:1001B00000222B2311463D485AF79EFD0227077067
:1001C00001263B4946700446C969A87988472A2117
:1001D0000855287900210007000FA07003005DF783
:1001E0003BF90737393B423F423D420002980190BC
:1001F0002D4814300090002604680BE0611D019822
:1002000042F741FD002804D02079B84201D10126EF
:100210001BE02468002CF1D1009842F72AFD254903
:100220000978884202D1244806780EE000210C208B
:100230005AF754FC04460622401D01995DF7B8F8B0
:1002400027712146009842F745FC01204640A8E767
:10025000A1700AE0A67021E0032002E0A77004E08C
:100260000420A07001E0012818D0A888000A801F8F
:10027000A072284642F7F1FB811D2046A27A0B307E
:100280005DF796F80622201D02995DF791F8039814
:10029000E07020464DF7B2FD05B0F0BDA172F1E768
:1002A000704770477047000074FBFC0704080000AB
:1002B000E4FEFC07A1F9FC07A2F9FC07004870471F
:1002C000F08CFC07CAB2401E4178401C8A4202D022
:1002D0000029F9D100207047421C0178401C0029F8
:1002E000FBD1801A704710B5002200E0521C835CDD
:1002F0008C5CA34201D1002BF8D1D8B2E1B2401AF4
:1003000010BD03460A780270401C491C002AF9D12E
:100310001846704730B505460020034600E05B1CD8
:10032000934205D2EC5CC85C201A01D1002CF6D1B6
:1003300030BD0000F7B5009C0F4600262578641CF0
:10034000002D05D0FFF7BAFF0068405DC007F5D16A
:100350002B2D02D02D2D18D0641E39462046029A2E
:1003600000F020F8002F04D03968A14201D1009993
:1003700039607105022400290BDA4042002803DDB0
:1003800008F00AFC0460A007FEBD012080020643BD
:10039000E3E70028F8DA08F0FFFB04600048FEBD40
:1003A000FFFFFF7FF7B582B0029C00272078641C16
:1003B00015460197302802D0002D15D015E0207881
:1003C0000127641C782804D0582802D0002D09D0B9
:1003D0000BE0002D01D0102D07D10027102520782B
:1003E000641C02E0082500E00A250026009610E0C3
:1003F0000099012769430818020C294680B271430D
:1004000000908E183804864201D301200190207894
:10041000641C294600F02CF80028E9DA039800282B
:1004200005D0002F01D0641E00E0029C04600198FA
:10043000002806D008F0B0FB02210160C81E05B0FC
:10044000F0BD009930040843F9E70000064C01258F
:10045000064E05E0E36807CC2B430C3C984710346C
:10046000B442F7D3FFF758FEE89CFC07089DFC0751
:100470003A2800D23038202302469A43412A01D339
:1004800010463738884201D30020C043704700002F
:10049000F0B50C465C4085B0E40FE40703944C00D3
:1004A00000266408590094464908024602962243F1
:1004B00021D062460A431ED06200570D4A000E0347
:1004C0002303550D012402462C492405781B1B0BE0
:1004D000360B401823432643614600901C46501AB1
:1004E000B44103D30098401C009002E09218009899
:1004F0005B41002803DA0020014605B0F0BD002072
:10050000012109050746864611E064461D46141B75
:10051000B54106D36546521BB341744607430C43AD
:10052000A646CD0740084908284392185B41054676
:100530000D43EAD11046184313D060461946504087
:100540007140084306D06046101AB34106D201221A
:10055000002306E000220123DB0702E00122D24350
:100560005310009874460105381C6141029C039D9C
:100570000019694100F030F8BFE70000FD030000FA
:100580000EB505490291002100910A460B460191E2
:1005900000F02FF803B000BD330400004A00090347
:1005A0000123090B1B051943094B10B5520D9A4243
:1005B00001DA002010BD064B34339A4203DC9A1A4C
:1005C00063F756F810BD03495118884010BD00006C
:1005D000FF030000CDFBFFFF10B5002B08DA00245D
:1005E000401C614192185B411A4301D14008400010
:1005F00010BDF0B51FB482B005460C0003D008460C
:1006000063F747F802E063F744F8203002460090B1
:10061000214628465CF710FF049B059A04460F46C6
:1006200018431143084314D0184610431BD00098B8
:1006300040210A1A1846059963F71AF805460E462E
:10064000009A059904985CF7F7FE084305D001204D
:1006500004E02046394607B0F0BD0020C11705432D
:100660000E432C43374300990E986305401A7905D1
:10067000E40A00220C43FD0A0A3002D5002001469C
:10068000E9E70105101969410C9C0D9D00196941AC
:10069000FFF7A2FFDFE70000F0B507460846584025
:1006A00087B0C00F049048000E4659004008490822
:1006B000BC1A884105D2384631461E4617460B46BD
:1006C00002465800400810434CD0300D03904005BE
:1006D0005900400D490D0590401A0290402872DAE9
:1006E00018030121000B09050843019004980092AA
:1006F000002805D0019952420020884100920190C3
:10070000029840210A1A019900985CF795FE054667
:100710000C466B4607CB00F0D7F8C0197141039A1D
:100720000E0D0023D71756401A467A40164344D080
:10073000049A002A2DD0029A012A039A15DC120588
:10074000C01A914101263605001C7141D20F059E49
:10075000D2070093019202962A462346FFF749FFEB
:1007600007B0F0BD38463146FAE71605224A0F4673
:10077000B218C01AB74101210905001C4F410018E9
:100780007F41114618187941E20F10436D196441F9
:1007900013E0E2076D0815436408C2071443039A87
:1007A00001261205C01A91413605001C7141CE0781
:1007B000400830434908C01851412A462346FFF7F4
:1007C0000BFFCDE7FFE7049801224000C117121A82
:1007D00000238B4104983146C417381AA141EEE733
:1007E00030B40124E407634030BC55E730B4012441
:1007F000E407614030BC4FE70000E0FFF8B5054674
:10080000480040080C46284304D06000184A400DB8
:10081000904201DD2846F8BD15493539884210DC83
:1008200088420BDB290D200308432903014305D02F
:10083000E00F1049C00741180020F8BD0020014614
:10084000F8BD161A4020821B284621465CF7F4FDAD
:100850000746009128462146324662F709FF3A468C
:10086000009BFFF7B9FE32465CF7E6FDF8BD0000DD
:10087000330400000000F03F10B5002904DB012420
:10088000E40740428C412146002B04DB1C46012337
:10089000DB075242A3418B4200D1824210BD0000CF
:1008A00010B5002904DB0124E40740428C412146B5
:1008B000002B04DB1C460123DB075242A341994273
:1008C00000D1904210BD000010B5202A06DBCB17E6
:1008D0000846203A1041C1170B4306E00B4613416E
:1008E000D0402024A21A91400843194610BD0000B0
:1008F00001480121018070470E15005070B55EF768
:1009000045FF1A4801884907FCD45EF74AFF884C26
:10091000608F174D2880A08F801E164E7080072094
:1009200030805EF733FF30884007FCD45EF739FF34
:100930002889800703D02889032188432881E888F3
:1009400080210143E980E88904218843E881688A9D
:100950008007FCD541F7E5FC206E07490860074891
:10096000016801684907FCD570BDC04608330050D6
:100970000200005000160050080200401000004025
:1009800080B50A2000F01EF880BD80B50B2000F075
:1009900019F880BD80B50C2000F014F880BD80B53A
:1009A0000D2000F00FF880BD80B50E2000F00AF891
:1009B00080BDE0B513460A46002100910A215FF789
:1009C00021F88CBD10B504465FF7F2F8E0B2810063
:1009D000054A89188969002901D0884710BD01217D
:1009E00081401248016010BD08DBFC070348C821A4
:1009F0000180034808210180FEE7C0460031005015
:100A0000023300509048018904220A430281018880
:100A100040220A430280054901220A604189044AB2
:100A200011408918091D41817047C04680E200E0ED
:100A3000FC7F00007047000070B5604CAE4D2C4E3E
:100A400020890F210140481E0B28F9D878440079ED
:100A5000400087444B06052005232A05050505317E
:100A6000EEE7AA8D288E904232D2E96C9042E7D20E
:100A70002289C0231340C02B03D13288920703D4AC
:100A8000DEE7A28A9206DBD5421C2A86085C20801B
:100A9000AA8D288EEAE704F08DF9D1E76A6D002A65
:100AA000CED0A08A9E21014003E06A6D002AC7D003
:100AB000012120469047C3E704F07CF9A08801217A
:100AC0008843A080E96D0029BAD0288F8847B7E70E
:100AD000A08802218843A080A08880218843A0802C
:100AE000A96D0029ACD0A88D8847A9E770BDC04684
:100AF0007C10005080B55EF754FE0B480088C0069D
:100B000011D50A488188C9070DD0018809060AD580
:100B10000121818001888022914301807648806C88
:100B2000002800D0804780BD040000500001005024
:100B300088DAFC0710B50468091BFF31994208D315
:100B4000194606E01378237003685C1C0460491E94
:100B5000521C0029F6D10020207010BDF8B50646C1
:100B60002120144F3C5C002C1FD001253D8407F050
:100B7000F9F9442000213954B965002E04D00E48FB
:100B80000621002204F036F90C4E30465FF7B1FD25
:100B900030465FF763FDFF20023048217852D320B2
:100BA00040003D54284607F053FE601E8441204615
:100BB000F8BDC04630D8FC07FD97FC070010005078
:100BC00080B51449062260F727FA80BD7FB5104929
:100BD00001AB1A4670C970C27C210E4A515A0909EC
:100BE00019710D49891C60F74FF97FBDBFB50848E1
:100BF00001AB194634C834C17C20064A105A00099A
:100C000018710548811C012060F798F9BFBDC046E6
:100C1000F48CFC075CD4FC07309DFC0780B50021F8
:100C20000A46FFF787FB80BD0748018800200906B8
:100C300009D506490968090405D405480088012139
:100C400001404842484170470800005030000040D1
:100C500018FAFC0770B538480921042418232246E5
:100C60005AF74AF805461B202870FD26304662F7E1
:100C70004BF80021A982E96029616C606E80687080
:100C800028465AF754F870BD1FB514460022029248
:100C90000192069A00921A46234662F7E1FA04B0DE
:100CA00010BD0000B0B51448027C1449D4B20C2326
:100CB0006343CD5CFF2D0AD0022C02D103220274C3
:100CC000F4E7521C0274C818406880470EE0417C6B
:100CD0000B4ACCB21C236343D45CFF2C08D0491CC4
:100CE0004174D318DB68002BF3D098470020B0BDC7
:100CF000002101820120B0BD88DAFC07B894FC070E
:100D0000DC91FC0770B50C48092104240A23224613
:100D100059F7F2FF05461B2028701426304661F76C
:100D2000F3FFFF21743129816C606E806870284662
:100D300059F7FDFF70BDC0461B0D00001FB51446DE
:100D400001220292044A0192069A00921A46234610
:100D500062F786FA04B010BD748EFC0710B50E4819
:100D600009210422522359F7C7FF04462B200021F2
:100D70002154E172A172FF20083020810748E080F1
:100D8000A080617020460B3022460C320D21044BAE
:100D900061F7FAFE204610BD0D0D00004C04000066
:100DA000109CFC07B0B5174D2C68002C19D10E48CB
:100DB000092104222C2359F79FFF04462860412073
:100DC00020840A4820800025658020460A301121B1
:100DD0005CF707FB2585E5846584E583A5832020F2
:100DE000E0762046B0BDC046040D0000030A0000B6
:100DF00080B5FFF7D7FF59F79AFF0248002101603D
:100E000080BDC04638D5FC0710B50B4C20680028C3
:100E100000D010BDFFF7A2FF20600C21017010BDB3
:100E200010B5054C2068002800D010BDFFF796FFD4
:100E300020600D21017010BD30D5FC0770B504464F
:100E40007A2060430B490E187820315C012520463A
:100E50002A4661F783FE204601F048F90570317F8C
:100E60004174B11C401C10225CF7A2FA204600F02D
:100E700013F870BDB4D7FC0780B501F059F9FF280D
:100E800005D07A21414303484018103080BD00202E
:100E900080BDC046A4D6FC0710B5044601F026F973
:100EA00059F745FFA000024900220A5010BDC04674
:100EB00058D5FC0710B5044601F018F9002101705F
:100EC0002046FFF7E9FF204661F7C4FE10BD000091
:100ED000FEB5029301920E468100114A57585518EB
:100EE000002F0AD101020A310E4804241E23224693
:100EF00059F702FF074604702860BC1C10212046E9
:100F00005CF76FFA20463146019A5CF751FA029875
:100F10007870384659F70BFF00202860FEBDC046A8
:100F200054D5FC07140E0000B0B500280FD00246BF
:100F30001248824212D825483830002423460A2B12
:100F400019D00568002D10D0001D5B1CF7E70C4878
:100F5000C82101800B4808210180FEE70848C8210C
:100F60000180084808210180FEE701605C1CE0B2B6
:100F7000114600F08DFCE0B2B0BDC046FCFF3F0062
:100F80000031005002330050F8B50446401E0928D5
:100F90001AD8A0000D494718786B002814D00C4DC2
:100FA000A84211D03437EF482018401C042631469F
:100FB0005AF72BFA3D600823EA483146324659F782
:100FC0009BFE047059F7B3FEF8BDC04684DBFC07F6
:100FD000614BFC07FEB505460805090B002800D04B
:100FE000491C002900D1012127480540FF20002489
:100FF000EF4F144E01918C4220D0284603F050F957
:1010000000281BD10295002503F0CEF9C0070CD0B3
:1010100038880006F8D530680004F5D40A488542BF
:101020000BD06D1C5AF745FBEEE7029804490818EF
:10103000451C641C00200199DDE7FF2040B2FEBD85
:10104000FF0F00003000004080841E007CB5144675
:101050000D4606460C480840884202D128462146E3
:1010600008E061190A466A40120B05D001221203FA
:101070008018091AFFF7AEFF01AB30462946224619
:1010800003F0C0F97CBDC04600F0FFFFBFB51446B9
:10109000089A0B4DA84207D1CF2040000978314B68
:1010A00019540020107008E00E250295054D019599
:1010B00000921A46234662F7D3F804B0B0BDC0468A
:1010C000090E00007C8EFC0710B5014601200B4A7A
:1010D000914211D3121D91420ED8029CF231C8B236
:1010E000800050490918486D002803D0543100226F
:1010F0000A6080470020207010BDC0460E0400002A
:10110000E0B5EF4B1B7D132B03D101AB03F01EF9B0
:101110008CBD0020C0438CBD1FB514460522029231
:10112000044A0192069A00921A46234662F798F8FA
:1011300004B010BD0C8FFC07E0B503F03FF901A827
:1011400003F062F803F0C2F88CBD000080B53548AA
:101150006A3004490A3110225CF72AF9012000F0B4
:101160008FFB80BD30D8FC0770B50B4804240921E3
:1011700022460B4659F7C0FD05461B202870FC2669
:10118000304661F7C1FD002129726C606E80687085
:10119000284659F7CCFD70BD1B0D00001FB5144645
:1011A00004220292044A0192069A00921A462346A9
:1011B00062F756F804B010BD348FFC07F8B504464A
:1011C000184801680F200840E071080F2071C8B26C
:1011D0000009A0710801000F60710803000FE070A2
:1011E0000802000FA0700805000F60700904090FC5
:1011F000217003210D021D2201230B4F2946B84700
:10120000E0791C22002629463346B847E0781B22A5
:1012100029463346B84760791A2231463346B847E3
:10122000F8BDC04608DBFC0799F9F10710B5A44CDE
:10123000207D032801D15FF777F814202075002066
:1012400002F040FA10BDC046B0B50C464349884292
:1012500020D0434A90422AD0424988423BD120784C
:10126000401E092854D88000424909188A6B444B13
:101270009A4269D0404882426BD139480421082300
:101280000A4659F739FD217801706168416059F7C4
:101290004EFD5EE06268002A48D0334882424CD25C
:1012A00020782F49401804215AF765F851E020783A
:1012B000411ECAB2092A32D889002E4A5218936BAD
:1012C0002D4DAB4245D138322C4B595811606168D5
:1012D00000F0DEFA3DE0531C012198423CD30A3273
:1012E000904239D8C01EC0B2411E8A0021498B18D5
:1012F000996B00292DD0204CA1422AD0204CA1422C
:1013000027D038331D4C0025A5501D60884720E0AC
:101310001648C8210180164808210180FEE71348BD
:10132000C8210180124808210180FEE70F48C8212A
:1013300001800F4808210180FEE70C48C821018088
:101340000B4808210180FEE738310C4A0023135076
:101350000B600498002101700846B0BD0104000034
:101360000304000002040000FDFF3F0000310050B4
:101370000233005084DBFC07634BFC075CD5FC07A1
:10138000614BFC07EFF31081012080F31088084ABD
:101390001288120603D4074A1388034313800029D6
:1013A00002D080F310887047002080F310887047C7
:1013B0000800005008330050F2488178491C8170C1
:1013C0000178002900D070473E490022CA703E498A
:1013D0000B780A70012B01D0012100E0022101707D
:1013E0007047C046FEB51C460D460646002700283D
:1013F00001D4384600E0012029460A394B424B41CE
:101400000340019300D07642002A01D0372000E04B
:101410005720029008980090304629465BF74EFF0F
:1014200029464143711A0A2901DB029A00E0302261
:101430008918E1557F1C00280646EDDC00998F4293
:1014400003D23020E0557F1CF9E70198002804D032
:101450002D20E055E019421C00E0E2190020107038
:10146000101B4108521E002907D0237815782570DB
:101470001370491E521E641CF5E7FEBDEC488178CE
:10148000002904D0491E8170090600D070474178B8
:10149000002904D0002242700322114003E00178A9
:1014A00000290AD0491E00220270C8B20128EDD1DD
:1014B00004480121C170044800E000210170704718
:1014C00088DAFC0718FAFC0778FAFC0782B0F0B556
:1014D000CBB00F4601905092519350A80290439088
:1014E00003A84A9001210C1A0E0239784A98221852
:1014F000B24200D383E025290ED17D78BA1C302D6D
:1015000011D1117800297AD03039CAB20A2A00D311
:101510000021FD783A1D07E07F1C01700021417019
:10152000401C4A9054E0002104232B436C2B02D131
:101530001578571C00E01746582D21D0632D4BD04D
:10154000642D27D0692D25D0732D49D0752D17D046
:10155000782D15D0002D52D04AA803A925232CA2FE
:10156000FFF7E8FA4A982118B14204D20570002129
:101570004170401C4A904AA803A902232EA225E0EC
:10158000029A01CA0292C9B2752D13D100910A21A3
:10159000002214E0029A01CA0292C9B200910A2103
:1015A000002244AD2B46FFF71DFF03464AA803A9BE
:1015B0002A460BE00091583D6A426A41102144AB33
:1015C000FFF710FF03464AA803A944AAFFF7B2FA9F
:1015D000397800298AD112E0029A02CA02929CE765
:1015E000029D2A680020115C401C0029FBD1431E8B
:1015F0004AA803A9FFF79EFA2D1D0295E8E703A963
:101600000198FEF77EFE4BB0F0BC01BC02B0004773
:10161000464154414C3A20756E737570706F727408
:101620006564207072696E746620636861726163BC
:101630007465723A200000002E0A000080B5AE21C9
:10164000894A515C002904D080000249085802F000
:1016500001FB80BDA49CFC07FEB50024E5430028E7
:1016600014D006460078002810D0002A0ED00F466D
:10167000009207F091FA0190046002A930463A46C0
:10168000FEF758FE02990A78002A01D02846FEBDCE
:10169000019AB142FAD011680229F7D00028F5D496
:1016A000009908602546F1E7B0B50C460025202DCD
:1016B00004D041F724F960556D1CF8E70020B0BD57
:1016C000B0B5044609480A4D402229465BF770FE32
:1016D00048350848302229465BF76AFE0648001B59
:1016E0000649088014304880B0BDC04670ECFC0745
:1016F0007C37F207B0ECFC07B8ECFFFF78ECFC0796
:10170000B0B504462120C100A74D28465BF769FE0D
:10171000832040000349295203482880204600F0D6
:1017200017F8B0BD224300003512000010B5034683
:101730009D484218AA2494707A22514340181030D0
:1017400019465BF735FE012000F002F810BDC046D7
:1017500080B5024900F0C4FE80BDC046189DFC075C
:1017600007481E214180018803220A430280018824
:1017700004220A430280B4480121C1707047C04668
:101780000016005088DAFC07F8B50D460446354EC1
:10179000B06BF0631E4801210091016001680029CF
:1017A000FCD11C480068B0634127F15D002908D0D6
:1017B0004020305CFFF7E8FB442000213154F15514
:1017C000B06BF16B411A706A814201D800281DD1BB
:1017D000E8B203281AD12C20315C2078884215D138
:1017E0006178814212D1A17881420FD1B06A01287B
:1017F0000ADB009CF45500090749FFF795FB4421DB
:10180000745440217054F8BD00F014F8F8BDC0467F
:10181000FC0000401C0000403518FC0780B5034860
:1018200001688948001D5DF7F3FC80BD149DFC072D
:1018300088DAFC07B0B520200A4C0025255407F0B3
:1018400053F809484560057006F0D8FA06F00EF81E
:1018500005F09AFD4420255404A002F0FBF9412034
:101860002554B0BD30D8FC07D8D9FC074F4B0D0A22
:101870000000000080B5054800F01EFE80BDC04697
:1018800080B5024900F02CFE80BDC046249DFC07B7
:1018900070B50C4605460C4EFFF7C6F9002806D079
:1018A0007019801C0421224659F765FD70BDFFF7B1
:1018B00069FD0421082330460A4659F71DFA4460A1
:1018C000057059F734FA70BD01040000704700003C
:1018D000FD2801D00020704700487047DC91FC07CC
:1018E00070477047F8B504460025F44E2F46F42D96
:1018F0000FD07119087C400709D5002C06D0F8B22A
:10190000000120184A3110225BF752FD7F1C7A3506
:10191000EDE7F8B2F8BDC046F8B5022903D10120C1
:10192000FFF7EEFEF8BD0D46042801D1147805E05E
:10193000002311461A4600F0FBFB0446012C32D866
:10194000002D1CD0F320C543DC4F0837002600943F
:10195000002D25D0B4420ED041208000D7490C186C
:1019600060197A215BF73DFD00203860A055009C8E
:10197000D249891988703F1D7A35761CE8E77A21AB
:1019800008466043CD4D281810305BF72AFDA000B3
:101990002818002181602819412292008154817009
:1019A0000120FFF7D5FEF8BDA4D6FC0780B5FFF7F0
:1019B00081FA80BD10B50446891D02201022FFF770
:1019C0005BFA00280BD001467A2220465043BA4BDE
:1019D00018185BF7EDFC2046FFF730FA10BD2046E3
:1019E000FFF768FA10BDC046F8B5044680008E497E
:1019F0000F18FD6E6C37002D20D121020A311348DB
:101A000004221E2359F778F98321490001803860A8
:101A10007A256543A848441951341026204631469A
:101A2000324661F75CFCA44A505D082101435155E0
:101A30003D68A81C214632465BF7BAFC284659F798
:101A400076F900203860F8BD88DAFC07140E000033
:101A50007CB505460C206843D04A10182D22825CC4
:101A60002C46002A18D00020019000907A2068436C
:101A7000914A125C012010400A88002A06D10028F1
:101A800078D0881C694608225BF7B6FC002871D123
:101A90002046FFF7D3F97CBD0A88002A20D0002019
:101AA0000222FFF7E9F9002864D006467A2255435E
:101AB0008148401931465BF77BFC2046FFF7BEF9B1
:101AC0007920305C0128E6D87C490A189278AA2A45
:101AD000E1D1800008184A688260501C48607CBDD3
:101AE0002721415C06462736727812025118B278D7
:101AF000F3781B029A1812045118327973791B0279
:101B00009A182623C05C61F7CDFB01460320022909
:101B100003D311D0042901D02CE001200622314644
:101B2000FFF7AAF9002825D001467A2255436248DA
:101B300040195BF73DFCABE70020FFF7D3FE002820
:101B400018D00546030108330C480921042259F72F
:101B5000D3F80446457017202070A01C0622314699
:101B60005BF726FC20460830FFF7BCFE204659F7FD
:101B7000DEF87CBD2046FFF79DF97CBD140D00000A
:101B80005C49C98E0180704780B55A490A7D027050
:101B9000401C15315BF70CFC80BDC0467D21C18027
:101BA00000218180102141800821018070470000C0
:101BB000F8B504467A2646433F4885194F782F7773
:101BC0002846143008210A4661F789FBA81C0090BA
:101BD00010223946174661F782FB40F790FE364BDC
:101BE000995D01220A439A556882204600F0AAFDB9
:101BF000297F0177698A4182E98AAA8A6B8B2D8BBA
:101C0000058343838282C182801C00993A465BF738
:101C1000CFFB204600F096FD59F789F8A000024955
:101C2000081800210167F8BD88DAFC07FEB57A21A3
:101C30004143214844187820205CC0073AD002AACA
:101C40000027177001AEFF2535702046314600F0A1
:101C50009DFA3078FF2813D1F94318483A46082FE7
:101C600019D083184126B6009B5D002B05D1C319FE
:101C70009B688B4201D2D5B219463F1D521CEEE73C
:101C800002A90978002904D00C49091841229200C0
:101C90008F54054601E0481C0CD079202554074894
:101CA00041684A1C4260AA0080188160204629468B
:101CB000FFF73CFDFEBDC046B4D7FC07A4D6FC0729
:101CC00010B50C46017801290BD000290ED14288AD
:101CD000084B1A751533011DD2B218465BF768FB25
:101CE00002E040880349C886002000E048202070B8
:101CF00010BDC04684DBFC0700208880488001209E
:101D000008707047F8B5032006020620022201245D
:101D1000314623465DF740FE06F0E6FD1C4DA88ADD
:101D2000C00703D028465EF7EAFCF8E7194800210F
:101D30004160017005F0ECFF01F0FAFF2120C000C6
:101D4000154F385C00280FD085204000385C1422E5
:101D5000314623465DF720FE43208000385C002199
:101D6000132223465DF718FE222028610B48C07F0E
:101D7000002802D00AA001F06DFF032006F040F910
:101D8000002804D0032006F077F806F015F8F8BD17
:101D900000100050D8D9FC0730D8FC0708DBFC073E
:101DA0000D0A2B4157414B450D0A000080B55BF7EA
:101DB000EDFA80BD80B55BF7F2FA80BD70477047E1
:101DC00070B505460469261D3068002805D03046E8
:101DD00040F764FE58F7FDFEF6E700202861204634
:101DE00058F7F7FE70BD0000F0B58BB01E460792A5
:101DF0000F460446109806900088089000210120A4
:101E00000246092913D0032585400990204634460F
:101E1000089ECE403B46012737407E421F462E405B
:101E20003243264604460998801C491CE9E70A9279
:101E3000802030439E210140A08A03911D490291D8
:101E40000190002000901C490AAA132338464DF740
:101E500069FD0546002829D1089720270121059111
:101E6000384658F73BFE0996064639465BF7B9FAFD
:101E7000266130461E3011496160A06008980088D4
:101E800030830598E0811420E082A08A7080099850
:101E9000C003079908433080069800887083301D7E
:101EA00040F7F4FDA08A002159F757F928460BB0F6
:101EB000F0BDC0468C93FC070A1800007094FC0724
:101EC000004870479094FC07FEB51F4616460C4626
:101ED00014205FF713FE002819D001972778082FE8
:101EE00002961BD80546418B008B3A4600F0E6F877
:101EF000002815D060788D26802840D8082F11D072
:101F0000072F12D0062F12D1082810D037E05C48D6
:101F1000C82101805B4808210180FEE781262EE070
:101F200082262CE0072802D029E0062827D32E1D80
:101F300035462D68002D0BD02979B942F9D1002200
:101F40003046294640F71AFE284658F742FE607888
:101F50000830012158F7C2FD0546617808315BF76A
:101F600040FA2078287160786871A81D6278A11CF9
:101F70005BF71EFA3046294640F7ACFD00260648BE
:101F800002230199029A58F7B7FE21780170467032
:101F900058F7CDFE0020FEBD01140000F8B5144630
:101FA0000D46104659F7EEF801283ED114205FF790
:101FB000A5FD002821D00746418B008B3E7F32468D
:101FC00000F07CF80090787F010208312A781848E8
:101FD000964219D16A7889B2931D224658F78CFE31
:101FE0000746002038710098388068787880781D1E
:101FF0006A78A91C5BF7DCF910E0DA48C821018097
:10200000D94808210180FEE789B20623224658F705
:1020100073FE07468020387100983880384658F79C
:1020200086FE0021204659F798F80020F8BDC046EA
:10203000140C0000F8B50F78092F19D20D4612A024
:10204000C45DA01CC6B213481946334658F754FE67
:102050000646287830707470B8000FA10958B01C7B
:1020600022465BF7A5F9304658F761FE0020F8BD1F
:102070000348C8210180034808210180FEE7C046CB
:10208000003100500233005007070A070D0D080603
:1020900007000000031400008B9BFC074B98FC0713
:1020A000A698FC074B98FC073D98FC075398FC0743
:1020B000049CFC07FD9BFC07D491FC07B0B58BB2D8
:1020C000411C00200446092C0DD01D46E540ED07BB
:1020D00002D0A24202D0891C641CF4E7092A01D074
:1020E000481C00E0002080B2B0BD000010B58200A6
:1020F000074B9958002909D19C1801020A3105485B
:102100000422122358F7F8FD01462060084610BD4E
:1021100058D5FC07180E00007FB5044A01A90B46EC
:1021200070CA70C300F0DCF97FBDC046008DFC07AB
:10213000F8B500920D460646314F81370024022C37
:1021400021D0032E1CD8B00001A108588746C046F4
:102150006121FC076721FC076B21FC077121FC074B
:1021600038465F3806E0384604E03846373801E044
:10217000384627382946009A5BF73EF9002803D0F5
:102180007A37641CDBE7FF24E0B2F8BDF0B587B016
:102190000192029101467131039106903A30059007
:1021A000FF2004900027164E3D463C46022D1DD0D0
:1021B00070198078AA280AD1F119087C069A127839
:1021C0000240500708D54A311022059807E0E00781
:1021D00000D10495012406E08131072203985BF7C2
:1021E0000BF9002803D07A376D1CDFE7049D01202E
:1021F0000440019804700298057007B0F0BDC04615
:10220000A4D6FC0770B50C78A51E052D33D81C0A82
:102210007D442D796D00AF4402242E313F4D7A204C
:102220006043574A1518887878216854C0070DD044
:1022300071350C2060434A490E1831462731062279
:1022400028465BF7B5F82620305CA8712046FFF7DA
:10225000EDFC0C206043424908182D210022425415
:1022600042E00C2060433E4909182D22002088548A
:1022700006F0CEF938E005F097F835E07A256543A9
:102280003F4C60193A30891C17225BF791F8605D6A
:1022900004210143615527E07A256543384E7019C2
:1022A0006130891C102422465BF782F8705D204360
:1022B000705519E07A206043314A14188B1C488A03
:1022C000002808D020461E301C2219465BF770F803
:1022D0002078022106E0A01C1C2219465BF768F852
:1022E0002078012101432170002070BD10B50A78CB
:1022F000072A24D8180A920001A39A589746C04684
:102300002123FC073F23FC073F23FC073F23FC0757
:102310004D23FC075D23FC075323FC075923FC07CF
:102320007A224243164B00249C540C2242430C4B0D
:102330009A182D230124D45402F0D8FE0EE05C48F4
:10234000C82101805B4808210180FEE702F012FFEE
:1023500004E0FFF749FB01E0FFF72AFC002010BD75
:1023600008DBFC070031005002330050180A7A22C3
:10237000424303488018097878228154002070472E
:10238000B4D7FC0780B5180AFFF762FB002080BDB8
:1023900080B5FF207A309549085C042809D10548AA
:1023A00009210422012358F7A7FC0221017058F7E4
:1023B000BEFC80BD030D000080B5180AFFF7FAFAD5
:1023C000002080BDF8B51E4614460D46104658F74D
:1023D000D9FE012819D000284DD114205FF78EFBBB
:1023E000002814D00096418B2A88038B5E1C0023A2
:1023F000092B34D00F46DF40FF0704D0B7B27F1C53
:1024000097420BD0B61C5B1CF2E7022434E028484C
:10241000C8210180274808210180FEE7DFB2082F8C
:102420001DD8061D3668002E28D03179B942F9D161
:102430007079831D1C480099224658F75DFC0746B9
:102440002888388000243C7170797880781D7279F2
:10245000B11D5AF7ADFF384658F769FC0CE0124839
:1024600006230099224658F747FC298801808021DD
:10247000017158F75CFC00242046F8BD07770099ED
:10248000090A41775FF758FB0146084801252246B3
:102490002B4658F731FC077058F749FC204629466F
:1024A00058F75BFEE7E7C046140C0000021400007A
:1024B00000310050023300501CB5044600F007F80C
:1024C00007CC01AB01F042FF01F033FF1CBDE0B5CA
:1024D00001F074FF01A801F097FE01F0F7FE8CBD3A
:1024E000F0B585B00C460290FFF7F1FFA06801053A
:1024F000020B002900D0521C00946068244E064054
:102500000024254D7A4F0192944237D0029800283A
:102510001AD0304601F0C4FE002834D100200390C8
:1025200001F042FFC00723D028880006F8D538689C
:102530000004F5D419480399814224D00398401C23
:10254000039059F7B6F8EBE701F0EAFE00281AD13C
:1025500001F0B0FF002816D102205DF701FF012035
:102560004007304301F0C0FF01F038FF00280AD1D6
:1025700008488019461C641C019AC5E7009A07CADE
:1025800004AB01F03FFF01F0D4FE05B0F0BDC04642
:1025900000F0FFFFFF0F00000800005080841E00C5
:1025A00010B5BC20114900220A5411480A21042404
:1025B0000123224658F7A0FB047058F7B8FB10BD62
:1025C00080B50A48007800020A3081B20848042227
:1025D000012358F791FB0721017058F7A8FBC82089
:1025E0000449FEF7A1FC6249887480BD30D8FC071D
:1025F000050E0000C125FC0710B501208402064825
:102600000460BFF34F8FBFF36F8F02F0E3FA03480C
:1026100004600348046010BD80E100E080E200E057
:1026200000E100E07FB5044A01A90B4670CA70C3FF
:10263000FFF756FF7FBDC0460C8DFC07B0B54C4C74
:10264000E07F094D2978002902D05DF795F901E076
:102650005DF79AF9287801214140297064200349E7
:10266000FEF762FC6077B0BD689EFC073D26FC0764
:1026700080B5042058F786FDC11E4842484180BD00
:1026800080B5103080B2022158F7E0F980BD00001B
:1026900070B5174EB06800F02DF835494A6E00232A
:1026A0004B661518084C284621465AF707FE7061FC
:1026B00006494143481901D0201A80B23061306880
:1026C00008210143316070BD710200008FFDFFFFE2
:1026D00080B506480021016001F054FD0120C007CB
:1026E00003490A6882430A6080BDC0469CF9FC0722
:1026F0003000004080B50246C00B09D00E48406B48
:1027000000210B465AF704FE8905800A401880BD57
:102710000948406B4243900A80BDC04680B5FFF730
:10272000E9FF80BD80B50449096B4143034808189F
:1027300003495AF7C3FD80BD08DBFC0720A1070051
:1027400040420F0010B501468000094A1418206F5E
:10275000002800D010BD703409020A310548042257
:102760001E2358F7C9FAFF2108310180206010BDEF
:1027700088DAFC07140E000000B5ADB005201490F7
:102780000507C02017902883ED48C8211E910180BD
:1027900000244480EB4808211C910180EA4800880D
:1027A00023AE30803088C046C04630880422D143F2
:1027B00008422295219202D0E348048004E0E24AD4
:1027C0009089012188439081E04E30881C9908430C
:1027D0003080012528021A902C305CF7C7FF7088E2
:1027E00080211B91084370800F239802D64FB98B2C
:1027F0000143B983F08D06229043F085A803B98B7D
:102800000143B9833088D2490140318070881092E9
:1028100010431C9988437080229F788DCD4AFF32E7
:10282000F18D1140AA021F931B03C0051395189246
:102830000F9319D51143F185F08DC7490140E80385
:102840000818F085C04A908B1C9908439083908BA0
:10285000219988439083F08DA843F085908B402187
:1028600001439183114621E0032042021143F18587
:10287000F18D1943F185B44B998B1C9A914399833F
:10288000998B0422914399837188B44A0A407280DB
:102890007188B34A0A40C00210187080F08D01217F
:1028A0000143F1851946788D4007FCD5888B0322BA
:1028B00019921043888330882021209108434021B9
:1028C00088433080388F022528433887A548219EC9
:1028D0000680B888A4490140B980A44A13981071B1
:1028E0000004A34908600D32A248011D169210464B
:1028F00015915EF71BF91D9528465EF7DFF89E4897
:102900000068C1B20C20AA29014600D031463A889D
:10291000824388183880C046C04698480088984945
:1029200008839848006848611398C046C0468825C7
:10293000954F7C5324AE95A1242230465AF738FD9A
:102940009B493846224633465CF790FD785D400847
:10295000059578558920395C490839548420395ABD
:10296000199A12021192002902D11199E8313952B3
:102970008621785A0028804E15D1FF200202306847
:10298000104035221202904209D00D22920290424C
:1029900003D033221202904204D1942000E0902010
:1029A000785200E00020714D68875CF749FC7F2079
:1029B0006871B0696F4DE860169815995EF762F915
:1029C0007C4806687C4800687C498842149F00D097
:1029D00093E07B487B495AF704FD072421027A489B
:1029E0005AF7FFFC73480660FDF75CFC77487849AE
:1029F00001607848784930225AF7DAFC7748002697
:102A0000C671867146710671C670867046703D212A
:102A10000170734873A1402216925AF7C9FC81488D
:102A2000C671867119994171FF210171C170817060
:102A30004170089101707C4806707C487C490160B7
:102A40007C487D4901607D497D4808607D480A21B8
:102A50000E9101707C48159606707C4807607C4892
:102A60000121129101607B4807607B481099016049
:102A70007A4804607A481C9901607A4850210160C4
:102A80007948016079484E49016000F0B7FE5CF773
:102A900005FB5CF749FB0F99FF31229AD08C084067
:102AA00061020143D1845CF75BFB43480068434902
:102AB0008842139F2D4C36D06C4800686C49886062
:102AC000E868A871010E6972010C2972000AE871A8
:102AD0001A98C03067490A46002818D0401E435C47
:102AE00014782646199D2E40224DAE19B6795E40C7
:102AF00066401E4C1670521CEEE75F485D497A0234
:102B0000944200D965E722586250241DF7E7284611
:102B1000283058491C225DF7C7F9A86A3FF7F5FE2F
:102B2000254826490160FEF71BFE384600F0C6FE28
:102B30002078002800D1A1E01B986070A3E0C04677
:102B40000031005002330050040300505200005086
:102B5000FFBF000000F0FFFFFF0F0000FFF90000C3
:102B6000FFC7000000020050FFF7000088DAFC07F2
:102B700080E200E0309DFC07D02FF807D82FF8073F
:102B800008DBFC07D42FF8075CD4FC07C137FC072F
:102B90009D37FC075137FC07000000007537FC0724
:102BA0000000000000000000D02EF807C02FF8073A
:102BB000A000FC0720FAFC079CF8FC07658734128C
:102BC00000ECFC079408000000F9FC0724FAFC075D
:102BD000A094FC07C8F9FC075CDEF107A4F9FC0728
:102BE0003CFCFC072000800000C000000000040046
:102BF00000002822000000000000040000F7FFFF92
:102C00007F00000030F00708000000000004000012
:102C100000000000000000000000000000000000B4
:102C200000000000ACF9FC07C5F9FC0750F9FC07EF
:102C3000E036F20754F9FC074896FC0758F9FC0700
:102C40001C95FC07A1F9FC07A2F9FC075CF9FC073D
:102C500060F9FC0764F9FC0768F9FC076CF9FC07EC
:102C600070F9FC0748F9FC0744F9FC074CF9FC072C
:102C700000020040E4DBFC0700F0FC07E448002110
:102C8000C170E4480170E44800683FF7E3FAE048A7
:102C9000159F0771C7701298820710681A99084328
:102CA00021921060DD4E304622300C2110915AF7EF
:102CB00098FBDB4C0D22227520461530D9495AF776
:102CC00077FBE7860424D849204658F714FA049481
:102CD0002046394658F741FA30461430D349062287
:102CE0005AF78AFB002804D0308B24A988807069A9
:102CF00003E024A8CE498180CE482490CE4C2846BB
:102D0000203024A906225AF753FB15997160B1604F
:102D1000F1602176C94801601420207560F720F821
:102D20002078002802D08120607004E00120B8499A
:102D3000C870B84908701899AE20C14A129E16543E
:102D4000AD2014901654BF4F2098159C3C544F2032
:102D500080004C3139522F20C00001903C52BD20E0
:102D600040003C542120C00018903C544520810074
:102D70007D22D2000B927A50872149007C54089D15
:102D800029460E317C54B0493963B049B985642174
:102D90000791B962FE75B882AD48386138462C306B
:102DA0002B218170192080017862112000010E9979
:102DB00039509F2040003818A6A11C220F925AF7C4
:102DC000F7FA572080000921395414984000A84987
:102DD000395228465E30381892490D2203925AF72C
:102DE000E7FA28467C303E54284678301F993954FB
:102DF0009348446006709F48FFF75EFB832006906F
:102E00009D4801889D4A914205D106994900405A42
:102E10009B49884202D00020FEF772FC994924A801
:102E2000024638C938C2FFF747FB9E25964C2088DA
:102E3000964E974FB04202D1605BB84210D0A01CB2
:102E40009C215AF7CEFA67536A20199921543620EB
:102E50001D99215426801298A0700020FFF7E2FBF4
:102E6000FEF708FD68226D4DAC5A2E466836894B38
:102E700089499C4202D1748A8C420DD0AB52874A58
:102E8000874BEA66724828676B67718215983082B3
:102E900010997180FEF7F4FCFEF7ECFC69480A30EB
:102EA00029466A3110225AF783FA7E4924A802463D
:102EB00038C938C2594DFFF7FFFA698B7A48814209
:102EC0001C9C534E1B9F03D1298C784A91420FD0F2
:102ED000764929841599E983A983688312980F9903
:102EE000202902D06854491CFAE70020FFF714F9A2
:102EF000FFF7EEFB6E481E9901806E48048024A8FF
:102F000008300290129948020A903F2080020990EE
:102F1000CD03694810301F90474C219922980089B1
:102F2000000600D4F1E1086B284200D0EDE13088C2
:102F3000C00700D0E9E158F7BCFB0020149000F076
:102F4000BDFCA07B042800D0F4E0139800F0B6FC90
:102F50000024239423A8042149F7FAF9002800D17A
:102F6000E7E012985549086008680028FCD12198CC
:102F7000C0693149096C884202D22F490C6421464C
:102F8000411AC909192900D2D3E02B4908644C4AD7
:102F90001088109050880F9090880E90D0880D90D7
:102FA00025940C464748249024A8FDF70FFE11985D
:102FB000FF30434A11890140E18451890140218554
:102FC0001089099C20400A990843108150892040AB
:102FD000084350815EF74CF80C9037494988164AEF
:102FE000D28C37480389234013430381124A128D40
:102FF00043892340134343810C98401A0B9A11468E
:103000004143002862DC304A8918C01708405FE05D
:1030100018FAFC0778FAFC074CF9FC0708DBFC07F8
:1030200084DBFC07109CFC07648EFC07DA36F20791
:10303000234800000500F43588DAFC0784D5FC0736
:10304000D8D9FC0730D8FC072B2B2B002B2B0000EA
:10305000410045001107B75C49D204A34071A0B5F7
:1030600035853EB083070302F5FE0508434C7632F2
:103070001C0E0000189DFC07A4D6FC0735120000AA
:10308000224300000C8DFC0704D6FC077956000093
:103090006687000057340000446500000000C40942
:1030A00045000101008DFC07CEAB0000BBDC000039
:1030B0000031005002330050309DFC07FC000040FE
:1030C000001500500104000082FBFFFF50189630ED
:1030D000D4495AF709F982091932D34C60797F280B
:1030E0001DD0101A41B2C9114840401A40B20828F8
:1030F00016DBCD4C606C401C60640C925EF76AFA83
:1031000000F0EEFA00F0ECFE5EF7A2FA5EF728FAA5
:10311000C64870305EF7CEFA5EF772FA0C9A6271AA
:10312000C3480F9941800E9981800D99C1801099F3
:103130000180BD4C2098BF49085C002800D1E2E026
:10314000886D02284AD0002800D0DCE0FFF790FA12
:10315000B849002800D1D6E0C420085AFFF790FAF9
:103160000799B44A515C0029139902D0129948403A
:1031700001460029AF4931D124A80A4608990171B6
:103180000298149B036043608360C360039840010E
:103190001058090688430699090640182490189883
:1031A000105C002804D0A448A449016401F012FD79
:1031B00024A801F029FDA248606501F08BFD85205F
:1031C00040009C49085C14221199139B5CF7E4FBB6
:1031D00022209C4AD0601D989649886501F090F99C
:1031E000944BDA59908A00283FD08C21595881425B
:1031F0003FD1109205995858401C58500628149AEF
:103200003CD3D0201958491C19508E4A1088129965
:10321000884310801088049988431080CC20195866
:10322000109CA28A89181950194648310F91002024
:1032300014900864EFF3108072B6896B18466830FA
:103240003FF748FC62B6A18A16342046FEF79CFA86
:1032500014980F99886304F023FB002801D101F032
:1032600039FD714C734B149A08E090201858421C99
:1032700004E019464831149A0A64486490201A50B0
:103280004420185C00281BD0C420185AFFF7F8F916
:10329000002836D0EFF3108072B66649086F002818
:1032A0002ED1C86C01282BD10020C8642224654887
:1032B000C46062B601F00EFD6248C460EE4C20E0CE
:1032C0004820185C0028DFD0EFF3108072B6186F2A
:1032D00062B60028D8D0D86F0028D5D1EFF310807F
:1032E00072B6184668303FF7D9FBEA49C86762B63C
:1032F0000198085C052800D065E101F02BF964E134
:1033000062B601F0EDFD04F0CDFDEFF3108072B672
:103310002098E049085C002854D01898085C0028E0
:1033200046D0DD48008AC0073ED1C86F00283FD193
:10333000C859808A00283BD130790228159802D0DC
:10334000D0480068806A2490FEF768FA0028159833
:1033500000D03DE157F79FFA0028159800D137E1DA
:103360002298808AC007049800D031E13088002874
:10337000129800D02CE1CB48806A002803D0C148C5
:103380000068806A2490B17824A858F77CF8002857
:10339000129800D11CE1B17824A848F7D9FF002881
:1033A00000D014E1012013E190201599B94A115081
:1033B000E54C2078002801D0677003E00020F07011
:1033C000B349087023A9002008703279022A02D07C
:1033D000AC480068806A24901F98B44A5DF7E0FE0C
:1033E000002800D08BE0AF48806A002803D0A548B1
:1033F0000068806A249000F0C5FE24A91F985DF73C
:1034000005FF00287BD101205CF7D6F9249A002A19
:103410001AD02198006AA6494018DA2815D8521EF9
:10342000249212E0FC08000088DAFC0700ECFC079C
:103430000015005030D8FC0708DBFC07F925FC0715
:10344000A989FC07041000500022A08F8B4E7169DF
:103450000818B06192487E30219FFB6B03400B43FC
:10346000FB63F86B93490840F16989020143F963F2
:1034700023A804210170F86B8F490840B169490500
:103480000818F8638D48824200D3E6E07C49886BD7
:10349000C96B002359F73CFF0903000D4118F0697F
:1034A000821C8A421B9F00D0481E784E31794A1EEA
:1034B000914146F781F98248C06A80472199086B9B
:1034C0002842FCD01A99704A10680842FCD0106853
:1034D000B843106065480089452804D84621634AEE
:1034E0001181081A60663EF7F0FE67498868206619
:1034F00008680006FCD522990889B8430881644809
:10350000007801281D9800D0199823A9097804296A
:1035100000D00846811E022948D2229F388A0426FC
:10352000304338825D490868304308605049088953
:103530000124A043088117983883788D1A9908428E
:1035400007D14C4A9088204390801088602188439E
:103550001080B88CA043B8840D205CF707F97889F7
:103560002043022188437881B88AC00603D53F48AA
:10357000801E1C99018030BF2298808AC00602D527
:103580003A481C9901803B490888209A1043169AB2
:103590009043088000F032F9B64804703F4908684B
:1035A000B04308601B9FD04C384E07E0012805D17E
:1035B0002E49881E1C9A028030BF0A8062B62A48B3
:1035C0001E990180A9E400F0E3FFEA4B5CE60420C9
:1035D0000428E84900D0EBE69C200858002800D0D9
:1035E000E6E6086F002800D0E2E62B480088800756
:1035F00000D5DDE601F036FCDE49002800D0D7E634
:1036000090240859022800D2D2E60020149001F03C
:1036100039FC002800D1CBE61F48001F5DF71EF8DB
:10362000D449C8590028149B04D057F7AAFB149B0F
:10363000D049CB510B9818301B4A1060BFF34F8F05
:10364000BFF36F8F0B518B65A74C2078002802D0F9
:1036500081206070B6E61298B1E603481E99018099
:1036600002481C990180FEE70031005002330050EF
:10367000040300505200005088DAFC07309DFC071C
:1036800008DBFC0758F9FC070002004018FAFC07A9
:1036900078FAFC0730D8FC070410005010ED00E069
:1036A00082FBFFFF00FEFC0780E100E01D18FC0725
:1036B000C8FEFFFFFF03E0FFFFFF1F0040420F00B7
:1036C000E4FEFC071CB5044600F078FE01A800F0FB
:1036D0009BFD002C00D01CBD00F02BFE1CBD00008B
:1036E000F0B589213B48415C3030D84AD27B002379
:1036F0000C4E8B4212D24768092A3C4606D33D46FF
:10370000074C2540114C246864042C430568B542DD
:1037100000D127462F6008305B1CEAE7F0BDC046A9
:10372000FFFF01FC3830004010B5C84CE07B401C66
:10373000E073C3B22748054900225BF7B5FFE07B81
:10374000401EE07310BDC04688DAFC07789EFC0777
:1037500070B50C461948111889251E4E705DC000C1
:1037600030183030A20059F723FE705D00197055F3
:1037700070BDC0461148115809234B431058000C26
:103780001A1A1204D214134B60331A8489B2401AE5
:103790000104890C0818401CD883704770B50C468A
:1037A0000648111888250B4E705DC0003018A20025
:1037B00059F7FEFD705D0019705570BDD42EF807E5
:1037C00088001018024940587C21024A5052704724
:1037D000D02EF8075CD4FC072F20C1006548415C5F
:1037E000052904D14288002A01D0012070470A39F6
:1037F0004A424A41007A10407047C046FEB5194C13
:1038000001252580C44E727B1748011D1B205CF7E3
:103810005DF81648002707600D20410155484258C1
:10382000002A01D1124A42502021415CFF229E32DF
:10383000805C084306D105F057F80E4847600770D2
:1038400004F014F8022030730B4801907D204005ED
:10385000009068465CF79AFD00F0B4FAA08928430E
:10386000A081FEBD00030050309DFC070000084011
:1038700006110000D8D9FC070800010003480188A0
:10388000034A11408918091D018070471200005039
:10389000FC7F000080B5014605480068002803D081
:1038A00004A05BF71FFB80BD03485CF70CFF80BDE5
:1038B000B0D7FC07256300000010005080B5E44934
:1038C000CA78012A0FD1094A002803D0108840077E
:1038D000FCD402E01088400705D40020C8700448DA
:1038E00030305BF757FC80BD88DAFC0700160050CB
:1038F00008DBFC0780B5FFF76FFF00280AD06920BE
:10390000800005490A5C002A04D101220A5403A060
:1039100000F0A0F980BDC04630D8FC072B434F4DC6
:103920004D414E44204D4F444520535550504F5229
:103930005445440D0A00000080B52F20C1000D48F9
:10394000415C052904D1828B002A01D0012104E0C9
:103950000A394A424A41417A1140002909D0FF21DF
:10396000A631425C002A04D10122425402A000F098
:1039700071F980BD30D8FC072B42494E4152592085
:103980004D4F444520535550504F525445440D0A15
:103990000000000070470000F0B58BB0302200211D
:1039A00081541F221204204B1C68944301225504A9
:1039B00064191C601E4C1F4D45611F4D1F4E204F4A
:1039C000204BC36106624462184B8362C5621E4B82
:1039D00007604360D004994A136883431360282921
:1039E00003D001A84154491CF9E7984800684030C9
:1039F00001A9282259F7DCFC95480821C1735DF71D
:103A0000E9FDFFF791FEFFF76BFE00F069FA5DF745
:103A10001FFE5DF731FE5DF7A3FD23485DF76AFEEB
:103A20005DF7EEFD0BB0F0BD74000040553AFC07A9
:103A3000513AFC07D53AFC073516F207350AFC0760
:103A4000AD3AFC07AF3AFC079539FC0788DAFC076A
:103A5000002070477047000080B51F20000401213E
:103A60008A07536F8343480418185067106807216A
:103A7000884310600B48018808220A4302805DF7E2
:103A8000A9FDFFF751FEFFF72BFE00F029FA5DF7C5
:103A9000DFFD5DF7F1FD04485DF71CFE5DF7B0FD4D
:103AA00080BDC0460800005070ECFC07704780B530
:103AB000E62800D3E620282800D82820FF22EC3270
:103AC00042437D20C100104659F7F8FB7E38C0B252
:103AD00080BD0000022901D001290AD100280FD0A1
:103AE000FF2811D00A48C82101800A480821018016
:103AF000FEE70748C8210180064808210180FEE74B
:103B0000022901D10C2070475148C07B7047C04644
:103B1000003100500233005088DAFC07FEB54748F8
:103B20000168C90703D0016802220A430260012329
:103B30000168490203D5990502680A4302601D0223
:103B40000193580202903E4F0095384608380468A9
:103B5000002C71D0200617D58020386048F7A1FAD4
:103B6000D3204000DB4A105C401E414241412F20DF
:103B7000C000105C401F421E904108403349096854
:103B800069180885FDF7ECFDA00703D50220386011
:103B900045F7A2FC200714D508203860002045F71F
:103BA0004FFC04202A4EB0735DF72AFDC12040016E
:103BB000F17B0906081823490968814201D021498F
:103BC00008602C4203D03D60012045F739FC029883
:103BD000044203D00298386048F7CCFA600603D557
:103BE0004020386045F727FCE00603D510203860F8
:103BF00043F7EAFF60070FD504203860124A1088A7
:103C000001998843108057F7BBFD3EF719FDFDF77A
:103C1000A7FD00200E498873E00708D0019E3E6092
:103C200057F7CAFD48F73DFA09488673009DA0067C
:103C30008BD52020386088E7FEBDC04600020040DA
:103C40001800004000100040083300504CF9FC07F9
:103C500088DAFC0710B504460120FCF77FFF002836
:103C600005D103A021465BF73DF904F01BF910BD17
:103C70000D0A257300000000F8B50446FEF7F8FCB5
:103C8000002813D02F20C700924EF05D052814D1D4
:103C900075882046FCF720FB00210091401C82B271
:103CA0000C232846214604F043FDF8BD0720FDF70C
:103CB000C5FC1B48FFF7CEFFF8BD002C1AD02046EC
:103CC000FCF70AFB002812D0401C002156F706FF23
:103CD00000280CD005462146FCF713FB08200021E4
:103CE00056F7FCFE014645600E483EF7F3FEF05DD8
:103CF0000528E1D0FD203EF766FD01460A48042272
:103D0000072356F7F9FF012141702222074B9A5CE5
:103D10000270817181800621418057F708F8F8BD53
:103D2000FD97FC0784DBFC0706FD000008DBFC07B1
:103D300080B5032001020620022200235BF72CFE3F
:103D4000FF209E306349085C002804D00520002134
:103D500001230A4603E00520012200210B465BF700
:103D60001BFE80BDFEB501210290414001910B2058
:103D7000C44303200602002C22D027460C375548A6
:103D80000019FF2120314518287B09280AD1F8B2F3
:103D90000A2159F793FA084600223146029B5BF745
:103DA000FBFD287B0A2809D1F8B20A2159F786FAC7
:103DB000084600223146019B5BF7EEFD641CDAE702
:103DC000FEBDC046FEB5FFF7B3FF0B20C643032080
:103DD0000002029001200190E94F002E61D0BA1933
:103DE000FF2108462C30135C5D1E0D2D2AD830466D
:103DF0000C30C0467D442D796D00AF440606061593
:103E00000E0E1A1D232323232532C9431A025118EB
:103E100089B2C0B20022134612E0032812D8C0B201
:103E20000F2200210B460BE03831535CC0B2002258
:103E300005E0C0B2092201E0C0B20A2200230299C3
:103E40005BF7AAFD761CC8E72122D200BA5C002AE3
:103E5000F8D09E31795CC0B2002920D000210A46FA
:103E60001BE02122D5007A5D002AEBD02022BA5C2B
:103E70009E31795CC0B211430DD114220299019B8D
:103E80005BF78AFD785D0028DCD0134A10680221B8
:103E900088431060D6E700220299019BD0E71322E5
:103EA000BFE701201D220D4E029C2146019BB04719
:103EB00004201C22002521462B46B0471B22284601
:103EC00021462B46B04703201A2229462B46B047ED
:103ED000FEBDC04630D8FC071010005099F9F1071C
:103EE000FCB57F2000025E494A6982430B20000234
:103EF00010184861086880B25A4A801808608869BA
:103F0000594A02408A610320019000020A6B024371
:103F10000A63888F102202438A87888801220092D0
:103F20001043888051485249016052490888104323
:103F30000880514E30461038504DA98B0140152055
:103F4000440108195030A88368694D4901404D4823
:103F500008186861A8694C49014009204002081806
:103F6000A8612868494901404948081828606868DC
:103F700048490140484808186860A8684749014016
:103F800047480818A860E8684649014046480818AC
:103F9000E860C12040019B49C97B090608184349D4
:103FA000086005208102424A11804F1D9780178CBE
:103FB00055203843AA27B8431084FF276C3738466A
:103FC000C93010853B4B18460E3090853A48108614
:103FD0009386C01D10870A312985A86B3749014097
:103FE00037480818A86337480780028F32402146B7
:103FF000203152180287344D2A883240D219D532E6
:104000002A80AA8832401219AA802A89324051187F
:1040100029813946213181802C4801883140091994
:1040200060310180818A19220A4306218A438282F3
:1040300007841E4A908F26490140009840030818C3
:1040400090870C4A106C019908430421884310643E
:10405000506A20490140204808185062FCBDC04603
:104060002030004000006666FF00FEFF8000004038
:1040700059055C07401000401FFCFFFF0420004072
:104080000000E0FF09601A00FEE1FFFFE0E0000031
:104090000809294900000303696A686C031FFFFFD0
:1040A00070600000E0E0E0E00B0A0A080010004049
:1040B00028130040260A0000510800002304E0FEF7
:1040C000181A0601001200404412004088120040F5
:1040D000FF9F000000FE00FE50015001F8B50446AD
:1040E000042835D860B21CA1095C1D4AD1711DA1FC
:1040F000095C51701DA1095CD1701EA10D5CFD20F1
:104100001E4E2946B047FE202946B047FC202946CE
:10411000B04723203B4E012131542F20C000184AC4
:10412000105C21217054FF277A37D05D2021705414
:10413000002807D001280BD15EF7AAFD0025104802
:10414000C55503E00225284600F09EFF2220355485
:1041500003480470F8BDC0460502010005000000D8
:104160000C9DFC0700000303000000000D05010189
:104170000D000000100C040410000000312DF207A7
:1041800030D8FC07F8B5842011490E5A1148076B46
:104190003046784310494018104D294659F78EF89B
:1041A0000446EA4884873C367E430B48301829464B
:1041B00059F784F8001D0A4948612018C01DC861DC
:1041C000FEF798FA0749401880B257F703FBF8BD8D
:1041D0005CD4FC0708DBFC0720A1070040420F006D
:1041E000309DFC07E204000005480188202291432D
:1041F0000180D649097B0907490F81847047C04671
:104200000012005088DAFC07F8B504461E4E3078DC
:10421000002800D0F8BD00F083F80028FAD100256E
:1042200028465CF79DF8FFF7DFFF9F20174FB84740
:104230002846B8470006070A28461449884700025E
:1042400080B2C719284611498847C0B23D185CF7AB
:10425000D1F8002DDED0EF20C2430D4811460C31BD
:104260000ED08218F423D25895420A46F7D140184E
:104270000146E4312CC92CC6E421405C2070F8BD15
:1042800004A00EC80EC6F8BD6C9EFC071104F20710
:10429000188DFC0700000000000000000000040072
:1042A00010B5044600F03CF8002800D010BD00F026
:1042B00001F90028FAD102205CF752F801204007EA
:1042C0000443204600F010F9002010BDB0B500F006
:1042D00027F8002800D0B0BD00F0ECF80028FAD193
:1042E00000F062F8044672480078142803D12007D1
:1042F000800F03D1EFE76006C00EECD000F010F89D
:104300000028E8D1012528465CF72AF883200440DC
:104310002802201800F0E8F800F060F8B0BDC046B0
:1043200080B500F041F80121014048420D21884349
:1043300080BD80B5FFF7F4FF002800D080BD0020CD
:104340005CF70EF8B92000F0CFF880BDF8B51C4638
:1043500017460E460546FFF7E3FF002800D0F8BDDC
:10436000B91953488068814200D9871B2760022011
:104370005BF7F6FFFFF738FF0320000606433046E1
:104380005CF746F8002630465BF7EAFF2068864275
:1043900005D200205CF73CF8A855761CF6E75CF7E0
:1043A00029F80020F8BDC04680B501205BF7D8FF92
:1043B0000520000200F098F880B280BD80B5FFF7BC
:1043C00013FF5CF717F800205BF7CAFFAB2000F083
:1043D0008BF84B2080005BF7C9F980BDB0B5002594
:1043E000074C611CA94205D06D1CFFF7DDFFC0071B
:1043F000F7D1691E0020A14200D9C043B0BDC0461C
:104400007F841E00F0B585B0009314460F460290DD
:10441000002630465BF7A4FFFF2525488068C21BB5
:10442000A24200D322463D4314460192964239D21D
:10443000E019A84201D9E81B441CFFF771FF0028CE
:1044400033D100F037F800282FD1039502205BF715
:1044500087FFFFF7C9FE01256806074338465BF76B
:10446000D7FF00205BF77CFFA7B2FF2F00D92F02F8
:10447000029804968619380405D030785BF7C8FF97
:104480007F1E761CF7E75BF7B5FFFFF7A7FF002855
:104490000BD1049EA619019A941B280203990D18AA
:1044A0004F1CC3E700980660002005B0F0BDC04671
:1044B0006C9EFC0710B5FFF733FF002812D10024D3
:1044C00020465BF74DFF062000F00EF8FFF786FF51
:1044D000002807D1FFF768FF800701D5204601E0DB
:1044E0000B20C04340B210BD10B50446FFF77CFE60
:1044F00020465BF78DFF04465BF77CFF204610BD2E
:10450000B0B5EFF3108072B6A825354C605900287D
:1045100001D062B6B0BD9C202058002814D020469F
:1045200094303EF7BBFA6051EC22A358818A5B18A5
:10453000A350F022A3585B1CA350464A044B93653A
:104540001630012200F056FC62B6B0BD88DAFC07D6
:104550005D4FFC07BCB5224CE56FA88AFEF790F8CA
:10456000002812D0AA8A608B08490091294616318A
:104570000D2304F0DDF8E0202158491C2150DC20F7
:104580002158AA8A89182150BCBDFEE732FE0000DE
:1045900070B5134DEE6FB08AFEF772F8B08A00F076
:1045A000E1FA0446103884216850B28A3146163147
:1045B000A01D58F7FDFEDC202958B28A8918295021
:1045C000E0202958491C295001206070A2800A204F
:1045D000608000202070204656F7A9FB70BDC046C1
:1045E00030D8FC0710B5F54CA07F012804D1607FBE
:1045F000FCF7CAFC0020A07710BDC04670B50C4681
:104600000546FBF769FE06462046FBF765FE301AB5
:1046100028182146FBF767FE4142484170BD000063
:1046200080B58878002812D04868E5490860E348DA
:10463000007D01461239022909D3801E012803D8C2
:10464000002000F053FA02E0082000F061FA002098
:1046500080BDC04688DAFC07F0B59BB0D748077D1F
:104660000820132F00D9C6E00D468978002900D113
:10467000C3E0D34E74680523002C1FD0F90600D484
:10468000B9E0EA78B668B018802819D80893BC4811
:104690008019291D58F78CFEE8783018C84EB06094
:1046A000844200D0A3E0C54B187E0021B44D8C425B
:1046B00008D06A5C50401876491CF8E718469AE022
:1046C000072098E0132F6CD109A8FCF777FDFCF7C1
:1046D00033FDB768F068002F65D0002863D112253C
:1046E000402F7AD3A6490878702876D14878512887
:1046F00073D14C682046403030611F2001030BA865
:104700000C22FCF7FDFC1622002865D40BA80078CB
:104710001425702861D10BA8407852285DD113254B
:10472000002C5AD00D980C990790401A40388442BA
:1047300053D815460BA840220291FCF7E1FC002853
:104740004BD40BA8817800230124AA290594039354
:104750000693049301975CD10BA90A780023069372
:10476000702A51D149785129059C069903910491E9
:10477000DC4E4ED1C0780490D9480C300BA90C31D6
:10478000102258F739FE0024002839D1D448C069D6
:104790001299884234D10021059806900C46039165
:1047A00036E008251EE0C21931694B1C06259342EC
:1047B00013D3914201D20F1AB760C849896F091803
:1047C000C7483A46FCF742FC002806D4B068F168B6
:1047D0000818F060022500E015460020B060F0687F
:1047E00000F084F9284600F093F97468B0680899DD
:1047F000A042084601D900F08BF900201BB0F0BDA3
:1048000006940598039003E0059C06980390049095
:10481000B44E0BA840220799FCF772FC0028DCD4A8
:104820000BA881780025AA291AD10BA90A7800259E
:10483000702A15D14978512912D1C678A8480C3070
:104840000BA90C31102258F7D7FD002100280BD1FD
:10485000A348C069129A904206D100210D4605E096
:10486000059905952E4601E0059D0591002C11D076
:104870000BA8801C3E21FF2258F7ACFD06980028AB
:1048800013D19648029981670598054304960695C9
:10489000079128E000290AD00BA8801C3E21FF22A6
:1048A00058F798FD0598002816D015255CE030468D
:1048B00004990840FF28DBD00498FF2801D1002E7E
:1048C000D6D00498002851D1FF2E4FD10BA84021FB
:1048D000FF2258F77FFDE5E7EB48079981670398CA
:1048E0000699014306910698002801D1012401E0B0
:1048F0000498441CF648007D0625132834D1012174
:104900000798FCF767FB00282ED10BA8C470744BE6
:1049100059689A680C910D9219460C3102460C3276
:10492000D8C9D8C220216E4B5A5C425419880180E4
:10493000D8691290E648007D132815D1E448816FAC
:104940000BA84022FCF782FB00280DD4E048816FC1
:1049500063484030019A403A4031FCF777FB002829
:10496000604E00D432E738E75E4E36E70BA8801C75
:104970003E21FF2258F72EFD0498B04292D87DE7E1
:1049800084D5FC0780B5887800280DD08888002859
:1049900007D0E749097D132906D8C90606D408209F
:1049A00000E0052000F0B4F8002080BD812801D38C
:1049B0000720F7E74B494860F6E7C04688DAFC076E
:1049C00008DBFC071FB58878002800D182E0496821
:1049D000080E8A0E042A10D8D54A107589B291673C
:1049E000002801D0012802D13D497C319167FE2287
:1049F0000240122A01D1032920D20146103902298E
:104A000011D30146123902290FD3FD281AD0FE28EE
:104A100023D0FF2827D1FCF709FC32480021416050
:104A2000816003200BE0082009E00120FEF74AFE28
:104A3000EE4C207DC0061DD510201CE0112000F09A
:104A400067F844E024202749085CFF281CD0E74988
:104A500001220A775EF7FEF839E0E44C207E002858
:104A600016D004202AE0082000F052F8DF48142174
:104A700001752CE0082000F04BF81A480021416035
:104A80008160C160217622E017483DF76FFE1EE08D
:104A900003A8AA210170207D13280ED101A8FCF7DC
:104AA0008DFBFCF749FBA06F811C03A80122FCF7DA
:104AB000CDFA010602D1022000E00620C0B200F0CB
:104AC00027F8FCF7B3FB0748002141608160002014
:104AD00000F00CF8002004B010BDC04688DAFC07D6
:104AE00084D5FC0708DBFC071111111110B5044631
:104AF000FC203DF768FE014604480422134656F7A1
:104B0000FBF8046056F713F910BDC04604FC000022
:104B100010B50446FC203DF756FE01460448042229
:104B2000134656F7E9F8847056F701F910BDC046F0
:104B300005FC000010B5094800788000E64C2018FC
:104B40005F2189004058002802D0032103F0EAF8D1
:104B5000FF2038300021215410BDC046ACD7FC07DF
:104B60007047704710B50446FD203DF72CFE014606
:104B7000A01D83B20648042256F7BEF8002800D0D4
:104B800010BD0448C8210180034808210180FEE7C8
:104B900006FD0000003100500233005010B594496A
:104BA0008A8980231A438A81C2B2064C228082B24B
:104BB000120A0A80000CC0B28880888998438881D4
:104BC00010BDC046C010005080B589485BF791FD0C
:104BD00080BDC046F8B543208600DF4FB85D5AF768
:104BE000F9FE0124002805D002F0CEFBB85D0022BA
:104BF000214606E000257D6500F072F9B85D294682
:104C00002246FBF7D6FEF8BD70B50446784D28461F
:104C10005BF70AFD1B4E3088FF20010620688843A1
:104C2000FFF7BCFF2068C10E04220A40C000C00E7E
:104C30001043A8812068C00FB0832068002816D5D3
:104C4000400E202108402A8A8A43101828822068B2
:104C5000400F022108402A8A8A43101828822079AE
:104C60000007800F3084207903210140B184A068BF
:104C7000D6490872E0684865206988656069C8653A
:104C800070BDC0467C10005088DAFC0710B5CF4AD2
:104C900010650020108791866E4904200860BFF3DC
:104CA0004F8FBFF36F8F6C490B8801241C430C801E
:104CB0000B8803430B80FF210904684B1C688C435D
:104CC000117A8907090A611819606549086010BDE1
:104CD00088DAFC07B0B5C425E94C605BFDF7D0FC71
:104CE00000281AD0605BFFF73DFF00218180483427
:104CF000E26E521CE2660246103AEFF3108372B67F
:104D0000A26362B621646164A164B049284ACA659D
:104D1000801D0821FFF7BAFFB0BD0120E064EFF36A
:104D2000108072B6002000F0ADF862B6B0BDC0468B
:104D300088DAFC0770B58025E54E7459002C35D013
:104D4000D4217258521C7250A18A0818A082C42122
:104D5000715A091A89B280B207291ED8CC2172581B
:104D600010187050D0203158491C3150EFF310808A
:104D700072B67159304668303DF7ACFE62B600201D
:104D80007051A18A16342046FCF7FEFC02F088FD23
:104D900000280BD1FFF79EFF70BD1034F349044A81
:104DA000CA652018801D0821FFF770FF70BDC0463E
:104DB000354DFC0770B5ED48828E048F036D0C49AC
:104DC000944208D28D8AED070ED00D88661C0687A6
:104DD0001D553446F4E78A8801239A438A80C16DC1
:104DE000002901D0008F884770BDC04688DAFC07D3
:104DF0000010005010B50B460146DC4883850024A6
:104E00000486012A07D0002A22D11348001F1A461F
:104E10005BF760FC10BD0F4B04221A60C164BFF346
:104E20004F8FBFF36F8F0C490B8802241C430C80FB
:104E30000B8880241C430C80FF210904074B1C684D
:104E40008C43007A8007000A20181860044802602A
:104E500010BDC04680E100E00410005000E400E016
:104E600000E100E006490A880120520606D50A88BA
:104E7000920603D50988C90700D100207047C046B3
:104E80001410005010B5044600280AD02120C0009C
:104E9000F749085C002818D01048006802218843B0
:104EA00016E0FFF7DFFF002801D0002412E02120E8
:104EB000C000EF49095C0948002903D001680222BB
:104EC000914301608088C00701D1012402E02220C3
:104ED00002490860204610BD30D8FC071010005071
:104EE00080B5E348416D01290BD09C21415801292F
:104EF00007D8016D012904D100210165012003F0CB
:104F0000A7FC80BD10B5002811D0E420D84C215852
:104F1000491C2150E06F002806D0EFF3108072B6D4
:104F2000E06F55F72EFF62B60020E06710BDE82164
:104F3000F3484258521C42504821415C002909D094
:104F40002F21C900405C052802D1FFF703FB10BDEB
:104F5000FFF71EFB10BDC04630D8FC07B0B5E84CCB
:104F600025464835286E55F70CFF00202866686DE9
:104F700000281ED0EFF3108072B6204694303DF723
:104F80008DFDA821605062B6F0202258521C22509C
:104F9000F4202258521C2250EC22A3586058818AD7
:104FA0005B18A350714A044B936516300122FFF73A
:104FB00021FFFFF795FFB0BD5D4FFC0780B56B4B40
:104FC0009A6589B20122FFF715FF80BD88DAFC07D8
:104FD000F8B5FF252F467C37F44EF05D002802D04F
:104FE000FBF71EFF01E0FBF70FFF0446AD2040007A
:104FF000315CE172325C9F204000311820460C3059
:1050000058F7D6F928467830315C00290DD0F25D8A
:10501000002A0AD02B22A154325C28465C30311879
:1050200020462C3058F7C4F902E02B2000212154EF
:105030004F208000305AE080A080F05D002809D029
:1050400001206072FBF7ECFE55F771FE0D48002160
:1050500001600DE003206072FBF7D6FE55F767FE96
:10506000084800210160042056F78CF8032803D07B
:105070000420022156F771F87A3501207055F8BDE9
:1050800030D8FC0730D5FC07F8B505462F20C700FF
:10509000EB4EFBF787FE0446F55545700320207064
:1050A00011492031201D062258F782F92A200025B7
:1050B0002554A576308A208420460A30102158F7DE
:1050C00090F9204655F733FE02480560F8BDC0460A
:1050D00030D8FC0738D5FC0780B5034920310622BB
:1050E00058F766F980BDC046309DFC07F8B5044608
:1050F0000878002811D1487801070ED41A49097898
:1051000004290AD10125400701D5284600E00220E4
:10511000FEF7E4FF242015490D54A00013490E1892
:10512000B56E6836002D18D121020A3110480422CC
:105130001E2355F7E1FD0546012404703060801CF4
:10514000094F791C072258F733F9B878012803D1A1
:10515000F878F721014029716C70284655F7E7FD72
:1051600000203060F8BDC0460C9DFC0788DAFC07C3
:10517000140E0000B0B586B004464878002203281B
:1051800015D0022819D00128134611D13DF7B7FBDD
:105190000E4958F793F80E480A1805926D460DA16E
:1051A0002846FCF793F92846FEF754FD0422012314
:1051B00005A92046FBF78CFE04E0BD204000024913
:1051C00001220A5406B0B0BD30D8FC07A0BB0D00C8
:1051D000A08601000D0A2B50494E3A253036750D38
:1051E0000A000000F8B50C4605460B20C643C24F26
:1051F000002E11D0B819FF2120314018017BA142A7
:1052000008D132460C3200210173D0B201230A4684
:105210005AF7C2FB761CEBE77819FF212031445482
:10522000F8BDC04670B504463420B34D295C002952
:105230000FD000262E544220285CFBF7A5FE432009
:10524000295C002905D02E5403F09EFAFF207A3005
:105250002E54FF260E36A85D012806D14720800077
:10526000285CFBF791FE0020A8550120E07570BD79
:1052700030D8FC07FEB50D460446002102F0F2FDD1
:10528000C1B207291BD801273A468A40C6231A42D1
:1052900015D0F24A5118FF222032895C4A1F012A98
:1052A0000DD8401EC0B205290CD101AE377015498A
:1052B000085C7070B01C062158F793F80EE00120CE
:1052C0002076FEBD01AE0221718037700D49085C69
:1052D0007070032000020290FBF788FC3046FBF759
:1052E00075FC5BF7C9FD5BF71BFEFBF769FC02462B
:1052F000E7492846FCF7EAF85BF702FEE775FEBDD2
:1053000030D8FC07FC8DFC07F8B50D460090002452
:10531000104F13A6AD204000385C401EE1B2884219
:105320000ADD78189F214900435C284631462A4609
:10533000FCF7CCF8641CEDE738189F214900435C6A
:1053400005A128462A46FCF7C1F801200099C87536
:10535000F8BDC04630D8FC07257325303258000010
:105360002573253032583A0070B58AB00446007B68
:105370002168081802A901AD2A4603F093FB002812
:1053800010D02D781C2D0DD89F204000B34E301822
:1053900002A92A4658F70CF8AD20400035540120E8
:1053A000E07501E0042020760AB070BD30D8FC071B
:1053B000FEB50D46FF2702977837F549C95D0029EC
:1053C00019D0019000263046F14C8E420ED2A11920
:1053D000029A5C328A5CC0B22818C649FCF776F89B
:1053E0002846FAF779FFE15D761CEEE7401EC0B271
:1053F0000021295401980121C175FEBDF0B589B085
:105400000446007B2168081801A96D462A4603F06E
:1054100049FB002810D02D781F2D0DD8FF263046CF
:105420005C30EE4F381801A92A4657F7C1FF78368D
:10543000BD550120E07501E00420207609B0F0BDE3
:1054400030D8FC0770B504462F20C000E34E305C16
:105450000A2801D0022828D1FF207A30305C0028A9
:1054600023D1A07A0221014303291ED1FDF700F9BF
:1054700000281AD1E07A01280FD1002520462946BC
:1054800002F0F0FC81B26439094A91420CD800055F
:10549000000C0A2157F712FF00E004484F21890051
:1054A0007052FFF795FD0125E57570BD4C040000B5
:1054B000540B0000B0B504462F20C000C74D285C37
:1054C0000A2801D0022816D1FF207A30285C012852
:1054D00011D1A07A0221014303290CD1FDF7C8F8AC
:1054E000002808D15DF7D4FBFF207A300021295431
:1054F00001200002E082B0BD30D8FC07FEB50D46A9
:1055000004461848019018480090FBF76FFB684666
:10551000FBF75CFB5BF704FDFBF752FBE1210901A4
:105520004843124957F7CAFE86B237095BF7E8FCD1
:105530007D2F01D200220DE00D48864201D9642260
:1055400008E0642070430B4940187D21C90057F7DB
:10555000CBFEC2B24E492846FBF7B8FF0120E075EA
:10556000FEBDC0460003000101050200FF07000068
:10557000B80B0000C0F2FCFFF8B50446C07A012861
:1055800029D0002835D138480288D207FCD13448C8
:10559000828980231A438281344A1288058886884A
:1055A00087899F4387810F20104070223240120468
:1055B0002B061B0CD21812180020274B1D58AA428C
:1055C00019D008305028F9D1294B2AA2084619468B
:1055D000FBF77CFFF8BD207B2168002500950818AB
:1055E0000A216A46FCF738F800280ED00D202076F4
:1055F000F8BD002007E018184268254B08461946F8
:10560000FBF764FF0120E075F8BD134800990A2DEF
:10561000ECD042688A4202D008306D1CF7E7092DB1
:10562000E4D805680D2040010C490D500020A075FC
:10563000A07A022803D10B48FEF71EFB08E0084EB3
:105640000849062230465BF745F830465BF751F8CB
:105650002846FFF7A3FAD5E78091FC0730D8FC076E
:1056600000100050FD97FC077C100050C010005047
:10567000889BFC074572726F722064657465726D59
:10568000696E696E6720626175642072617465007D
:10569000439AFC07FEB50D46009013484768006822
:1056A00001A98F80019005240020124E002C0BD4FC
:1056B00001A90A5DC0B228183146FBF707FF28464A
:1056C000FAF70AFE641EF1E7401EC0B22818F9037B
:1056D00001D407A100E005A1032257F769FE0120CC
:1056E0000099C875FEBDC046240000402C52000041
:1056F0002C5000006198FC077CB50446C07A032852
:1057000016D000283ED10D46214E716A1F484843ED
:105710007D21C90057F7E8FD0246B06A0A214143DE
:10572000336B00911EA12846FBF7D0FE01252AE02D
:105730000021204602F096FB7D21C9004843134911
:1057400057F7BCFD124D68620221204602F08AFB29
:105750000A2157F7B3FDA8622068617B4018FBF768
:105760005DFA2C216854010C2A462C329170010AF2
:1057700051702863A07A0125022804D105A0FEF704
:1057800069FA00E00025E5757CBDC04671020000A5
:1057900030D8FC072B455343205345510D0A0000D8
:1057A00025692025782025690D0A000010B50446DA
:1057B0000068A17A012907D1FEF75EFA8F20400028
:1057C000F34901220A5405E0801CFEF743FA5948C8
:1057D000FEF740FA0120E07510BDC04630D8FC0746
:1057E0007CB504462F20C000E94E305C05280DD161
:1057F000FCF73EFF05462068A17A01291CD1FEF77F
:105800003BFA8F204000012131541BE0FD205CF762
:1058100075F98088801D80B25CF723FE002835D0A2
:1058200001A95CF75DFE002837D02E48C821018011
:105830002D4808210180FEE7801CFEF70BFA3D4849
:10584000FEF708FA002D0CD05AF794FA274D284697
:105850005AF74FFFA88AC00705D028465AF74FFFCE
:10586000F8E7012510E0012528023084A07A0228FB
:1058700007D0FDF7B1FF002803D08F20400035543A
:1058800002E00020FBF76AF9E5757CBD1548C821E8
:105890000180154808210180FEE701A80578FD2058
:1058A0005CF72CF9002815D01030006800280AD0C9
:1058B0000179A942F9D14179002904D08079C00742
:1058C00096D10025E0E70748C82101800648082155
:1058D0000180FEE70348C8210180034808210180B8
:1058E000FEE7C04600310050023300500010005067
:1058F00010B50446807A012808D12068FEF7BCF96B
:105900008F204000CD4901220A5410E02020CB49CD
:10591000085C002804D002F039FB02F08BFE06E0A0
:105920002068801CFEF796F90248FEF793F90120E3
:10593000E07510BD2998FC0710B50446FCF798FEE9
:10594000002804D02121BD4A0120505400E000204D
:10595000E07510BDB0B504462F20C000B74D285CDF
:10596000052801D00A2804D1FF207A30285C0028BD
:1059700000D0B0BDA07A0128FBD1042055F702FC6D
:105980000328F6D0FF207C30002129540220FFF7A5
:105990007BFB01200002E082B0BDC046B0B50446EA
:1059A0002F20C000ED4D285C0A2801D0022804D128
:1059B000FF207A30285C002800D0B0BDA07A0128F2
:1059C000FBD1FCF755FE0028F7D1FF207C300021E9
:1059D00029540520FFF758FB01200002E082B0BDEA
:1059E000FEB50646C07A02281FD00D46002866D1B3
:1059F000002D6ED0019601200090C643002E65D088
:105A00003D48841927792846FAF766FC2818F21CC5
:105A1000AA2F04D183214900635C3A4901E0374948
:105A2000374BFBF753FD761CE8E7307B717B019623
:105A300032680026029651180091101802AA3146C9
:105A4000FBF70AFE012400282546374609D10298B3
:105A5000FF2804D0411E01292546374601D80025DC
:105A6000074602AA00983146FBF7F6FD0299012984
:105A7000224600D832460028204600D11046002891
:105A8000019E21D1002D1FD1F8B2FF2824D0781E0D
:105A9000C0B2012501281DD8174A10188278AA2AF9
:105AA00018D141229200835C2F46CDB2AB423D46D5
:105AB00010D0801801702046FBF74AFE0AE03549F5
:105AC000114A2846FBF702FD002503E0019E009DD8
:105AD00000E00125F575FEBD0125E843064A0028D2
:105AE000E9D02F4613181D79AA2D02D183256D0008
:105AF0005955401C3D46F2E7A4D6FC072498FC0704
:105B00006798FC070E98FC072C98FC07BCB5044668
:105B1000C07A012813D1207B21680025019508183F
:105B200001AA2946FBF798FD002813D10198411ED0
:105B3000022907D26A4611700420002107E00020E4
:105B4000E075BCBDFF2805D1062002210022FBF72D
:105B5000E3FE0125E575BCBDB0B50D460446002148
:105B600002F080F9C0B203280ED88000B5490818A9
:105B70005F2189004258002A03D006492846FBF7D6
:105B8000A5FC0120E075B0BD0A202076B0BDC0465E
:105B900030D8FC07889BFC0710B50446002102F0B2
:105BA00061F9C0B203280DD88000A64908185F210A
:105BB00089004058002807D0032102F0B3F80120E3
:105BC000E07510BD0A20207610BDC04670B50446B1
:105BD000002102F047F9C0B2032825D8A17C64292E
:105BE00024D88000974A12185F208300D058D51817
:105BF000002802D054F7EDFFA17C491C002628465E
:105C0000324602F041FA002813D02868A17C491CD2
:105C100057F7E7FB607B21680918A27C286857F7D3
:105C2000C7FB0120E07570BD0A2000E00920207646
:105C300070BD082020762E6070BDC04630D8FC07AD
:105C4000F0B58BB00C460546FCF712FD0121E97555
:105C5000E97A04290DD0002972D1E9488389428963
:105C6000C189807D009101903D492046FBF72EFCC3
:105C70006DE00A9000272846394602F0F3F80690B6
:105C800081B2062902D33348814200D3EF750891CF
:105C900001212846059102F0E5F8049080B20790B2
:105CA00080087D2800D3EF7502262846314602F091
:105CB000D9F884B2642C02D32748844200D3EF750C
:105CC00009970A27384660431921089A514357F724
:105CD000F5FA0890039420463946099F57F7EEFAE3
:105CE000002904D10898401E0799814200D9EF7518
:105CF0000321284602F0B6F804460004800C00D0C8
:105D0000EF752640704270410A9908431BD0E87D28
:105D100000281AD005990C40FB4DAC750398E8811A
:105D20000498A88106986881002E03D02976002067
:105D300002F0B4FC002C0AD02F76FBF707FA06E03D
:105D40000020E87503E0102000E00E2028760BB05C
:105D5000F0BDC046810C0000017D000030D8FC077A
:105D60001698FC07F8B50D4604460020E07504209F
:105D700055F708FAE17A03290DD000295DD1FC48D6
:105D8000438AC27D808A00909E492846FBF79EFB8D
:105D90000120E075F8BD032801D10F2021E001208A
:105DA000E07500252046294602F05CF8074600040D
:105DB000400C00D0E5750121204602F053F806465C
:105DC00080B21B2801D3FC2800D3E57502212046B0
:105DD00002F048F881B21B2901D3FC2903D3E575F1
:105DE0000E202076F8BDE17D0029F9D0B9B21B2242
:105DF0000029044600D114468227104BDC530029A9
:105E0000344600D114467E229C5276229C520C4A83
:105E1000D571957155711571D57095705570FD4B93
:105E200098825E82002901D11D2000E03D20107083
:105E3000481E8141D975FBF789F9F8BD74FBFC0751
:105E4000A4F9FC0730D8FC07F0B585B00D4607462D
:105E50000020F875F97A022915D000294AD1009757
:105E6000002D44D01C27254C254E202F3FD0E35D2C
:105E700028183A461B3A3146FBF728FB2846FAF722
:105E80002BFA7F1CF1E77C7B397B3E68002504956B
:105E9000039501A88571184A82807118019104A99F
:105EA00002F02EFE002825D401A8857101252902C3
:105EB0008180311901910499491E049103A902F0CE
:105EC0001FFE002816D40398411E884104990A0633
:105ED000920E0AD1C9B2094A51180A7F824204D0EF
:105EE0001C3108700120FCF717F9FD7502E0012054
:105EF0000099C87505B0F0BD0104000008DBFC077F
:105F00000E98FC07F0B585B00446C07A032813D07C
:105F100000281DD1FF2002460A32BE4DAB5C212273
:105F2000D200AA5C0C30285C0090364D0846294609
:105F3000FBF7CCFA01200CE000252046294601F0B1
:105F400091FF0106490E07D00E202076E57501E08D
:105F50000020E07505B0F0BDC0B2411E02468A4186
:105F60002121C900AB4E7254002836D001212046B1
:105F7000049101F077FF07460221204601F072FFED
:105F80000146F8B20C28DFD8CAB20D2ADCD2029240
:105F9000FF2213460C33F1540A32B75443229200C5
:105FA0000392B15485214D0077550E21FFF71AF960
:105FB0000D210298FFF716F9705D032109021422E2
:105FC00000252B4659F7E8FC0398305C132229463C
:105FD0002B4659F7E1FC0498BBE7FF2738460A3007
:105FE000305C2946FFF7FEF80C37F05D2946FFF7D5
:105FF000F9F843208000355485204000355499E756
:1060000030D8FC071998FC07F0B589B004463E4922
:106010002F20C000085C052873D1FF277A37C85DA0
:1060200000286ED1A07A01286BD1FCF721FB002853
:1060300067D1607B2168085C02210143522960D14D
:10604000607C11285DD131A0FDF704FE607B2168E2
:10605000085C0390207B06AA002696704518103530
:10606000062E0ED0297806A84170691E09780170A5
:1060700000211022FAF75EF907A98855ED1E761C5B
:10608000EEE704A9019108988880079804902348B6
:10609000092104251D232A4654F72EFE0646012019
:1060A00002903075304615300622019957F780F975
:1060B0000399523948424841F0760A2070814521BF
:1060C0007182318230810020B0814B208000F081CC
:1060D00017200002F0800320C002B080132030801F
:1060E000304654F724FE0221284655F736F8064874
:1060F000C555192040010A49FAF716FF0298000217
:10610000E08209B0F0BDC04630D8FC07434F4E4E88
:10611000454354494E470D0A00000000110D000090
:106120009123FC07B0B50446FCF7A2FA002815D06D
:106130000BA0FDF78FFDFF207A30E54906220A54B7
:106140000C480A210422022354F7D6FD1321417082
:106150000125057054F7EBFD2802E082B0BDC04672
:10616000444953434F4E4E454354494E470D0A0050
:1061700030D8FC07040E000070B50446154D2F20E2
:10618000C000285C052824D1FF267A36A85D0028A7
:106190001FD1A07A01281CD1FCF76AFA002818D177
:1061A0000DA0FDF757FD0220A8550E480921042235
:1061B0000C2354F7A1FD01258572002101810521E1
:1061C000C1800A2181801121018054F7B0FD28028D
:1061D000E08270BD30D8FC075343414E4E494E47D4
:1061E0000D0A00000F0D000070B50D4604462F206B
:1061F000C0000849085C401F46424641FCF738FA97
:10620000034605A128463246FBF760F90120E075F8
:1062100070BDC04630D8FC0725642C256400000002
:10622000F0B587B00646C07A02283AD001286AD075
:10623000002800D08BE00D4604960124524F2046E2
:10624000B847064602200190B8470090032003900B
:10625000B84702904D4F002E3B4600D033464C4984
:106260004C4E28462246B0472846FAF735F80099A2
:1062700000293B4600D00B4628184549019A454E57
:10628000B0472846FAF728F80299002900D00F46AF
:1062900028183F49039A3B463E4DA8470498C475C9
:1062A00055E0747B3568307B281805A901F094FE11
:1062B000002847D00496002D49D02D192846FAF71A
:1062C0000BF806462C46002E41D0F9F7F7FF21784F
:1062D0000068405CC007761E641C0028F3D105A846
:1062E00007782846F9F7F8FF312830D806469B2072
:1062F000C0432449002841D00C189E22A25CBA4217
:1063000027D03430F6E7307B3168081806A901F051
:1063100063FE002816D0049606A806789B20C74383
:106320000125184C002F10D0E0199E21415CB1428C
:1063300006D19F30332157F754F82846FCF772F9FD
:106340003437EFE70D20307601E00498C57507B0CB
:10635000F0BD2746A0373221384657F742F80120D2
:106360000390FCF75FF99F20039921543846294692
:10637000324657F71DF80398FCF754F901200499A9
:10638000C875E4E704D6FC07797EFC076798FC072C
:106390002498FC07CD14FC07FEB50446C07A0428F7
:1063A00017D0002821D187204000494D2B5CFF20C9
:1063B0000E302A5C45208000285811263601AD5940
:1063C000009001951A4D08462946FBF77FF80120F9
:1063D0000CE000252046294601F044FD0104490C4B
:1063E00006D00E202076E575FEBD0020E075FEBDCE
:1063F000FF210E31364A50540126D24F20463146F5
:10640000B84787214900324A505402212046B847F4
:106410003A46452189002E4F785003212046904767
:106420002321C9007D50112109017850E675FEBD78
:106430001698FC07FEB50446C07A01280AD0002849
:1064400030D12448827F254B08461946FBF73EF899
:10645000012028E0002502952168227B684685718D
:106460000126330283808918009102A902F048FBBB
:1064700000281CD40B20C0431549002815D00A1849
:10648000FF232C33D25C401C1B2AF6D10B300C2886
:106490000BD2029801280ED0002801D1FEF7A2F8F5
:1064A000354606E00020E075FEBD022000E00E202B
:1064B0002076E575FEBD074FB87F00283546F8D138
:1064C00064200549FAF730FD0125BD777877F0E7BC
:1064D00030D8FC0788DAFC073D26FC07439AFC0706
:1064E000FEB504460021974DA847064601212046E7
:1064F0000291A8470746022120460191A847F1B220
:106500000A2901D0072914D1B9B2642903D019226C
:10651000120191420DD1C2B2102A01D0082A08D12D
:106520008A4A50700298E075642900D00198107072
:10653000FEBD03202076FEBDF0B585B00D460446B5
:10654000C07A032805D10221204601F08BFC0646C3
:1065500000E0012601F06AFD00285BD004960026C9
:106560002046314601F07EFC07460121009420467A
:10657000019101F077FC0290F8B201F0B9FC032020
:1065800000020390704C724F0498C0B20490F0B2B5
:106590000499884241D202983018C0B220806B48DA
:1065A0004078082810D138888007FCD503982080CF
:1065B00038884007FCD538888006FCD438898006A6
:1065C0002ED02088C3B216E038888007FCD5019809
:1065D000000220800398208038884007FCD5388846
:1065E0008006FCD4388980061AD0208800022188D1
:1065F000C9B2081883B2300605D0284609492A4690
:10660000FAF764FF04E0284607491A46FAF75EFFE6
:10661000761CBCE70220207602E000980199C17543
:1066200005B0F0BD0C9AFC070F9AFC07FEB50D46AD
:10663000044601F0FBFC002824D002940126194FE7
:10664000194C7F2E21D0B0B201F052FC00203880CE
:10665000A0888007FCD5032000023880A08840076E
:10666000FCD5A0888006FCD4A089800608D0388894
:10667000C0B2009028460DA12A463346FAF726FFFD
:10668000761CDEE702202076FEBD208801218843AB
:1066900020800298C1750A48018820229143018018
:1066A000FEBDC046101300506C13005025733078A7
:1066B000253032583A3078253032582C000000000E
:1066C00004000050FEB5054600211E4C0291A04773
:1066D0000190012628463146A0470090022728460F
:1066E0003946A047044601F0A1FC002828D02746DF
:1066F000029C0198C0B201F0FBFB0098C0B21249A5
:106700000880FAB27302114847781148082F2F46C3
:106710000BD10588AD07FCD51A430A8001884907CB
:10672000FCD501888906FCD408E00588AD07FCD5B6
:106730000C801A430A8001888906FCD4FE75FEBDD0
:106740002F76FEBD657EFC0710130050309DFC07C0
:1067500070130050F0B5BDB00D46044628AE4B2175
:10676000304656F73EFEE07A02282BD0012849D168
:10677000207B216808180026099609AA3146FAF7F5
:106780006BFF002841D10998401E01283DD808948C
:10679000C1B27A20059148439949091806911231EE
:1067A00028A81B2256F704FE0024964E2F461B2CC9
:1067B0002FD028A8025D38463146FAF787FEBF1C65
:1067C000641CF4E7607B089421680A188A4928460B
:1067D000FAF77CFE0027002D00D108E12846F9F7E2
:1067E0007BFD962800D002E1443628468B300021FC
:1067F000824C042961D0625CAA5C491C3B2AF8D017
:106800000027F4E00020E075F3E00D202076E67527
:10681000EFE02846F9F760FD3B21079129540699DE
:10682000713128A8192256F7C3FD2846F9F754FDFF
:106830002E180024734F192C08D028A8025D30466A
:106840003946FAF743FEB61C641CF4E72846F9F70C
:1068500043FD0799295406994A3128A8102256F772
:10686000A7FD2846F9F738FD2E180024654F102C97
:1068700008D028A8025D30463946FAF727FEB61C34
:10688000641CF4E72846F9F727FD079F2F54059A63
:106890005B4B981841218900465C90001818846869
:1068A0002846F9F719FD0094281857A132463B46AF
:1068B000FAF70CFE0126089CA9E701780027302989
:1068C00000D094E04078FE210140302900D08EE0D5
:1068D00006963BA8002686703246952E1DDC0020C9
:1068E0000792042804D0215C401C8E42F9D1761C0A
:1068F000A95D3BA80170A919497841700027099743
:10690000102109AAFAF7A8FE002870D128A8099931
:10691000079A8154521CB61CDFE709AD6221284654
:1069200056F75FFDA81C28AF1B22394656F740FDDD
:106930002846613039461B31192256F739FD284661
:106940003A3034371022394656F732FD1520287078
:10695000069801780791417804910179059184782E
:10696000C7783CAEFF2030703BAA28463146FBF783
:106970000DFC234A1146083138020690200403908A
:106980009568D468307800263346022E0BD09719CC
:10699000BF78AA2F04D10F689F4200D81F463B46FC
:1069A000091D761CF1E70127AC42394600D30021CE
:1069B000FF2800D00146792409A8029001558C00D7
:1069C00015190498040603980419069804430598B9
:1069D0000443AC6050184126B600079D8555A3427C
:1069E00000D823465B1C53600298FAF79FFE089874
:1069F000C7753DB0F0BDC046889BFC07D091FC0731
:106A0000A4D6FC07119AFC0725303258256325309F
:106A10003858000010B50A46044603491046FAF7F4
:106A200055FD0020E07510BD2C98FC07FEB50F4603
:106A300004460025294601F015FAC6B20C2E01D9EC
:106A4000E575FEBDE07A012811D1F8488019FF21D3
:106A50002031405C401E0328F3D8304658F7BAFF77
:106A6000024614493846FAF731FD0125E8E70125C9
:106A70002046294601F0F6F9EC498A19FF273946E4
:106A80002031515C0429DCD1C1B2012907D0002991
:106A9000D7D101920290304658F76EFF04E0019280
:106AA0000290304658F770FF2C3702980199C8556C
:106AB000C6E7C046439AFC07F0B587B00446C07AE3
:106AC000012845D0002814D10D4606940B20C74359
:106AD0006C4C6DA6002F38D0E019FF212C31435C9F
:106AE0001C2B04D0284631462A46FAF7EFFC7F1CBF
:106AF000F0E700272046394601F0B4F905460121A8
:106B00002046049101F0AEF90590C1B2E07A032865
:106B100001D104291CD10694EEB25A4A9319FF22DE
:106B2000039220329C5C1C2C0BD00B2E09D81B2905
:106B300007D8062E05D0052E03D0042E0AD8022E23
:106B400008D00C200699087602E001200699C87545
:106B500007B0F0BD4E4C2488E405A40F0FD0022EE0
:106B6000EFD0641E022C0AD8E4020193230A029398
:106B7000484C029BDC40019BE4B2A642E1D0491E96
:106B80001A29069CE4D89B187944097949008F4456
:106B90000E0E0E491919262F56550D0D0D0D0D0D02
:106BA0000D0D0D0D0D0D0D390D0D4100D0E70398A4
:106BB000C043059D2902081881B2002230461F46B5
:106BC000134658E0072EC3D80120B040C621084222
:106BD000BED00F22002130461F460B4641E0072160
:106BE00030461F46FEF7FEFA03200102092207E0A5
:106BF000082130461F46FEF7F5FA032001020A225B
:106C000000232DE0182018700320010217223046BF
:106C10001F461DE01B2130461F46FEF7E3FA1E48C3
:106C2000C57711E01F4603281FD10221204601F03D
:106C300019F9C0B2401E4342434117E004971F4672
:106C4000FBF716FD002805D0032001020022304684
:106C5000049B06E00120049B434003200102002224
:106C6000304658F799FE059D07E00023059D032057
:106C700001020022304658F78FFE3D700120E0757A
:106C800066E7C04630D8FC07257325303264200003
:106C90001200005005010A0088DAFC0770B50446AE
:106CA0000020E075E07A01280CD0002809D10D46BB
:106CB0004BF710FA024616A12846FAF707FC012006
:106CC000E07570BD0021204601F0CCF8172803DBE9
:106CD00005460D48854202D30E20207670BDFF2068
:106CE0007A300A4E305C0028EBD1A07A0128E8D136
:106CF000042054F747FA0328E3D03582A8B24BF7B3
:106D0000ECF9FAF723FADAE70102000030D8FC07C1
:106D100025690D0A0000000070B50D4604460021EB
:106D200001F0A0F8C0B203280FD8E17A01290FD1F1
:106D30008000E8490818632189004258002A2AD0B7
:106D4000E7492846FAF7C2FB25E00A20207670BD05
:106D5000A17C642922D88000DE4A121863208300B7
:106D6000D058D518002802D053F733FFA17C491C16
:106D700000262846324601F087F9002810D02868FE
:106D8000A17C491C56F72DFB607B21680918A27C69
:106D9000286856F70DFB0120E07570BD0920D5E786
:106DA000082020762E6070BD70B504462F20C000EC
:106DB000C84D285C052801D0022804D1FF207A3074
:106DC000285C002800D070BDA07A0128FBD1FBF719
:106DD0004FFC0028F7D1FF207C3001262E540A20DA
:106DE000FEF752F9FAF7C0F9F9F734FF3002E08202
:106DF00070BDC0467CB50446BD204600B54DA85DBB
:106E000000280FD0207B21680818F9F707FF002120
:106E1000A9550190287801A9042201252B46FAF7EB
:106E200057F800E00025E5757CBDC04630D8FC076A
:106E3000F8B50446807A022816D1FF201E300E498C
:106E400001250D540DA0FCF705FF267B2768284679
:106E5000F9F784FE002805D1B919A14858F742F87E
:106E600001F020F8074802E0207B21680818FCF7B1
:106E7000F1FE0120E075F8BD30D8FC072B505249D7
:106E80004E543A000C9CFC07F0B585B00D46044604
:106E90000B20C043F549002834D00A18FF232C33B7
:106EA000D25C401C182AF6D10B300C282AD2E07A8A
:106EB00003282DD1667B207BA17B009127680021D0
:106EC000049103910191029138180A2104AAFAF75A
:106ED000C3FB00280ED1B8190A2103AAFAF7BCFB9C
:106EE000002807D1009838180A2102AAFAF7B4FB43
:106EF000002815D07A495D4A2846FAF7E7FA019E3C
:106F0000E67503E00020E0750220207605B0F0BDB4
:106F10000020E0757249554A2846FAF7D7FAF5E796
:106F20000499C8087D280BD32E48814208D2029DBF
:106F3000642D05D32C48854202D2039F652F02D3CE
:106F40000D202076DBE7294800780028DED1284B89
:106F500018880826304318801888032202431A80B4
:106F6000244B588B009630435883588B042290430F
:106F700058831E46204856F7A1F9401E32463080FD
:106F8000708B012101910843708330880026568060
:106F9000F9B21746401C4843642156F78FF9F8812F
:106FA000788B022188437883A8B2F9F7E9FA134B6A
:106FB0003246F9F76DFA01F003FEF9F7EFFA1049DE
:106FC000F9F7B2FF002803D00848019E067097E742
:106FD000788B01218843788305490888009A90437B
:106FE000088093E721A1070011270000699EFC0794
:106FF000040000500834005080841E00000024402B
:10700000C187FC07BFB50446C07A01280AD0002812
:107010001AD17A48C27BBD4B08461946FAF756FA90
:10702000012018E0217B226802A8002585710E4B03
:10703000838051180291019501A901F061FD00289A
:107040000BD00D2020760CE0254B084A0846194647
:10705000FAF73CFA0020E075BFBD68480199C1739A
:107060000125E575BFBDC046010C00002C98FC074A
:10707000B0B50C46054656F789F9024603A12046ED
:10708000FAF724FA0120E875B0BDC0463078253003
:1070900038580000B0B50D460446042054F772F885
:1070A00003280AD1CF2040000A49085C002808D0F4
:1070B000FF21C943421808A105E0102020760020D6
:1070C00005E0074907A22846FAF700FA0120E07513
:1070D000B0BDC04630D8FC0725642064426D000076
:1070E000889BFC0753616D706C696E672E2E2E00B5
:1070F000BCB50446C07A01280AD000281AD11A4823
:107100000278824B08461946FAF7E0F9012012E0AE
:10711000207B216808180025019501AA2946FAF765
:107120009BFA002802D10198052806D30E2020766C
:10713000E575BCBD0020E075BCBDFBF799FA0028E1
:1071400001D00F20F3E70198C0B2074909788142C6
:1071500003D0FCF7C3FF0020A0752420274900229C
:107160000A540125E4E7C0460C9DFC07F8B5044627
:107170000025294600F076FE00062CD0672080000E
:10718000FF210231874E3152FCF71CFE4320800064
:10719000305C58F71FFC002806D12120C000305C6D
:1071A000002801D0134801E001251348134FB864AB
:1071B000284601F0A3FA2120C000305C002804D04A
:1071C0000F4801680222914301603878002808D0F6
:1071D000812078700AE067208000724900220A52FC
:1071E00004E008480121C170074801700120E075E2
:1071F000F8BDC0466D80FC07AD89FC0788DAFC0746
:107200001010005018FAFC0778FAFC07F8B504468D
:107210000021134EB0470746012520462946B047B6
:10722000009002212046B047002808D0FFB2032F6B
:1072300007D8009A1106890E06D00A2002E00D2018
:1072400000E00B202076F8BD06490A70E575064976
:10725000F9F76AFE5349C919FF2238328854F8BD3C
:10726000657EFC07ACD7FC07354BFC0730D8FC0724
:1072700070B504460025294600F0F4FDC0B203288D
:107280000DD848490918FF223832885C002803D0FD
:107290008E18F9F779FE35700120E07570BD0B206E
:1072A000207670BD10B50446C07A002811D00021A8
:1072B000204600F0D7FDC0B2411E02468A41AD21F2
:1072C0000B4B5A54A17A02290FD100280AD00CA0E6
:1072D00009E0AD20064A125C0C4B08461946FAF745
:1072E000F5F802E003A0FCF7B5FC0120E07510BD45
:1072F000D8D9FC072B4543484F204F46460D0A007E
:107300002B4543484F204F4E0D0A0000439AFC077F
:1073100010B50446002100F0A5FDC0B2411E884111
:10732000AE21024A50540120E07510BDD8D9FC07A7
:1073300010B50A46044603A11046FAF7C7F8012023
:10734000E07510BD436F64654C6573732044413133
:107350003435333520765F362E3338302E32302EAA
:107360003636200080B502483BF700FA80BDC046A3
:107370001111111110B5044600F0A4FCFDF732F90B
:107380000120E07510BD000080B50648416D002960
:1073900000D080BD012101654165022001F058FA4D
:1073A00080BDC04630D8FC07F0B585B00C465D49BD
:1073B00041180B2932D9F6494118092900D980E032
:1073C000880001A108588746F173FC078B77FC07FA
:1073D000A175FC078B77FC078B77FC078B77FC0785
:1073E000AF75FC078B77FC078B77FC073975FC07BB
:1073F000FF207A30E9490A5C032A04D100220A54AA
:10740000EB48FCF727FC20780D2800D0BDE1608810
:10741000E849884200D0B8E1607864E0880001A1C2
:10742000085887465574FC078B77FC078B77FC0759
:10743000D774FC078B77FC078B77FC07F174FC078C
:107440008B77FC078B77FC074175FC078B77FC0774
:107450007175FC07FD203BF7B6F90146D1480422BF
:10746000AD2353F749FC0546CF483BF717FB0027F0
:1074700000283E4602D0466853F7ABFB20780C212B
:107480004143CA4840182421405C287060886880C5
:107490003046F8F721FFAF71401CA880EC1D019722
:1074A00087B2204631463A4655F782FF3819401ECA
:1074B00001990170002E02D0304653F78AFB28460E
:1074C0006BE0B449884200D1DDE0B349884200D086
:1074D0005BE100BF59E120880F2800D106E10A28AE
:1074E00000D052E1A078002800D106E1002005E19B
:1074F0006088801E0E2800D947E1400078448088CB
:10750000400087441100420142014201420114013E
:10751000420142014201FE004201190142011E01E5
:107520000701C046FC02FFFFFF209E30EA49085CCD
:10753000002801D000F046FCA188A01D0222C7E06F
:107540006688A348082519462B4653F7D5FB00212A
:1075500081806288428022780C235343934AD21858
:107560002423D25C0270022E00D00321817114E02A
:1075700067208000D84900220A54FF207A30085C36
:10758000801E022800D9A0E08548FB300921042292
:10759000012353F7B1FB0221017053F7C8FBF4E05C
:1075A000CD4848302188CA1E8167C267EDE0A51D1D
:1075B00081491022284655F71FFF002804D1608812
:1075C000C5494880FCF796F97C491022284655F7B2
:1075D00013FF002802D16088BF49888078491022B3
:1075E000284655F709FF00280DD16088BA49C880A0
:1075F00004A901220A8000220092401C80B20222CB
:107600000C2301F095F86F491022284655F7F4FE37
:10761000002813D16088B04EB08303A901220A80EC
:1076200000220092401C80B202220C2301F080F85C
:10763000FF20023048217052FCF77EF96249102287
:10764000284655F7D9FE002802D16088A249488310
:107650005E491022284655F7CFFE002800D094E05E
:1076600060889D4CE08302A901220A8000220092DA
:10767000401C80B202220C2301F05AF8FF20023095
:107680004821605281E0A088934DE988884213D157
:107690002178122910D14248082104220C2353F7E3
:1076A0002BFB2121C900018000210181C180A98813
:1076B000818053F73CFBA088A98B88420BD1202006
:1076C000285C002861D0618837E022792168601D3C
:1076D00000F004F959E0E98B884256D1A0790228DC
:1076E00047D0012851D14820012144E041208000A9
:1076F00079490A58521C0A5047E00120FDF702FC64
:1077000043E0E188C82274488152A179C90721D198
:10771000002122E0A079E17909020818012834D17A
:1077200049206D49085C00282CD001202BE0A0796D
:10773000C00716D1002017E0A188A01D01F0F6F8BF
:1077400023E0A079022818D001281ED148206249E0
:10775000012215E0E279514251414172FCF7ECF807
:1077600013E0E179484248415B490872FCF7C2F8EE
:107770000BE048200021295407E048205649002208
:107780000A5402E0022001F063F805B0F0BDC046E3
:1077900000F4FFFF0C0C0000110E000030D8FC07B5
:1077A000080C000005FD000084DBFC0708DBFC077B
:1077B000FD97FC0732FE0000138EFC07238EFC07AA
:1077C000038EFC07538EFC07438EFC07338EFC07A9
:1077D0000EFD0000FEB52C4F787802A9087078687D
:1077E0003818029901727868401C7860AD21795C84
:1077F00000290DD002AC2078FCF74CF8207808283E
:1078000005D12020FCF746F80820FCF743F87868FB
:1078100002A909780D2901D0A62822D33818002101
:1078200001727C68A52C1BD82046083083B20E4814
:10783000019104210A4653F75FFA05460120287199
:107840002C60681D3E4608363146224655F7B0FD8D
:10785000284653F76CFAA521304655F7C2FD019929
:10786000796000F055FAFEBD0FFD000080B50448B8
:107870000449C1650448401C0121FDF707FA80BD99
:1078800088DAFC07D577FC07D8D9FC0780B5002833
:1078900005D0EFF3108172B653F773FA62B680BD6C
:1078A00010B5EFF3108072B60B48016F022901D8B2
:1078B000002100E00121C26C544254410C40012CD3
:1078C00006D10121C1640020FDF7DCFA62B600E0B8
:1078D00062B6204610BDC04630D8FC07F0B58DB06A
:1078E0000D46044606A8039282720026067206948C
:1078F00007910819401E067004200490C043002818
:1079000005D006A909188E754E74401CF7E706A825
:1079100006760127C78220787C2810D0412802D122
:10792000607854280BD0DC492046FCF767FE00281D
:1079300042D1DA492046FCF761FE00283CD13046AE
:10794000C1B2A9420FD2615C0D2903D0082905D12B
:10795000761E06E0F1B20022625401E0F2B2A154B8
:10796000761C401CECE72078002807D07C2819D032
:1079700041281CD16178542904D018E0617800298D
:1079800015D10027A17872291BD10398022801D1B3
:10799000722919D001280AD1722908D12046FCF792
:1079A0006BF90CE00398022806D00128F6D00620D7
:1079B000F9F744FEB94800E02046FCF74BF90DB05A
:1079C000F0BD01D02B2904D1E0782B2809D0032069
:1079D00006E0791E8F41002801D1780000E00220E6
:1079E000049006A90020C872049A4A72C1B2A94242
:1079F00006D2625C3D2A08D0002A11D0401CF5E76F
:107A00000023012719461E4611E00027675406AAE5
:107A10000123D372461C16730499411A117206E0B1
:107A20000499411A06AA1172461C00230127C8B204
:107A3000042830D0052854D0082800D088E00190D0
:107A4000029703930498C1B261180022944B082A4C
:107A500006D09F5C885C521CB842F8D0521E00E0F1
:107A60000822029F887A2C28039B0FD1082A0DD365
:107A700006A8012141740223C372049A11460931F8
:107A800001730B324273A91A81746CE001980528C6
:107A900027D004285CD103930498C0B220188249EF
:107AA0000422F8F737FC411E884138432FD106A83D
:107AB000077BE0192C21F8F705FC002824D006A943
:107AC0000222CA7200220270099A069CA218821A27
:107AD0004A74001B401C4873079A101A8874CB7AAA
:107AE00041E01F460498C0B220186E490522F8F7FD
:107AF00011FC002801D03B462AE006A80123C372EE
:107B00000999691A41742EE0E81B06A94874039B81
:107B10001EE0215C00291FD02C2901D0761C17E023
:107B20000021215406A8C37A052B00D9B1E006A88C
:107B300001460C31721CCA541C465B1EC95C641C95
:107B4000C472C0182346711A4174069C079D1646DC
:107B5000F0B28542DDD806E0052B04D806A8181837
:107B6000C17A711A017406A8417A61180291007AEB
:107B7000039000204D4C3C2826D004906078A178DA
:107B800009020818E17822791202511809040D1827
:107B9000277828461E46F8F79FFB33460F213940C9
:107BA0008E420DD339098B420AD8C2B20398904253
:107BB00006D10298294655F71FFC334600282DD0E0
:107BC00009340498401CD6E73C2405A8FF21032271
:107BD00000F05AFA00281DD00920604333490818E4
:107BE0004179827912025118C279007A0002801814
:107BF00000044218059C06A8214690478F204500A6
:107C00002B4E705D00280BD0204652F7E2FF00207B
:107C10007055D4E60820F9F711FDD0E6049CD4E7AE
:107C200006A8007E411E0F290AD8AE21214A515CC8
:107C3000002905D08000204909582046F9F746FC64
:107C400006A8807D002820D006ADE87D002801D060
:107C5000114B00E0114B19A120462246F9F736FCE2
:107C6000A87A401E032809D8784400794000874448
:107C7000010901012046FBF7EDFF06E00520F9F7B9
:107C8000DDFC02E02046FBF7F7FF204652F7A1FF9C
:107C900095E6069C67E7C046FD97FC070498FC073D
:107CA000BB98FC07E899FC070C99FC07548FFC076C
:107CB00030D8FC07D8D9FC07A49CFC072573257392
:107CC0000000000010B50B20C143E748002906D092
:107CD0004218FF232C330024D454491CF6E74921D1
:107CE0008900084A425291214900074A4252FF2125
:107CF0002031152242549A4A044B13804018142113
:107D0000417010BD0C0B00001613000002080000AB
:107D100080B52020D449085C002800D080BDFFF742
:107D2000A5FD80BDF0B585B001910546F8F7D4FA00
:107D3000401C0290002634460298864238D0A85D46
:107D40003B2801D0002831D1F8F7B8FA0068214665
:107D5000E2B2AB5CC35CDB07641C002BF7D1AA1852
:107D6000039204963246521ED3B2EB5CC35CDB072F
:107D7000F9D1501A801CC6B23346083304210D488D
:107D80000A4652F7B9FF0446019820712660671D24
:107D90003846314655F725FB721E3846039955F78C
:107DA00007FB204652F7C3FF049E741C761CC3E7F2
:107DB00005B0F0BD0FFD000080B50421FFF7B2FF54
:107DC00080BD000080B557F7D5FFAD480178002988
:107DD00002D08021417004E006480021C1700648AD
:107DE000017067208000A04900220A52F9F78AFF3B
:107DF00080BDC04618FAFC0778FAFC0770B5EFF3AF
:107E0000108072B6984C204668303AF758FE2046EB
:107E100094303AF754FE62B625464835A86B084EB2
:107E2000B047286EB047E06FB047EFF3108072B6EE
:107E300000202866A863E06762B6287770BDC04658
:107E40008D78FC0780B5064808210422134652F7B6
:107E500053FF002141800121017052F768FF80BD6E
:107E6000010C000080B54118097B00684018F8F744
:107E7000D5FE80B280BD000010B56B498B1C00227E
:107E8000032A05D01C78844203D03433521CF7E710
:107E90000322D0B2342242438918C878002800D087
:107EA000081D10BD10B5FF2002460E32EE498A5C57
:107EB000002A10D00D4A1368002B12D01E300C5C23
:107EC000002C07D0012B05D100230B540220106099
:107ED00000F0B4FD10BD1E3000220A5403480260B9
:107EE00001E00120106057F70FF810BD7C9EFC07E1
:107EF00070B518490A88202422430A8016490B8845
:107F0000012293430B80154B1D8815431D801D884E
:107F100040262E431E801D8825431D80104C24784A
:107F2000641E654265416C001D880626B5432C1908
:107F30001C801C881025AC431C803F24A4029D8813
:107F4000254005439D800888104308808888800666
:107F5000FCD470BD040000506C130050001300509E
:107F6000309DFC0710B5D14C204668303AF78EFDA5
:107F7000204694303AF78AFD2046483000210166B9
:107F80008163E1670121017710BDC04610B50F483C
:107F900058F764FBFFF732FF00F04CFBFFF7F4F9F2
:107FA00000F0A2FC4420C14C002121542020215487
:107FB000074841600170606AC117090F401800113D
:107FC0000449F8F7B1FF4221605410BD0010005081
:107FD000D8D9FC071188FC07BCB50D4600240194D4
:107FE00001AA2146F9F738FB002807D10198411E64
:107FF000022903D80124002D00D028702046BCBDE2
:1080000010B509498B1C0022032A05D01C78844234
:1080100003D03433521CF7E70322D0B23422424358
:108020008818C07810BDC04604D6FC0770B50B2078
:10803000C04300210122E74B0C4600280FD01D1839
:10804000FF262C36AE5D082E154600D02546072E9D
:10805000144600D00C46401C21462C46EDE721403A
:108060000120084070BDC04630D8FC0780B557F7E6
:1080700081FEDD4803498164012000F03FFB80BDA3
:1080800088DAFC07AD89FC07F8B517460C460646AA
:108090000846114652F7DAFC0546002807D020466C
:1080A000394652F71BFD3060214655F79AF92846AC
:1080B000F8BD0000F0B5BBB004464078002801D000
:1080C000522500E05025207A2027152810D3264677
:1080D0000E363B491022304655F78EF9002806D05F
:1080E00038491022304655F787F9002800D12A2751
:1080F0000B9727780420384304285ED10A951DA8E1
:108100007821099055F76DF90CA8412155F769F9C7
:108110002820205CFF38E1790891A37961792279E0
:10812000E578A6780790042F01D029A700E026A7BC
:10813000009301A866C00A980590069726A10998A1
:108140000B9A089BF9F7C2F92078042832D1207ADB
:1081500000282FD0607A02282CD30B34401EC5B2E1
:1081600028462146002815D00A781F2A03D9401E28
:10817000491C7E2AF6D90CAE2A4F002D08D0227851
:1081800030463946F9F7A2F96D1E641CB61CF4E7B7
:1081900020A405E00CA821462A4655F709F922A497
:1081A0001DAD2846F8F798F82818801E0CAA21461D
:1081B000F9F78CF91DA8FBF74DFD3BB0F0BDC046AB
:1081C0007C93FC076C93FC075253500000000000A6
:1081D0004144560000000000282563292025303244
:1081E000583A253032583A253032583A25303258EC
:1081F0003A253032583A253032582C25632C2054F9
:108200007970653A2025732C20525353493A2564DE
:108210000D0A00002C205253503A307825730D0A75
:1082200000000000119AFC072C205253503A25738D
:108230000D0A000010B52320E64C205C012806D171
:108240000220FCF721FF22200121215410BDFF2034
:108250007A30EE4900220A54FAF70AFA002802D1CD
:10826000A248FBF7F7FC10BD30D8FC0780B508A08A
:10827000FBF7F0FCFF207A30F84900220A542F2047
:10828000C000085C0A2802D100205AF7E3FC80BD38
:10829000434F4E4E454354494F4E204641494C456D
:1082A000440D0A4552524F520D0A000030D8FC07C7
:1082B000FEB5054669208000F54E00273752B7838A
:1082C0007780378101200290FFF79AFE002804D0C2
:1082D0000120FFF7D1FDFFF76FFDFF2420461E3080
:1082E000029931542F20C000305C05281DD1357013
:1082F0007F48407F002802D03D48FBF7ABFCFAF7EF
:108300005FF97A34032030553A48082104220A23C1
:1083100052F7F2FC002101813749C180029C848020
:108320003649018052F703FD3FE00C2210466843B6
:108330006F4908182421405CFF2833D00192357022
:10834000FFF740FD3C202449F8F7EEFD2348017873
:1083500000292ED023490878032816D0A8009D4A6A
:108360001618706F743600280BD1CC7829020A31A8
:108370001E480422022352F7BFFC44700199017089
:10838000306052F7D4FC00203060FAF719F95848F1
:10839000407F002802D01648FBF75CFC90483AF773
:1083A00075FB01E0FCF714FE029C2046FBF7DAFCAB
:1083B000FEBD029901700A4C1C207843215CFF2904
:1083C000C8D020180169002901D0284688477F1CA1
:1083D000F2E7C04630D8FC07A125FC07809EFC07C9
:1083E000DC91FC070C9DFC0788DAFC071A0E0000E4
:1083F000DC97FC07030C0000FF1F000005020000D3
:1084000080B5FCF7E5FD80BD70B5344C20780028C0
:1084100002D08020607004E031480021C1703148F2
:1084200001702F20C600304DA85D002810D02326F3
:10843000A05D012829D12225605D02282AD00128CB
:1084400037D12120205CFCF71FFE0220605530E070
:10845000FFF738FC2648007F002802D025A0FBF754
:10846000F9FB5AF767FB002801D0FCF7B1FDFF20AC
:108470007C30012129540A20A85567208000295406
:108480004F2080001E49295213E0FF207A3000213E
:1084900029540BE0F8F768FEF8F7DCFB2020205C9D
:1084A000012801D1FCF794FD0020A0550F48FBF7EF
:1084B000D1FB1448818C006A134A10605160134844
:1084C0000178012907D1002141600170FFF720FCEC
:1084D0000F4822210160FFF745FD70BD88DAFC07D7
:1084E00018FAFC0778FAFC0730D8FC07FD97FC0760
:1084F00008DBFC070D0A2B52454144590D0A0000C8
:108500004C040000309DFC0724000040D8D9FC0733
:1085100010100050F8B52F4EB07CF8F735FDCF2085
:108520004000F04D00242C54307F012803D13477D3
:1085300029483AF71BF90420022152F70EFEFF26C4
:1085400030461E3001272F542020285C002806D0FA
:10855000FFF71CFD43202F5400F06CF805E0FFF7F7
:1085600031FC00F011F97A36AC550220FFF748FDD6
:108570000028EC4E04D00220FFF77EFCFFF71CFC25
:10858000287E002805D02C76AF751448E8600C20B2
:10859000688100242046FBF7E5FB2420315C01299B
:1085A00003D134540420FBF799FD2F20C000285C30
:1085B000082101430A2901D1FCF70AFD084C24686F
:1085C000002C03D0606852F704FBF8E704483AF740
:1085D00076FAF8BD88DAFC07111111110000C40900
:1085E00084DBFC071CB50446087801A90870FFF776
:1085F00029FC01988006C00FBC21EA4A5054907DA6
:10860000002802D0204600F049F81CBD30D8FC07F5
:1086100080B503A0FBF71EFB00205AF71BFB80BDB3
:108620002B424F4E44494E47204641494C45440D4C
:108630000A000000B0B5D3204000DA4C00252554D4
:10864000E06F002809D0EFF3108072B6E16F20468A
:1086500068303AF785FAE56762B6B0BD30D8FC07F6
:10866000B0B5BC20F04D285C00280FD05320C200CC
:108670000024452120465AF727FB204648F724FCD2
:108680004835C11EA867E967FFF7DCFBB0BDC046EF
:1086900030D8FC0780B5FFF7E3FF80BD70B58100DF
:1086A000144D6C58002C14D16E1801020A31124876
:1086B00004220E2352F720FB044609202070346068
:1086C0000C20A0800021A1816181FA222281E18019
:1086D0006080F0484189A18061808189E180C08902
:1086E0000A2154F7EBFD2081204652F720FB0020A1
:1086F000286070BD34D5FC070E0E000010B5014691
:108700002120C200E348825C002A03D04322920069
:10871000805C00E00520C4B200230C2C00D3DC43B5
:1087200001221046A040A14057F7DCFA10BDC04618
:10873000FEB5002825D01E4614460746089801902D
:10874000D4480078029111460C318BB200020830F7
:1087500081B20C48042252F7CFFA05460020688106
:10876000E8802C81AF802E700198688001206870AD
:1087700028460C300299224654F71AFE284652F732
:10878000D6FAFEBD0A0C000010B5FF207A30C149B0
:10879000095CA648807F062906D1084C002806D02F
:1087A0000548FBF757FA02E0002803D0024C2046A8
:1087B000FBF750FA10BDC046EB97FC07FD97FC078E
:1087C000064801880122914301800548002101707B
:1087D00004480188082291430180704722340050E8
:1087E000699EFC070400005080B504A0FBF732FA34
:1087F000FF207A30A74900220A5480BD5343414EDE
:1088000020434F4D504C4554450D0A4F4B0D0A0027
:1088100070B5A04D28462C30032101242246FCF7D8
:10882000E9FA686AA96AC217120F80180011401885
:108830000649F8F779FB422168543426A85D0028E0
:1088400000D070BDFFF712F8AC5570BD1188FC0761
:10885000BCB5044601A804702F20C0008D4D285CD3
:10886000052808D1E88B0021009101A901220D23E0
:10887000FFF75EFF14E0FD2039F7A5FF01460B4826
:108880000422072352F738FA012141702222674B54
:108890009A5C027084710F224280818052F747FAFD
:1088A000012000022958491C2950BCBD06FD0000CA
:1088B00010B52120C000774C205C002804D07648F9
:1088C0000168022291430160452080002058142154
:1088D00054F7F4FC7249F8F727FB472189006054EC
:1088E00010BDC04630D8FC07FEB5684603210171B3
:1088F000002102910391049105910D214901654ADE
:108900005158FF2212069143C32212068918009182
:10891000FCF77AF96048222101604048024941652C
:1089200006B080BD88DAFC07A989FC07F8B50C46BB
:1089300001462020574D285C002832D0A01D83B26C
:10894000002000910146024652F7D6F90646F8206B
:10895000295809192950FC202958491C29502F460B
:108960004837786E401C7866B01D0099224654F74F
:108970001FFDB480103EEFF3108072B6284694308D
:1089800031463AF7A7F862B6786D052807D3286D07
:10899000002804D1012028650220FFF759FFFBF7CA
:1089A000AFFDF8BD30D8FC0700207047B0B557F7D1
:1089B000E1F91A480178002902D08021417004E0D1
:1089C00017480021C17017480170FF209E303149BF
:1089D00000240C54FAF712FF0320010206200123A1
:1089E000224656F7D9FF11485430114D052C09D0B5
:1089F0000168002902D0001D641CF7E70D490160E1
:108A00000D482518F8F710F9002801D1F8F7BAFC3D
:108A1000A8B20421002252F7A0F9B0BD88DAFC0701
:108A200018FAFC0778FAFC0730D8FC0708DBFC07CB
:108A3000FFFF0000051DFC070E040000B0B5232059
:108A4000C000144D295811221201AA58914220D277
:108A5000491C29502120C000285C002805D00E4860
:108A6000222101600D4C142108E0872040002818C5
:108A700001210A46FCF7BEF9094C0A214520800075
:108A8000285854F71BFC2146F8F74EFA4721890075
:108A90006854B0BD30D8FC0710100050B188FC07F6
:108AA0003D8AFC07FEB516460C460546F7F714FC52
:108AB000032154F703FC401C307002A900278F707B
:108AC000C6B200960194002E0DD0297802A801703C
:108AD0006978417000211022F7F72CFC2070761E77
:108AE000641CED1CEFE7019A009BF8B2984203D298
:108AF000115C4018471CF8E7C11A48424841FEBDC6
:108B000082B0FEB50646089209930020C543002EA8
:108B100012D03768002F0FD00C463846F7F7DCFB31
:108B2000002809D0042807D8002102AA38460F4699
:108B3000F8F792FD002804D02846FEBC02BC02B023
:108B4000084731790298884202D37179884217D94F
:108B5000B0790028F0D008A80190B0790021029ADD
:108B6000884208D0019B1D1D0195491C1B689A4233
:108B7000F6D1491E00E001460027814200D3FF43A1
:108B8000002C06D0002F3D46D6D10298206000254B
:108B9000D2E73D46D0E7000000487047089DFC073B
:108BA00002E008C8121F08C1002AFAD170477047B6
:108BB000002001E001C1121F002AFBD17047000014
:108BC000F0B513B406460199F7F718FE04460D46B2
:108BD00002460B4630460199F7F702FE0646019819
:108BE0001B4B0F4600280CDA00223046F7F744FEF4
:108BF0000CD90022174B30463946F7F751FE1DD2EB
:108C000014E000223046F7F737FE08D20022124B5C
:108C100020462946F7F7E4FD04460D460EE0002203
:108C20000C4B30463946F7F73BFE07D800220A4B7B
:108C300020462946F7F730FD04460D46019A6900A3
:108C40004908D20FD2072046114303B0F0BD0000FF
:108C50000000E0BF0000E03F0000F03F80B50248A8
:108C600055F73AFF80BDC046A000FC0700404040D9
:108C700040404040404041414141414040404040EF
:108C8000404040404040404040404040400502029B
:108C9000020202020202020202020202022020205A
:108CA00020202020202020020202020202029090B6
:108CB00090909090101010101010101010101010B4
:108CC0001010101010101010020202020202888808
:108CD0008888888808080808080808080808080814
:108CE00008080808080808080202020240000000FC
:108CF0006D8CFC075BB00502000000003200000034
:108D000022DBFC07001001000800000004D6FC076D
:108D100000F00000A0000000010000001130EF0092
:108D200000000200020000001230EF00000004000A
:108D30000300000000421F000000020004000000C9
:108D40001120C20000000200050000001128C2002E
:108D500000000200060000001228C200000004000B
:108D60000F000000116085000000020010000000EC
:108D70001140850000000200130000001264C800CA
:108D8000000004001400000001431F000000040064
:108D90001500000001111F00000004001600000073
:108DA00002441F00000008001700000008441F00D4
:108DB000000008001800000001841F0000000800E7
:108DC000190000000C441F00000008001B000000F8
:108DD0000C451F00000010001C00000001651F0072
:108DE000000001001D00000001101F000000020033
:108DF0001E00000008451F000000100000010101D6
:108E000001020339560DC15618259F454AF9D43938
:108E10008B04E22554E44D5914D1B71D41CDE8B976
:108E20008F4F9104A459DC066B09AABE4FB250AA19
:108E300035B53BB95C49D204A34071A0B535853E38
:108E4000B08307BA5C49D204A34071A0B535853E12
:108E5000B08307B85C49D204A34071A0B535853E04
:108E6000B083070000000000983BF2073CD5FC07E8
:108E700004000100021400003520FC07010D000071
:108E8000B12DF207000D0000D52DF207000E0000F5
:108E9000632FF207010E0000B72EF207030E000049
:108EA0009D2FF2070A0E0000E92FF2070C0E0000BA
:108EB000F130F2071C0D00003331F207100D0000F5
:108EC000BD30F2070F0E00006531F2072C0E0000D6
:108ED0009931F207120C0000C131F207080E0000B0
:108EE000DD31F2071B0E0000D730F2078D10FC07B2
:108EF0004912FC07C910FC071911FC073D0DFC07BE
:108F00009D11FC07890CFC07F8000000130E0000FF
:108F1000ED22FC07150E00000522FC07170E0000CD
:108F20008523FC07190E00006D23FC07150D0000BA
:108F3000B923FC0700FC0000C549FC0701FC000048
:108F40002146FC0702FC00008549FC0703FC0000E9
:108F50005946FC07000C9CFC072552FC0700DF98D3
:108F6000FC073173FC0710CB98FC07A572FC0700C7
:108F7000229AFC077573FC0700AC99FC076573FC2B
:108F80000711CD98FC071173FC07008C99FC07951D
:108F900056FC07212499FC07196DFC0722BB98FC9D
:108FA00007CD5BFC07111A9AFC07995BFC07118E31
:108FB00098FC07595BFC0733EE99FC070D72FC0720
:108FC000116699FC077172FC07115899FC076D71C5
:108FD000FC0730D698FC07B96AFC07214D99FC07BD
:108FE0002D6AFC07117798FC077552FC0700009A60
:108FF000FC07FD54FC07003399FC072D66FC073382
:10900000CF98FC07E164FC07328698FC073965FCC1
:109010000733C498FC07C566FC0711E899FC0731C3
:109020006EFC0700AE99FC07E961FC07116F98FC24
:10903000076953FC07006F98FC070953FC0711767A
:1090400099FC07FD53FC07007699FC07B153FC0718
:10905000006E99FC07B554FC0710F799FC074554BE
:10906000FC07000499FC079D59FC0700F998FC07D0
:10907000A96DFC07009399FC075559FC07003B9923
:10908000FC077961FC0722BE99FC070960FC070018
:10909000C999FC072561FC07002899FC077170FC41
:1090A00007114999FC07F56DFC07119E98FC070D07
:1090B0005BFC07205099FC07E159FC07219798FCBD
:1090C000075567FC07200C99FC072162FC0720E28A
:1090D00099FC07495EFC07007E99FC07AD57FC0729
:1090E00000E198FC07E157FC0700D799FC07F1580D
:1090F000FC07307F98FC07F956FC0700B198FC0785
:109100003959FC0700EB98FC07AD57FC07408599DF
:10911000FC07415CFC07304399FC07655DFC0710C8
:10912000059AFC079D6CFC07301199FC07055FFC54
:1091300007405E99FC079963FC07101D99FC070521
:1091400070FC07332F99FC07896EFC0700DC98FC44
:10915000079570FC07107B98FC07F170FC0710B8AE
:1091600099FC073564FC07109298FC077955FC07B9
:1091700010169AFC07156AFC07000229032800282C
:1091800005040000008403000B08000000C2010079
:109190000611000000E10000011A00000096000026
:1091A0000C2200008070000001340000004B000021
:1091B00007450000403800000368000080250000DB
:1091C00005D00000C01200000BA0010060090000E3
:1091D00036698A8D01D2008005000100FD00000083
:1091E0001492FC0711000000550CFC070000000061
:1091F0000000000000000000FF0000000000000070
:10920000000000000000000000000000000000005E
:10921000000000007E91FC0710000000010000002B
:10922000100010007C93FC077C91FC0702000000FA
:10923000010000000000000000000000138EFC0789
:109240001000000009000200A5000000000000005E
:109250007C91FC07020000000100000000000000FB
:1092600000000000238EFC0710000000090002002F
:10927000A5800000000000007C91FC0702000000B7
:10928000010000000000000000000000038EFC0749
:1092900010000000090202000100000000000000B0
:1092A0007A91FC07020000000900020002000000A1
:1092B000000000007E91FC0710000000010000008B
:1092C000100010006C93FC077C91FC07020000006A
:1092D000010000000000000000000000538EFC07A9
:1092E0001000000000020000FA0000000000000072
:1092F0007A91FC0702000000090002000200000051
:10930000000000007C91FC0702000000010000004A
:109310000000000000000000438EFC071000000069
:1093200008800000FA000000000000007C91FC07AB
:10933000020000000100000000000000000000002A
:10934000338EFC07100000000982000001000000BD
:10935000000000007A91FC07020000000980020072
:10936000020000000000000000081102B75C49D2B2
:1093700004A34071A0B535853EB08307836EEC1B16
:10938000F9B7059CDC4074E6043B6D8600280000BC
:1093900001000000000000000328000001000000A0
:1093A00002000000292A0000010000008080000067
:1093B000032800000100000004000000242A00002F
:1093C0000100000080800000032800000100000070
:1093D00006000000252A0000010000008080000037
:1093E000032800000100000008000000272A0000F8
:1093F0000100000080800000032800000100000040
:109400000A000000262A0000010000008080000001
:1094100003280000010000000C000000282A0000C2
:10942000010000008080000003280000010000000F
:109430000E000000232A0000010000000880000048
:109440000328000001000000100000002A2A00008C
:109450000100000008800000032800000100000057
:1094600012000000502A00000100000007800000E8
:109470007894FC070300000000140000C91EFC07DC
:10948000130C0000C523FC07031400009D1FFC07FC
:10949000E91DFC07C11DFC07BF1DFC07BD1DFC0726
:1094A0000000000000000000F4010500F43523482E
:1094B000D00706406432000014000000050DFC07D0
:1094C00000000000FC0000006911FC070000000023
:1094D000FF00000000000000000000001400000079
:1094E000C11EFC07FC0000004528F207FD0000003B
:1094F0003D1EF207FF00000000000000F10DFC0718
:10950000A50CFC07209CFC07A973FC07EC8EFC074C
:109510002ADBFC07B4D7FC073DD5FC07050000009B
:1095200088A5FC0700040000ECDFFC0740030000F6
:10953000E4DBFC07FC03000038E3FC070008000044
:1095400020030000803E000004000000D200000064
:10955000320000003C00000001000000010000009B
:1095600002000000020000000400000003000000F0
:1095700006000000000000000200000002000000E1
:1095800000000000000000000300000003000000D5
:109590000500000005000000060000000A000000B1
:1095A0000A000000C8000000B80B00000200000024
:1095B000B80B0000B80B000010000000D401000040
:1095C000CC010000700200006A00000004000000EE
:1095D00001000000200000000C000000010000005D
:1095E000E20400008A020000DC050000AF00000079
:1095F000C897FC07000000003896FC07D097FC07CE
:10960000FC94FC071496FC0700000000000000001A
:109610005E010000689DFC0758D4FC0759D4FC0784
:10962000B0D7FC075AD4FC07BD4FFC07C94BFC0759
:109630007D14FC07B913FC076893FC076B93FC07C8
:109640001492FC07D118FC079939FC07593AFC071A
:10965000A7C6F00703C7F0070BC7F0075FC7F007FF
:1096600077C7F0078DC7F007390AFC0731CBF00741
:10967000D5CDF00715CCF00735CCF00755CCF00769
:1096800093CCF007A3CCF0070DE2F007C9DFF00799
:10969000E7DFF00703E0F0071DE0F00731E0F00737
:1096A000AFE0F007C7E0F007E3B0F1076BB3F107F5
:1096B00007A9F007B5EFF10799F0F10795F0F10769
:1096C00091F0F1078D21F0077D38FC079126FC070A
:1096D000D126FC072527FC071D27FC07057DF00781
:1096E000D37BF007737CF007AD82F1074134F107BB
:1096F0005D19F207DD19F207811AF207BD1AF207A8
:109700004D1BF207851BF20700000000E118FC0763
:10971000E318FC077DB3F007D976F107617DF10707
:10972000B181F1079780F107C549F1079759F10712
:10973000F10AF107A1ECF007CD18FC077501FC0751
:10974000DDBAF00725AAF00799AAF00749ABF007A0
:10975000E72DF007A32EF007657FF0072F7EF007B7
:109760000136F00700000000AD1DFC07B51DFC0729
:10977000A916FC0701A7F10783A7F10707A8F107BE
:10978000C116FC07B5B7F00700000000000000009C
:1097900000000000000000000000000000000000C9
:1097A00000000000000000000000000000000000B9
:1097B00000000000000000000000000000000000A9
:1097C0000000000000000000A894FC071CDBFC0760
:1097D000DC94FC07E8D4FC07030000000D0A2B43CF
:1097E0004F4E4E45435445440D0A000D0A2B444943
:1097F00053434F4E4E45435445440D0A000D0A4F06
:109800004B0D0A000D0A4552524F520D0A002564B5
:109810002C25640D0A00256920256920256920254D
:10982000690D0A0025642C25730D0A00494E564126
:109830004C494420434F4D4D414E442E00765F36F7
:109840002E302E32322E3134303100444131343515
:10985000333500765F362E3338302E32302E3636A2
:1098600000253032583A003C656D7074793E0041F5
:10987000445644415441004144430053454300424F
:10988000494E455343004932435245414400434DFC
:10989000440042415544004945424E444500434C32
:1098A00052424E444500312E302E302E302D4C4544
:1098B0000042494E524553554D4500434D44535483
:1098C0004F524500493243575249544500460049DA
:1098D000324343464700494F43464700525353499A
:1098E0000042494E52455141434B0042494E524578
:1098F000514558495441434B005045524950484501
:1099000052414C0043454E5452414C00484E444C49
:1099100000464C4F57434F4E54524F4C00505752F5
:109920004C564C004D454D0052414E444F4D005059
:10993000574D004932435343414E00474150534332
:10994000414E00444C45454E0050494E00494F00A1
:10995000434847424E445000534C45455000484F01
:109960005354534C5000544D5253544F50004144A3
:109970005653544F500041445652455350004249AB
:109980004E52455100434F4E5041520042444144D3
:1099900044520042524F41444341535445520045C2
:1099A0004330303A204E4F204552524F52004741EB
:1099B0005053544154555300485254425400474167
:1099C00050434F4E4E454354004741504449534342
:1099D0004F4E4E4543540042494E52455145584919
:1099E00054004556454E54005052494E5400544D73
:1099F000525354415254004144565354415254001E
:109A000042415454004D41584D54550025732C305B
:109A100078253032580058585800434D44504C4136
:109A200059005A00454330343A20496E76616C69DA
:109A300064206164766572746973696E672064611D
:109A4000746100256400454330393A204D656D2F1F
:109A50006D656D636D64206C656E677468206578F4
:109A600063656564656400454331353A2044657635
:109A700069636520636F6E6E65637465640045435A
:109A800031363A20446576696365206E6F742063D1
:109A90006F6E6E656374656400454331323A2049E8
:109AA0006E76616C6964206770696F2066756E639D
:109AB00074696F6E207265717565737465640045B5
:109AC0004331313A20496E76616C69642074696D66
:109AD000657220696400454330363A204E6F6E202F
:109AE000415420636F6D6D616E6400454331333ABC
:109AF00020417267756D656E74206F7574206F6696
:109B00002072616E676500454330353A20556E64BA
:109B10006566696E6564207265706C792064657332
:109B200074696E6174696F6E00454330373A205432
:109B30007269656420746F2073656E6420746F2091
:109B400070656572202D206E6F20636F6E6E656389
:109B500074696F6E00454330383A204D656D6F7201
:109B60007920616C6C6F636174696F6E20657272CD
:109B70006F7200454330313A204144432070696E92
:109B800073206572726F720025730052656E657383
:109B9000617300454330333A20496E76616C6964E5
:109BA0002049324320706172616D65746572730083
:109BB000454331343A20496E76616C6964207061A6
:109BC00072616D657465727300454330323A2048A6
:109BD00057206E6F742070726F7065726C7920738D
:109BE000657400454331303A20496E76616C696492
:109BF000206D656D636D6420736C6F7400FFEEDD26
:109C0000CCBBAA00123456FFFE9ABCDE0000000056
:109C1000434C76322D436F64654C657373000000CE
:109C2000B182FC071585FC079586FC076186FC0759
:109C30000984FC073582FC073582FC070000000020
:109C40000184FC07E987FC07B580FC076D82FC07EF
:109C5000891BFC07811BFC079D1BFC07C11CFC0723
:109C600000000000F91CFC07D950FC0700000000B0
:109C7000E585FC07ED50FC077551FC07000000006E
:109C8000E919FC07B11BFC072D1CFC071186FC071A
:109C900000000000511AFC0700000000B519FC0785
:109CA000AD19FC079F99FC07739BFC07C99BFC0738
:109CB000939BFC07249AFC07079BFC07D69AFC079A
:109CC000299BFC07559BFC07469AFC07E39BFC0776
:109CD000BF9AFC07999AFC07EB9AFC07B09BFC071C
:109CE000679AFC077E9AFC07309DFC07309DFC07B5
:109CF00058080000B08BFC0758D4FC0758D4FC0768
:109D00008C070000B08BFC07000000000300000D72
:109D100010060105E0010000A4D6FC070030010098
:109D20000801000070DBFC0700D0000014000000F8
:0400000507FC0111E2
:00000001FF
