:0200000407FCF7
:1000000060E4FC072505FC072D05FC074505FC07FA
:1000100000000000000000000000000000000000E0
:100020000000000000000000000000005D05FC076B
:1000300000000000000000005F05FC076105FC07F0
:10004000C525FC079576FC071D27F0074928FC0706
:10005000FD27FC076305FC07B925FC076305FC07C2
:100060006305FC076305FC078926FC079326FC074C
:100070009D26FC07A726FC07B126FC076305FC07A5
:100080006928FC076305FC076305FC076305FC079B
:100090006305FC076305FC076305FC076305FC07B4
:0200000407FCF7
:100510000348854601F0EEFD004800479D60FC075A
:1005200060E4FC070F4880470F48004704207146ED
:10053000084203D0EFF309800C490847EFF3088025
:100540000A49084704207146084203D0EFF30980A6
:1005500007490847EFF3088005490847FEE7FEE72B
:10056000FEE7FEE74DCAFC071105FC070D28FC0756
:10057000E527FC0770B50E4604460022032151F71B
:10058000EAF9054652F7B6FB6880284651F7F4F9B8
:1005900052F7B0FB7188884200D3084601462046D6
:1005A00051F7D1FA002070BD0246FF4B92009A58D5
:1005B0000120126900290ED0517F5E239B5C002B25
:1005C0000BD0052906D1517E090702D5917C090778
:1005D00000D400207047917DEFE70229F9D004296B
:1005E000F7D00529F6D10020EDE7024630B593009B
:1005F000ED4A0120D2581269137DD47E157F234025
:10060000547D2C40012901D0022909D1957C527ECC
:1006100015402A0704D41A462243D20700D10020ED
:10062000032901D0042904D1590702D4610700D459
:10063000002030BDF8B514460D4610465BF76DFC42
:10064000240A002830D0D949A2008B5801271E8BDC
:10065000BF023E431E83132826D0142824D0152819
:1006600011D088582D210A5C0123D10600290CDA0B
:100670000146A0318E7D002E07D08B753D2120468E
:1006800045F7B8FE10E00220F8BD110703D50021A0
:10069000A0308175F7E7A0308375204643F7A4FBAF
:1006A0002946204643F7E3FB0020F8BDFFB581B0A3
:1006B0001546170A10465BF730FC002838D013287F
:1006C00036D0142834D0290A8C00B84E152815D0FD
:1006D000FF20294603305BF707FD30592D21095CC7
:1006E000C90603D5A030C07D00280ED03D026D1C88
:1006F000A8B25BF712FC19280CD00FE03059012189
:10070000A030C175022005B0F0BD3D21384645F747
:1007100071FE0DE0A8B201215BF7CDFB305901223B
:10072000018B5202914301833846029943F79FFBA4
:100730000020E8E7F0B59D498700C95900268031BF
:100740004A8C8B8C1B2A00D21B228C8B944200D2A9
:1007500022468A849A4200D001260B8CCD8C1B2B1A
:1007600000D21B23CC8B9C4200D22346CB84AB42CD
:1007700000D001260B8ECD8D9C46FF2349339D4230
:1007800001D21C4600E02C460D8DA54200D3254623
:100790000D86654500D001264C8EA4468C8D9C426A
:1007A00000D21C464B8DA34200D21C464C866445A9
:1007B00000D00126EB080B3B9BB29A4200D21346B5
:1007C0008B86522379495843794BCA591C68803229
:1007D0000419D28C8034E285C9591A688031801896
:1007E000498E803001863046F0BD10B50446714810
:1007F000008D8007800F012800D000206071002844
:1008000007D057F7F3FE01460622A01D5DF74EFC08
:1008100010BD06226849A01DF8E770B50546002402
:1008200042F7A9F82855641C082CF9DB70BDF8B50F
:10083000022707700126044646700D4688795F49F5
:10084000C96988472A210855287900210007000F27
:10085000A07003005DF77EFC07050709100D100B63
:100860001000A1700AE0A67026E0032002E0A77045
:1008700004E00420A07001E001281DD0A888000A2F
:10088000801FC0B2A0721F2800D9A172284642F76B
:1008900027F9811D2046A27A0B305DF707FC284618
:1008A00042F71EF901460622201D5DF7FFFB28795D
:1008B0004006C00FE070F8BDA172F0E7F7B54468DC
:1008C0008CB02546243503950546074624354CF75C
:1008D0001BFA06464420405B5221484334490968CC
:1008E0004018C0304089694608840121384647F7DE
:1008F0004AF94CF77EF809900E9800698088000A42
:10090000C1002F480818298940182D495B315DF72F
:1009100053FB01466868039D4718403528890690B7
:100920000090A0680099381A400140095DF744FB27
:100930000A910098C019401A400140096946A06018
:10094000098C4900C919891C49014909884204D206
:100950000699401840014009A06001460998081A0C
:10096000400118494009884215D900202B89A26806
:10097000401CD21852015209A260EA89521CEA8135
:10098000A368099A9A1A520152098A42EED801B212
:100990000D9847F799F9A1680998081A4201607DF6
:1009A0005209824221D80FE02C7EFD071879FD07FD
:1009B0004C76FD074C7EFD07CF79FD07B47FFD0720
:1009C00016020000FFFFFF032A898918490149091F
:1009D000A1602A890A99511A814206D901210D98EC
:1009E00047F772F9E889401CE8812989A0685DF71A
:1009F000E3FAF1802889B080208A3081A88870814C
:100A00000020B081C807C00FB073A88852214843A6
:100A10008E30308230464CF782F903984663204688
:100A20000FB0F0BDFFB5002093B006460124FE498B
:100A300049680A7821460C2A0CD06A4611730022B4
:100A40001192002E09D015990291169D1F2D54D98F
:100A5000402052E000242246119413990291149DE3
:100A6000F4E7029989184978012905D0172903D09C
:100A7000182901D0192912D1631E04E003AFFF5CCD
:100A80008F4204D05B1E5BB2002BF7DA03E0002B31
:100A900001DB4A2003E003AB1955641CE4B20B00F0
:100AA0005DF758FB1D2610101010101010101026A6
:100AB000262626262626262626262626101010102E
:100AC00010102600119B03E00BAFFF5C8F4204D097
:100AD0005B1E5BB2002BF7DA03E0002B01DB4A2040
:100AE00006E0119F0BABD9551199491CC9B2119160
:100AF0000299895C521C89188AB2AA4201D2002844
:100B0000AFD0AA4200D04A20761CF6B2022E01D203
:100B1000002894D017B0F0BD10B50022134607E0AE
:100B200084186478012C07D0845C521CA21892B2FD
:100B30008A42F5D3184610BD80188378FAE7F0B5DD
:100B40000646A9B01546002084006318DA789F781D
:100B500012025B783A4352BA1B041A430B5D072416
:100B60001B061A43231A9F0020AB401CDA510828A9
:100B7000EAD300218A0090190746C37880781B02C7
:100B8000034378785BBA00040343B05C10AA000604
:100B90000343601A800013503846223043780078AF
:100BA0001B0203433846203047785BBA3F04007885
:100BB0003B43000603430F27781A8000491C13505B
:100BC0000829D7D35CF706F9014630465CF77FFD6C
:100BD00000282DD05CF7FEF8034620AA10A968462D
:100BE0005DF780F900226846A11A8B009600C75C69
:100BF0007119CF70C75A3F0A8F70C7583F0C4F709A
:100C0000C35820311B0EAB550F239B1A9B00C65CAB
:100C1000CE70C65A521C360A8E70C658360C4E70AC
:100C2000C3581B0E0B70082ADED3002029B0F0BD7C
:100C30000120FBE7F7B500251746064641232A4663
:100C400029460A205AF7B4FF0446002E10D0012E80
:100C500002D0022E0CD105E02022611C002041F7B9
:100C6000A3FE04E0621C3946019841F74DFE207056
:100C700020465AF7B6FF2846FEBDF8B56B480090EF
:100C800007680C46002F7BD005461C35287E0028BF
:100C900076D0012802D0022872D102E02078002804
:100CA00019D038896249002688423AD107204BF78B
:100CB00023FC002835D042233E2200215D485AF70C
:100CC00077FF082101702178002913D0032141709A
:100CD0002178817043E055480226611C14302E763D
:100CE000202204465DF7E2F922465349304641F797
:100CF00015FE45E0002146701F22531A1B194718A4
:100D00005B78491CBB702029F7DB00213F22531A76
:100D100047181B1920375B78491CBB702029F6DB6C
:100D20001DE043493889491C88421AD108204BF7F5
:100D3000E3FB002815D022233E2200213D485AF72C
:100D400037FF09210170217800291BD01221417041
:100D50000021FF224318491C9A702029FADB4DF725
:100D6000D7FE2E7640205BF7A6FB009841F7DAFE0F
:100D70005AF761FF00980068002801D041F7C9FDCB
:100D80000020F8BD002146701F22531A1B19471876
:100D90005B78491CBB702029F7DBE0E770B5087869
:100DA00000250C46012809D01D2810D02B2812D070
:100DB0004022194655F7BCFE284670BD5BF765FA20
:100DC0001948012504601D4857F745FAF4E71C4807
:100DD00041F708FDF0E71B4801680029ECD101212B
:100DE0000160194841F704FEE6E770B5104D174C55
:100DF000223DAB422ED10F4809232A460021C01EB6
:100E00005AF7D6FE044608221149401C5DF74EF9F8
:100E100020790821084320710025257020464DF7D0
:100E200077FE284670BD00004C7EFD07287AFD073E
:100E3000252000000408000089E7F107030C0000EA
:100E4000C3C3C3C35077FD07CC7DFD070DC3F007B7
:100E500060E4FC07A047E5E7F1B584B00498FF49DA
:100E600080000C5804980502A81D0290002C15D093
:100E70006068818804290CD34188861D0C38009154
:100E800001903146049857F7BCFFF549884206D1D6
:100E900060680C385AF7CFFE0020606033E4F178C8
:100EA000B2780F02019928431743C880384640386A
:100EB0003F2819D803223946049854F729F8060028
:100EC000E6D0B07B0128E3D13420B07329460A3143
:100ED0000423E448029A5AF76BFEB189418010213D
:100EE00001705AF77EFED3E7616834200870022152
:100EF00000985AF74FFD05463146009A5DF7D6F83F
:100F000068782978000208436168C880E878A97881
:100F1000000208436168062F08810BD0042F09D016
:100F20006068052F10D00C385AF785FE28465AF70E
:100F3000ACFDB1E760688188052913D329798172F6
:100F40006168287988720DE0818805290AD329799A
:100F5000817261682879887260688188062901D366
:100F60006979C17260685AF73CFEDFE7FFB587B068
:100F70000E4609985AF7D1FF0999090A03910028EA
:100F800076D08800B54905900D58B749B079096BFE
:100F90000A225043B478081841F7A2FD019068680E
:100FA000002808D0012C2DD00398FFF755FF686862
:100FB000002802D026E0022C5AD1B088012702284E
:100FC00005D30198417800780C02044302E051F700
:100FD00091FE044651F78EFEA04201D20224002762
:100FE00020464C3083B29E49A048099A5AF7E0FD4A
:100FF000241D68604480002F01D0002000E03420D0
:101000006968087068680028BAD0811D0091B288AC
:101010000199841C071D01928088238882189A42B6
:1010200009D8009A8018019A5DF740F8398801982C
:101030000818388009E01A1A009BC0185DF736F8C6
:1010400020883880696834200870388804280FD3D5
:10105000009841780278080210432188001D8842D8
:1010600007D280B220803988814207D9388002E0D7
:1010700068E0884202D9696834200870388821887D
:1010800088425FD1686800990C380190039857F73F
:10109000B8FE69680978002951D1714988424ED05B
:1010A00003990F0201993843C880208802210190DA
:1010B0005AF770FC0490228800995CF7F7FF0498B7
:1010C00000283FD0696800208880019802226B4682
:1010D000039907C36868049B821C011D801D41F7AA
:1010E000D9FB6968087004985AF7CFFC6868418892
:1010F000002902D00178002954D0018940393F29C4
:1011000044D8017830291ED00146544A05980C393C
:101110001058083041F722FD69680398891D41F78E
:10112000CAFB4628686801891FD00322039853F739
:10113000EFFE00282CD0808A00282CD028E00398CD
:10114000FFF78AFE42E04A49098D0906C90F07D018
:1011500048490C380968099A898D89B25AF75EFDA9
:1011600068680C385AF767FD12E00322039853F7BA
:10117000CFFE04000CD039460A3104233948099ABD
:101180005AF716FDA1894180102101705AF729FDF7
:10119000002068601AE0686800220189039841F71E
:1011A00085FBF5E70189084640383F280ED8032221
:1011B000039853F7ADFE002808D0808A002805D197
:1011C000686800220189039841F770FBB07941F704
:1011D0007AFC00200BB0F0BDFFB58BB00646169828
:1011E0000027022821D00D980188149881427DD3D0
:1011F0007188084640383F2802D8159853F7C9FE31
:101200000C98361D0088149A80190E995CF74EFFD1
:101210000C980188149808180C9908800D9801887A
:101220001498081A0D99088069E100200E9D079016
:1012300069782C78090221433180E978AC78090279
:10124000214371808C46403904242D1D02460346FB
:101250008E46402900D3287861460DE0AC7DFD071D
:10126000FFFF0000260E0000E078FD07010A0000E5
:101270004C7EFD075876FD0704291FD0052914D0A0
:10128000062918D070463F283ED8159853F781FE9E
:101290000006000E04D0FC48008D0006C00F31D0BF
:1012A00002230120F94A002712E0697800290FD0B3
:1012B000F74A17230CE0F74A0F2309E0522802D01F
:1012C000D22802D002E0142000E01520F24A1F23A9
:1012D000002A7DD098427BD28000105804900028CC
:1012E000F7D0002008900590708800E006E14038B3
:1012F000402803D32878052430716D1C701D0090A0
:101300000498AFE03027EDE03327EBE0522864D0BB
:101310000CDC4B283FD004DC41286AD042285AD14B
:1013200011E04C2820D0502855D140E0632830D01F
:1013300004DC572818D061284DD19BE06C2864D07C
:10134000772848D109E00098297801700098641C3A
:10135000401CA4B26D1C009081E00498401C0490D5
:101360000178089881427AD10098A41C401C410859
:101370004900881C009068782A7800021043088091
:101380000599AD1CA4B2002969D0089000200590F1
:1013900065E00120FBE71022294600985CF786FEF5
:1013A000009810341030A4B21035009057E0204659
:1013B00040301499039088420DD840222946009865
:1013C0005CF774FE009840300090039884B200E00F
:1013D00079E0403543E0342741E00822294600986F
:1013E0005CF764FE009808340830A4B20835009019
:1013F00035E00622294600985CF758FE0098A41DA7
:10140000801DA4B2AD1D009029E01498001B80B28D
:1014100003903088001B001D81B2012007900498C2
:10142000401C04900098401C400840000090049824
:10143000007857281CD04228CDD100980170090AA5
:10144000417000982946801C0090039A5CF72EFE9C
:1014500003980399201884B20098401800900498CB
:10146000401C04900078002820D0002F19D01DE0E7
:101470004908E2E71498001B80B203900098039A91
:10148000401C41084900012000910790294600981E
:101490005CF70CFE03980099201884B20398081892
:1014A000DCE70D990988A14200D32FE70D98008849
:1014B000A04208D304990978002904D1079900298A
:1014C00003D1A04201D034270CE00D99001B088005
:1014D0000C9801880098801B001F08180C99002F99
:1014E00008800CD07088042809D0062807D040381E
:1014F000402804D30E984079707100E034273846B4
:101500000FB0F0BDFFB581B01F4616460C46104621
:101510005AF703FD00253F2802D02189062908D06B
:101520003B4632462146019854F7BFF80546284607
:10153000B4E4000701D50225F9E720780028F6D1A8
:10154000300AA11D41F7C1F8F1E7F3B581B0019868
:10155000524C850060590F464068CE8801462431C0
:10156000009146F7E3FE00994D4A40310091C98948
:10157000701A80B2904214D2B14212D060593146F2
:10158000406845F78CFF60590522791C1F305CF7D5
:101590008DFD019805210002401C80B25AF78BFC9A
:1015A000FEBD60590522791C1F305CF77FFD009855
:1015B000808841F767FFFEBDF8B53A4C06468500C6
:1015C0000F4660594821095C24290ED10069102278
:1015D000791D2E305CF76AFD615925204031087273
:1015E00000221146304652F739FE60594821095C05
:1015F0000C291FD100691022791D2E305CF756FD91
:1016000060595F210069095C09072DD401462E311C
:1016100010221E305CF76EFD00280CD060590921A5
:1016200040300172304653F737FB01460022304606
:1016300052F79FF9F8BD0421684601706A460521FA
:10164000304652F741FB6846017860200143684606
:101650000170304653F720FB0146684602780123AB
:10166000304652F79BFAF8BD304653F715FB012878
:101670001AD06059072140300172002211463046CD
:1016800052F7ECFDF8BD00004C7EFD0714F3F107A6
:101690001CF3F10778F3F107B4F3F1071879FD07AC
:1016A000FF7F00002C7EFD07615900200969C031D1
:1016B000887160590421026930461E3252F704FBDA
:1016C000605901694031897F002907D01A214030D3
:1016D00001720021304652F74BFED3E71B21403008
:1016E0000172304652F799FECCE7F8B5FF4C05463B
:1016F0008600A0594822125C192AC3D140224930E1
:10170000491D5CF7D3FCA0594022F94949305CF7E8
:10171000F1FC002805D0F6492846203959F749FF41
:10172000B0E70B21684601706A460521284652F74A
:10173000CBFA68460178602001436846017028466C
:1017400053F7AAFA0146684602780123284652F761
:1017500025FA97E7FFB581B003980C46060A0025E5
:101760005AF7DBFB002818D0132816D0142814D001
:10177000E048B700C0592030407BC00628D5039808
:101780005AF7CBFB15280CD0A07941F79CF93046CD
:1017900045F7B3FD032806D015E0A07941F793F98A
:1017A0001FE002251DE0D348C0592030407B400790
:1017B00004D53D21304641F7BEFD04E03D22002125
:1017C000304641F7C6FD3D21304644F713FE08E0A0
:1017D00020460C38C8498180C68020464DF798F9CC
:1017E00001252846A4E6F1B592B0129841F778F9A0
:1017F0000446129869460079C04A4006C00F0A9014
:1018000008900A208883618B081A90427ED2E08A71
:1018100006287BD31922D201904277D8228BFF234E
:10182000F5339A4272D8521C9300D21803465343A0
:101830005B1C5A100A2359438A4267DC217F002926
:101840000CD1617F002909D1A17F002906D1E17F58
:10185000002903D12021095DC90657D0274620372A
:101860007978C906C90E491F0C294FD2A18A814235
:101870004CD8E17C002949D0421E082A01D9082011
:1018800000E0401E814241D806A844F79BFD002895
:101890003CD19B4D0622E86121460EA85CF706FC70
:1018A000A878002874D06079800901280AD02046E1
:1018B0000A994AF7C5FE010062D03820405C002832
:1018C00058D05DE020464AF728FFE861002804D19F
:1018D00010A920464AF737FFE861894E803EF16A39
:1018E000887A012801D0042812D1E86900280DD097
:1018F0000622253010315CF7FDFB002806D1E8698F
:10190000F16A2030C07AC97B884200E07EE07DD158
:10191000EE69002E34D03046253001460B90062269
:101920000EA85CF7C3FB2036F17A089107AA0B9842
:101930004AF768FD00280FD0E8692030C07A0028F7
:1019400011D168466F49808B49F70EFD07AA012126
:101950006C484AF757FD06E007AA012110A84AF78C
:1019600051FD00280CD0E9696846808B323149F777
:1019700011FD05E00A18527D002A0AD0102873DBF9
:101980005F488038C06A407A022806D0032804D015
:101990000EE0401C1028EDDBF2E76846808B0A2839
:1019A00006D307AA20460A994AF72CFD00285BD0E7
:1019B000002206A920464AF7CFFD002854D1504DF9
:1019C000803DE86A407A02280BD0032809D0002322
:1019D0006846028B0EA808994AF7DFFD002802D05E
:1019E00031E00123F4E7E18A68468180218BC180E0
:1019F000618B018178784109684681747878C106E5
:101A0000C90E684641740622214600E02CE00A30E7
:101A10005CF74CFB129800794006C10F68460174D0
:101A2000038B214601A8AA6D45F779FC0146A865FC
:101A300001A841F71FFB0020A865214668461C311C
:101A4000008B44F712FD47F7B0FC2D4C2034207971
:101A5000002805D0002109205AF746FB00202071FC
:101A6000002108465AF727FA13B0F0BD70B51646A4
:101A70000C46488853F7E7F80546FF2849D001216E
:101A800053F757F90C2804D100220121284652F7B8
:101A900039FF0023E0180079002803D15B1CDBB27A
:101AA000082BF7D31148A9004058006900280AD034
:101AB0004030C07F000706D4082B04D301212846FC
:101AC00051F7F1FF25E029021E2332460E480A3164
:101AD0005AF76EF805460B202870A08968822846C0
:101AE0000822211D14305CF7E1FA0FE02C7EFD077F
:101AF000EC7DFD071879FD0706080000770C000053
:101B0000E479FD0704E5F107160E000028465AF7B0
:101B100068F8002070BD00207047F7B5804E0D4674
:101B20008700F15982B00E2D08D10A69002A05D02C
:101B3000537EDB063DD5927CD2063AD54031040275
:101B4000C97920460A30C907009000290AD0014609
:101B5000E32000015AF7C8FAF0594030C17949082A
:101B60004900C1710520A11D48234002009A5AF77F
:101B70001FF804460620A0806A49A571A8000A58EB
:101B8000A01C0499904720465AF72BF8052D10D039
:101B90000E2D0ED064480099006880304269E32021
:101BA00000015AF757FAF05901224030C179114328
:101BB000C171BDE4F8B50C46054659498000085886
:101BC0004030C079400717D4204640F779FD694678
:101BD0000870002809D007280ED00121284653F7A5
:101BE000A8F860260C2808D00EE020794F49800024
:101BF0000A5821462846904744E568460278012164
:101C00003243284652F77EFE6A460521284652F79F
:101C10005BF820790128EFD00B28EDD0284653F748
:101C20003BF801466846027801233243284651F7C3
:101C3000B5FF27E538B50D46044653F72DF80128C2
:101C40000DD1204651F7AAFD69460870002807D03B
:101C5000092804D10A460521204652F735F838BD37
:101C60002F49A000085800690028F8D1012120461A
:101C700053F75FF80C2804D100220121204652F7C7
:101C800041FE21020A3108230A46294859F790FFEC
:101C900004460A2020700622691D601C5CF706FAC3
:101CA000204659F79EFF38BD70B50C460546012108
:101CB00053F73FF8014670200C2911D0184AA900AB
:101CC0005158096900290AD064790443284652F71B
:101CD000E3FF014600232246284651F75FFF70BD0F
:101CE000627901210243284652F70CFE70BD12486A
:101CF0001049016011494160704710B50E4A104803
:101D0000906010484178037809021943C3788478B9
:101D10001802204300040843D06010BD7047000043
:101D20002C7EFD0730F4F1075876FD076CF4F107BF
:101D3000120E00008CBFF107C000084088D3FC07DA
:101D40005CE5F10760E4FC07F8B53E4C6088C60727
:101D50006088F60FC005C50F6088400840006080AD
:101D60006088FF270137B843608040F729FE40F7BD
:101D70002DFE00220821022040F71CFE002800D082
:101D800001206188A1886188490849003143618048
:101D900061882A02B94311436180F8BD70B50125FD
:101DA00029492A020A60BFF34F8FBFF36F8F27497B
:101DB0000A6027490B681C0A240240231C430C605C
:101DC000214980390A601F494C880626B443241DE6
:101DD0004C804C882C434C804C8838252C434C80BC
:101DE0004C889C434C800F280FD1488833021843FD
:101DF000488048881043488048882A021043488019
:101E00004888012292039043488070BD10B5114C60
:101E1000E18A114ACBB21189248BC904890E64046A
:101E2000640E001B093141430120C002401A80B2F8
:101E3000584340031189000E090A09020143118128
:101E400010BD00002020005080E100E080E200E0B2
:101E500008E400E000230050002C0050F8B5020216
:101E600005464123092134480A3259F7A1FE2721AA
:101E70000170044600201F233049AA008F581E1A03
:101E80004936BE5D2718401C7E702028F6DB0020F6
:101E90003F238E581F1A4937F65D27182037401CFC
:101EA0007E702028F5DB5AF795FF0146601C5BF732
:101EB0000EFC002812D10A2000906A46052128460F
:101EC00051F702FF284652F7E7FE009960221143BE
:101ED000CAB201460123284651F760FE204659F751
:101EE00080FEF8BD70B505460446008914490C34DF
:101EF00088B088421AD100201F216E460A1AA25CBF
:101F00003254401C2028F9DB2022314620465CF761
:101F1000CDF800203F210A1AA25C3254401C202830
:101F2000F9DB20226946A0185CF7C0F8284649F77B
:101F3000DCF908B070BD0000270D00002C7EFD0705
:101F40002620000000280BD000BF00BF00BF00BF4C
:101F500000BF00BF00BF00BF00BF00BF401EF1D1E7
:101F6000704700000048704710CBFC07CAB2401E03
:101F70004178401C8A4202D00029F9D100207047E4
:101F8000421C0178401C0029FBD1801A704710B513
:101F9000002200E0521C835C8C5CA34201D1002B28
:101FA000F8D1D8B2E1B2401A10BD03460A780270E7
:101FB000401C491C002AF9D11846704730B5054627
:101FC0000020034600E05B1C934205D2EC5CC85C39
:101FD000201A01D1002CF6D130BD0000F7B5009CCD
:101FE0000F4600262578641C002D05D0FFF7BAFFA8
:101FF0000068405DC007F5D12B2D02D02D2D18D0E3
:10200000641E39462046029A00F020F8002F04D0C2
:102010003968A14201D10099396071050224002973
:102020000BDA4042002803DD0AF0AEFC0460A00792
:10203000FEBD012080020643E3E70028F8DA0AF03B
:10204000A3FC04600048FEBDFFFFFF7FF7B582B030
:10205000029C00272078641C15460197302802D086
:10206000002D15D015E020780127641C782804D0B5
:10207000582802D0002D09D00BE0002D01D0102DE2
:1020800007D1002710252078641C02E0082500E015
:102090000A250026009610E00099012769430818D8
:1020A000020C294680B2714300908E183804864293
:1020B00001D3012001902078641C294600F02CF8FF
:1020C0000028E9DA0398002805D0002F01D0641E0B
:1020D00000E0029C04600198002806D00AF054FC3D
:1020E00002210160C81E05B0F0BD0099300408430C
:1020F000F9E70000064C0125064E05E0E36807CC31
:102100002B430C3C98471034B442F7D3FEF704FA43
:10211000D4DBFC0704DCFC073A2800D2303820234B
:1021200002469A43412A01D310463738884201D3E8
:102130000020C04370470000F0B50C465C4085B0FD
:10214000E40FE40703944C00002664085900944609
:10215000490802460296224321D062460A431ED015
:102160006200570D4A000E032303550D0124024659
:102170002C492405781B1B0B360B401823432643A0
:10218000614600901C46501AB44103D30098401C8D
:10219000009002E0921800985B41002803DA0020CA
:1021A000014605B0F0BD002001210905074686461D
:1021B00011E064461D46141BB54106D36546521B0B
:1021C000B341744607430C43A646CD07400849086F
:1021D000284392185B4105460D43EAD11046184347
:1021E00013D06046194650407140084306D06046FF
:1021F000101AB34106D20122002306E00022012377
:10220000DB0702E00122D243531000987446010517
:10221000381C6141029C039D0019694100F041F89E
:10222000BFE70000FD0300000EB505490291002143
:1022300000910A460B46019100F040F803B000BD42
:10224000330400004A0009030123090B1B0519434D
:10225000094B10B5520D9A4201DA002010BD064B11
:1022600034339A4203DC9A1A00F00AF810BD03498D
:102270005118884010BD0000FF030000CDFBFFFF98
:1022800010B5202A04DB0846203AD040002110BDBA
:102290000B46D340D0402024A21A9140084319464F
:1022A00010BD10B5002B08DA0024401C61419218C3
:1022B0005B411A4301D14008400010BDF0B51FB486
:1022C00082B005460C0003D008460AF045FB02E048
:1022D0000AF042FB203002460090214628465BF778
:1022E00029FF049B059A04460F46184311430843EF
:1022F00014D0184610431BD0009840210A1A1846E3
:102300000599FFF7BDFF05460E46009A059904980A
:102310005BF710FF084305D0012004E02046394652
:1023200007B0F0BD0020C11705430E432C433743CF
:1023300000990E986305401A7905E40A00220C43BF
:10234000FD0A0A3002D500200146E9E7010510190F
:1023500069410C9C0D9D00196941FFF7A2FFDFE761
:10236000F0B507460846584087B0C00F04904800B3
:102370000E46590040084908BC1A884105D2384623
:1023800031461E4617460B46024658004008104389
:102390004CD0300D039040055900400D490D05907B
:1023A000401A0290402872DA18030121000B090537
:1023B0000843019004980092002805D001995242E8
:1023C0000020884100920190029840210A1A019948
:1023D00000985BF7AFFE05460C466B4607CB00F056
:1023E000D7F8C0197141039A0E0D0023D717564034
:1023F0001A467A40164344D0049A002A2DD0029AF5
:10240000012A039A15DC1205C01A914101263605EE
:10241000001C7141D20F059ED207009301920296D3
:102420002A462346FFF74AFF07B0F0BD384631463B
:10243000FAE71605224A0F46B218C01AB741012121
:102440000905001C4F4100187F41114618187941B9
:10245000E20F10436D19644113E0E2076D08154364
:102460006408C2071443039A01261205C01A914159
:102470003605001C7141CE07400830434908C0189A
:1024800051412A462346FFF70CFFCDE7FFE70498AA
:1024900001224000C117121A00238B4104983146D3
:1024A000C417381AA141EEE730B40124E4076340B1
:1024B00030BC55E730B40124E407614030BC4FE73D
:1024C0000000E0FFF8B50546480040080C462843E8
:1024D00004D06000184A400D904201DD2846F8BD46
:1024E00015493539884210DC88420BDB290D200361
:1024F00008432903014305D0E00F1049C0074118E4
:102500000020F8BD00200146F8BD161A4020821BAD
:10251000284621465BF70EFE0746009128462146D5
:102520003246FFF7ADFE3A46009BFFF7BAFE324651
:102530005BF700FEF8BD0000330400000000F03F30
:1025400010B5002904DB0124E40740428C412146F8
:10255000002B04DB1C460123DB075242A3418B42C4
:1025600000D1824210BD000010B5002904DB012417
:10257000E40740428C412146002B04DB1C4601232A
:10258000DB075242A341994200D1904210BD0000A6
:1025900010B5202A06DBCB170846203A1041C11798
:1025A0000B4306E00B461341D0402024A21A914071
:1025B0000843194610BD0000014801210180704701
:1025C0000815005070B505252C076089800723D0B9
:1025D000A08A400701D504F015FD218C802001431D
:1025E00021842449FF224A8004220A802288302341
:1025F0001343238022880323134323801E4ACB885E
:102600008E881B049B199342F9D30D80B149098D23
:102610006180218C81432184184801884907FCD4BA
:102620002088302188432080218803208143218015
:102630006189890706D0618981436181608C0121AC
:10264000884360842089802101432181208A0421DC
:1026500088432082A08A8007FCD53FF790FE9D48E2
:10266000406B074908600748016801684907FCD5C5
:1026700070BDC04600160050E9030000083300504A
:10268000080200401000004080B50A2000F088F8E1
:1026900080BD80B50B2000F083F880BD80B50C2094
:1026A00000F07EF880BD80B50D2000F079F880BD87
:1026B00080B50E2000F074F880BD000070B50124D4
:1026C000032800D104208C404001074D049E002EB9
:1026D00001D0445301E02E18748013434900691857
:1026E0000818838070BDC04602300050F0B587B036
:1026F00003931746069105901D4EB5891D48054068
:10270000012420021C4988470190B5813F20C14324
:102710000491B5890D40184988470290B581039905
:1027200001988140308A134A104008433082358A2C
:10273000A54320461049884787402F4337820FA082
:102740000599405C06994018029988403188049A9E
:10275000114001433180FF20000409490A68824387
:10276000E00510180860A0020649086007B0F0BD37
:1027700000140050FFFEFFFF595FFC0701090F190D
:1027800008E400E000E100E0032800D1042040015B
:10279000024A825ACA40012010407047003000505F
:1027A000F8B5C4B226460A3E01252846B0400B497A
:1027B0000F88874380B203F0CFFB2946814039431D
:1027C00006480180B00006490818C068002801D0FA
:1027D0008047F8BDA54019480560F8BD0E140050AB
:1027E000800FFD070348C8210180034808210180AC
:1027F000FEE7C04600310050023300500248008816
:102800000E481021016070472C1300509B4801892D
:1028100004220A430281018902220A4302810188BB
:1028200040220A430280054901220A604189044A84
:1028300011408918091D41817047C04680E200E0BF
:10284000FC7F00007047000080B5024806F0B2F936
:1028500080BDC0460011005080B5024806F0AAF9BC
:1028600080BDC0460010005080B5052000070188DB
:102870003022914301800188032291430180042189
:10288000415E002906D511490A88520702D50A88F7
:10289000D20712D18088C0060ED50D4801880906DE
:1028A0000AD5012181800188802291430180E84876
:1028B000006B002800D0804780BD088802220243B8
:1028C0000A80088801229043088080BD00020050E1
:1028D00000010050040FFD0710B50468091BFF310B
:1028E000994208D3194606E01378237003685C1CEC
:1028F0000460491E521C0029F6D10020207010BD32
:10290000F8B506462120124F3C5C002C1CD0012556
:102910003D8409F0F5FB442000213954B965002EAF
:1029200004D00C480621002206F080FA06F05CFB79
:1029300006F0B0F8FF20023048217852EF20400026
:102940003D54284609F050FE601E84412046F8BDE3
:10295000740CFD0737D7FC073848018802220A4368
:1029600002800549491C02D202889207FAD400214C
:10297000018140897047C0465F79FEFFFEB505467C
:102980001448029002AC204600F028F81420FFF70B
:10299000D9FA07208601002D00D08036274F3888CD
:1029A0000D49084080193880FFF7D6FF01900220BA
:1029B000FFF7C8FA0025A570204600F00FF8388808
:1029C0000549084080193880FFF7C6FF3D8001990E
:1029D0004018FEBD010001013FFCFFFF10B5174983
:1029E000174A0A8000224A80164A40231360BFF328
:1029F0004F8FBFF36F8F00281ED00A88124B1340F1
:102A00000278D2021A430A80104A134640330C88D7
:102A10001C4043789B0123430B800B881340827832
:102A200092021A430A8009224A804A8802239A4362
:102A3000C07840001043488010BDC04600150050CB
:102A40000140000080E100E0FFF70000FFFBFFFF16
:102A500080B500210A46FFF7C1FA80BD074801880A
:102A60000020090609D506490968090405D4054866
:102A70000088012101404842484170470800005049
:102A8000300000405877FD0770B532480921042412
:102A90001823224659F78CF805461B202870FD267E
:102AA000304603F02FFA0021A982E96029616C60A9
:102AB0006E806870284659F794F870BD0120704701
:102AC000B0B56348427B1449D4B20C236343CD5C58
:102AD000FF2D0AD0022C02D103224273F4E7521CCC
:102AE0004273C818406880470EE0817B0B4ACCB225
:102AF0001C236343D45CFF2C08D0491C8173D3187A
:102B0000DB68002BF3D098470020B0BD0021417353
:102B100081730120B0BDC046A0D4FC0708D0FC07DB
:102B200070B50C48092104240A23224659F740F8BD
:102B300005461B2028701426304603F0E3F9FF21D8
:102B4000743129816C606E806870284659F749F8A5
:102B500070BDC0461B0D00001FB514460122029235
:102B6000044A0192069A00921A46234600F0C2FADD
:102B700004B010BDA8CCFC0780B50548092104228B
:102B8000012359F715F80221017059F72AF880BD81
:102B9000030D000010B50C4601020A31064804225C
:102BA0002C2359F705F828214454014628310122E5
:102BB0004A7059F716F810BD020E0000B0B5104863
:102BC000092504225223294658F7F2FF04462B20F8
:102BD00000212154E172A172FF20083020810948B0
:102BE000E080A080617065730E20207320460E3057
:102BF00005490D225BF75AFA0F20E0722046B0BD5E
:102C00000D0D00004C04000048DBFC07B0B5104D72
:102C1000EC6B002C19D10F48092104222C2358F702
:102C2000C7FF0446E8637B2020840B4820800025F2
:102C3000658020460A3011215BF751FA2585E5842D
:102C40006584E583A5832020E0762046B0BDC0469C
:102C5000040FFD07040D0000030A000010B5044630
:102C600001020A3108480422022358F7A1FF132168
:102C70004170012101700C216143044A5118002266
:102C8000CA7058F7AEFF10BD040E0000800FFD079C
:102C900010B50B4C2068002800D010BDFFF78EFF48
:102CA00020600C21017010BD10B5054C2068002873
:102CB00000D010BDFFF782FF20600D21017010BD14
:102CC000B806FD07B0B504467A2060430B490D18DD
:102CD0007820295C2046FFF75DFF204601F00CFDBF
:102CE00001210170297F4174A91C401C10225BF74F
:102CF000DDF9204600F014F8B0BDC046FA0BFD0720
:102D000080B501F01BFDFF2805D07A21414303481F
:102D10004018203080BD002080BDC0466C09FD07F2
:102D200010B5044601F0E8FC58F75BFFA00002492B
:102D300000220A5010BDC046C806FD0710B5044663
:102D400001F0DAFC002101702046FFF7E9FF204680
:102D5000FFF784FF10BD0000FEB5029301920E46FE
:102D60008100114A57585518002F0AD101020A3123
:102D70000E4804241E23224658F71AFF0746047003
:102D80002860BC1C102120465BF7A9F9204631467B
:102D9000019A5BF78BF902987870384658F721FF53
:102DA00000202860FEBDC046C406FD07140E0000CA
:102DB000B0B500280FD002461248824212D82348EC
:102DC0002430002423460A2B19D00568002D10D08A
:102DD000001D5B1CF7E7E148C8210180E04808219D
:102DE0000180FEE7DD48C8210180DD48082101801F
:102DF000FEE701605C1CE0B2114600F0C1FDE0B2EC
:102E0000B0BDC046FCFF3F00F8B50446401E09288F
:102E10001AD8A0000D494718386A002814D00C4D64
:102E2000A84211D020370B482018401C04263146F8
:102E300059F75AF93D60082306483146324658F79B
:102E4000B7FE047058F7CDFEF8BDC046F00FFD0781
:102E50008D89FC0702040000F0B585B0039302924F
:102E60000E4607460020041D202C0ED004A9009118
:102E70000AA10D5838463146029A039BA8470028FC
:102E80002046F0D104A8007806E038463146029A80
:102E9000039B08F05BFB002005B0F0BD3130FC0760
:102EA000AD32FC075130FC07A130FC07592BFC0761
:102EB000B931FC07BD2AFC07FEB505460805090B1C
:102EC000002800D0491C002900D1012157480540A5
:102ED000FF200024144F154E01918C4220D028462B
:102EE00004F008FE00281BD10295002504F05CFECA
:102EF000C0070CD038880006F8D530680004F5D437
:102F00000B4885420BD06D1C59F767FAEEE7029823
:102F100004490818451C641C00200199DDE7FF20C6
:102F200040B2FEBDFF0F000008000050300000401E
:102F300080841E00F0B587B006908A4206D287488A
:102F4000C8210180864808210180FEE7101F0390F8
:102F50000592D01E0290C81E0490002401910A46DA
:102F60002046C5B20498854218DAE8430599471807
:102F700016463FF700FD010E069BD955D919491E8B
:102F8000020C0A700299491B020A5A5432460399EC
:102F9000491B5854321F281D241DE2E7E0B2019955
:102FA0008842059F0DD10198391AC8B2069A89182E
:102FB000491E002803D000220A70401EF8E707B01F
:102FC000F0BD06983818FF21C9431346E2430A436F
:102FD0001518D8B2C6003FF7CEFC18217218182A6F
:102FE000E1D00246CA402A706D1E0839F6E7C04695
:102FF0007CB514460D4606460C480840884202D16E
:103000002846214608E061190A466A40120B05D09D
:10301000012212038018091AFFF74EFF01AB304658
:103020002946224604F0EAFD7CBDC04600F0FFFFC1
:103030001FB514460F220292044A0192069A00928A
:103040001A46234600F056F804B010BDB0CCFC0779
:1030500010B5014601200B4A914211D3121D914235
:103060000ED8029CF231C8B2800044490918486B5E
:10307000002803D0343100220A60804700202070ED
:1030800010BDC0460E040000E0B5844B1B7C132B22
:1030900003D101AB04F05AFD8CBD0020C0438CBDB0
:1030A0001FB5144607220292044A0192069A009222
:1030B0001A46234600F01EF804B010BD28CDFC07C8
:1030C00070B51322D2432D4B002A0AD09C18342508
:1030D000665D864202D0921CFF2EF5D13522A154A6
:1030E000605570BDE0B504F069FD01A804F0B6FCC0
:1030F0008CBD0000F0B585B001250C9C002C20D0C3
:1031000001950291039304920B9B0A99E500ED1837
:10311000083D661C104B761E012E11DB2C462F88B5
:10312000874203D02546083D9F42F4D16468002CB5
:103130000AD00D4602AB0ECBA0472870002500E058
:10314000019D284605B0F0BDA148C8210180A148D5
:1031500008210180FEE7C046FFFF0000003100505B
:103160000233005080B505484A3005490A31102223
:103170005AF79CFF012000F0F7FB80BD800FFD0790
:10318000740CFD0770B50B480424092122460B4638
:1031900058F70EFD05461B202870FC26304602F02D
:1031A000B1FE002129726C606E806870284658F765
:1031B00018FD70BD1B0D00001FB5144604220292BD
:1031C000044A0192069A00921A462346FFF792FF9C
:1031D00004B010BD60CDFC07F8B50446F948806D19
:1031E0000F210140E171010F2171C1B20909A171E3
:1031F0000101090F61710103090FE1700102090F5B
:10320000A1700105090F61700004000F20700122F8
:1032100000920322150208230D4F2A46B847E17990
:10322000A0790026009607232A46B847E178A078BF
:10323000009606232A46B84761792079009605232F
:103240003246B84720786178DE4A91725072F8BDF4
:10325000BD26FC0770B5DB4C207C032817D1EFF3AB
:103260001086012585F310880D480188A943018047
:103270000C4801880C4A0A40028004F0D1FB002E61
:1032800002D085F3108802E0002080F3108814201B
:103290002074002003F096FE70BDC046040FFD07A9
:1032A0000012005004000050FFF7000010B50C465B
:1032B0004349884220D0434A90422AD0424988421A
:1032C0003AD12078401E092853D880004249081876
:1032D000416A434A914268D0404881426AD13948A4
:1032E000042108230A4658F763FC217801706168BD
:1032F000416058F776FC5DE06268002A47D03348A9
:1033000082424BD220782F494018042158F7A2FE60
:1033100050E02078411ECAB2092A31D889002E4ACD
:1033200051184A6A2D4B9A4244D1CA6C24310A6022
:10333000616800F025FB3DE0531C012198423CD31D
:103340000A32904239D8C01EC0B2411E8900224ABA
:103350005218516A00292DD0204B99422AD0204B77
:10336000994227D01346243300241C60D464884734
:1033700020E01748C8210180164808210180FEE797
:103380001348C8210180134808210180FEE7104836
:10339000C82101800F4808210180FEE70C48C821A0
:1033A00001800C4808210180FEE7014624310022FB
:1033B0000A60C264029800210170084610BDC04630
:1033C000010400000304000002040000FDFF3F00B0
:1033D0000031005002330050F00FFD078F89FC07C9
:1033E0008D89FC07EFF31081012080F31088084AD3
:1033F0001288120603D4074A138803431380002956
:1034000002D080F310887047002080F31088704746
:103410000800005008330050FEB51C460D46064615
:103420000027002801D4384600E0012029460A3947
:103430004B424B410340019300D07642002A01D019
:10344000372000E057200290089800903046294627
:103450005AF7B2FD29464143711A0A2901DB029A43
:1034600000E030228918E1557F1C00280646EDDC7B
:1034700000998F4203D23020E0557F1CF9E7019874
:10348000002804D02D20E055E019421C00E0E2198C
:1034900000201070101B4108521E002907D023780D
:1034A000157825701370491E521E641CF5E7FEBD89
:1034B00083B070B5C1B0044645914692479345AA82
:1034C000009201A8214600F0A3F8012810DB044671
:1034D0003C4D2E788019000A02D000F00FF82E78AB
:1034E0001D48801901A922465AF7E0FD30192870BD
:1034F00041B070BC01BC03B00047C046F8B53148CC
:103500000078401D032158F745FA04460027054678
:1035100080C52C4806781049284632465AF7C6FD21
:10352000AF55F84DEFF31081012080F310882A6D1C
:10353000002A06D013461268002AFBD11C602760BF
:1035400001E02C656870002902D080F3108801E04A
:1035500087F310882F70F8BD44DCFC07B0B5E94D47
:103560002878002801D0FFF7C9FF6878012817D113
:10357000A879401CA871287900280ED11248002291
:10358000C270124801780270012901D0012000E0C8
:103590000220022900D103202871A878002800D039
:1035A000B0BD0B480B494161286D041D204600F059
:1035B00028F881B20122204605F038FC002068700E
:1035C000B0BDC046040FFD075877FD07B477FD076F
:1035D0007803FD07F589FC0782B0B0B5C2B0044698
:1035E0004692479346AA419201AD284600F010F852
:1035F00020462946FEF7D9FC42B0B0BC01BC02B05F
:1036000000470021425C491C002AFBD1481E70473C
:10361000F0B58BB003920E460A90012102900C1A6D
:103620000D0231780A982218AA427CD225290ED19F
:103630007778B21C302F11D11178002973D030392E
:10364000CAB20A2A00D30021F778321D07E0761C9F
:10365000017000214170401C0A905FE000210423AA
:103660003B436C2B02D11778561C00E01646582FAE
:1036700021D0632F42D0642F27D0692F25D0732FFC
:1036800040D0752F17D0782F15D0002F4BD00AA817
:103690002523029926A2FFF71FF90A982118A942AB
:1036A00004D2077000214170401C0A900AA802232E
:1036B000029929A230E0039A01CA0392C9B2752F78
:1036C0000FD100910A21002210E0039A01CA03924F
:1036D000C9B200910A21002204AF3B46FFF79CFECD
:1036E00016E00091583F7A427A41102104ABFFF76F
:1036F00093FE03460AA804AA02990DE0039A02CA9F
:103700000392A5E7039880C803903846FFF779FF36
:1037100003460AA802993A46FFF7DEF831780029F5
:1037200000D07FE70A980299401A0BB0F0BDC0465E
:10373000464154414C3A20756E737570706F7274C7
:103740006564207072696E7466206368617261637B
:103750007465723A200000002E0A000080B5AE2188
:10376000794A515C002904D080000249085804F0CD
:1037700021F880BD90DBFC07FEB50024E54300285E
:1037800014D006460078002810D0002A0ED00F462C
:10379000009209F0F9F80190046002A930463A4617
:1037A000FEF71CFC02990A78002A01D02846FEBDCB
:1037B000019AB142FAD011680229F7D00028F5D455
:1037C000009908602546F1E7B0B50C460025202D8C
:1037D00004D03FF7D0F860556D1CF8E70020B0BD6D
:1037E000B0B50446A3208100114D28465AF777FC56
:1037F0005120C0000349295203482880204600F088
:1038000019F8B0BD224300003512000010B5034680
:1038100007484218AA2494707A2251434018203055
:1038200019465AF743FC012000F004F810BDC046C9
:103830006C09FD077FB5044A01A90B4670CA70C325
:1038400002F038FA7FBDC04614CBFC07F8B50D4630
:1038500004463C4EB06BF0632B480121009101609F
:1038600001680029FCD129480068B0634127F15D57
:10387000002908D04020305CFFF7C6FA4420002120
:103880003154F155B06BF16B411A706A814201D825
:1038900000281DD1E8B203281AD12C20315C2078F1
:1038A000884215D16178814212D1A17881420FD12D
:1038B000B06A01280ADB009CF45500090549FFF7AE
:1038C00077FA4421745440217054F8BD00F022F876
:1038D000F8BDC0461539FC070A49087A01280ED1FF
:1038E000094A012010601368002BFCD1074A1268B6
:1038F000074B1B689A4201D30020087270470020D2
:103900007047C046040FFD07FC0000401C0000404B
:1039100020DCFC07B0B520200A4C0025255408F017
:10392000B1FE09484560057008F036FB08F06CF8F8
:1039300007F0FCFD4420255404A003F03BFF412088
:103940002554B0BD740CFD07540EFD074F4B0D0AF6
:1039500000000000BFB5094901A8024638C938C2B5
:1039600002F09CF9BFBDC0467FB5044A01A90B46D1
:1039700070CA70C302F09EF97FBDC04620CBFC0721
:1039800070B50C4605460C4EFFF768F8002806D0C7
:103990007019801C0421224658F75CFB70BDFFF7AC
:1039A00021FD0421082330460A4658F701F94460F6
:1039B000057058F716F970BD01040000704700004B
:1039C00070B514460D460646FD2003F0D9FC0028CC
:1039D0000ED0002C13D0002D18D010300068002815
:1039E0001BD00179B142F9D141792980801D16E0BF
:1039F000DD48C8210180DD4808210180FEE7DA4862
:103A0000C8210180D94808210180FEE7D648C82195
:103A10000180D64808210180FEE700202880206030
:103A200070BDC04670B515460C46104658F775FA7D
:103A3000002815D1FD2003F0A3FC002812D0064673
:103A40000C48082106232A4658F7B2F8A18841807D
:103A5000A1790171B18862885118018058F7C1F8C5
:103A6000002070BDC048C8210180C04808210180E5
:103A7000FEE7C046180C0000FEB514460F4605468A
:103A8000FD2003F07DFC00282AD006460294019711
:103A9000103634462468002C0DD02079A842F9D184
:103AA0006079B84214D00022304621463FF7AAF888
:103AB000204657F7EAFF08370121384657F76AFFD3
:103AC000044639465AF70BFB304621463FF746F885
:103AD000019A62712571A01D02995AF7E7FAFEBD9D
:103AE000A148C8210180A14808210180FEE7C04605
:103AF000F8B50C46234D1835006900900127224E79
:103B0000112F0FD02878022809D1281F00680088BB
:103B1000B04204D1F9B20022204600F06BFA14350D
:103B20007F1CEDE702200099085E60490140C20B4E
:103B3000200210400843002158F7BDF9F8BDC046E7
:103B4000F8B5072916D80C460E4D183501260E4F2C
:103B5000112E16D02878022809D1281F0068008865
:103B6000B84204D1F1B20022204600F043FA1435E5
:103B7000761CEDE77C48C82101807C480821018043
:103B8000FEE7F8BD40D0FC070229000070B50546ED
:103B90000469264610363068002805D030463EF7C6
:103BA000C1FF57F772FFF6E700202861204657F75C
:103BB0006CFF70BD7CB5FD2003F0E2FB00281BD03C
:103BC00004468568407B6E4601AA3146FFF7F8FE41
:103BD0003088082817D1217B019807291AD84A1C58
:103BE0002273435C6E7B002E02D0DB0702D020E004
:103BF0009B071ED41146F0E75B48C82101805B4853
:103C000008210180FEE75848C82101805748082153
:103C10000180FEE7A068C28801896B7B2248002BE7
:103C20002CD0042357F7C4FF00218170E98901805B
:103C30002DE0A068C2882B8AC1200001090208314A
:103C400089B208339BB257F7B3FF0646687B00285A
:103C500001D0122000E013203070A088E9890818F4
:103C6000B080288AF080304608302A8A12352946EA
:103C70005AF71CFA304657F7B4FF7CBD801C80B25F
:103C8000062357F795FF00210171E989418057F715
:103C9000A8FFA06857F7F9FE0021A16062880348D9
:103CA000104058F708F97CBD07FD0000FF7F0000B9
:103CB00010B50446FD2003F063FB002805D0817990
:103CC000A14209D98088001907E0E648C82101808F
:103CD000E54808210180FEE7002080B210BDC04603
:103CE000B0B50C460546FD2003F04AFB00280CD079
:103CF000014682888020AA4206D889798918A9427B
:103D000002D9A81A20700020B0BDFA48C82101804D
:103D1000F94808210180FEE7BCB508280ED2044608
:103D200001AD6A4608462946FFF74AFE2888002862
:103D30000BD0009800280FD0005DBCBDED48C82115
:103D40000180ED4808210180FEE7EA48C821018092
:103D5000E94808210180FEE7E648C8210180E648DD
:103D600008210180FEE7C0460031005002330050B8
:103D7000F0B597B01E46029207910546282401210E
:103D800020460F9157F706FE074621465AF7A7F936
:103D9000089504972F61079D1E20019630403F2112
:103DA000C943411803915F21C943411805917F21FF
:103DB000C9434018069000228C4E022A00D1D9E057
:103DC0000898848A13A887490180511C86480B9162
:103DD000415C0C92875C781CC2B2914212910846F9
:103DE00000D810461092F9430818C1B21820484371
:103DF0001830032157F7CEFD2988018011904480A7
:103E0000142420460A97784330180279022A06992A
:103E100003D0042A059900D00399119A1171016900
:103E2000901D10225AF742F9109A54433619002770
:103E300009963C461019129988424FD230791028C1
:103E400017D0042828D0022844D11198C519B08968
:103E50000E90B0680D9030680178407868762976C9
:103E600028461A300E215AF73AF9109A0D99080C83
:103E70002CE01198C51928461830316810225AF7DD
:103E800015F9109AB0682885B189A9850F99C904D8
:103E90000143080C68851DE01198C519B0890E9082
:103EA000B0680D903068017842788378C078E87601
:103EB000AB766A76297628461C300C215AF70FF922
:103EC000109A0F9880040D990843000C6885298585
:103ED0000E98A88514361837641CABE71198447106
:103EE0004BF7D1FF109B04460028079D099F13D074
:103EF000119857F7CAFD0C98002802D12888049918
:103F0000888012980A99401A298840182880002C25
:103F10000B9A364E62D150E7119800882880002411
:103F2000264612988342E3D2002CE1D10C20385E61
:103F3000761C002400281AD4F989002917D0387972
:103F4000022808D13868027840780002801813AA45
:103F5000128890420BD0F0B2119A1288101880B2D9
:103F60001C463B6900224CF768F823460446143788
:103F70005B1CD6E71120049A9071FD200899C88235
:103F80000F9DCD811A484860888A508010462430A1
:103F900088600198C00302990843108010321046CF
:103FA0003EF7B8FD0024159414941436112D10D04A
:103FB000307902280AD10B48FF30316809888142E4
:103FC00004D1E8B2082114AAFFF756FD14366D1C7F
:103FD000ECE70898808A214657F76DFFE0B217B0EA
:103FE000F0BDC04603280000F4D1FC0740D0FC0718
:103FF00094D1FC07F0B585B008281DD215460C46B3
:10400000064604AF03AA08463946FFF7D9FC3F88A5
:10401000002F18D0039900291CD0009501AD284627
:104020003A465AF743F80098A855204639462A469A
:10403000FFF722FD05B0F0BD5F48C82101805F4851
:1040400008210180FEE75C48C82101805B48082107
:104050000180FEE75848C8210180584808210180A6
:10406000FEE7C0460031005002330050FEB5164650
:104070000C46FD2003F084F900280AD0054601947F
:1040800067888488304657F748FF012808D10227FF
:104090002DE04948C8210180484808210180FEE7F9
:1040A000381980B201F0A4FE00280BD002A9FFF756
:1040B00017FE00280DD04048C82101803F48082144
:1040C0000180FEE73C48C82101803C48082101806E
:1040D000FEE701273046394657F7EDFE00202873EA
:1040E00001980C38A86002986873FFF763FD3846A2
:1040F000FEBDC0460031005002330050FEB51646EA
:104100000C46FD2003F03CF900280AD00546019436
:1041100067888488304657F700FF012808D10227B6
:104120002DE02548C8210180244808210180FEE7B0
:10413000381980B201F05CFE00280BD002A9FFF70D
:10414000CFFD00280DD01C48C82101801B48082144
:104150000180FEE71848C821018018480821018025
:10416000FEE701273046394657F7A5FE00202873A1
:1041700001980C38A86002986873FFF71BFD384659
:10418000FEBDC04610B50C46FD2003F0F9F800282E
:104190000BD080886188081880B2A188A31D0024F4
:1041A00022464BF74AFF204610BDFD48C82101803A
:1041B000FC4808210180FEE7003100500233005026
:1041C00070B514460D46104657F7A7FE01282FD1AB
:1041D000287801020831AA791648002A0CD089B241
:1041E0000623224657F7E4FC0646A878FFF760FD51
:1041F0003080A879307114E0AA8889B2921D93B2F8
:10420000224657F7D5FC0646A878FFF751FD002156
:1042100031713080A8887080701DAA88E91D59F717
:1042200045FF304657F7DDFC0021204657F743FE97
:10423000002070BD140C000070477047F8B50446AC
:104240002F4D5A3500260527002F11D028463A3821
:104250000078400709D5002C06D0F0B200012018E4
:104260001022294659F722FF761C7F1E7A35EBE78C
:10427000F0B2F8BDF8B5022903D10120FFF7B0FA7A
:10428000F8BD0C46042801D1167805E0002311463C
:104290001A4600F053FA0646042E2FD8002C1AD0E6
:1042A000174F3C4620340C370420C5437642002D7E
:1042B00021D07019401D0AD07A21204659F70FFFEE
:1042C000002038600E4949190E4A8854C8716D1C87
:1042D0003F1D7A34EBE77A2108467043084C2018DA
:1042E000203059F7FCFEB00020180021C160A01951
:1042F000054A815481700120FFF79CFAF8BDC04641
:104300006C09FD078702000082020000F8B5234D0A
:10431000287801282FD108F0B5F9214CA088C007D2
:1043200002D004F0C1FCF9E700206860287007F0B3
:10433000BDFD03F0ABFA2120C0001A4D285C002817
:1043400017D0FF2630460C30295C85204000285CC1
:1043500001270097032212021423FEF7AFF98720EA
:104360004000295C0E36A85D009700221323FEF75B
:10437000A5F92220206077200B49085C002802D094
:104380000AA003F017FA032007F006FF002804D064
:10439000032007F03FFE07F0DDFDF8BD540EFD07DA
:1043A00010100050740CFD07040FFD070D0A2B417F
:1043B00057414B450D0A000080B559F765FE80BD99
:1043C00080B559F76AFE80BD7047704770B50546E5
:1043D0000469261D3068002805D030463EF7A2FB50
:1043E00057F753FBF6E700202861204657F74DFBAF
:1043F00070BD0000F0B58BB01E4607920F46044614
:104400001098069000880890002101200246092992
:1044100013D003258540099020463446089ECE409F
:104420003B46012737407E421F462E4032432646F8
:1044300004460998801C491CE9E70A928020304311
:104440009E210140A08A03911D4902910190002004
:1044500000901C490AAA132338464CF7CCF80546AD
:10446000002829D10897202701210591384657F7C0
:1044700091FA09960646394659F731FE26613046CB
:104480001E3011496160A06008980088308305984B
:10449000E0811420E082A08A70800998C003079907
:1044A00008433080069800887083301D3EF732FB49
:1044B000A08A002157F7FFFC28460BB0F0BDC0468C
:1044C00018D2FC070A180000FCD2FC07FEB51F46F4
:1044D00016460C46142002F053FF002819D001970D
:1044E0002778082F02961BD80546418B008B3A4649
:1044F00000F0EAF8002815D060788D26802840D892
:10450000082F11D0072F12D0062F12D1082810D053
:1045100037E05E48C82101805D4808210180FEE740
:1045200081262EE082262CE0072802D029E00628EA
:1045300027D32E1D35462D68002D0BD02979B94281
:10454000F9D10022304629463EF75CFB284657F752
:104550009CFA60780830012157F71CFA054661780B
:10456000083159F7BCFD2078287160786871A81D62
:104570006278A11C59F79AFD304629463EF7EEFABB
:104580000026064802230199029A57F711FB217869
:104590000170467057F725FB0020FEBD0114000096
:1045A0000031005002330050F8B514460D46104655
:1045B00057F7B3FC01283ED1142002F0E1FE002899
:1045C00021D00746418B008B3E7F324600F07CF8BD
:1045D0000090787F010208312A781848964219D154
:1045E0006A7889B2931D224657F7E2FA07460020FF
:1045F00038710098388068787880781D6A78A91CAE
:1046000059F754FD10E02148C821018020480821B5
:104610000180FEE789B20623224657F7C9FA07460A
:104620008020387100983880384657F7DAFA002130
:10463000204657F740FC0020F8BDC046140C00008F
:10464000F8B50F78092F19D20D4612A0C45DA01C31
:10465000C6B213481946334657F7AAFA06462878D1
:1046600030707470B8000FA10958B01C224659F779
:104670001DFD304657F7B5FA0020F8BD0348C821A4
:104680000180034808210180FEE7C0460031005048
:104690000233005007070A070D0D08060700000047
:1046A00003140000C5DAFC0785D7FC07E0D7FC0738
:1046B00085D7FC0777D7FC078DD7FC073EDBFC07C7
:1046C00037DBFC0700D0FC07B0B58BB2411C0020E3
:1046D0000446092C0DD01D46E540ED0702D0A2424C
:1046E00002D0891C641CF4E7092A01D0481C00E0B0
:1046F000002080B2B0BD000010B58200074B995871
:10470000002909D19C1801020A310548042212230C
:1047100057F74EFA01462060084610BDC806FD074F
:10472000180E00007FB5044A01A90B4670CA70C379
:1047300001F0C0FA7FBDC0462CCBFC07F8B5009253
:104740000D460646914F91370024052C21D0032EAB
:104750001CD8B00001A108588746C0466D47FC0729
:104760007347FC077747FC077D47FC0738465F38EF
:1047700006E0384604E03846373801E03846273846
:104780002946009A59F7B6FC002803D07A37641CF2
:10479000DBE7FF24E0B2F8BDF0B585B000920191EF
:1047A00006467A490F4691377130029030463A30CA
:1047B0000490FF20039000242546052C1FD00819E3
:1047C0008078AA280BD130783946713909780140B0
:1047D000480709D5394637391022049807E0E80719
:1047E00000D10394012507E007220298394659F7C2
:1047F00081FC002804D065497A37641CDDE7039CFE
:1048000001200540009805700198047005B0F0BDC6
:10481000FEB50C78A41E052C4ED81F0A7C442479C2
:104820006400A744023C494C5A687A207843504AB5
:104830001518887878216854C00700D18FE000955A
:1048400071350C2078434B490C18611D062228460F
:1048500059F72CFC2079A87102AA0024147001AE2B
:10486000FF25357000983146FFF796FF3078FF2816
:104870005CD1464801460C310422D243141D454BFD
:10488000002A5DD08618F65C002E05D10E68A6427F
:1048900002D2541DE5B23446091D521CF0E70C202B
:1048A0007843344908180024C47233A002F082FF10
:1048B0002046FEF7D3F958E006F048FE55E07A248A
:1048C0007C432B4D28193A30891C172259F7EEFBEF
:1048D000285D04210143295547E07A257D43244E74
:1048E00070196130891C1024224659F7DFFB705D76
:1048F0002043705539E07A2078431D4A14188B1CE8
:10490000488A002808D020461E301C22194659F734
:10491000CDFB2078022106E0A01C1C22194659F785
:10492000C5FB20780121014321701EE002A909780E
:10493000002903D015490918154A8C54054601E091
:10494000601C0CD0792100984554104B99684A1C82
:104950009A60AA009A18D1602946FEF757FF0C20EA
:104960007843044908180021C1720020FEBDC046EA
:10497000FA0BFD07800FFD072B424F4E44494E476F
:10498000204641494C45440D0A0000006C09FD07D2
:104990008202000087020000F0B587B0087807287F
:1049A00024D81D461C0AC04678440079400087443C
:1049B000031D1D1D24DD45767A206043704A0023C7
:1049C000009313540C206043E84A10180127C77263
:1049D000EA4A4878010700D5A1E01178042900D0FF
:1049E0009DE0400700D494E0384693E0DD48C821BC
:1049F0000180DD4808210180FEE748780022032875
:104A000016D0022800D1B4E00128134611D13DF799
:104A1000B2FF5F4959F7D0FA5E480A18069201AD15
:104A20005DA12846FEF7D8FD284602F0C3FE042209
:104A3000012306A92046FEF78FF997E0A00051490F
:104A40000F187E6C4437002E23D10A200543F52031
:104A500085434D4804221E23294657F7A9F8832190
:104A60004900018038607A266643454884195134EC
:104A70001025204629462A46FEF75CFA404A905DFA
:104A80000821014391553E68B01C21462A4659F73A
:104A90000DFB304657F7A5F80020386066E07A260F
:104AA0006643374885194F782F77284614300821F8
:104AB0000A46FEF73FFAA81C009010223946174616
:104AC000FEF738FA3DF757FF2D4B995D01220A4357
:104AD0009A556882204601F0C7FA297F0177698AD2
:104AE0004182E98AAA8A6B8B2D8B0583438382825C
:104AF000C182801C00993A4659F7D8FA204601F045
:104B0000B3FA57F76EF8A0001E4908180021816417
:104B10002CE0022002F016FF21201A490F54A000B9
:104B200018490E18346C4036002C1AD10A2005435F
:104B3000F5208543144804221E23294657F738F8E8
:104B4000044607703060801C8C4D691C072259F7A1
:104B5000ADFAA878012803D1E878F7210140217146
:104B60006770204657F73DF800983060002007B086
:104B7000F0BD1B200001054901220A54F6E7C0469A
:104B8000FA0BFD07040FFD07140E0000740CFD075F
:104B9000A0BB0D00A08601000D0A2B50494E3A25FE
:104BA0003036750D0A00000010B50C78092C04D1C0
:104BB0004878002807F07AFB01E006F0C7FC0020E7
:104BC00010BD0000EB2040000978B44A11540020C9
:104BD0007047C046F0B585B01D4610460C4657F7E5
:104BE0009CF9022861D102952F0A0C2501957D437D
:104BF000A848401903908770FF2F1AD00120039E08
:104C0000F0700420032157F756F92088F8494853DB
:104C1000607A3071701D0A340622214659F746FA2F
:104C20007A207843F34908187821415C3846FDF72B
:104C3000B1FF77208000994C00252552A58365801F
:104C400025810120049007F0A7FA002804D0012054
:104C500007F0E0F907F07EF9FF263046223004998C
:104C60002154D7204000205C052825D127707520CD
:104C70008949085C002802D0424802F09BFD01F0FF
:104C800025F9B0360320A0553F48082104220A2305
:104C900056F78EFF002101813C49C180049E868029
:104CA0003B49018056F79DFF47E07848C8210180C5
:104CB000774808210180FEE70398801C0078FF28D0
:104CC00038D0277007F04CF93C202949FEF770F8DE
:104CD000284801780029049E35D0284B18780328ED
:104CE00019D0B8006C4A1418E06C4C3400280ED16E
:104CF0000A2002990143F5208143DD7820480422EF
:104D0000022356F755FF457001990170206056F750
:104D100068FF0020206001F0D9F875205E49085C2A
:104D2000002802D0174802F045FDB1485C303DF73D
:104D3000F1FE02E004F008FA049E304602F0C6FDDF
:104D4000002005B0F0BD06700B4C1C206843215CB0
:104D5000FF29C2D020180169002901D038468847B0
:104D60006D1CF2E70031005002330050800FFD0748
:104D70005D5EFC0758DDFC0708D0FC070CDCFC0777
:104D80001A0E000004D7FC07030C0000FF1F0000F0
:104D900005020000FEB51C46104657F7BEF8032872
:104DA0002DD1200A0C2101914843914C2018FF2756
:104DB0004780394DE87BFEF727F8EB204000EF4EA7
:104DC000002102913154287E012805D132480299F0
:104DD000017633483DF706FD0420022157F76BF8B2
:104DE00038462230012535542020305C00280DD073
:104DF00007F09AF94320355407F044FA0DE02348B0
:104E0000C8210180224808210180FEE707F0A8F8A8
:104E100007F096FBB0370298F0551F4F022007F0BD
:104E2000BBF9002804D0022007F0F4F807F092F84C
:104E3000307E002806D002983076B5751948F060AB
:104E4000019870810025284602F040FD2120395C40
:104E5000012903D13D54042002F074FDD720400005
:104E6000305C082101430A2901D104F06DF925467F
:104E70005C352D68002D03D0686856F706FEF8E70C
:104E80005C3420463DF75FFE0020FEBD003100503F
:104E900002330050800FFD07040FFD07740CFD075F
:104EA000111111110000C409180A7A224243C348A3
:104EB0008018097878228154002070477CB51E0A3A
:104EC0000C2070434A4A1018C27A3446002A15D082
:104ED0000020019000907A207043B84A125C0120B3
:104EE00010400A88002A06D100287BD0881C694619
:104EF000082259F7FFF8002874D13EE00A88002AFA
:104F000020D000200222FDF7FBFE00286AD00546D3
:104F10007A225643A9488019294659F7C7F82046EE
:104F2000FDF7D0FE7920285C04285ED832490A18A3
:104F30009278AA2A59D1800008188A68C260501C49
:104F4000886052E0451D01790120002908D02A79A6
:104F50006B791B029A18012913D1294B9A4210D957
:104F600006222946FDF7CCFE00283BD001467A22D6
:104F700056439248801959F799F82046FDF7A2FE4A
:104F800033E01E48401C0240012921D1012080034A
:104F900082421DD10020FFF751F9002822D0064699
:104FA0000301083317480921042256F701FE04467D
:104FB000467017202070A01C0622294659F776F863
:104FC00020460830FFF73AF9204656F70AFE0CE073
:104FD000012901D1002A05D0FE200140022901D17A
:104FE0000320BDE72046FDF7A9FE00207CBDC0469A
:104FF000800FFD07FA0BFD076C09FD07FFBFFFFFE0
:10500000FFBF0000140D0000F0B589B01D46144626
:105010000878022827D0012835D0002840D14C48F4
:10502000067800211F2E009101D82020811B01AF9E
:10503000B81959F754F84648411C3846324659F7D2
:1050400035F833460A3318482946224656F7B0FD4C
:105050000446468000982070201D3946324659F794
:1050600025F820461AE010480A232946224656F71A
:105070009FFD7D2101810021C180102181800821B7
:105080004180022109E03248468C07480A2329461C
:10509000224656F78DFD46800121017056F7A1FD8D
:1050A000002009B0F0BDC0460B0E00000020704784
:1050B00010B51946E1200001062356F779FD0024BA
:1050C000848044800121017056F78BFD204610BD7D
:1050D0001CB51C46087801A9087006F081FF0198EC
:1050E0008006C00FBC21254A5054907D002802D074
:1050F000200A07F00BF900201CBDC04600207047B5
:1051000070B51D460C46087801280AD000280DD13C
:1051100062880F480270401C211DD2B258F7C6FFAA
:1051200002E060880A494884002600E048260A20F8
:105130000543F5208543074804220223294656F7F4
:1051400037FD46702178017056F74BFD002070BD89
:10515000F00FFD070D0E000080B5FF20B030E349D1
:10516000085C042809D1064809210422012356F7C6
:105170001FFD0221017056F734FD80BD740CFD0740
:10518000030D000010B51C46891D02201022FDF7FA
:10519000B7FD240A00280BD001467A22104660434E
:1051A000064B181858F782FF2046FDF78BFD02E0EA
:1051B0002046FDF7C3FD002010BDC046FA0BFD07D9
:1051C000F0B5BBB00C464878002801D0522500E06D
:1051D0005025207A2027152810D326460E363B4925
:1051E0001022304658F786FF002806D03849102292
:1051F000304658F77FFF002800D12A270B972778E1
:105200000420384304285ED10A951DA8782109900E
:1052100058F765FF0CA8412158F761FF2820205C52
:10522000FF38E1790891A37961792279E578A67848
:105230000790042F01D029A700E026A7009301A81A
:1052400066C00A980590069726A109980B9A089BB4
:10525000FEF7C2F92078042832D1207A00282FD016
:10526000607A02282CD30B34401EC5B22846214652
:10527000002815D00A781F2A03D9401E491C7E2A0F
:10528000F6D90CAE2A4F002D08D022783046394688
:10529000FEF7A2F96D1EB61C641CF4E720A405E01D
:1052A0000CA821462A4658F701FF22A41DAD284626
:1052B000FCF766FE2818801E0CAA2146FEF78CF922
:1052C0001DA802F077FA00203BB0F0BD07D2FC0722
:1052D000F7D1FC0752535000000000004144560033
:1052E000000000002825632920253032583A253057
:1052F00032583A253032583A253032583A25303231
:10530000583A253032582C25632C20547970653A50
:105310002025732C20525353493A25640D0A00006E
:105320002C205253503A307825730D0A00000000AB
:105330004BD9FC072C205253503A25730D0A00001C
:1053400070B50C78641E162C26D8C0467C4424798F
:105350006400A74417212421212121212121210B8F
:105360000BBBBB210E0E2E212121430006F06CFF4A
:10537000ACE05FA002F01EFAFF20B0305B490022D3
:105380000A54A3E0487800282FD05E48C821018045
:105390005D4808210180FEE706F0D8F896E04878DD
:1053A00000282AD05748C821018057480821018089
:1053B000FEE74878442800D088E045A002F0FAF9DA
:1053C000FF20B030494900220A54D7204000085C31
:1053D0000A287BD10020FDF741FC77E04878472878
:1053E00074D1180AFDF7AAFC70E0FDF70FFC56F720
:1053F000F8FB46480021C16368E0444C207900284E
:1054000002D08020607104E041480021C170414811
:105410000170D7204600354DA85D00280ED020260B
:10542000A05D01282BD1E07F02282DD0012839D1A1
:10543000A07F03F0E3FE0220E07733E006F010FDEA
:105440007420205C002802D034A002F0B3F90420BC
:105450000124214656F72FFDFDF732FB002801D02D
:1054600003F072FEFF20B2302C540A20A85575209C
:1054700080002C54B92040002B49295212E0FF2013
:10548000B030002129540AE0FDF77CFEFDF7FCFA5C
:10549000607F012801D103F057FE0020A0551E486F
:1054A00002F088F9214801894068214A1060516062
:1054B00020480178012907D100214160017006F0E0
:1054C000F5FC1D482221016006F01AFE002070BD87
:1054D000434F4E4E454354494F4E204641494C455B
:1054E000440D0A4552524F520D0A0000740CFD073C
:1054F0005343414E20434F4D504C4554450D0A4FA8
:105500004B0D0A000031005002330050040FFD071C
:105510005877FD07B477FD0737D7FC070D0A2B52E4
:10552000454144590D0A00004C04000028DCFC07EA
:1055300024000040540EFD071010005010B5104616
:1055400056F7EBFC002806D0DC48C8210180DC4877
:1055500008210180FEE70648092104220124234690
:1055600056F726FB047056F73CFB002010BDC046E2
:10557000020D000080B5104656F7CFFC012809D176
:10558000FDF79EFA002805D00420022156F793FC6F
:1055900003F0DAFD002080BD002070470020704736
:1055A000F8B51D4616460C46104656F7B6FC0028C0
:1055B00001D00020F8BDFD2001F0E2FE002811D04E
:1055C00007460F48042132460B4656F7F1FA290ADE
:1055D0000170E90A0DD1B9882288511A418056F725
:1055E00000FBE6E7B548C8210180B54808210180E5
:1055F000FEE7B248C8210180B14808210180FEE7DA
:105600000DFD000080B50878FE210140122901D16E
:10561000FEF7D0FA002080BDF8B51D4614460E46B0
:10562000104656F77AFC012819D000284DD11420D5
:1056300001F0A6FE002814D00095418B3288038B20
:105640005D1C0023092B34D00F46DF40FF0704D038
:10565000AFB27F1C97420BD0AD1C5B1CF2E702245B
:1056600034E09648C8210180954808210180FEE772
:10567000DFB2082F1DD8051D2D68002D28D02979EF
:10568000B942F9D16879831D8B480099224656F7B3
:105690008FFA07463088388000243C71687978801A
:1056A000781D6A79A91D58F701FD384656F799FA11
:1056B0000CE0814806230099224656F779FA318892
:1056C00001808021017156F78CFA00242046F8BD34
:1056D0000777009B190A41770088754A024000B29B
:1056E000C10B1940FF208143114307480125224681
:1056F0002B4656F75DFA077056F773FA204629468F
:1057000056F7D9FBE1E7C04602140000FEB51E467D
:1057100015460C46104656F700FC002807D02846D0
:1057200056F7FBFB401E414241414800FEBDFC20B4
:1057300001F026FE002813D08179238802AA0027D1
:10574000178001976A461780591AC9B213290ED0DB
:105750000D2917D102A902220A800A3001900FE018
:10576000DE48C8210180DE4808210180FEE702A84A
:1057700002210180300A4CF7E0F969460880019166
:10578000082007E002A901AA18464AF74AFD074681
:105790000298801D83B2484831462A4656F708FAD7
:1057A0000546208828802F7102A802886A80002A76
:1057B00003D0681D019958F779FC284656F711FA6D
:1057C0000020FEBDF0B585B01D4614460E461046BD
:1057D00056F7A3FB002801D0022063E0FD2001F072
:1057E000CFFD002823D0019004A900270F70308836
:1057F000FEF776FA034603A80780002B1ED002931B
:10580000BB1D2D482946224656F7D2F9044630885A
:105810002080678002982071002804D1601D03A9B0
:105820003A4658F743FC204656F7DBF939E0AB48D7
:10583000C8210180AA4808210180FEE7280A0090BB
:1058400004A807781420784317490A181279022A05
:105850000ED1085800881549884209D10098394668
:105860001F46FEF759FA3B4603A908800227C6E700
:1058700000200199085E95490140C00B0540FF20BA
:1058800085430D430B4804232946224656F790F9D9
:1058900047800099017056F7A4F90121204656F778
:1058A0000AFB002005B0F0BD40D0FC070229000033
:1058B000FF7F000004FD0000140C000000310050C8
:1058C0000233005000207047FEB51E4614460D46B8
:1058D000104656F722FB002807D0204656F71DFB3E
:1058E000401E414241414800FEBDEB480423314681
:1058F0002246029356F75CF90746FC2001F040FD72
:10590000002845D004468020B87028883880A179C6
:10591000401AC0B2801E0B283B4600D9D1E0320AA3
:10592000784400794000874405CC3ACCCCCC6ACC92
:1059300096CCCCC501926A88A98828881F46AB1DE1
:105940004AF77BFBB8702088D149014000B2C00BF8
:105950000640FF2086430E433F208002FC2208239E
:10596000314656F725F9044601984FF789F9002189
:1059700061602080687A00066060297A090408184E
:105980006060E979090208186060A979012232E0B3
:10599000BC48C8210180BC4808210180FEE7019273
:1059A0006A88A98828881F46AB1D4AF746FBB8704D
:1059B0002088B749014000B2C00B0640FF20864353
:1059C0000E434548FC220823314656F7F1F80446B9
:1059D00001984FF755F9002161602080687A000630
:1059E0006060297A090408186060E97909020818DA
:1059F0006060A9790222A2704018606026E00192DE
:105A00006A88A98828881F46AB1D4AF716FBB8701C
:105A100020889F49014000B2C00B0640FF2086430A
:105A20000E432B48FC220623314656F7C1F80446A4
:105A300001984FF725F90021A1802080E879000224
:105A4000A080A9790322A2704018A080204656F7B2
:105A5000C8F83B4635E001926A88A9882888AF1DBE
:105A600000933B464AF7E9FA0099887020888849F4
:105A7000014000B2C00B0640FF2086430E43A888B9
:105A8000001D83B21348FC22314656F791F80446B4
:105A900001984FF7F5F82080201DAA88394658F75D
:105AA00005FB2879E0700298A070204656F799F817
:105AB000009B06E0A879E97900229A70090208188B
:105AC0006081184656F78DF80020FEBDFF7F00006C
:105AD00002FC000003FC000001FC0000003100504B
:105AE00002330050F0B595B01C4615460F46FD2018
:105AF00001F046FC002812D0089009950CA9002658
:105B00000E703888FEF7ECF80546788800280DD02E
:105B10005C48C82101805C4808210180FEE75948A3
:105B2000C8210180584808210180FEE7002D7AD164
:105B3000200A04900CA8017814200391484353498B
:105B40000A181279022A37D108580088C249FF3151
:105B5000884231D1029400200B9006900A903E8832
:105B600030464AF7E1F90146079705908888B5B2B3
:105B700085421AD3C888854217D80DAF28463946C2
:105B80004AF7F1F9069B00930FA910AC3846079F1E
:105B900022464AF7DBFA2088761EAF4988420599EB
:105BA000E4D1691C88B288424BD03648C8210180B4
:105BB000354808210180FEE711961096388810A913
:105BC0004AF7D1F908201099085E002806D47A888F
:105BD000B9883888BB1D4AF730FA06463546002D8D
:105BE00021D100250898405F294A0240C10B21407D
:105BF000FF2081431143B888801D83B22548099A4C
:105C000055F7D6FF26460446801DBA88B91D58F7B9
:105C10004DFA03986080B88804992170A0802046CE
:105C2000344655F7DEFF1C4804232146099A55F7F0
:105C3000BFFF85703988018055F7D3FF002015B06C
:105C4000F0BD10A900250AAB2A464AF712FCB88815
:105C500002280BD1FA8810A84078800709D40220C6
:105C6000C0430242029C07D08125B8E70D25029C63
:105C7000B5E7012A029CF7D804980399FEF7BAF910
:105C8000ADE7C046003100500233005040D0FC0761
:105C9000FF7F00000AFD0000160C000080B5012106
:105CA00003F0BEF980BDE0B501F088FF01A801F066
:105CB000D5FE8CBDF0B587B00D46049088680830DD
:105CC00000260090314655F765FE01902846314682
:105CD00003F0A6F9434C0295022E7AD0FFF7E3FFBA
:105CE000A868020B3D490842039600D0521C6E681A
:105CF0003B48064000250592954234D00498002880
:105D000017D0304601F0F6FE002857D1002701F0E9
:105D10004BFFC00721D020880006F8D5CD48006889
:105D20000004F4D43048874248D07F1C56F755FB16
:105D3000EDE701F0F5FE002840D101F0B7FF0028A3
:105D40003CD1022001F0CCFF01204007304301F09C
:105D5000DBFF01F03FFF002830D120488019461CAE
:105D60006D1C059AC8E7019F3846009E314658F7DA
:105D7000B6F9029DAA682968384658F797F91B4B6F
:105D80001868411C0122D243101A19605860A96892
:105D90001A687A547918030ECB71030C8B71030ABD
:105DA0004B710871100EC870100C8870100A487082
:105DB000696806AB3846324601F020FF029D6868EC
:105DC00006490818401C686001F0B3FE039E761C6B
:105DD00082E7019855F759FE07B0F0BDFF0F0000AC
:105DE00000F0FFFF0800005080841E0018DCFC0754
:105DF000F0B58BB004464AF797F8024602909188B6
:105E0000A0B20026884223D3D188884220D80394A8
:105E100004AF39464AF7A7F80026009606AD07AC4E
:105E200038462946224633464AF790F90A4B2878E5
:105E300021881A46FF32914201D1022807D09942A7
:105E4000039C01D1022803D0641C029AD7E7039E69
:105E5000B0B20BB0F0BDC0460328000010B5BC20A6
:105E6000254900220A5425480A21042401232246F8
:105E700055F79EFE047055F7B4FE10BD70B511497C
:105E80000A88088801242043088008881E23984334
:105E90000880A5020C4845800525058005886D070A
:105EA000FCD480880D8814262E430A25AE430E802C
:105EB0000D88A5430D801A400C889C43A2180A80C7
:105EC00070BDC046220000500016005080B50A4840
:105ED000007800020A3081B208480422012355F7F5
:105EE00067FE0721017055F77CFEC8200449FCF7C6
:105EF0005FFF6849C87380BD740CFD07050E000084
:105F0000CD5EFC0710B51321C943074A002909D00B
:105F1000531834241B5D891C8342F7D15018332158
:105F2000405C10BD042010BD800FFD0710B501209E
:105F3000840206480460BFF34F8FBFF36F8F02F0F7
:105F4000C1FD034804600348046010BD80E100E027
:105F500080E200E000E100E00549411841404908C5
:105F60000020090402D0401C490CFAE780B27047B7
:105F7000FFFF01007FB5044A01A90B4670CA70C338
:105F8000FFF798FE7FBDC04638CBFC0770B5414C8B
:105F9000217F0120E27E032A00D1042203468B40A8
:105FA000550108490A78084E002A02D075196B80FD
:105FB00000E0AB5342400A7064200449FCF7F8FE4D
:105FC000607670BD44DDFC07023000508D5FFC0739
:105FD00080B5042055F7A1FFC11E4842484180BD4D
:105FE00080B50C3080B2022155F78CFC80BD0000DA
:105FF00070B5184EB06842F752FF26498A6B0023ED
:106000008B631518084C2846214657F7D5FF706159
:1060100006494143481901D0201A80B230613068E6
:1060200008210143316070BD710200008FFDFFFF48
:1060300080B5064800210160054856F75BFA01204B
:10604000C00704490A6882430A6080BDAC76FD0738
:10605000E20400003000004080B542F720FF80BD20
:1060600080B542F70DFF80BD10B501468000094A9A
:106070001418A06C002800D010BD483409020A3161
:10608000054804221E2355F793FDFF2108310180A6
:10609000206010BD040FFD07140E000000B5A7B06E
:1060A000F748C8211F910182002120914182F548C3
:1060B00008211A910180F4480088C046C046F34F79
:1060C000012012903872F24B188807211D918843E5
:1060D00018800F201990020205242607708DFF21D9
:1060E0001191D23115912F310C9108420CD01046EC
:1060F000FF30198801406003081818801888402173
:106100000143382081431980149275883D85708C35
:106110000127384370840D201390FBF713FF70891B
:10612000179738430221189188437081708940067F
:10613000FCD51B9475807D20C0001690FBF702FFF4
:10614000708903210A918843708170890006FCD50B
:10615000708C179988430A467084CE4F209D3D600D
:10616000708A4021109108437082C9430E91708A51
:10617000084070827D61C848B86210040F901446D0
:10618000F862308880211C91084330803F201E90A7
:10619000FBF7D8FE3C60BD4A11466C31BF48008811
:1061A0000D918880BE480068D066BE480188918401
:1061B00040883D605084708A109908437082708ACC
:1061C0000E99084070827D61B348B8620F98F862FA
:1061D00030881C9C204330801E98FBF7B3FE386843
:1061E0001D99884338603088A0433080AE48AF495D
:1061F00057F775FF1B9C6102AD4857F770FFFBF71F
:106200008DFDAC48AC4930273A4657F74FFFAB48B5
:10621000C571857145710571C57085704570FD2129
:106220000170A7480570A748A7490160A748A84979
:106230000160A849A8480860A8480A210E91017089
:10624000A7480570A74832210170A7480460A748F5
:10625000179D0560A6480460A64806210B910160C1
:10626000A5481D990160A5481A9C0460A4488A218C
:106270000160A4480160A4488B49016000F0C2FE9F
:106280003089B843308130891C9A1043308130897D
:106290002843189988433081308920433081308CDD
:1062A000114610433084708AA0437082308910995F
:1062B00008433081308A042188433082B08A8007C5
:1062C000FCD5308C1799084330840803718DC900C0
:1062D0000140308C8D4A024050183084308C282187
:1062E0000143502081433184308C0B990843308422
:1062F000708A1A9908437082308C1C9988433084C4
:106300003089109988433081708D0C99084202D0F1
:106310005F481B994180179CA70738687C49084053
:1063200038601E9840027B4B19688143600309184E
:1063300019607949491C1A680A431A60504A118841
:106340001B9189213181188030881C990843308045
:1063500030880A9988433080108818990843108043
:1063600001F03CF93CF72CFB3CF730FB64200C902F
:10637000FBF7E8FD694908880B9048880990684A4E
:1063800090880890D0880690C8880590488B049023
:1063900064480088039010880290209D0D804D80F5
:1063A000614890801598D080CD80C32010805F49CF
:1063B0001A980880200207907C30FBF7C3FD5C4CE4
:1063C0005C492846314D1D97012831D81E906180C7
:1063D0001198A08001232380E288D207FCD10027F6
:1063E0003A463D46ADB2169C1534A5421AD24C5DD4
:1063F0004819807860401840D4B2A040FFB20743EB
:10640000521CD0B2082808D1209A90B24A4C2018C9
:106410000773521C209200273A4619481F9C048299
:106420001035DFE71E98401C184D1D9F404CCBE7F0
:1064300013481B990180002015903C49088037487B
:106440000B990180099941803549089A8A80069AFA
:10645000CA80059AC280049A42833248039A028015
:106460000298088030881C9CA04330803248C06865
:106470003CF787FA2879002860D06C7163E0C04649
:10648000F03000500233005042000050040FFD076E
:10649000820000500000F407204F101AACFFF807EC
:1064A000A8FFF80710FEF8070064FD073C0E000087
:1064B0000076FD07FC76FD0758ECF10760E4FC0769
:1064C000F976FD075076FD072CD3FC075476FD07BF
:1064D00080D5FC075876FD07C4D4FC07B476FD07C9
:1064E000B576FD07DD76FD075C76FD076076FD0776
:1064F0006476FD076876FD076C76FD077076FD070C
:106500004876FD074476FD074C76FD07FFEF000057
:10651000FFFEFFFF00020040FFFF1F0000240050AD
:106520006228005002260050808000002020005089
:10653000003500501001FC0728DCFC07CB48002187
:10654000C170CB480170CB4800683BF7B3FE386898
:10655000079908433860C548159F0771C770C64C36
:10656000139A2270C548076047608760601CC44961
:1065700057F79CFD67840424C249204655F769FCFF
:106580000B942046394655F796FCBF4906220D9CD0
:10659000204657F7AFFD002804D0A08821A98880A5
:1065A000E86E03E021A8B9498180B9482190B94833
:1065B000001D21A9062257F779FD1599E96529667D
:1065C00069662975B448016014202874B34CED3411
:1065D000AA4B002C08D0181935210B9A42543421AB
:1065E000119A4254A41CF4E72879002802D0812093
:1065F000687104E001209D49C8709D490870AE2073
:10660000A749179A0A54AD200A542020A54C159F7B
:1066100020902754B9204000A3492152D7204000A0
:10662000089027521B20000127542120C0001E90F3
:1066300027542320C000169921501120000127540F
:10664000119810302754994820639948A0850C98D8
:10665000A062E2757F20A0829648206120462C30FF
:106660002B2181701925A8016062452080000E99B8
:1066700021505D20800020188FA11C2257F716FDA5
:10668000C920400009212154280192492152119D1D
:106690002846943020187A490D2257F707FD2846DE
:1066A000B230179A22542846AE30199921547C48AA
:1066B00047600270884921A80246A8C9A8C2FFF70E
:1066C000EDFA86480188864A914205D15121C900D8
:1066D000405A8449884202D00020FDF781F882495F
:1066E00021A80246A8C9A8C2FFF7D8FA9E277F4D65
:1066F00028887F497F4A884202D1E85B904212D0C5
:10670000A81C9C2157F7EBFC7A48E8536A200A99A9
:106710002954362018992954754828801798A8704C
:106720000020FFF727FCFDF715F94820534F0D9087
:106730003B5A3D464835704A7049934202D16B8AB4
:106740008B420ED00D983A526D4A6E4BFA645948FE
:1067500038657B656982159828820C216980FDF770
:1067600003F9FDF7F7F820460A3039464A3110227E
:10677000139257F79BFC644921A80246A8C9A8C2F6
:10678000FFF78CFA7221614F7B5A38467230604AAB
:10679000934203D1C3885F4DAB420FD07A525D491B
:1067A000C18015998180418074201799782802D082
:1067B0003954401CFAE70020FDF7B4FFFFF738FC1E
:1067C0001598F082708CA021014310988143718448
:1067D00051481F99018251481A99018021A8083017
:1067E00009901798C0031B904D484E4908184E4910
:1067F00040188008401E0E901C4D3089000600D4C1
:1068000088E11D98006B1B99084200D082E128881E
:10681000C00700D07EE155F7E0FDF87A042800D0EB
:1068200095E00025219521A8042146F7E3FB0028E7
:1068300000D18BE017983D49086008680028FCD11A
:106840001D98C069F96A884201D2FD622946FA7929
:10685000012A6DD1F862FD71FFF710FBF884FBF798
:1068600073FA002872D11298F8716FE05877FD071B
:10687000B477FD074C76FD07F00FFD07800FFD078D
:1068800048DBFC0788CCFC0790E1F10723480000B7
:106890000400F43528DCFC07CC06FD07FFFEFFFFF3
:1068A000540EFD07740CFD074C0400002B2B2B002D
:1068B0002B2B00007B007F001107B75C49D204A39B
:1068C0004071A0B535853EB083070302F5FE05088B
:1068D000434D76321C0E000014CBFC076C09FD07FB
:1068E000351200002243000038CBFC07CC08FD071E
:1068F00079560000668700005734000044650000A8
:106900000000C4097F0001012CCBFC07040FFD0728
:10691000CEAB0000BBDC0000F03000500233005072
:1069200014D700001005FC07030004F8FC00004029
:10693000411AC909192909D3F862FFF79FFAFA8C9D
:10694000111A00D2811A89B2182987D2CA4D20980B
:10695000205C002800D1DBE0A06D02284AD000288E
:1069600000D0D5E0FFF734FB002800D1D0E0C420F0
:10697000205AFFF735FB0C99615C0029129902D06F
:10698000179948400146002934D121A81199017175
:106990001598099A106050609060D0603B20C0004C
:1069A00020580906884383210906401821901E9823
:1069B000205C002804D0B148B149C16002F082F8DF
:1069C00021A802F0A1F8AF48AF49016102F096F9A1
:1069D00011980C30215C85204000205C129A0092B6
:1069E0000A9A12021423FBF769FE2220A749C86005
:1069F0001898A06501F094F91C982758388A002847
:106A000038D08C216158814238D188202158491CC6
:106A100021500629159D36D3D0202158491C2150DC
:106A20009A4A108817998843108010880B998843D8
:106A30001080CC2021583A8A8918215021464831AB
:106A4000199100250D64EFF3108072B6896B204612
:106A500068303CF783F862B6398A12373846FCF75B
:106A6000F5FE1998856304F0E9FF00280BD102F0C8
:106A700045F908E090202058451C04E021464831A3
:106A8000159D0D644864902025504420205C00280A
:106A90007F4F794D1AD0C420205AFFF7A1FA002861
:106AA00034D0EFF3108072B6206F00282DD1E06C47
:106AB00001282AD10020E06422257448C56062B60E
:106AC00002F01CF97148C5606B4D1FE00D98205C09
:106AD0000028E0D0EFF3108072B6206F62B6002875
:106AE000D9D0E06F0028D6D1EFF3108072B62046DF
:106AF00068303CF717F8E06762B60898205C052814
:106B000000D0B5E001F038F9C5E762B602F0FCF953
:106B100005F096FAEFF3108072B62098205C0028FA
:106B200056D01E98205C002845D0F148008AC00746
:106B30003ED1E06F00283ED11C982058008A0028E2
:106B400039D1E84D287900270228384602D0E2489A
:106B50000068806A2190FCF7BFFE002800D06BE13E
:106B600054F7F5FD002800D166E1B08AC0070B9FFD
:106B700000D061E128880028179F00D05CE1DE4842
:106B8000806A002803D0D4480068806A2190A978E0
:106B900021A855F7E7FA0028179F00D14CE1A97802
:106BA00021A846F727FA002800D044E1012743E155
:106BB000902000212150C54F3879002803D01C981F
:106BC0007871C84D04E00020C64DE870C6490870D1
:106BD0002879022803D0C0480068806A00E00020BD
:106BE0002190B948C088C00700D01FE1FCF774FEAF
:106BF000002800D01AE154F7AAFD002800D115E1C1
:106C0000E87800282DD0B08AC00700D092E028880C
:106C1000002826D1B848806A002803D0AE48006812
:106C2000806A2190A97821A855F79CFA002818D0ED
:106C30001D980069400614D4A97821A846F7DAF90E
:106C400000280ED0387B002139731D9AD16BAC4BD4
:106C500019400F31D163A449097802291AD083273A
:106C600019E09949881E1A9A028030BF0A80DDE037
:106C700001F0A0F80FE7C0465877FD07800FFD0729
:106C80002D5FFC077803FD0749C7FC07041000507F
:106C9000040FFD07B527012800D12137B8021D9A3E
:106CA000D16B984B19400818D063D06B8C490840C1
:106CB000372189054018D063219D9348854200D330
:106CC000F8E0E802642157F777F9002D00D0451E5F
:106CD000381D854200D0EF1E82480179481E81414F
:106CE000384642F75CF98948C06A80471D991B9A6B
:106CF000086B1042FCD0754F784D07992868084200
:106D0000FCD028681C99884328606F480089452872
:106D100004D846216C4A1181081AB8633BF703FB7B
:106D2000A868786328680006FCD530891C998843D8
:106D300030816C4D6C480078318A042319433182CC
:106D40006C4A116819431160718A209A91437182CB
:106D5000318A189A11433182718A0128199303D11B
:106D600013988143718222E0994371820020584D2B
:106D70002860718A109A11437182718A91437182DD
:106D800068615448A8620F98E86230881C9D2843C7
:106D900030803F20FBF7D6F8708A13990843708241
:106DA0000E984B4948613088A8434E4D30800320EF
:106DB00054F788FDF870308A149908433082708C3B
:106DC000534908407084708C0127384370840D202B
:106DD000FBF7B8F870893843189988437081708937
:106DE0004006FCD500207080B08A8006199A03D531
:106DF0003548801E1A99018030BFB08A800602D5BE
:106E000031481A9901803148C078012807D13248A9
:106E1000006802894168032054F72EFD199A33480F
:106E200007703449086890430860284F62B62548C7
:106E30001F990182E1E40427042F00D0BBE69C20C7
:106E40002058002800D0B6E6206F002800D0B2E617
:106E500027480088800700D5ADE602F01BF800281F
:106E600000D0A8E690256059022800D2A3E60027AA
:106E7000384602F01DF8002800D19CE601F00AFE19
:106E80001C996058002803D054F7D5FE1C98275051
:106E90001698183019490860BFF34F8FBFF36F8FF2
:106EA0006751A765F44F3879002801D0812087E623
:106EB000179889E603481F99018203481A990180AF
:106EC000FEE7C046F030005002330050040FFD07CB
:106ED0000000F407204F101A5876FD07000200400A
:106EE000FFFF1F005877FD07B477FD07540EFD071D
:106EF0000410005010ED00E0787EFD0780E100E016
:106F000000FCFFFFFF03E0FF40420F00B47FFD07DE
:106F1000FFFE000001207047B0B50C460146403925
:106F2000042914D8880001A108588746416FFC073E
:106F30009F6FFC07696FFC07736FFC077D6FFC0791
:106F40002078022833D307205070D02021E0072872
:106F500019D0012821D11848011D062510462A46BE
:106F600057F7A4F8002024E0207800281FD0402004
:106F700019E0207800281AD0642014E02078002836
:106F800015D032200FE02078022810D30120507055
:106F9000F4201070002002250BE00120B0BD207805
:106FA000002804D0062010700020012501E00420F4
:106FB00000252570B0BDC04628DCFC0700207047C6
:106FC000012070471CB5044600F0F8FD01A800F050
:106FD00045FD002C00D01CBD00F0ABFD1CBD000029
:106FE000D72041009F48415C052904D14288002AEE
:106FF00001D0012070470A394A424A41007A1040C4
:107000007047C046F0B587B08F4DA8890221019125
:107010008843A881288A0007FCD501263002E98B25
:107020000143E98389488A49902257F73FF8894804
:107030008949482257F73AF8FAF759FEFAF75DFE00
:107040008648874901603B20C000864A11580029C4
:1070500001D18549115020200390105CFF21069139
:10706000D6310291515C014314D105F00BFB7F4CEA
:10707000A088C00702D001F017FEF9E77C4800287D
:1070800002D000BF401EFAE77A480021416001703B
:1070900004F0BAFC7848032787720024447200F099
:1070A000BFFCEFF3108086F31088F1022A880A43B0
:1070B0002A80002802D086F3108801E084F310882B
:1070C0006E48082101800189B9430181C680018889
:1070D00004963143018000F0D9FB2420C6433802D6
:1070E0000590002E00D18CE037462537F8B20A21F2
:1070F00056F762FF0921C9434143C919ED4A931963
:107100002922D2009A5C551E032D09D20094069BB9
:10711000DB431202D21892B2C0B2C9B223461EE0BB
:10712000042A07D0052A0ED1092F27D8CAB2032A6C
:1071300010D923E0069A6E329A5C0092C0B2C9B2AE
:107140000023059A0BE0062A0CD1092F0AD8CBB2EE
:10715000042B07D20094C0B2C9B20F232246FBF71A
:10716000ADFA0BE0D21F072A08D8C0467A4412793C
:1071700052009744050A030303030F21761CB0E76E
:107180000094C0B2C9B20923DBE70094C0B2C9B20F
:107190000A23D6E72122D200DD4B9A5C002AEDD0EB
:1071A000DB4A029BD25C002A26D0049A0092C0B22D
:1071B000C9B200221346D2E72122D700D44AD25DB9
:1071C000002ADBD0039AD24DAA5C029BEB5C1343EE
:1071D00010D1049A0092C0B2C9B21423059AFBF7E9
:1071E0006DFAE85D0028C9D0204A106801998843EB
:1071F0001060C3E7049AA0E70094C0B2C9B2132399
:10720000ACE704980090032108231D4D2046059EFD
:107210003246A84700940723204621463246A84715
:1072200000940621204632460B46A84700940521CB
:10723000204622460B46A8470349C889039A1043B3
:10724000C88107B0F0BDC0460400005020000840CF
:1072500010D4FC07C000FC07C8D3FC07000008409E
:10726000FFFF3300740CFD070611000010100050E2
:10727000C4090000540EFD07040FFD070012005062
:10728000BD26FC0703480188034A11408918091DDF
:107290000180704712000050FC7F0000FEB50546DB
:1072A0004488E0B2142805D0FD2805D0FC2819D167
:1072B0006D4802E06A4800E06A48684E324616327D
:1072C00021235B1E05D017881832A742F9D142202E
:1072D0001DE02027002F1BD0F28AFF2A04D07F1E3A
:1072E0001836F7E74020FEBD02916B78AA88294640
:1072F00008310091A91D04683046A047002804D138
:107300006988F182B18A029A1180002F00D0FEBDF7
:107310004B20FEBDF8B50C460546504E2027002FE9
:1073200012D0B07D14284E4906D0FD2803D0FC2889
:1073300007D14D4900E04B49CB68304629462246EB
:1073400098477F1E1836EAE7F8BDC046F8B50446F0
:10735000424D2026424F002E11D0A87D14283946D8
:1073600006D0FD2803D0FC2806D13F4900E03D4966
:107370008A68284621469047761E1835EBE7F8BD07
:10738000364916312122521E06D00B88183183420D
:10739000F9D11E390868704700207047B0B52F49F1
:1073A0001431C3B22124FF22641E06D00D88183187
:1073B0009D42F8D11639098800E0114690430843F0
:1073C000B0BDC046B0B525491631C3B22124FF2255
:1073D000641E06D00D8818319D42F8D11A390988EB
:1073E00000E0114690430843B0BDC046F8B51B4CC1
:1073F00000281ED020251A4E1A4F002D2CD0A07D1B
:107400001428314606D0FD2803D0FC2805D11649A2
:1074100000E039464968204688470020E0816060E6
:10742000A060FF20E082207D54F78AFD6D1E183495
:10743000E3E71025302D0FD0FF20E082A582002049
:1074400020606060A060E0602061E8B2214654F7EF
:1074500000FD6D1C1834EDE7F8BDC046B803FD070C
:107460001CD3FC07E4D1FC0780DBFC0780B5014698
:107470000548006D002803D004A0FCF719F880BD72
:10748000084601F0C5FD80BD040FFD07256300001F
:1074900080B5FFF7A5FD00280AD0772080000549B8
:1074A0000A5C002A04D101220A5403A000F082F9E8
:1074B00080BDC046740CFD072B434F4D4D414E44DB
:1074C000204D4F444520535550504F525445440D84
:1074D0000A00000080B5D72041000D48415C052915
:1074E00004D1828B002A01D0012104E00A394A42EA
:1074F0004A41417A1140002909D0FF21DE31425C26
:10750000002A04D10122425402A000F053F980BDA8
:10751000740CFD072B42494E415259204D4F4445B2
:1075200020535550504F525445440D0A000000005E
:1075300070470000F0B58BB01F2109041B4A136887
:107540008B4301214C041B191360CB04184A1468A7
:107550009C431460184C194D194E4661194E1A4F30
:107560001A4BC36106624462124B8362C562184BB8
:107570000760436088041168814311600020282857
:1075800003D001A90854401CF9E786480068403040
:1075900001A9282256F78AFD00F020F8FEF76EFCBC
:1075A0008149C884FAF7D0FB0BB0F0BD74000040ED
:1075B00000020040D975FC07D575FC078176FC07F1
:1075C0009176FC074528FC077576FC077776FC0763
:1075D0003175FC0700207047704700000B480C49CC
:1075E00001600C480C4901800C48418802220A4382
:1075F00004218A4342800A4963220A80F8494A8C5E
:10760000084B1A80898C01807047C046800000407A
:107610004C0554076A280050EBE600000026005095
:10762000062C00501028005080B51F2000040121B6
:107630008A07536F8343480418185067106807235C
:10764000984310600A4802880A4302218A43028054
:10765000028808210A430280428C920504D5028BDD
:107660000A4370218A430283FFF7B8FF80BDC046FA
:1076700008000050704740087038C0B270470000E2
:107680000248016807220A43026070473000004048
:1076900000207047F8B501242002009066023F4F99
:1076A000384608380568002D76D0280615D5802084
:1076B000386045F748FBEF204000CA4A105C401E86
:1076C00041424141D7204000105C401F421E904182
:1076D000084034490968A6228852A80703D5022029
:1076E000386041F7F6FA280707D5082038600020EF
:1076F00041F7AFFA0420D749C8720098054204D078
:1077000000983860204641F7A4FA354202D03E6026
:1077100045F782FB680603D54020386041F794FAAC
:10772000E80603D5102038603FF7C9FE68070DD47E
:10773000E80706D03C6054F7CFFE45F704FBC54888
:10774000C472A806ACD520203860A9E704203860B0
:1077500013490888A043088054F7A2FE3AF7ACFF0B
:107760000020BC49C872114800888005E0D5B9489E
:10777000007B0028DCD1B74804730D480088C0079F
:10778000D6D12046FBF7FAF831462C318842CFD9C2
:107790000220B0490873CBE7F8BDC046180000408E
:1077A000083300504C76FD07040FFD072A000050F7
:1077B0000015005010B504460120FBF7A1F8002881
:1077C00005D103A02146FBF773FE04F039FC10BD80
:1077D0000D0A257300000000F8B50446FEF7F8FB1B
:1077E000002813D0D72047007E4EF05D052814D125
:1077F00075882046FAF7C4FB00210091401C82B234
:107800000C232846214604F06FFEF8BD0720FBF745
:10781000A5FF1B48FFF7CEFFF8BD002C1BD020466C
:10782000FAF7AEFB002813D0401C002154F7B2F841
:1078300000280DD005462146FAF7B7FB08200021A5
:1078400054F7A8F8014645600E485C303BF786F9CE
:10785000F05D0528E0D0FD203AF7F1FF01460A4827
:107860000422072354F7A4F901214170817181801A
:107870000621418003490978017054F7B2F9F8BD37
:1078800037D7FC07800FFD0706FD00001CB500245C
:10789000009403200202062102200346FAF70EFF9D
:1078A000FF20D6304F49085C002806D00120009008
:1078B000022005210022134604E000940220052145
:1078C00001232246FAF7FAFE1CBDC046F0B585B08A
:1078D00001210390414002912420C443032000026F
:1078E0000490404D002C2BD02746253728192921FC
:1078F000CA00815C092910D18618F8B20A2156F70E
:107900005BFB039900910921C9434143C919C9B2DD
:107910000023049AFAF7D2FE31780A290ED1F8B280
:107920000A2156F749FB029900910921C9434143B5
:10793000C919C9B20023049AFAF7C0FE641CD1E742
:1079400005B0F0BDF8B50446042832D860B21AA1DB
:10795000095C1B4AD1711BA1095C51701BA1095C18
:10796000D1701CA10D5CFD201C4E2946B047FE20A5
:107970002946B047FC202946B0472020354E01213A
:107980003154D7204000F949085CB077FF27B03761
:10799000C85D7077002807D001280AD1FBF7ECF802
:1079A0000025F248C55503E00225284601F026FCD3
:1079B000F57703480470F8BD0502010005000000DA
:1079C0000CDCFC0700000303000000000D050101B2
:1079D0000D000000100C040410000000C130FC0772
:1079E000040FFD07740CFD07C5490A8902231343E0
:1079F000012293430B810B88DB0501D5030C8B809F
:107A00001302488008888004FCD5CA800888184280
:107A100002D08888020400E00022488810437047A2
:107A20000C498A7A01209040497A032900D1042127
:107A30004901014A8852704702300050F8498A7A59
:107A400001209040497A032900D104214901024ACA
:107A500088527047040FFD0704300050F8B5044603
:107A60001E4E3078002800D0F8BD00F059F80028EC
:107A7000FAD10025284600F033F9FFF7DFFF9F20F9
:107A8000174FB8472846B8470006070A2846144942
:107A90008847000280B2C719284611498847C0B2FA
:107AA0003D18FFF7BDFF002DDED0EF20C2430D488B
:107AB00011460C310ED08218F423D25895420A4652
:107AC000F7D140180146E4312CC92CC6E421405CB2
:107AD0002070F8BD04A00EC80EC6F8BD48DDFC0736
:107AE000E979FC0744CBFC0700000000000000001F
:107AF0000000040010B5044600F012F8002800D081
:107B000010BD00F0D3F80028FAD1022000F0E8F808
:107B1000012040070443204600F0F6F8002010BD85
:107B200080B500F041F80121014048420D21884311
:107B300080BD80B5FFF7F4FF002800D080BD002095
:107B400000F0CEF8B92000F0DFF880BDF8B51C4693
:107B500017460E460546FFF7E3FF002800D0F8BDA4
:107B6000B91951488068814200D9871B27600220DB
:107B700000F0B6F8FFF762FF032000060643304628
:107B8000FFF732FF0026304600F0AAF82068864250
:107B900005D20020FFF728FFA855761CF6E7FFF76F
:107BA0003FFF0020F8BDC04680B5012000F098F8E6
:107BB0000520000200F0A8F880B280BD80B5FFF774
:107BC0003DFFFFF72DFF002000F08AF8AB2000F00A
:107BD0009BF880BDB0B50025074C611CA94205D0BB
:107BE0006D1CFFF7E1FFC007F7D1691E0020A1421D
:107BF00000D9C043B0BDC0467F841E00F0B585B03B
:107C0000009314460F4602900026304600F068F8B4
:107C1000FF2525488068C21BA24200D322463D436F
:107C200014460192964239D2E019A84201D9E81BC4
:107C3000441CFFF775FF002833D100F037F8002807
:107C40002FD10395022000F04BF8FFF7F7FE012536
:107C5000680607433846FFF7C7FE002000F040F8EB
:107C6000A7B2FF2F00D92F02029804968619380474
:107C700005D03078FFF7B8FE7F1E761CF7E7FFF7D8
:107C8000CFFEFFF7A7FF00280BD1049EA619019A8B
:107C9000941B280203990D184F1CC3E70098066037
:107CA000002005B0F0BDC04648DDFC0710B5FFF769
:107CB00037FF002812D10024204600F011F80620DA
:107CC00000F022F8FFF786FF002807D1FFF76CFFCE
:107CD000800701D5204601E00B20C04340B210BD13
:107CE00010B507490A8801239A430A800A88054C7F
:107CF0001440C0012043088008881843088010BD44
:107D0000001200507FFE000010B50446FFF796FEFB
:107D10002046FFF769FE0446FFF782FE204610BDAD
:107D2000B0B5EFF3108072B6A825364C6059002824
:107D300001D062B6B0BD9C202058002814D0204647
:107D400094303AF7EFFE6051EC22A358018A5B1899
:107D5000A350F022A3585B1CA350054A054B536166
:107D60001230012201F062F862B6B0BD740CFD075A
:107D70007803FD07818FFC07BCB5224CE56F288A8C
:107D8000FEF72EF9002812D02A8A608B084900914C
:107D9000294612310D2304F0A7FBE0202158491C8D
:107DA0002150DC2021582A8A89182150BCBDFEE7C9
:107DB00032FE000070B5134DEE6F308AFEF710F9F9
:107DC000308A00F0E5FD04460C3884216850328A80
:107DD00031461231A01D56F769F9DC202958328A44
:107DE00089182950E0202958491C29500120607029
:107DF000A2800A20608000202070204653F7F1FE08
:107E000070BDC046740CFD0710B52D4CA07E012836
:107E100004D1607EFAF7F8FF0020A07610BDC046BE
:107E2000040FFD0770B50C460546FAF7A9F806469B
:107E30002046FAF7A5F8301A28182146FAF7A7F8CD
:107E40004142484170BD0000E0B500690022428116
:107E500001AB1A70C0880C3080B2012148F7EDF8F0
:107E6000002806D00348C82101800348082101806A
:107E7000FEE78CBD0031005002330050704780B5E2
:107E8000016900220261084653F7FFFD80BD000032
:107E900080B58878002811D0486809498865087C31
:107EA00001461239022909D3801E012803D8002077
:107EB00000F0EAFC02E0082000F0F8FC002080BDA1
:107EC000040FFD07F0B58FB01F4603920E4605461E
:107ED0000F2040010321089153F75CFD04460496EE
:107EE000308820800595A88A60801E20029738403F
:107EF00080302071A01DDEA1102256F7D7F8E0488F
:107F00002083054620461A301626314656F7E7F8F4
:107F10004020DC49215248202552204640300D0C9B
:107F200045800C95204636300427C781D648E08727
:107F3000D648A087D6486087D6482087D648E086AE
:107F4000D648A086D6486086D648208620464A3045
:107F5000314656F7C4F87020CA4921527820C849E2
:107F600021526620D049215220467030458020465B
:107F70006630C781CD490181CD49C180CD4981801D
:107F8000CD49418020464830CC498183CC4941834A
:107F9000CC49018320467A30314656F7A0F8A0201C
:107FA000C94A2252A820B64D25529620C7492152CF
:107FB0002046A030110C0791418020469630C781A1
:107FC000C3490181C349C180C3498180C3494180FC
:107FD00020467830C2498183C2494183C249018326
:107FE0002046AA30314656F77AF8D020A5492152CA
:107FF000D8202552C620BD4921522046D0300C99A8
:1080000041802046C63002210C91C181B8490181CE
:10801000B849C1800C218180B74941802046A830F1
:10802000B6498183B6494183B64901832046DA3097
:10803000314635460B9656F752F8012738020A9713
:10804000B14921522121CE008D49A153F621AF4AD9
:10805000625220180A2141802046F630F421019115
:10806000C181AB490181AB49C180AB498180AB493A
:1080700041802046D830AA498183AA494183AA4930
:108080000183852040002018294656F728F8132040
:1080900006900001A54921522721CD00A449615332
:1080A00093214900A34A6252201808224280601896
:1080B000C781A1490181A149C180A1498180A1490C
:1080C0004180A019A0498183A0494183A04901832F
:1080D0009D20400020180E2156F701F86519002058
:1080E000E8820990A8820C98688287482882644EAA
:1080F0002E83A920400020180B9F394655F7EFFF2B
:108100002F20C000704921520899C9010891665278
:10811000B52149008F4A62522018079E4680601898
:108120000A9941828C4981818C4941818C49018124
:108130008C49C1808C4981808C4941808C4828863B
:10814000C12040002018394655F7C9FF3520C0002E
:108150005D4F27521B210D0149496153CF21490031
:10816000844A62522018468060180C99C181824965
:1081700001818249C1808249818082494180089879
:108180002018814981838149418381490183D92014
:10819000400020180B9955F7A2FF3B20C000275242
:1081A000E72149007B4A62522018468060187A49CC
:1081B000C1817A4901817A49C1807A4981807A49AD
:1081C00041806019794981837949418379490183E3
:1081D00006986071204647F756FE0646002840D1B3
:1081E00014980C900C252846099953F7D3FB0746A1
:1081F000294655F774FF2088099B7B81F8800299F6
:10820000C903039A11433980059A918A7980FC2128
:10821000D1820A99D18104990880384608301761C3
:108220006549516090600C9800783871908A1946C1
:1082300053F741FEFD880EAB0D2018700DA90C916F
:108240000198088028460F3080B20A99099F3A4663
:1082500047F7F3FE1135A8B202213A460C9B47F7C7
:10826000ECFE204653F711FC30460FB0F0BDC0467F
:10827000F5FE00000000000000000000000000000B
:108280000328000009000A0082800000A8CA00003C
:10829000A641000021400000C6910000F9560000F0
:1082A00054B9000034CC0000048800004272000081
:1082B000F0490000C35E00005F4B00003442000044
:1082C000F05A0000518600000100080022A00000C2
:1082D000536C000025DB0000A1470000FE450000B4
:1082E000927C000033FB0000D44F0000839100001B
:1082F000849D0000A3B90000D84900005B85000000
:108300003F67000031DA000009800000169100008C
:1083100078450000E871000016D50000A14C00006F
:10832000D05700007BB10000B29C000001020000A9
:10833000022900000A990000785F000094DF000025
:108340008C790000F5460000EBB30000066A0000DF
:10835000885C00003BDB0000B4640000B5E800006E
:10836000E50D00001B4000001DA20000C8AC00008D
:108370003A91000054840000C3420000DDDF000099
:10838000BE7700009C4D0000878F00006752000000
:108390003BFB0000AFA3000002800000DEB700003E
:1083A000EA1E00003D820000BB43000090C40000B4
:1083B000FC3D00003CE2000058DBFC0710B50C4619
:1083C000FC20FEF7DDFF002810D0C088801D80B2A1
:1083D00004210022234647F730FE00280DD008482C
:1083E000C8210180074808210180FEE70448C82110
:1083F0000180044808210180FEE7002010BDC0462E
:108400000031005002330050F0B599B0D34C257CB8
:108410000820132D00D9C5E00E468978002900D127
:10842000C2E0E26D0523002A23D0E90600D4B9E0BA
:108430000692F278276EB818012105914902884208
:1084400019D80493B648C019311D55F72FFEF0789E
:1084500038182066069981420FD12746207D0021D9
:10846000069CAF4B8C420BD05A5C50403875491C6F
:10847000F8E7184696E0072094E00499069A8EE003
:10848000132D1FD107A8FAF7A7FEFAF72BFE786E77
:10849000002819D00219B96E4B1C0626934273D3DB
:1084A000914201D20C1A3C66796D0918F3482246B4
:1084B000FAF79EFD002867D4386E796E0818786642
:1084C000022661E0082664E01226402C5CD3EB49CA
:1084D0000878702858D14878512855D14D682846D9
:1084E0004030B8660720C10309A80C22FAF7CCFD7A
:1084F0001622002847D409A800781426702843D1F2
:1085000009A8407852283FD11326002D3CD00B9C5F
:108510000A99601A4038854236D8164609A8402282
:108520000091FAF7B1FD00282ED409A88178002225
:10853000AA29059D01920392029241D109A90A78C4
:1085400000230393702A36D149785129059D039958
:1085500001910291C84F33D1C0780290C7480C30C6
:1085600009A90C31102255F7C5FD002500281ED1A0
:10857000C248C0691099884219D10021059803901A
:108580000D4601911BE0164600203866786E00F01B
:108590007BF9304600F08AF9FA6D386E0499904202
:1085A000084601D900F082F9002019B0F0BD03950A
:1085B0000598019003E0059D039801900290AE4F4D
:1085C00009A840222146FAF75FFD0028DCD409A85B
:1085D00081780026AA291AD109A90A780026702ACA
:1085E00015D14978512912D1C778A4480C3009A96E
:1085F0000C31102255F77EFD002100280BD19F4839
:10860000C069109A904206D100210E4605E00599F6
:108610000596374601E0059E0591002D10D009A86A
:10862000801C3E21FF2255F753FD0398002812D1EC
:108630009148009C4465059806430297039627E0FD
:1086400000290AD009A8801C3E21FF2255F740FDD1
:108650000598002816D0152656E03846029908409D
:10866000FF28DCD00298FF2801D1002FD7D0029834
:1086700000284BD1FF2F49D109A84021FF2255F7EF
:1086800027FDE5E77C484465019803990143039180
:108690000398002801D1012501E00298451CFA4801
:1086A000007C062613282FD101212046FAF704FC6E
:1086B000002829D109A8C570704C6168A2680A9188
:1086C0000B9221460C31024604460C32A9C9A9C2BC
:1086D00020206A4A115C215410882080D0691090B3
:1086E000E948007C13280FD1E748416D09A84022D2
:1086F000FAF77EFC002807D4E34F796D5F484030DD
:10870000069A403A4031D3E6DF4F3DE709A8801C86
:108710003E21FF2255F7DCFC0298B84285D997E745
:10872000CC06FD0780B5887800280DD08888002801
:1087300007D0D5490A7C132A06D8D20606D40820C9
:1087400000E0052000F0B2F8002080BD044A90420D
:1087500001D30720F6E7C865F6E7C046040FFD071A
:10876000010200001FB58878002800D181E0496827
:10877000080E8A0E042A12D8C34A107489B25165B1
:10878000002801D0012804D17F2189003B4B5918D2
:108790005165FE220240122A01D1032920D201464E
:1087A0001039022911D30146123902290FD3FD28AD
:1087B0001AD0FE2822D0FF2826D1FAF74BFDB24866
:1087C0000021C165016603200BE0082009E00120BB
:1087D000FEF7F8FBAC4C207CC0061CD510201BE03B
:1087E000112000F063F841E025488078FF281BD075
:1087F000A54901220A76FAF731FA37E0A24C207D2A
:10880000002815D0042029E0082000F04FF89E48E9
:10881000142101742AE0082000F048F80020E065E7
:1088200020666066207521E0164839F7DBFF1DE001
:1088300003A8AA210170207C13280ED101A8FAF701
:10884000CBFCFAF74FFC606D811C03A80122FAF7FC
:10885000CFFB010602D1022000E00620C0B200F0EA
:1088600025F8FAF7F7FC0020E0652066002000F00C
:108870000BF8002004B010BD040FFD07CC06FD0767
:10888000800FFD071111111110B50446FC2039F7B6
:10889000D6FF014604480422134653F789F90460C1
:1088A00053F79FF910BDC04604FC000010B5044604
:1088B000FC2039F7C4FF014604480422134653F74D
:1088C00077F9847053F78DF910BDC04605FC0000A0
:1088D000FEB51F4616460D46FC20FEF751FD00284A
:1088E00016D0044601970296C088AE1C0C3080B2A8
:1088F0000127002539462A46334647F79EFB0028C4
:108900000DD02F48C82101802E4808210180FEE7A4
:108910002B48C82101802B4808210180FEE760898F
:1089200000281AD0082001990143F7208143C12073
:1089300000010923029A53F73BF961894580012917
:1089400001D0132100E012210170E188C7800C31B1
:1089500081803178017253F744F90020FEBDC04692
:1089600010B5094800788000664C20186D218900F8
:108970004058002802D0032103F0A2FAFF206E30F5
:108980000021215410BDC046F80BFD077047704709
:1089900010B50446FD2039F752FF0146A01D83B2F1
:1089A0000648042253F704F9002800D010BD0448FB
:1089B000C8210180034808210180FEE706FD000070
:1089C000003100500233005010B5BA498A89802323
:1089D0001A438A81C2B2064C228082B2120A0A80ED
:1089E000000CC0B2888088899843888110BDC04639
:1089F000C010005070B5244D286D00240028264674
:108A000006D0016829650021016053F73EF82E6DFC
:108A1000AC7000F0E9FA002E0BD00124AC70351DCB
:108A20002846FAF7EEFD81B22846224600F0FEF90C
:108A300070BDA879002804D0401EA871000600D09F
:108A400070BD6879002804D00021697103210840B5
:108A500003E02879002813D0401E00212971C0B2FC
:108A6000022806D00128EBD108480121C17008482E
:108A700004E006480121C17005480221017070BD63
:108A80000020287170BDC046040FFD075877FD0710
:108A9000B477FD0710B50A4901200880EFF3108173
:108AA00080F31088414A13888024A343138000294F
:108AB00002D080F3108810BD002080F3108810BD14
:108AC00088100050F8B587204700C24EF15DFF24A2
:108AD0000E34305DF9F758FE0125002806D002F06B
:108AE00025FDF15D305D00232A4608E00095002554
:108AF000756500F009FAF15D305D2A46009BF9F7D3
:108B0000F5FDF8BD740CFD07B0B50446EFF3108118
:108B1000012080F31088254A138880251D43158085
:108B2000002902D080F3108802E0002080F3108832
:108B30001F4D2888FF20010620688843FFF744FF67
:108B40002068C10E04220A40C000C10E1143ED4846
:108B5000021F11802168C90FA9832168002916D539
:108B6000490E20221140038893435918018021683F
:108B7000490F02221140038893435918018020793C
:108B80000007800F2884207903210140A984A06870
:108B9000BB490877E06808612069486160698861BD
:108BA00020790007800F4877B0BDC0460400005010
:108BB0007C100050F0B585B004469B48201A411E39
:108BC00088414001AE490D1828460E3001902846D4
:108BD00018300390284614300090281D0290AE1DD6
:108BE00028461030049027467C3720890F21014009
:108BF000481E0B28F9D8C0467844007940008744C5
:108C00005006052005242C0505050534EDE70298DE
:108C100000883188814236D28842E6D02289C0233A
:108C20001340C02B03D13A88920703D4DDE7A28A10
:108C30009206DAD54A1C32802B68595C2180114695
:108C4000EAE7204600F0CAF8CFE704980268002A55
:108C5000CBD0A08A9E21014004E004980268002A3B
:108C6000C3D0012120469047BFE7204600F0B6F868
:108C7000A08801218843A080039801680029B4D00E
:108C8000019800880BE0A18802229143A180A1886D
:108C900080229143A180009909680029A5D08847C6
:108CA000A3E705B0F0BDC046DC48818AC907FCD007
:108CB000008870470010005010B5C94A0023D381C6
:108CC000918190606F4904200860BFF34F8FBFF31C
:108CD0006F8F6D490B8801241C430C800B88034364
:108CE0000B80FF210904694B1C688C43117F8907A5
:108CF000090A611819606649086010BDB0B5C4253D
:108D0000B64C605BFDF76CF900281AD0605BFFF78A
:108D10003FFE002181804834E26E521CE26602462A
:108D20000C3AEFF3108372B6A26362B621646164F9
:108D3000A164AB49284A8A61801D0821FFF7BCFF66
:108D4000B0BD0120E064EFF3108072B6002000F0A7
:108D5000AFF862B6B0BDC04670B580259F4E74595D
:108D6000002C35D0D4217258521C7250218A081818
:108D70002082C421715A091A89B280B207291ED8EB
:108D8000CC21725810187050D0203158491C3150E5
:108D9000EFF3108072B671593046683039F7DEFE55
:108DA00062B600207051218A12342046FAF74EFD37
:108DB00002F044FE00280BD1FFF7A0FF70BD0C3479
:108DC0008749054A8A612018801D0821FFF774FF32
:108DD00070BDC046740CFD07598DFC07F8B58F496E
:108DE000411A4A1E914149017D4A5518AB89E989CA
:108DF0002C46083400950E35994209D2868AF6072A
:108E000010D006884F1C2F80226856543946F3E74D
:108E1000828801239A43828000988269002A01D0C7
:108E200088B29047F8BDC0460010005010B56C4B9A
:108E300099800024DC80012A04D0002A1FD100F090
:108E4000DBF810BD0F4A042111601860BFF34F8F8B
:108E5000BFF36F8F0C4802880224144304800288F9
:108E6000802414430480FF200004084A14688443CB
:108E7000187F8007000A201810600548016010BDA7
:108E80007803FD0780E100E00410005000E400E0FA
:108E900000E100E057490A880120520606D50A88F9
:108EA000920603D50988C90700D100207047C04643
:108EB00010B5044600280AD02120C000E149085C12
:108EC000002818D00F4800680221884316E0FFF7F9
:108ED000E1FF002801D0002412E02120C000F34966
:108EE000095C0848002903D001680222914301600F
:108EF0008088C00701D1012402E0222001490860D6
:108F0000204610BD1010005080B5FC48416D01296D
:108F10000BD09C214158032907D8016D012904D1A8
:108F200000210165012003F05FFB80BD10B5002822
:108F300011D0E420F14C2158491C2150E06F002849
:108F400006D0EFF3108072B6E06F52F774FE62B68F
:108F50000020E06710BDE821E8484258521C42500A
:108F60004821415C002909D0D7214900405C0528EF
:108F700002D1FEF701FF10BDFEF71CFF10BDC04679
:108F8000B0B5FC4C25464835286E52F754FE0020FB
:108F90002866686D00281ED0EFF3108072B6204658
:108FA000943039F7BFFDA821605062B6F0202258F6
:108FB000521C2250F4202258521C2250EC22A3585A
:108FC0006058018A5B18A350054A064B5361123062
:108FD0000122FFF72BFFFFF797FFB0BD740CFD07D1
:108FE0007803FD07818FFC07024801884906FCD5FC
:108FF0007047C04614100050B0B50C46054620041A
:1090000005D0287800F004F8641E6D1CF7E7B0BDA9
:1090100002498A8A9206FCD50880704700100050E9
:10902000F0B589B001910446002708970797069785
:1090300005970497866808363046394652F7AAFCE9
:109040000546FCF730FE02946468102F29D02846AC
:10905000314655F744F808AB284621463246FEF71C
:1090600075FD02988068295C281842781202511810
:109070008278C3781B029A181204511804AAD1519D
:10908000017943791B0259188379C0790002C0180D
:1090900000044018D1194860012000032418083743
:1090A000D3E703A90020088004A902280AD00CC92C
:1090B000DB4308399A4202D103AA01231354083131
:1090C000401CF2E703A948780C78002C07D0002850
:1090D0000FD00498069981420AD8002409E000289C
:1090E00007D116481649174A02604160002408E07B
:1090F0000124E00004A90A58104B081840681A60BF
:1091000058600198002811D02846314654F7E7FFEF
:109110002003029C6168091808AB28463246FEF716
:1091200015FD2068A268294654F7C0FF284652F76B
:10913000ACFCFEF7FEFC09B0F0BDC04618DCFC0735
:1091400098BADCFE67452301F8B5FF252F46B237F4
:10915000F04EF05D002802D0F9F7A6FD01E0F9F726
:1091600097FD044619200001315CE172325C5D20FC
:109170008000311820460C3054F798FF2846AE3056
:10918000315C00290DD0F25D002A0AD02B22A154B7
:10919000325C28469230311820462C3054F786FF36
:1091A00002E02B2000212154B9204000305AE080F9
:1091B000A080F05D002809D001206072F9F774FDED
:1091C00052F70FFD0C48002101600DE00320607292
:1091D000F9F75EFD52F705FD074800210160042004
:1091E00052F79BFE032803D00420022152F763FEAE
:1091F000B03501207055F8BDB806FD07F8B5054635
:10920000D7204700D74EF9F701FD0446F5554570C4
:10921000032020700C48011D201D062254F746FF34
:109220002A2000252554A576308A208420460A303D
:10923000102154F754FF204652F7D3FC0348C5636E
:10924000F8BDC046740CFD0728DCFC07040FFD07C1
:10925000FEB50C4601902420C743C24B0291002F5B
:109260001ED0D8192921C900425CA24216D13D4620
:109270002535401800260670E8B20A211C4654F72E
:109280009BFE012100910921C94341434919C9B2FB
:1092900032463346F9F712FA2346029C7F1CDEE77A
:1092A00001981818FF2124314454FEBD740CFD07A9
:1092B00070B504463420AB4D295C00290FD0002640
:1092C0002E544220285CF9F79FFD4320295C002999
:1092D00005D02E5403F034F9FF20B0302E54FF2671
:1092E0001036A85D012806D109204001285CF9F755
:1092F0008BFD0020A8550120E07570BD740CFD07A2
:10930000FEB50E4604460025294602F079FEC1B29C
:1093100003290FD8934A5118FF222432895C4A1F2F
:10932000012A07D8052908D102A94D8048700120DB
:10933000087008E001202076FEBD01A948700120D8
:109340000870000248800846F9F748FB0127B80377
:109350000096C64E318801433180308838433080D2
:10936000F9F7FAFA0246C8490098FAF735F9E775AD
:109370003580FEBD740CFD07F8B50D460090002445
:10938000104F13A619200001385C401EE1B288423C
:109390000ADD78185D218900435C284631462A465B
:1093A000FAF71AF9641CEDE738185D218900435C6F
:1093B00005A128462A46FAF70FF901200099C87539
:1093C000F8BDC046740CFD072573253032580000E7
:1093D0002573253032583A0070B58AB00446007BB8
:1093E0002168081802A901AD2A4603F021FA0028D5
:1093F00010D02D781C2D0DD85D208000DB4E30184C
:1094000002A92A4654F752FE1920000135540120C2
:10941000E07501E0042020760AB070BDFEB50D466F
:10942000FF270297AE37D149C95D002919D00190B5
:1094300000263046CD4C8E420ED2A119029A9232AD
:109440008A5CC0B22818EF49FAF7C6F82846F8F740
:1094500097FDE15D761CEEE7401EC0B20021295465
:1094600001980121C175FEBDF0B589B00446007BAD
:109470002168081801A96D462A4603F0D9F9002889
:1094800010D02D781F2D0DD8FF2630469230B74FC3
:10949000381801A92A4654F709FEAE36BD550120F9
:1094A000E07501E00420207609B0F0BD70B50446F7
:1094B000D7204000FA4E305C0A2801D0022828D17B
:1094C000FF20B030305C002823D1A07A0221014374
:1094D00003291ED1FCF77CFD00281AD1E07A01286F
:1094E0000FD100252046294602F08AFD81B2643959
:1094F0000A4A91420CD80005000C0A2154F75CFD81
:1095000000E00548B92149007052FFF71DFE012512
:10951000E57570BD740CFD074C040000540B000091
:10952000B0B50446D7204000F04D285C0A2801D091
:10953000022816D1FF20B030285C012811D1A07A72
:109540000221014303290CD1FCF742FD002808D178
:10955000F9F712FBFF20B03000212954012000024E
:10956000E082B0BD740CFD07F0B587B004910690A1
:109570000124E0023D4E318801433180A00331884F
:10958000014331803088204330801420F8F7DAFC22
:109590006002B080F0802003318801433180308840
:1095A000334908403080A502F9F7D6F93188019592
:1095B000294331800594E443604355210D01029510
:1095C000B035401903902A48471CF9F7C5F9B1880E
:1095D0003940039A1143B18060434019F188394002
:1095E0000143F18030882249084030803088214989
:1095F0000140318000263046F9F7C0F980B21E499B
:10960000884201D9642627E0029A1146E031884257
:109610000AD900041B494018792154F7E3FC48217A
:1096200041430E0C1C3617E090420AD9000414493D
:109630004018E02154F7D6FC18214143080C061DC0
:109640000AE001997031884206D900040B4940189C
:10965000E02154F7C7FC860BF2B251490498F9F7A0
:10966000BBFF06980599C17507B0F0BD0015005005
:10967000FFFBFFFFFFEF0000A9060000000090FBCA
:109680000000B0FA0000D0F97DD9FC07F8B5044617
:10969000C07A012829D0002835D136480288D2075F
:1096A000FCD13548828980231A438281334A12884B
:1096B0000588868887899F4387810F201040702204
:1096C000324012042B061B0CD21812180020264B15
:1096D0001D58AA4219D008305028F9D1284B29A288
:1096E00008461946F9F778FFF8BD207B2168002568
:1096F000009508180A216A46FAF73EF800280ED0AD
:109700000D202076F8BD002007E018184268244B91
:1097100008461946F9F760FF0120E075F8BD1248C8
:1097200000990A2DECD042688A4202D008306D1CA4
:10973000F7E7092DE4D805683B20C0000B490D5020
:109740000020A075A07A022803D10948FEF744F84A
:1097500005E007480621FFF74FFCFFF745FC2846C8
:10976000FFF732F9D8E7C046ACCFFC07740CFD0711
:1097700037D7FC077C10005000100050C01000507C
:10978000C2DAFC074572726F722064657465726D8F
:10979000696E696E6720626175642072617465002C
:1097A0007DD9FC07FEB50D46009013484768006858
:1097B00001A98F80019005240020124E002C0BD4AB
:1097C00001A90A5DC0B228183146F9F705FF2846FD
:1097D000F8F7D6FB641EF1E7401EC0B22818F90363
:1097E00001D407A100E005A1032254F75FFC01208A
:1097F0000099C875FEBDC046240000402C520000F0
:109800002C5000009BD7FC077CB50446C07A032887
:1098100016D000283ED10D46214E716A1F4848439C
:109820007D21C90054F7DEFB0246B06A0A2141439C
:10983000336B00911EA12846F9F7CEFE01252AE0E0
:109840000021204602F0DCFB7D21C900484313497A
:1098500054F7B2FB124D68620221204602F0D0FBA1
:109860000A2154F7A9FBA8622068617B4018F9F728
:10987000EFF82C216854010C2A462C329170010A11
:1098800051702863A07A0125022804D105A0FDF7B4
:1098900091FF00E00025E5757CBDC0467102000027
:1098A000740CFD072B455343205345510D0A00000E
:1098B00025692025782025690D0A000010B5044689
:1098C0000068A17A012907D1FDF786FF91204000A9
:1098D000E84901220A5405E0801CFDF76BFF4A4865
:1098E000FDF768FF0120E07510BDC046740CFD0750
:1098F0007CB50446D7204000ED4E305C05280DD1E4
:10990000FCF766FB05462068A17A01291CD1FDF70A
:1099100063FF91204000012131541BE0FD20FDF741
:109920002FFD8088801D80B2FCF762FA002832D0BB
:1099300001A9FAF7D5F9002834D01F48C8210180C1
:109940001E4808210180FEE7801CFDF733FF2E48EA
:10995000FDF730FF002D0AD002F0E4FFFFF744FBD3
:10996000174D2888C00704D0FFF79EF9F9E70125B5
:1099700020E0012528023084A07A022807D0FDF7D4
:109980002FFB002803D091204000355412E0002026
:10999000F8F7B6FF0EE00848C82101800748082103
:1099A0000180FEE701A8017800252846FAF7B4F9FE
:1099B000C007A5D1E5757CBD0031005002330050D1
:1099C0001410005010B50446807A012808D1206890
:1099D000FDF702FF91204000D24901220A5410E015
:1099E0002020D049085C002804D002F09DFB02F042
:1099F00049FC06E02068801CFDF7DCFE0248FDF70C
:109A0000D9FE0120E07510BD63D7FC0710B50446F0
:109A1000FCF7DEFA002804D02121C24A012050546C
:109A200000E00020E07510BDB0B50446D72040002E
:109A3000BC4D285C052801D00A2804D1FF20B03095
:109A4000285C002800D0B0BDA07A0128FBD10420FA
:109A500052F763FA0328F6D0FF20B23000212954D0
:109A60000220FFF7CBFB01200002E082B0BDC04620
:109A7000B0B50446D7204000F24D285C0A2801D03A
:109A8000022804D1FF20B030285C002800D0B0BDEF
:109A9000A07A0128FBD1FCF79BFA0028F7D1FF2020
:109AA000B230002129540520FFF7A8FB0120000255
:109AB000E082B0BDFEB50746C07A02281FD00E4630
:109AC000002865D101200090002E69D00197042064
:109AD000C743002F63D03F48C519EC793046F8F7EB
:109AE0004FFA3018BA1DAA2C03D13C496B5C3E4991
:109AF00001E03B493B4BF9F76FFD7F1CE9E7387B01
:109B0000797B01973A680026029651180091101847
:109B100002AA3146F9F730FE0124002827463546CF
:109B200009D10298FF2804D0411E04293C4635463D
:109B300001D80024054602AA00983146F9F71CFE18
:109B4000029901293A4600D8324600283E46384656
:109B500000D11046002825D1002C23D1E8B2FF28DF
:109B600025D0681EC0B2012404281DD8194A101837
:109B70008278AA2A18D1184A835CCDB2AB42019FE1
:109B800004D0801801703046F9F754FE26461FE0D5
:109B90003949164A3046F9F71FFD002618E0019FA3
:109BA000009E15E0002600E02646019F10E00420FC
:109BB000C043084A094B019F002806D01418E579D4
:109BC000AA2D00D1E154401CF6E73046F9F732FEE9
:109BD000FE75FEBD6C09FD078202000087020000D1
:109BE0005ED7FC07A1D7FC0748D7FC0766D7FC0760
:109BF000BCB50446C07A012813D1207B216800251A
:109C00000195081801AA2946F9F7B6FD002813D1D5
:109C10000198411E052907D26A46117004200021CF
:109C200007E00020E075BCBDFF2805D10620022119
:109C30000022FAF71FFB0125E575BCBDB0B50D4646
:109C40000446002102F0DCF9C0B203280ED88000DF
:109C5000AE4908186D2189004258002A03D00649F0
:109C60002846F9F7B9FC0120E075B0BD0A2020763E
:109C7000B0BDC046740CFD07C2DAFC0710B504463F
:109C8000002102F0BDF9C0B203280DD880009F4921
:109C900008186D2189004058002807D0032102F0E0
:109CA0000FF90120E07510BD0A20207610BDC046D6
:109CB000740CFD0770B50446002102F0A1F9C0B292
:109CC000032825D8A17C642924D880008F4A121843
:109CD0006D208300D058D518002802D051F7D5FE4A
:109CE000A17C491C00262846324602F097FA00283B
:109CF00013D02868A17C491C54F7F1F9607B2168D6
:109D00000918A27C286854F7D1F90120E07570BDCC
:109D10000A2000E00920207670BD082020762E6001
:109D200070BDC046740CFD07F0B58BB00C460546FF
:109D3000FCF74EF90121E975E97A04290DD00029D3
:109D400072D1F74883894289C189807D0091019051
:109D50003D492046F9F740FC6DE00A90002728466F
:109D6000394602F04DF9069081B2062902D33348F4
:109D7000814200D3EF75089101212846059102F038
:109D80003FF9049080B2079080087D2800D3EF75DA
:109D900002262846314602F033F984B2642C02D3FD
:109DA0002748844200D3EF7509970A273846604355
:109DB0001921089A514354F7FFF80890039420465C
:109DC0003946099F54F7F8F8002904D10898401E35
:109DD0000799814200D9EF750321284602F010F956
:109DE00004460004800C00D0EF752640704270419C
:109DF0000A9908431BD0E87D00281AD005990C4029
:109E0000C74DAC750398E8810498A88106986881CD
:109E1000002E03D02976002002F078FA002C0AD018
:109E20002F76F9F79FF906E00020E87503E010208F
:109E300000E00E2028760BB0F0BDC046810C00007B
:109E4000017D0000740CFD0750D7FC07F8B50D46E6
:109E500004460020E075042052F75FF8E17A0329F8
:109E60000DD000294FD1F048438AC27D808A0090EE
:109E7000AC492846F9F7B0FB0120E075F8BD03288E
:109E800001D10F2021E00120E0750027204639464E
:109E900002F0B6F806460004400C00D0E775012138
:109EA000204602F0ADF8054680B21B2801D3FC28FD
:109EB00000D3E7750221204602F0A2F881B21B29E7
:109EC00001D3FC2903D3E7750E202076F8BDE17D90
:109ED0000029F9D0B1B21B220029044600D1144652
:109EE0007E26094B9C5300292C4600D114467A2229
:109EF0009C5276229C52E64A90825582481E8141AD
:109F0000D175F9F72FF9F8BD6479FD07740CFD07D9
:109F1000F0B585B00D4607460020F875F97A02299C
:109F200015D000294BD10097002D45D07427264C21
:109F3000264E782F40D0E35D28183A46733A3146D2
:109F4000F9F74AFB2846F8F71BF87F1CF1E77C7B02
:109F5000397B3E6800250495039501A88571194A4F
:109F600082807118019104A902F090FC002826D487
:109F700001A8857101252902818031190191049977
:109F8000491E049103A902F081FC002817D403980C
:109F9000411E884104990A06920E0BD1C9B20A4AA1
:109FA000511874228A5C824204D0743108700120F6
:109FB000FAF7B8FBFD7502E001200099C87505B0FD
:109FC000F0BDC04601040000040FFD0748D7FC07A0
:109FD000F0B589B00446C07A032813D000281DD1FB
:109FE000FF200A30D34D2B5C2120C0002A5C432087
:109FF0008000285C00904B4D08462946F9F7ECFAA2
:10A0000001200CE000252046294601F0F9FF010659
:10A01000490E07D00E202076E57501E00020E0759E
:10A0200009B0F0BDC0B2411E02468A412121C900DB
:10A03000C04F7A5400285CD001212046089101F0DD
:10A04000DFFF07460221204601F0DAFF0646FE2028
:10A05000394601402529DDD830402628DAD2432070
:10A060008000B4490E54FF2007900A300F54F0B21C
:10A0700005900A21049153F79FFF0290079A0E3230
:10A080000692AC498854F8B20390049953F794FFB0
:10A09000852149000491A74A50540921C943029AD5
:10A0A0004A43921987235E00A24B9A554143C8192F
:10A0B00007990C3158540F460E210398FFF7C8F842
:10A0C0000D210598FFF7C4F89A4AD15D0498105CF9
:10A0D00017460095032212021423F8F7EFFAB95D30
:10A0E0000698385C009513232A46F8F7E7FA089893
:10A0F00095E7FF2630460A30385C2946FFF7A8F876
:10A1000043208000385C2946FFF7A2F887204000F2
:10A110003D540E36BD55852040003D5270E7C04687
:10A12000740CFD0753D7FC07F0B589B004463E49CF
:10A13000D7204000085C052873D1FF27B037C85DE1
:10A1400000286ED1A07A01286BD1FBF741FF0028CF
:10A1500067D1607B2168085C02210143522960D1EC
:10A16000607C11285DD131A0FDF724FB607B216864
:10A17000085C0390207B06AA0026967045181035CF
:10A18000062E0ED0297806A84170691E0978017044
:10A1900000211022F7F722FF07A98855ED1E761C33
:10A1A000EEE704A901910898888007980490234855
:10A1B000092104251D232A4651F7FAFC06460120F1
:10A1C00002903075304615300622019953F76EFF24
:10A1D0000399523948424841F0760A20708145215E
:10A1E0007182318230810020B0814B208000F0816B
:10A1F00017200002F0800320C002B08013203080BE
:10A20000304651F7EEFC0221284651F754FE06482D
:10A21000C555192040010A49F8F7CAFD0298000205
:10A22000E08209B0F0BDC046740CFD07434F4E4EAE
:10A23000454354494E470D0A00000000110D00002F
:10A240005951FC07B0B50446FBF7C2FE002815D0F3
:10A250000BA0FDF7AFFAFF20B030E54906220A5403
:10A260000C480A210422022351F7A2FC1321417059
:10A270000125057051F7B5FC2802E082B0BDC0464B
:10A28000444953434F4E4E454354494E470D0A00EF
:10A29000740CFD07040E000070B50446154DD72060
:10A2A0004000285C052824D1FF26B036A85D002890
:10A2B0001FD1A07A01281CD1FBF78AFE002818D1F3
:10A2C0000DA0FDF777FA0220A8550E4809210422B7
:10A2D0000C2351F76DFC01258572002101810521B8
:10A2E000C1800A2181801121018051F77AFC280266
:10A2F000E08270BD740CFD075343414E4E494E47FA
:10A300000D0A00000F0D000070B50D460446D72061
:10A3100040000849085C401F46424641FBF758FE92
:10A32000034605A128463246F9F756F90120E075A3
:10A3300070BDC046740CFD0725642C256400000028
:10A34000F0B587B00646C07A02283AD001286AD014
:10A35000002800D08BE00D4604960124524F204681
:10A36000B847064602200190B847009003200390AA
:10A37000B84702904D4F002E3B4600D033464C4923
:10A380004C4E28462246B0472846F7F7F9FD00997B
:10A3900000293B4600D00B4628184549019A454EF6
:10A3A000B0472846F7F7ECFD0299002900D00F4688
:10A3B00028183F49039A3B463E4DA8470498C47568
:10A3C00055E0747B3568307B281805A901F0D0FE74
:10A3D000002847D00496002D49D02D192846F7F7BC
:10A3E000CFFD06462C46002E41D0F7F7BBFD217865
:10A3F0000068405CC007761E641C0028F3D105A8E5
:10A4000007782846F7F7BCFD312830D806469B2050
:10A41000C0432449002841D00C189E22A25CBA42B5
:10A4200027D03430F6E7307B3168081806A901F0F0
:10A430009FFE002816D0049606A806789B20C743E6
:10A440000125184C002F10D0E0199E21415CB1422B
:10A4500006D19F30332153F742FE2846FBF78AFD91
:10A460003437EFE70D20307601E00498C57507B06A
:10A47000F0BD2746A0373221384653F730FE012081
:10A480000390FBF777FD9F20039921543846294616
:10A49000324653F70BFE0398FBF76CFD012004993D
:10A4A000C875E4E7CC08FD0715C0FC07A1D7FC0779
:10A4B0005ED7FC07D935FC07FEB50446C07A0428F0
:10A4C00017D0002821D111200001494D2B5CFF201D
:10A4D00010302A5C2320C00028584526B600AD590C
:10A4E000009001951A4D08462946F9F775F80120A4
:10A4F0000CE000252046294601F082FD0104490CAC
:10A5000006D00E202076E575FEBD0020E075FEBD6C
:10A51000FF211031364A50540126CE4F2046314695
:10A52000B84711210901324A505402212046B84748
:10A530003A462321C9002E4F7850032120469047E8
:10A54000472189007D50452189007850E675FEBD80
:10A5500050D7FC07FEB50446C07A01280AD000286F
:10A5600030D12448827E254B08461946F9F734F845
:10A57000012028E0002502952168227B684685712C
:10A580000126330283808918009102A902F07EF926
:10A5900000281CD42420C0431549002815D00A18CF
:10A5A0002923DB00D25C401C1B2AF6D1243025284D
:10A5B0000BD2029801280ED0002801D1FDF724FC0F
:10A5C000354606E00020E075FEBD022000E00E20CA
:10A5D0002076E575FEBD074FB87E00283546F8D1D8
:10A5E00064200549F8F7E4FB0125BD767876F0E7AD
:10A5F000740CFD07040FFD078D5FFC077DD9FC0778
:10A60000FEB504460021934DA84706460121204689
:10A610000291A8470746022120460191A847F1B2BE
:10A620000A2901D0072914D1B9B2642903D019220B
:10A63000120191420DD1C2B2102A01D0082A08D1CC
:10A64000864A50700298E075642900D00198107015
:10A65000FEBD03202076FEBDF0B585B00491054611
:10A66000C07A032805D10221284601F0C9FC04461E
:10A6700000E0012401F0A6FD002856D0002628465F
:10A68000314601F0BDFC039404460127019528469C
:10A69000394601F0B5FC0290E0B201F0F7FC0097FA
:10A6A0003C026D4F6E4D0398C0B20390F0B2039917
:10A6B00088423DD202983018C0B23880674840784E
:10A6C00008280FD128888007FCD53C8028884007BF
:10A6D000FCD528888006FCD4288980062BD03888B1
:10A6E000C3B213E028888007FCD53C803C802888D2
:10A6F0004007FCD528888006FCD4288980061AD01B
:10A70000388800023988C9B2081883B2300605D0EB
:10A7100004980A490246F8F75FFF04E004980849E4
:10A720001A46F8F759FF761CC0E70220287602E0A7
:10A7300001980099C17505B0F0BDC04646D9FC0727
:10A7400049D9FC07FEB50D46044601F03BFD002843
:10A7500024D002940126194F194C7F2E21D0B0B27B
:10A7600001F094FC00203880A0888007FCD50120EF
:10A7700000023880A0884007FCD5A0888006FCD461
:10A78000A089800608D03888C0B2009028460DA164
:10A790002A463346F8F720FF761CDEE702202076B3
:10A7A000FEBD20880121884320800298C1750A4897
:10A7B0000188202291430180FEBDC0461013005045
:10A7C0006C13005025733078253032583A30782594
:10A7D0003032582C0000000004000050FEB5044642
:10A7E00000251C4E2946B0470190012120460291C8
:10A7F000B0470090022720463946B047064601F090
:10A80000E1FC002824D02F460198C0B201F03EFCA4
:10A810000098C0B210490880F2B21048437810483E
:10A82000082B029D0AD103889B07FCD50A8001886A
:10A830004907FCD501888906FCD407E003889B07FB
:10A84000FCD50F800A8001888906FCD4E575FEBD21
:10A850002776FEBD01C0FC071013005028DCFC0762
:10A8600070130050F0B5BBB00D46044626AF4B2127
:10A87000384653F734FCE07A02282BD001284BD11C
:10A88000207B216808180026079607AA3146F8F7AA
:10A8900073FF002843D10798401E04283FD8049432
:10A8A000C1B27A2003914843994909180591223190
:10A8B00026A81B2253F7FAFB0024974E2F461B2C89
:10A8C00030D026A8025D38463146F8F785FEBF1C19
:10A8D000641CF4E7607B21680A188B492846F8F766
:10A8E0007BFE0026002D00D19DE006972846F7F755
:10A8F00047FB962800D096E00698443006902846FC
:10A900008B300021814F04295FD07A5CAA5C491CFE
:10A910003B2AF8D0002686E00020E07584E00D2078
:10A92000207680E02846F7F72BFB3B21069129543F
:10A930000599813126A8192253F7B8FB2846F7F765
:10A940001FFB2E180024744F192C08D026A8025D76
:10A9500030463946F8F740FEB61C641CF4E728463A
:10A96000F7F70EFB0699295405995A3126A81022AB
:10A9700053F79CFB2846F7F703FB2E180024664F7D
:10A98000102C08D026A8025D30463946F8F724FE80
:10A99000B61C641CF4E72846F7F7F2FA069F2F541A
:10A9A000039A5B4B98185B49465C90001818C46882
:10A9B0002846F7F7E5FA0094281858A132463B4696
:10A9C000F8F70AFE0126049C2DE0017800263029C4
:10A9D00029D14078FE210140302924D1049439A89E
:10A9E000002484702246952C20DC00200592042847
:10A9F00004D0395C401C8C42F9D1641C295D39A813
:10AA0000017029194978417000260796102107AA7C
:10AA1000F8F7B2FE0028D6D126A80799059A8154E6
:10AA2000521CA41CDFE7E6753BB0F0BD07AD622108
:10AA3000284653F754FBA81C26AF1B22394653F770
:10AA400035FB2846613039461B31192253F72EFB5E
:10AA500028463A3034371022394653F727FB152061
:10AA600028700698017805910779C178039181785B
:10AA7000029144783AAEFF20307039AA2846314618
:10AA8000F9F78AFE200602990904081803990902B9
:10AA900040183178FF2924D0C21900240C20022547
:10AAA0001B4B072D0AD05E5DAA2E04D11E58A6426C
:10AAB00000D8264634466D1C001DF2E7792507A80C
:10AAC0004155C9B28D005D19EA605D18114E059FB0
:10AAD000AF55944200D81446621C9A60F8F796FE6F
:10AAE00070E70B4AD468103200210123052BD3D024
:10AAF00020CAA5421E4600D30E46A54200D32546D5
:10AB00005B1C31462C46F1E7C2DAFC07FCCFFC07A0
:10AB10006C09FD07820200004BD9FC072530325832
:10AB2000256325303858000010B50A46044603490D
:10AB30001046F8F751FD0020E07510BD66D7FC0700
:10AB4000FEB5029104460025294601F059FA074650
:10AB5000C6B20A21304653F72FFA252E01D9E575E2
:10AB6000FEBD0246029D0920C0435043C319E07A4E
:10AB70000128204613D10446F8488019FF212431CA
:10AB8000405C401E0328EBD8D0B2D9B2F7F7FCFDE9
:10AB900002461F492846F8F71FFD0125DFE701930C
:10ABA000012504462946029201F02AFA029BEB494C
:10ABB0008919FF2224328A5C042AD1D1C2B2012A27
:10ABC00010D0002ACCD11E3FFAB20A2A00D20423A8
:10ABD0005A06120D0D4BD218019BDBB200959D4019
:10ABE00055800DE000951E3FFAB20A2A00D20423D8
:10ABF0005A06120D019BDBB201269E40034BD65232
:10AC00002922D2008854009DA9E7C0460230005096
:10AC10007DD9FC07F0B587B00446C07A012847D03B
:10AC2000002814D10D4606942420C743834C84A6E3
:10AC3000002F3AD0E0192921C900435C1C2B04D015
:10AC4000284631462A46F8F7C7FC7F1CF0E700216A
:10AC50002046059101F0D4F90546012120460691D0
:10AC600001F0CEF9C6B2E77A032F01D1042E1FD12D
:10AC700003900495EDB271484019FF2102912431EF
:10AC8000425C1C2A0ED0242D0CD81B2E0AD81A2D5B
:10AC900008D0192D06D0062D0CD8069AAA40692393
:10ACA0001A4207D00C20207602E001200699C875D0
:10ACB00007B0F0BD644A12880192FE23049A134043
:10ACC0000E2B03D18023019A1A40EBD1401801903A
:10ACD0000A21284653F770F902460920C043504321
:10ACE00004994118701E03280CD200230093029887
:10ACF000C043039D0E4629020818114682B2C8B20D
:10AD0000F1B227E0042E08D0052E039B14D1092DA3
:10AD1000CED8C8B2032816D9CAE7032F1ED10D46D4
:10AD200002212046164601F06BF93246C0B2411EA0
:10AD300048424841294612E0062E1ED1092D1CD852
:10AD4000C8B2042819D2104600220092C0B2C9B27B
:10AD50001D460F23F7F7B2FC019E0AE00020019E7A
:10AD60000090D0B2C9B2032212020023F7F7A6FC6A
:10AD7000039D35700120E0759AE7F01F032816D86F
:10AD800017460491019EC0467844007940008744EC
:10AD90000125343207212846FEF75AFA0020009098
:10ADA000F8B20499C9B2032212020923DEE7182E71
:10ADB0002CD01B2E00D07BE70E461B2128461D46BB
:10ADC0001746FEF745FA21480677C77606980090A1
:10ADD000F8B2F1B2032212020023BBE70821284691
:10ADE000FEF736FA00200090F8B20499C9B20322A7
:10ADF00012020A23BAE70598069003200502FBF722
:10AE0000E7F8002810D00698009011E01820019E65
:10AE1000307006980090D0B2C9B2032212021D46CB
:10AE20001723F7F74BFCA4E7012006994140009156
:10AE3000F8B20499C9B200232A4697E7740CFD07BB
:10AE4000257325303264200012000050040FFD07E6
:10AE500070B504460020E075E07A01280CD0002887
:10AE600009D10D4647F746FF024616A12846F8F7D6
:10AE7000B3FB0120E07570BD0021204601F0C0F851
:10AE8000172803DB05460D48854202D30E202076A5
:10AE900070BDFF20B0300A4E305C0028EBD1A07AA4
:10AEA0000128E8D1042051F738F80328E3D035828F
:10AEB000A8B247F722FFF8F755F9DAE701020000D8
:10AEC000740CFD0725690D0A0000000070B50D46E1
:10AED0000446002101F094F8C0B203280FD8E17AAB
:10AEE00001290FD18000E4490818712189004258D6
:10AEF000002A2AD0E3492846F8F76EFB25E00A200D
:10AF0000207670BDA17C642922D88000DA4A12180C
:10AF100071208300D058D518002802D050F7B5FD15
:10AF2000A17C491C00262846324601F077F900280A
:10AF300010D02868A17C491C53F7D1F8607B2168A8
:10AF40000918A27C286853F7B1F80120E07570BD9C
:10AF50000920D5E7082020762E6070BD740CFD070F
:10AF600070B50446D7204000C34D285C052801D0A9
:10AF7000022804D1FF20B030285C002800D070BD2A
:10AF8000A07A0128FBD1FBF723F80028F7D1FF2096
:10AF9000B23001262E540A20FEF730F9F8F7F2F805
:10AFA000F7F772FD3002E08270BDC0467CB5044602
:10AFB0001B200601B04DA85D00280FD0207B216822
:10AFC0000818F7F745FD0021A9550190287801A937
:10AFD000042201252B46F7F7BFFE00E00025E575AA
:10AFE0007CBDC046F8B50446807A022816D1FF2001
:10AFF00022300E4901250D540DA0FCF7DBFB267B0A
:10B0000027682846F7F77CFC002805D1B9199D4828
:10B01000F8F74EFA01F014F8074802E0207B2168A7
:10B020000818FCF7C7FB0120E075F8BD740CFD079C
:10B030002B5052494E543A0046DBFC07F0B585B020
:10B040000D4604462420C043F149002834D00A1894
:10B050002923DB00D25C401C182AF6D12430252895
:10B060002AD2E07A03282DD1667B207BA17B009138
:10B0700027680021049103910191029138180A2157
:10B0800004AAF8F779FB00280ED1B8190A2103AAFF
:10B09000F8F772FB002807D1009838180A2102AA95
:10B0A000F8F76AFB002815D07649594A2846F8F780
:10B0B00093FA019EE67503E00020E07502202076F9
:10B0C00005B0F0BD0020E0756E49514A2846F8F7FA
:10B0D00083FAF5E70499C8087D280BD32A488142F2
:10B0E00008D2029D642D05D32848854202D2039FD1
:10B0F000652F02D30D202076DBE725480078002855
:10B10000DED1244B1888082200921043188018883A
:10B11000032202431A80204E30890422904330815A
:10B120001E4852F749FF401EF080308901210191ED
:10B1300008433081F9B2F088401C4843642152F73B
:10B140003BFF30803089022188433081A8B2F7F775
:10B150006BF80022124BF6F7EFFF01F029FCF7F72E
:10B1600071F81049F7F724FE002803D00848019E23
:10B1700006709FE73089012188433081054908889E
:10B18000009A904308809BE721A107001127000047
:10B1900045DDFC07040000500834005080841E0088
:10B1A0000000244081C5FC077FB50D460446C07AE7
:10B1B000012808D03349002817D1144A2846F8F747
:10B1C0000BFA012016E0217B226802A80026867176
:10B1D0000D4B838051180291019601A901F056FB95
:10B1E000002809D00D2020760CE0094A2846F8F7FF
:10B1F000F3F90020E0757FBD2249044A2846F8F79C
:10B20000EBF90126E6757FBD010C000025D7FC0790
:10B2100066D7FC07B0B50C46054652F735FF024627
:10B2200003A12046F8F7D8F90120E875B0BDC04663
:10B230003078253038580000B0B50D46044604205B
:10B2400050F76BFE03280AD1EB2040000A49085C46
:10B25000002808D0FF21C943421808A105E01020AA
:10B260002076002005E0074907A22846F8F7B4F940
:10B270000120E075B0BDC046740CFD072564206454
:10B28000426D0000C2DAFC0753616D706C696E6735
:10B290002E2E2E00BCB50446C07A01280AD0002804
:10B2A0001AD11A480278824B08461946F8F794F9E1
:10B2B000012012E0207B216808180025019501AAD1
:10B2C0002946F8F759FA002802D10198052806D333
:10B2D0000E202076E575BCBD0020E075BCBDFAF7F8
:10B2E00077FE002801D00F20F3E70198C0B207498C
:10B2F0000978814203D0FCF725FB0020A0752120AE
:10B30000274900220A540125E4E7C0460CDCFC076B
:10B31000F8B504460025294600F072FE00062DD03F
:10B3200075208000FF2211460231874E315287205E
:10B330004000315C0E32B05CF7F726FA002806D1E7
:10B340002120C000305C002801D0134801E0012515
:10B350001248134F3863284601F00AF82120C00034
:10B36000305C002804D00F4801680222914301603C
:10B370003879002808D0812078710AE07520800093
:10B38000714900220A5204E007480121C1700748B0
:10B3900001700120E075F8BD05C2FC074DC7FC0730
:10B3A000040FFD07101000505877FD07B477FD0714
:10B3B000F8B504460021134EB04707460125204644
:10B3C0002946B047009002212046B047002808D007
:10B3D000FFB2032F07D8009A1106890E06D00A2063
:10B3E00002E00D2000E00B202076F8BD06490A702F
:10B3F000E5750649F7F7DCFC5349C919FF226E329F
:10B400008854F8BD01C0FC07F80BFD076189FC07F3
:10B41000740CFD0770B504460025294600F0F0FDC8
:10B42000C0B203280DD848490918FF226E32885C43
:10B43000002803D08E18F7F7E7FC35700120E0757F
:10B4400070BD0B20207670BD10B50446C07A002870
:10B4500011D00021204600F0D3FDC0B2411E0246AB
:10B460008A41AD210B4B5A54A17A02290FD10028F1
:10B470000AD00CA009E0AD20064A125C0C4B08462D
:10B480001946F8F7A9F802E003A0FCF793F90120A8
:10B49000E07510BD540EFD072B4543484F204F4625
:10B4A000460D0A002B4543484F204F4E0D0A000021
:10B4B0007DD9FC0710B50446002100F0A1FDC0B203
:10B4C000411E8841AE21024A50540120E07510BD52
:10B4D000540EFD0710B50A46044603A11046F8F7BE
:10B4E0007BF80120E07510BD436F64654C65737394
:10B4F000204441313435383520765F362E333830AC
:10B500002E32302E3636200080B5024837F76AF9E1
:10B5100080BDC0461111111110B5044600F0A0FC09
:10B52000FCF772FC0120E07510BD000080B50648F4
:10B53000416D002900D080BD0121016541650220D7
:10B5400001F052F880BDC046740CFD07F0B585B01F
:10B550000C46F64941180B2932D9F54941180929F9
:10B5600000D980E0880001A10858874695B5FC07FE
:10B5700027B9FC073DB7FC0727B9FC0727B9FC072B
:10B5800027B9FC074BB7FC0727B9FC0727B9FC070D
:10B59000D7B6FC07FF20B030E8490A5C032A04D183
:10B5A00000220A54E948FCF705F920780D2800D05C
:10B5B000B9E16088E649884200D0B4E1607864E08F
:10B5C000880001A108588746F9B5FC0727B9FC0790
:10B5D00027B9FC077BB6FC0727B9FC0727B9FC078E
:10B5E00095B6FC0727B9FC0727B9FC07DFB6FC07AF
:10B5F00027B9FC070DB7FC07FD2037F720F90146F6
:10B60000D0480422AD2350F7D3FA0546CE485C302B
:10B6100037F788FA00260028374602D0466850F7E8
:10B6200034FA019620780C214143C74840188078AD
:10B630002870608868803046F6F7A2FC3E46AF71FD
:10B64000401CA880EC1D87B2204601993A4652F76B
:10B650002DFD3819401E06700198002801D050F7C2
:10B6600014FA284667E0B349884200D1D9E0B249CC
:10B67000884200D057E100BF55E120880F2800D153
:10B6800002E10A2800D04EE1A078002800D102E1B2
:10B69000002001E16088801E0E2800D943E14000AF
:10B6A00078448088400087440E003E013E013E0100
:10B6B0003E0110013E013E013E01FA003E0115012E
:10B6C0003E011A010301FF20D630EA49085C002838
:10B6D00001D000F045FCA188A01D0222C6E06688CA
:10B6E000A248082519462B4650F762FA00218180AE
:10B6F0006288428022780C235343934AD21892786E
:10B700000270022E00D00321817114E075208000A8
:10B71000D84900220A54FF20B030085C801E02285D
:10B7200000D9A0E08648FB3009210422012350F70C
:10B730003FFA0221017050F754FAF4E0CD48483046
:10B740002188CA1E8167C267EDE0A51D81491022CC
:10B75000284652F7CFFC002804D16088C5494880AC
:10B76000FBF796FE7C491022284652F7C3FC0028BE
:10B7700002D16088BF49888078491022284652F754
:10B78000B9FC00280DD16088BA49C88004A90122FB
:10B790000A8000220092401C80B202220C2300F09A
:10B7A000A3FE6F491022284652F7A4FC002813D1AB
:10B7B0006088B04EB08303A901220A800022009263
:10B7C000401C80B202220C2300F08EFEFF200230CB
:10B7D00048217052FBF77EFE62491022284652F73C
:10B7E00089FC002802D16088A24948835E49102262
:10B7F000284652F77FFC002800D094E060889D4CDA
:10B80000E08302A901220A8000220092401C80B23B
:10B8100002220C2300F068FEFF2002304821605213
:10B8200081E0A088934DE988884213D121781229BC
:10B8300010D14348082104220C2350F7B9F92121E3
:10B84000C900018000210181C180A988818050F751
:10B85000C8F9A088A98B88420BD12020285C002839
:10B8600061D0618837E022792168601D00F004F919
:10B8700059E0E98B884256D1A079022847D00128A7
:10B8800051D14820012144E04120800079490A58E3
:10B89000521C0A5047E00120FDF748FB43E0E188D5
:10B8A000C82274488152A179C90721D1002122E020
:10B8B000A079E17909020818012834D149206D499D
:10B8C000085C00282CD001202BE0A079C00716D1FD
:10B8D000002017E0A188A01D00F0F8FE23E0A07969
:10B8E000022818D001281ED148206249012215E003
:10B8F000E279514251414172FBF7ECFD13E0E179ED
:10B90000484248415B490872FBF7C2FD0BE0482002
:10B910000021295407E04820564900220A5402E039
:10B92000022000F061FE05B0F0BDC046FC02FFFF42
:10B9300000F4FFFF0C0C0000110E0000740CFD075A
:10B94000080C000005FD0000800FFD0737D7FC073D
:10B9500032FE000038CCFC0748CCFC0728CCFC07A2
:10B9600078CCFC0768CCFC0758CCFC070EFD000027
:10B97000FEB52C4F787802A90870786838180299BB
:10B9800001727868401C7860AD21795C00290DD087
:10B9900002AC2078FBF76AFD2078082805D120202A
:10B9A000FBF764FD0820FBF761FD786802A90978C0
:10B9B0000D2901D0A62822D33818002101727C68F5
:10B9C000A52C1BD82046083083B20E4801910421D3
:10B9D0000A4650F7EDF80546012028712C60681DD5
:10B9E0003E4608363146224652F760FB284650F75D
:10B9F000F8F8A521304652F772FB0199796000F002
:10BA000055FAFEBD0FFD000080B504480449816170
:10BA10000448401C0121FDF74FF980BD7803FD0764
:10BA200071B9FC07540EFD0780B5002805D0EFF36F
:10BA3000108172B650F7FFF862B680BD10B5EFF313
:10BA4000108072B60B48016F022901D8002100E076
:10BA50000121C26C544254410C40012C06D10121F9
:10BA6000C1640020FDF724FA62B600E062B6204609
:10BA700010BDC046740CFD07F0B58DB00D460446F0
:10BA800006A803928272002606720694079108198E
:10BA9000401E067004200490C043002805D006A96B
:10BAA00009188E754E74401CF7E706A80676012724
:10BAB000C78220787C2810D0412802D16078542891
:10BAC0000BD0DC492046FCF7ADF9002842D1DA4919
:10BAD0002046FCF7A7F900283CD13046C1B2A94264
:10BAE0000FD2615C0D2903D0082905D1761E06E02E
:10BAF000F1B20022625401E0F2B2A154761C401C63
:10BB0000ECE72078002807D07C2819D041281CD1E8
:10BB10006178542904D018E06178002915D10027F4
:10BB2000A17872291BD10398022801D1722919D05A
:10BB300001280AD1722908D12046FBF74DFE0CE0FE
:10BB40000398022806D00128F6D00620F7F706FE53
:10BB5000B94800E02046FBF72DFE0DB0F0BD01D046
:10BB60002B2904D1E0782B2809D0032006E0791E88
:10BB70008F41002801D1780000E00220049006A93E
:10BB80000020C872049A4A72C1B2A94206D2625C0D
:10BB90003D2A08D0002A11D0401CF5E700230127D8
:10BBA00019461E4611E00027675406AA0123D372E6
:10BBB000461C16730499411A117206E00499411A41
:10BBC00006AA1172461C00230127C8B2042830D0EF
:10BBD000052854D0082800D088E0019002970393EC
:10BBE0000498C1B261180022944B082A06D09F5CC9
:10BBF000885C521CB842F8D0521E00E00822029F16
:10BC0000887A2C28039B0FD1082A0DD306A801217E
:10BC100041740223C372049A1146093101730B3235
:10BC20004273A91A81746CE00198052827D0042872
:10BC30005CD103930498C0B2201882490422F6F71D
:10BC4000BDF9411E884138432FD106A8077BE01972
:10BC50002C21F6F78BF9002824D006A90222CA72FB
:10BC600000220270099A069CA218821A4A74001BCC
:10BC7000401C4873079A101A8874CB7A41E01F461B
:10BC80000498C0B220186E490522F6F797F90028EB
:10BC900001D03B462AE006A80123C3720999691A1C
:10BCA00041742EE0E81B06A94874039B1EE0215C4A
:10BCB00000291FD02C2901D0761C17E00021215427
:10BCC00006A8C37A052B00D9B1E006A801460C31BD
:10BCD000721CCA541C465B1EC95C641CC472C0182A
:10BCE0002346711A4174069C079D1646F0B28542A0
:10BCF000DDD806E0052B04D806A81818C17A711AF9
:10BD0000017406A8417A61180291007A039000201C
:10BD10004D4C3C2826D004906078A1780902081880
:10BD2000E17822791202511809040D182778284663
:10BD30001E46F6F725F933460F2139408E420DD3C2
:10BD400039098B420AD8C2B20398904206D10298B0
:10BD5000294652F7CFF9334600282DD009340498EC
:10BD6000401CD6E73C2405A8FF21032200F056FA28
:10BD700000281DD009206043334908184179827991
:10BD800012025118C279007A000280180004421889
:10BD9000059C06A821469047912045002B4E705DDA
:10BDA00000280BD020464FF770FE00207055D4E6D7
:10BDB0000820F7F7D3FCD0E6049CD4E706A8007E61
:10BDC000411E0F290AD8AE21214A515C002905D015
:10BDD0008000204909582046F7F7FEFB06A8807D21
:10BDE000002820D006ADE87D002801D0114B00E0EE
:10BDF000114B19A120462246F7F7EEFBA87A401E08
:10BE0000032809D8784400794000874401090101DA
:10BE10002046FBF7CFFC06E00520F7F79FFC02E089
:10BE20002046FBF7D9FC20464FF72FFE95E6069CEF
:10BE300067E7C04637D7FC073ED7FC07F5D7FC07B6
:10BE400022D9FC0746D8FC0780CDFC07740CFD07FF
:10BE5000540EFD0790DBFC072573257300000000DE
:10BE600010B52420C143E648002906D042182923F2
:10BE7000DB000024D454491CF6E74F218900084A0E
:10BE80004252FF212431132242542522D200054B75
:10BE900083529A4A044B138040181421C17010BD7C
:10BEA0000C0B0000161500000208000080B52020D1
:10BEB000F349085C002800D080BDFFF7A5FD80BDD8
:10BEC000F0B585B001910546F6F75AF8401C02908E
:10BED000002634460298864238D0A85D3B2801D01F
:10BEE000002831D1F6F73EF800682146E2B2AB5C9B
:10BEF000C35CDB07641C002BF7D1AA1803920496DD
:10BF00003246521ED3B2EB5CC35CDB07F9D1501A48
:10BF1000801CC6B23346083304210D480A464FF749
:10BF200047FE0446019820712660671D3846314659
:10BF300052F7D5F8721E3846039952F7B7F82046E3
:10BF40004FF74FFE049E741C761CC3E705B0F0BD8E
:10BF50000FFD000080B50421FFF7B2FF80BD000097
:10BF600080B500F0DFFCC5480179002902D08021AE
:10BF7000417104E006480021C17006480170752037
:10BF80008000DF4900220A52F8F7C0F980BDC046A0
:10BF90005877FD07B477FD0770B5EFF3108072B6E0
:10BFA000F24C2046683036F7CEFD2046943036F706
:10BFB000CAFD62B625464835A86B084EB047286EC4
:10BFC000B047E06FB047EFF3108072B600202866EC
:10BFD000A863E06762B6287770BDC04629BAFC073F
:10BFE00080B506480821042213464FF7E1FD0021E1
:10BFF0004180012101704FF7F4FD80BD010C00006C
:10C0000080B54118097B00684018F6F721FD80B221
:10C0100080BD000010B56A498B1C0022032A05D0A0
:10C020001C78844203D03433521CF7E70322D0B289
:10C03000342242438918C878002800D0081D10BD5A
:10C0400010B5FF2002461032C8498A5C002A10D081
:10C050000D4A1368002B12D022300C5C002C07D044
:10C06000012B05D100230B540220106000F0ACFB23
:10C0700010BD223000220A540348026001E0012072
:10C080001060F7F76BFA10BD54DDFC0770B5184966
:10C090000A88202422430A8016490B8801229343F0
:10C0A0000B80154B1D8815431D801D8840262E438F
:10C0B0001E801D8825431D80104C2478641E654217
:10C0C00065416C001D880626B5432C191C801C8810
:10C0D0001025AC431C803F24A4029D8825400543C5
:10C0E0009D8008881043088088888006FCD470BD35
:10C0F000040000506C1300500013005028DCFC07B3
:10C1000010B5F44C2046683036F704FD20469430D4
:10C1100036F700FD20464830002101668163E16763
:10C120000121017710BDC04610B5FCF7B3FCFFF745
:10C1300033FF00F0A7F8FFF7F9F900F0A3FA442065
:10C14000E44C002121542020215407484160017013
:10C15000606AC117090F401800110449F6F728FE5C
:10C160004221605410BDC046540EFD07A9C5FC070E
:10C17000BCB50D460024019401AA2146F7F7FCFA4C
:10C18000002807D10198411E022903D80124002D5F
:10C1900000D028702046BCBD10B509498B1C002278
:10C1A000032A05D01C78844203D03433521CF7E7AD
:10C1B0000322D0B2342242438818C07810BDC04652
:10C1C000CC08FD0770B52420C04300210122E94BB3
:10C1D0000C4600280FD01D182926F600AE5D082E4B
:10C1E000154600D02546072E144600D00C46401CAC
:10C1F00021462C46EDE721400120084070BDC04695
:10C20000740CFD0780B500F08DFBD948024901632D
:10C21000012000F0ADF880BD4DC7FC07F8B517460A
:10C220000C460646084611464FF76CFB05460028AB
:10C2300007D0204639464FF7ADFB3060214651F715
:10C240004EFF2846F8BD000010B52020C84C205CE9
:10C25000012805D10220FCF7D1FF0120E07710BDB5
:10C26000FF20B030F74900220A54F9F7B1FE002848
:10C2700002D1C248FBF79EFA10BDC046040FFD076D
:10C28000740CFD07B0B5EF204000EE4C002525549E
:10C29000E06F002809D0EFF3108072B6E16F2046FE
:10C2A000683036F7A1FCE56762B6B0BD10B5BC20BA
:10C2B000F34C205C002821D012480A2104220623D6
:10C2C0004FF776FC142101707A220F498A5A7F2A8F
:10C2D00000D37F2242807C22895A8D22D200914253
:10C2E00000D3114681804FF77CFC002045F725FCE8
:10C2F0004834C11EA067E167FFF772FE10BDC0465B
:10C30000740CFD072B0E00006479FD0770B58100E9
:10C31000144D6C58002C14D16E1801020A311248C9
:10C3200004220E234FF744FC044609202070346099
:10C330000C20A0800021A1816181FA222281E1806C
:10C340006080DF484189A18061808189E180C08966
:10C350000A2151F731FE208120464FF742FC002090
:10C36000286070BDBC06FD070E0E0000740CFD07B2
:10C37000FCB501902121C900F24A545C002C03D085
:10C3800087214900535C00E00523FF21002C03D0E6
:10C390000C460E34145D00E00224DAB2250602D108
:10C3A000DDB2082D06D3E4B2012C51D1DDB2062D49
:10C3B0004ED20832154616467A4A138810241C437A
:10C3C0001480454B01245C800198B040019000949A
:10C3D000AC401E4612360025202D13D0CF433288A4
:10C3E0003A400198E840C0B210183080B01C083EB6
:10C3F00032883A402746EF40FFB2D21932800835E2
:10C400000646E9E703200002019989090140DA8A1A
:10C41000324D2A405118D982A1090140D8892840BB
:10C420004018D881009C9C800020188118883F21EA
:10C43000884318801888802108431880284802689B
:10C440000A437F218A430260200426490860FCBD1C
:10C45000A51E68426841022C05D1DDB2082D02D12B
:10C460000E252E46A8E70F260127022C05D1DDB2A6
:10C47000092D02D13846354613E0022C06D1DDB233
:10C48000072D03D81546103538460FE00025EF4339
:10C49000082A01D33D4601E015461835032C00D08B
:10C4A0003D46002802D0DFB2092F85D0002804D0F5
:10C4B000DBB2072B01D810327DE70023DB43082ACB
:10C4C00001D31E4601E018321646032C00D173E753
:10C4D0001E4671E7740CFD0700010050FFFCFFFFD2
:10C4E00010E400E000E100E0FEB5002825D01E4683
:10C4F0001446074608980190C948007802911146F1
:10C500000C318BB20002083081B20C4804224FF784
:10C510004FFB054600206881E8802C81AF802E709B
:10C52000019868800120687028460C3002992246E4
:10C5300051F7BCFD28464FF754FBFEBD0A0C000026
:10C5400010B576209949085CFF21B031B44A515C9E
:10C55000062906D1094C002806D00748FBF72AF91E
:10C5600002E0002803D0044C2046FBF723F910BD5D
:10C57000040FFD07740CFD0713D7FC0737D7FC0722
:10C58000064801880122914301800548002101707D
:10C5900004480188082291430180704710340050FC
:10C5A00045DDFC070400005070B59D4D28462C3039
:10C5B000032101242246FCF739FC686AA96AC217E4
:10C5C000120F8018001140180649F6F7F1FB4221BE
:10C5D00068543426A85D002800D070BDFFF714FA17
:10C5E000AC5570BDA9C5FC07BCB5044601A80470D4
:10C5F000D72040008A4D285C052808D1E88B00210F
:10C60000009101A901220D23FFF76EFF13E0FD2029
:10C6100036F715F901460C48042207234FF7C8FAEC
:10C620000121417084710F22428081806249097822
:10C6300001704FF7D6FA012000022958491C2950F1
:10C64000BCBDC046740CFD0706FD000010B52120DE
:10C65000C000734C205C002804D07248016802229C
:10C66000914301602320C0002058142151F7A4FCFD
:10C670006E49F6F79DFB09214901605410BDC04683
:10C68000740CFD07FEB5684600210171029103910B
:10C69000049105913B21C900614A5158FF221206BD
:10C6A00091434322120689180091FCF72DFA5D4848
:10C6B0002221016003480449016106B080BDC046E3
:10C6C000740CFD077803FD0749C7FC07F8B50C4655
:10C6D00001462020524D285C002832D0A01D83B294
:10C6E00000200091014602464FF762FA0646F82004
:10C6F000295809192950FC202958491C29502F462E
:10C700004837786E401C7866B01D0099224651F774
:10C71000CDFCB4800C3EEFF3108072B62846943006
:10C72000314636F71BFA62B6786D092807D3286DB3
:10C73000002804D1012028650220FFF755FFFBF7F0
:10C74000EFFAF8BD740CFD070020704710B500F03B
:10C75000E9F816480179002902D08021417104E0EE
:10C7600013480021C17013480170FF21D6312C4AB3
:10C770000020505410493431104C052809D00A6863
:10C78000002A02D0091D401CF7E70D4A0A600D4936
:10C790004418F6F763F9002801D1F6F723FEA0B29A
:10C7A000042100224FF733FA10BDC046040FFD07E5
:10C7B0005877FD07B477FD07800FFD07FFFF0000E6
:10C7C0000D43FC070E040000B0B547208000144D57
:10C7D000295845229200AA58914220D2491C29503A
:10C7E0002120C000285C002805D00E4822210160CD
:10C7F0000D4C142108E011200001281801210A46DF
:10C80000FCF714FB094C0A212320C000285851F7DB
:10C81000D3FB2146F6F7CCFA092149016854B0BD93
:10C82000740CFD07101000504DC6FC07C9C7FC076B
:10C83000FEB516460C460546F5F7A2FB032151F757
:10C84000BBFB401C307002A900278F70C6B2009657
:10C850000194002E0DD0297802A8017069784170EA
:10C8600000211022F5F7BAFB2070761E641CED1C27
:10C87000EFE7019A009BF8B2984203D2115C40188E
:10C88000471CF8E7C11A48424841FEBD82B0FEB5D8
:10C890000646089209930020C543002E12D037683F
:10C8A000002F0FD00C463846F5F76AFB002809D058
:10C8B000042807D8002102AA38460F46F6F75CFF85
:10C8C000002804D02846FEBC02BC02B008473179DB
:10C8D0000298884202D37179884217D9B07900282A
:10C8E000F0D008A80190B0790021029A884208D0BF
:10C8F000019B1D1D0195491C1B689A42F6D1491EDA
:10C9000000E001460027814200D3FF43002C06D0FF
:10C91000002F3D46D6D1029820600025D2E73D4643
:10C92000D0E700000A49012088800A8880239A43C2
:10C930000A80084A1288D20709D10988090606D454
:10C94000000451490860BFF34F8FBFF36F8F7047EA
:10C9500000010050000200502021020C01D01021E3
:10C960001046020A01D010460839020901D01046CB
:10C97000091F820801D01046891E420801D0881E76
:10C980007047081A704700000048704708DCFC0731
:10C9900002E008C8121F08C1002AFAD17047704788
:10C9A000002001E001C1121F002AFBD170470000E6
:10C9B000F0B513B406460199F5F784FD04460D461B
:10C9C00002460B4630460199F5F76EFD0646019882
:10C9D0001B4B0F4600280CDA00223046F5F7B0FD5D
:10C9E0000CD90022174B30463946F5F7BDFD1DD254
:10C9F00014E000223046F5F7A3FD08D20022124BC6
:10CA000020462946F5F750FD04460D460EE000226B
:10CA10000C4B30463946F5F7A7FD07D800220A4BE4
:10CA200020462946F5F79CFC04460D46019A69000C
:10CA30004908D20FD2072046114303B0F0BD0000D1
:10CA40000000E0BF0000E03F0000F03F0D4806217D
:10CA500001800120C1030C4A1160BFF34F8FBFF367
:10CA60006F8F02211160BFF34F8FBFF36F8F106084
:10CA7000BFF34F8FBFF36F8F0520000700210180A8
:10CA800062B670470034005080E100E00040404052
:10CA90004040404040404141414141404040404091
:10CAA000404040404040404040404040400502023D
:10CAB00002020202020202020202020202202020FC
:10CAC0002020202020202002020202020202909058
:10CAD0009090909010101010101010101010101056
:10CAE00010101010101010100202020202028888AA
:10CAF00088888888080808080808080808080808B6
:10CB0000080808080808080802020202400000009D
:10CB10008DCAFC076C09FD0700D001008C020000E3
:10CB2000C80FFD070070010014000000760FFD071C
:10CB300000B0010008000000CC08FD0700900100D3
:10CB4000A0000000010000001130EF000000020012
:10CB5000020000001230EF0000000400030000009B
:10CB600000421F0000000200040000001120C2006B
:10CB700000000200050000001128C20000000200B1
:10CB8000060000001228C200000004000F00000090
:10CB900011608500000002001000000011408500B7
:10CBA00000000200130000001264C800000004002E
:10CBB0001400000001431F000000040015000000E5
:10CBC00001111F00000004001600000002441F00B5
:10CBD000000008001700000008441F0000000800C3
:10CBE0001800000001841F00000008001900000068
:10CBF0000C441F00000008001B0000000C451F0033
:10CC0000000010001C00000001651F000000010072
:10CC10001D00000001101F00000002001E000000A7
:10CC200008451F000000100039560DC15618259FF9
:10CC3000454AF9D4398B04E22554E44D5914D1B74F
:10CC40001D41CDE8B98F4F9104A459DC066B09AAA8
:10CC5000BE4FB250AA35B53BB95C49D204A340716E
:10CC6000A0B535853EB08307BA5C49D204A34071B4
:10CC7000A0B535853EB08307B85C49D204A34071A6
:10CC8000A0B535853EB083070000000098CCFC07B6
:10CC9000C006FD0704000100A0CCFC070100000055
:10CCA000FFFF0000592EFC07021400004146FC075C
:10CCB000010D00003D55FC07000D00004153FC072D
:10CCC000000E0000A94BFC07010E0000D54BFC072D
:10CCD000030E0000954DFC070A0E00000950FC07EA
:10CCE0000C0E00000151FC071C0D00007555FC07DF
:10CCF000100D0000C151FC070F0E0000B150FC07E1
:10CD00002C0E0000AD50FC07120C0000C558FC07AB
:10CD1000080E0000D150FC07090E0000C54BFC07AF
:10CD20001B0E0000FD50FC07130E00009949FC0784
:10CD3000150E00001148FC07170E0000BD4EFC0741
:10CD4000190E0000A94EFC07150D00008551FC07C7
:10CD5000210D00009D55FC07220D00009955FC0790
:10CD600000FC00006587FC0701FC0000917EFC07C9
:10CD700002FC00002587FC0703FC00000984FC0777
:10CD80000046DBFC07B192FC070019D8FC07D5B4BC
:10CD9000FC071005D8FC0749B4FC07005CD9FC0768
:10CDA00019B5FC0700E6D8FC0709B5FC071107D840
:10CDB000FC07B5B4FC0700C6D8FC07A597FC072103
:10CDC0005ED8FC07CDAEFC0722F5D7FC07B59CFC6E
:10CDD000071154D9FC077D9CFC0711C8D7FC073DFF
:10CDE0009CFC073328D9FC07B1B3FC0711A0D8FC81
:10CDF0000715B4FC071192D8FC0711B3FC073010DB
:10CE0000D8FC0715ACFC072187D8FC0741ABFC0711
:10CE100011B1D7FC070193FC07003AD9FC076995CB
:10CE2000FC07006DD8FC0745A7FC073309D8FC07B1
:10CE300001A6FC0732C0D7FC0759A6FC0733FED772
:10CE4000FC07DDA7FC071122D9FC07E5AFFC0700B2
:10CE5000E8D8FC0709A3FC0711A9D7FC07D993FC64
:10CE60000700A9D7FC077993FC0711B0D8FC076924
:10CE700094FC0700B0D8FC071D94FC0700A8D8FC60
:10CE8000072195FC071031D9FC07AD94FC07003E43
:10CE9000D8FC07719AFC070033D8FC0761AFFC0788
:10CEA00000CDD8FC07299AFC070075D8FC0799A289
:10CEB000FC0722F8D8FC0729A1FC070003D9FC07CE
:10CEC00045A2FC070062D8FC0715B2FC071183D805
:10CED000FC07ADAFFC0711D8D7FC07F19BFC07207E
:10CEE0008AD8FC07B59AFC0721D1D7FC0765A8FCB6
:10CEF000072046D8FC0741A3FC07201CD9FC0711DA
:10CF00009FFC0700B8D8FC07BD98FC07001BD8FCA5
:10CF100007F198FC070011D9FC07C599FC0730B947
:10CF2000D7FC070998FC0700EBD7FC070D9AFC0714
:10CF30000025D8FC07BD98FC0740BFD8FC07299DF9
:10CF4000FC07307DD8FC074D9EFC07103FD9FC073D
:10CF500051AEFC07304BD8FC07D19FFC074098D856
:10CF6000FC07B9A4FC071057D8FC07A9B1FC07338C
:10CF700069D8FC073DB0FC070016D8FC0739B2FCA5
:10CF80000710B5D7FC0795B2FC0710F2D8FC07557F
:10CF9000A5FC0710CCD7FC078D96FC071050D9FCD8
:10CFA0000729ABFC0700022903280028050400001C
:10CFB000008403000B08000000C2010006110000FD
:10CFC00000E10000011A0000009600000C220000A1
:10CFD0008070000001340000004B00000745000095
:10CFE00040380000036800008025000005D00000E4
:10CFF000C01200000BA001006009000036698A8D94
:10D0000001D2008005000100FD00000040D0FC07B7
:10D0100011000000892AFC07000000000000000049
:10D0200000000000FF000000000000000000000001
:10D0300000000000000000000000000000000000F0
:10D04000AACFFC0710000000010000001000100033
:10D0500007D2FC07A8CFFC07020000000100000077
:10D06000000000000000000038CCFC0710000000A9
:10D0700009000200A500000000000000A8CFFC0786
:10D08000020000000100000000000000000000009D
:10D0900048CCFC071000000009000200A580000039
:10D0A00000000000A8CFFC07020000000100000003
:10D0B000000000000000000028CCFC071000000069
:10D0C000090202000100000000000000A6CFFC07DA
:10D0D0000200000009000200020000000000000041
:10D0E000AACFFC0710000000010000001000100093
:10D0F000F7D1FC07A8CFFC070200000001000000E8
:10D10000000000000000000078CCFC0710000000C8
:10D1100000020000FA00000000000000A6CFFC079B
:10D1200002000000090002000200000000000000F0
:10D13000A8CFFC0702000000010000000000000072
:10D140000000000068CCFC07100000000880000010
:10D15000FA00000000000000A8CFFC070200000059
:10D1600001000000000000000000000058CCFC0797
:10D170001000000009820000010000000000000013
:10D18000A6CFFC0702000000098002000200000098
:10D19000000000009CD1FC0709000000130C0000F7
:10D1A000C557FC07150C0000E55AFC07170C0000DA
:10D1B000A155FC07000C00000556FC0706FD000009
:10D1C000FD40FC0703FD00008541FC0708FD000051
:10D1D0006D40FC070EFD0000253AFC0705FD000030
:10D1E000C141FC07713DFC078D3BFC07413BFC073F
:10D1F000F13AFC07000811B75C49D204A34071A0C2
:10D20000B535853EB08307836EEC1BF9B7059CDC12
:10D210004074E6043B6D8600002800000100000019
:10D2200000000000032800000100000002000000D0
:10D23000292A00000100000080800000032800006F
:10D240000100000004000000242A0000010000008A
:10D25000808000000328000001000000060000009C
:10D26000252A000001000000808000000328000043
:10D270000100000008000000272A00000100000053
:10D280008080000003280000010000000A00000068
:10D29000262A000001000000808000000328000012
:10D2A000010000000C000000282A0000010000001E
:10D2B0008080000003280000010000000E00000034
:10D2C000232A00000100000008800000032800005D
:10D2D00001000000100000002A2A000001000000E8
:10D2E0000880000003280000010000001200000078
:10D2F000502A0000010000000780000004D3FC0752
:10D300000300000000140000CD44FC07130C0000D3
:10D310001956FC0703140000A945FC07F543FC0758
:10D32000CD43FC07CB43FC07C943FC075046000331
:10D330000003983A6400F401B80BB80BB80B000C6A
:10D34000B80B120030003000CD009A01120024000A
:10D3500030006400B0001800280012001200D0074E
:10D360000000FFFF000000006400C8000000D007BC
:10D37000000244413134353835000000000000001F
:10D38000000000000000000001001D013506FC0740
:10D39000060006086D0FFC0701001E01AD06FC0724
:10D3A0000900020D9D0DFC0700000508EB0DFC07B0
:10D3B000010000015517FC070A00020A171BFC07B1
:10D3C00000000000000000007505FC075D1EFC0762
:10D3D000A905FC07EB05FC07EB07FC07190BFC078D
:10D3E0001B08FC07BD08FC072F08FC07250AFC07E3
:10D3F0004B15FC07E717FC07B915FC07EB16FC07F4
:10D400006D1AFC071B1BFC07351CFC07A91CFC073D
:10D41000750BF10700000000B3B5F1070000000034
:10D420003B3FF107000000004538F1070000000015
:10D430005791F107000000001584F107000000007B
:10D440005764F007000000007985F0070000000035
:10D45000C397F00700000000B97AF1070000000050
:10D46000A145F007000000002D94F0070000000027
:10D47000E393F107000000004796F1070000000069
:10D48000BF9BF10700000000C93CF107000000004D
:10D490009F91F10700000000AF94F1070000000029
:10D4A00014000000212BFC0700000000FC0000001D
:10D4B0008531FC0700000000FF00000000000000B4
:10D4C000000000000500000068E4FC070004000004
:10D4D0007020FD07680200006410FD0700100000C6
:10D4E000E422FD07004000002003000000A60E001B
:10D4F00004000000D2000000320000003C000000E8
:10D500000100000001000000020000000200000015
:10D5100004000000030000000600000000000000FE
:10D5200002000000020000000000000000000000F7
:10D5300003000000030000000500000005000000DB
:10D54000060000000A0000000A000000C8000000F9
:10D55000B80B000002000000B80B0000B80B000080
:10D5600010000000D4010000E5010000700200007E
:10D570006A0000000400000001000000200000001C
:10D580003575FC072976FC074BD3F007A9D3F007C4
:10D59000B1D3F00701D4F00719D4F0072FD4F00766
:10D5A0005928FC07E1D7F00781DAF007C1D8F00766
:10D5B000E1D8F00701D9F0073FD9F0074FD9F007BC
:10D5C000FBEEF007D5ECF007F3ECF0070FEDF007FA
:10D5D00029EDF0073DEDF007BFEDF007D7EDF007BF
:10D5E0003FBEF10749C0F10773AFF007196FFC07A1
:10D5F000C16FFC07156FFC07BD6FFC07ED21F0073D
:10D600008572FC07F15FFC073160FC076160FC0775
:10D610005960FC07FF75F007C974F0076B75F007D8
:10D620007190F1071F40F107ED73FC079D72FC0735
:10D630004D73FC071573FC079D73FC07C573FC074E
:10D64000000000003942FC073B42FC0757BBF007D3
:10D650000986F107D911FC07778FF1075F8EF10773
:10D660000515FC075366F1077F17F10773F9F007FB
:10D67000BD39FC07D599F0073F0BFC07EBB2F0076B
:10D68000350CFC077B0CFC073507FC07532EF00715
:10D690005B78F0072577F007F535F007000000000C
:10D6A000B943FC07C143FC07C937FC0795D5F00710
:10D6B0008BD6F007D7D6F0078FB5F1072FB6F10755
:10D6C000BFB6F107000000000000000000000000ED
:10D6D000000000000000000000000000000000004A
:10D6E000000000000000000000000000000000003A
:10D6F000000000000000000000000000000000002A
:10D70000000000000D0A2B434F4E4E454354454444
:10D710000D0A000D0A2B444953434F4E4E454354C6
:10D7200045440D0A000D0A4E4F5420535550504F9A
:10D73000525445440D0A000D0A4F4B0D0A000D0AC4
:10D740004552524F520D0A0025642C25640D0A00E3
:10D7500025692025692025692025690D0A00256491
:10D760002C25730D0A00494E56414C494420434F25
:10D770004D4D414E442E00765F362E302E32322EE5
:10D7800031343031004441313435383500765F363C
:10D790002E3338302E32302E363600253032583A7D
:10D7A000003C656D7074793E0041445644415441DB
:10D7B00000414443005345430042494E4553430012
:10D7C0004932435245414400434D4400424155448F
:10D7D000004945424E444500434C52424E444500A8
:10D7E000312E302E302E302D4C450042494E5245C0
:10D7F00053554D4500434D4453544F524500493213
:10D800004357524954450046004932434346470076
:10D81000494F43464700525353490042494E5245EF
:10D820005141434B0042494E52455145584954419C
:10D83000434B005045524950484552414C004345E6
:10D840004E5452414C00484E444C00464C4F5743B6
:10D850004F4E54524F4C005057524C564C004D4571
:10D860004D0052414E444F4D0050574D00493243F8
:10D870005343414E004741505343414E00444C45B1
:10D88000454E0050494E00494F00434847424E44E0
:10D890005000534C45455000484F5354534C500092
:10D8A000544D5253544F500041445653544F50001E
:10D8B000414456524553500042494E52455100434F
:10D8C0004F4E504152004244414444520042524F54
:10D8D000414443415354455200454330303A204E71
:10D8E0004F204552524F52004741505354415455D6
:10D8F0005300485254425400474150434F4E4E4506
:10D90000435400474150444953434F4E4E454354BE
:10D910000042494E52455145584954004556454EDE
:10D9200054005052494E5400544D52535441525495
:10D930000041445653544152540042415454004D06
:10D9400041584D54550025732C30782530325800FD
:10D9500058585800434D44504C4159005A004543D3
:10D9600030343A20496E76616C6964206164766572
:10D9700072746973696E6720646174610025640064
:10D98000454330393A204D656D2F6D656D636D648B
:10D99000206C656E6774682065786365656465648E
:10D9A00000454331353A2044657669636520636FED
:10D9B0006E6E656374656400454331363A20446594
:10D9C00076696365206E6F7420636F6E6E65637435
:10D9D000656400454331323A20496E76616C696472
:10D9E000206770696F2066756E6374696F6E207250
:10D9F000657175657374656400454331313A20493A
:10DA00006E76616C69642074696D6572206964006A
:10DA1000454330363A204E6F6E20415420636F6D7F
:10DA20006D616E6400454331333A20417267756D14
:10DA3000656E74206F7574206F662072616E676505
:10DA400000454330353A20556E646566696E6564FD
:10DA5000207265706C792064657374696E61746995
:10DA60006F6E00454330373A205472696564207404
:10DA70006F2073656E6420746F2070656572202D51
:10DA8000206E6F20636F6E6E656374696F6E004504
:10DA90004330383A204D656D6F727920616C6C6F40
:10DAA000636174696F6E206572726F7200454330F6
:10DAB000313A204144432070696E73206572726F61
:10DAC000720025730052656E6573617300454330C3
:10DAD000333A20496E76616C696420493243207084
:10DAE0006172616D657465727300454331343A202B
:10DAF000496E76616C696420706172616D657465F0
:10DB0000727300454330323A204857206E6F7420BC
:10DB100070726F7065726C79207365740045433163
:10DB2000303A20496E76616C6964206D656D636D75
:10DB30006420736C6F7400FFEEDDCCBBAA0012345E
:10DB400056FFFE9ABCDE0000434D76322D436F64D3
:10DB5000654C65737300000060DBFC070400000087
:10DB6000130C00000D57FC07150C0000C958FC07EA
:10DB700004FC0000BD83FC0705FC0000D188FC0705
:10DB8000C57EFC077F7EFC077D7EFC07497EFC0787
:10DB9000D9D8FC07ADDAFC0703DBFC07CDDAFC07BC
:10DBA0005ED9FC0741DAFC0710DAFC0763DAFC07F0
:10DBB0008FDAFC0780D9FC071DDBFC07F9D9FC07CD
:10DBC000D3D9FC0725DAFC07EADAFC07A1D9FC0760
:10DBD000B8D9FC071001FC071001FC070004000085
:10DBE000A0C9FC0724DCFC0728DCFC074008000077
:10DBF000A0C9FC077803FD077803FD07EC0C0000C3
:10DC0000A0C9FC0700000000000000000300000D98
:10DC100010060105000000007856341287A9CBEDEC
:04DC2000800C000074
:0400000507FC0511DE
:00000001FF
