15:41:31 **** Incremental Build of configuration Debug for project Smartwatch_bench ****
make -j12 all 
arm-none-eabi-size  Smartwatch_bench.elf 
   text	   data	    bss	    dec	    hex	filename
 469437	    632	 385976	 856045	  d0fed	Smartwatch_bench.elf
Finished building: default.size.stdout
 
15:42:07 **** Incremental Build of configuration Debug for project Smartwatch_bench ****
make -j12 all 
arm-none-eabi-gcc "../Core/Src/main.c" -mcpu=cortex-m33 -std=gnu11 -g3 -DDEBUG -DUSE_HAL_DRIVER -DSTM32U575xx -c -I../Core/Inc -I../Drivers/STM32U5xx_HAL_Driver/Inc -I../Drivers/STM32U5xx_HAL_Driver/Inc/Legacy -I../Drivers/CMSIS/Device/ST/STM32U5xx/Include -I../Drivers/CMSIS/Include -I../Middlewares/Third_Party/FreeRTOS/Source/include/ -I../Middlewares/Third_Party/FreeRTOS/Source/portable/GCC/ARM_CM33_NTZ/non_secure/ -I../Middlewares/Third_Party/FreeRTOS/Source/CMSIS_RTOS_V2/ -I../Middlewares/Third_Party/CMSIS/RTOS2/Include/ -I"/home/joakim-wennergren/Desktop/Smartwatch/Firmware/Bench/Drivers/lvgl" -O0 -ffunction-sections -fdata-sections -Wall -fstack-usage -fstack-usage -fcyclomatic-complexity -MMD -MP -MF"Core/Src/main.d" -MT"Core/Src/main.o" --specs=nano.specs -mfpu=fpv5-sp-d16 -mfloat-abi=hard -mthumb -o "Core/Src/main.o"
../Core/Src/main.c: In function 'HAL_RTC_AlarmAEventCallback':
../Core/Src/main.c:87:13: warning: pointer targets in passing argument 1 of 'sprintf' differ in signedness [-Wpointer-sign]
   87 |     sprintf(Buffer, "RTC 1 minute tick!");
      |             ^~~~~~
      |             |
      |             uint8_t * {aka unsigned char *}
In file included from ../Core/Src/main.c:25:
/home/joakim-wennergren/st/stm32cubeide_1.19.0/plugins/com.st.stm32cube.ide.mcu.externaltools.gnu-tools-for-stm32.13.3.rel1.linux64_1.0.0.202410170706/tools/arm-none-eabi/include/stdio.h:250:18: note: expected 'char * restrict' but argument is of type 'uint8_t *' {aka 'unsigned char *'}
  250 | int     sprintf (char *__restrict, const char *__restrict, ...)
      |                  ^
../Core/Src/main.c:88:57: warning: pointer targets in passing argument 1 of 'strlen' differ in signedness [-Wpointer-sign]
   88 |     HAL_UART_Transmit(&huart4, (uint8_t*)Buffer, strlen(Buffer), 1000);
      |                                                         ^~~~~~
      |                                                         |
      |                                                         uint8_t * {aka unsigned char *}
In file included from ../Core/Src/main.c:24:
/home/joakim-wennergren/st/stm32cubeide_1.19.0/plugins/com.st.stm32cube.ide.mcu.externaltools.gnu-tools-for-stm32.13.3.rel1.linux64_1.0.0.202410170706/tools/arm-none-eabi/include/string.h:41:18: note: expected 'const char *' but argument is of type 'uint8_t *' {aka 'unsigned char *'}
   41 | size_t   strlen (const char *);
      |                  ^~~~~~~~~~~~
../Core/Src/main.c: In function 'RTC_SetupOnce':
../Core/Src/main.c:94:25: warning: unused variable 'sDate' [-Wunused-variable]
   94 |         RTC_DateTypeDef sDate = {0};
      |                         ^~~~~
../Core/Src/main.c: In function 'create_line':
../Core/Src/main.c:202:30: warning: passing argument 2 of 'lv_line_set_points' from incompatible pointer type [-Wincompatible-pointer-types]
  202 |     lv_line_set_points(line, line_points, 2);
      |                              ^~~~~~~~~~~
      |                              |
      |                              lv_point_t *
In file included from /home/joakim-wennergren/Desktop/Smartwatch/Firmware/Bench/Drivers/lvgl/lvgl.h:69,
                 from ../Core/Src/main.c:28:
/home/joakim-wennergren/Desktop/Smartwatch/Firmware/Bench/Drivers/lvgl/src/widgets/line/lv_line.h:50:66: note: expected 'const lv_point_precise_t *' but argument is of type 'lv_point_t *'
   50 | void lv_line_set_points(lv_obj_t * obj, const lv_point_precise_t points[], uint32_t point_num);
      |                                         ~~~~~~~~~~~~~~~~~~~~~~~~~^~~~~~~~
../Core/Src/main.c: In function 'set_date_label':
../Core/Src/main.c:221:32: warning: too many arguments for format [-Wformat-extra-args]
  221 |     snprintf(buf, sizeof(buf), "%s %d Aug 2025",
      |                                ^~~~~~~~~~~~~~~~
../Core/Src/main.c: In function 'MX_GPDMA1_Init':
../Core/Src/main.c:561:72: warning: passing argument 3 of 'HAL_DMA_RegisterCallback' from incompatible pointer type [-Wincompatible-pointer-types]
  561 |     HAL_DMA_RegisterCallback(&handle_GPDMA1_Channel2, dma_callback_id, HAL_OSPI_TxCpltCallback);
      |                                                                        ^~~~~~~~~~~~~~~~~~~~~~~
      |                                                                        |
      |                                                                        void (*)(OSPI_HandleTypeDef *)
In file included from ../Core/Inc/stm32u5xx_hal_conf.h:284,
                 from ../Drivers/STM32U5xx_HAL_Driver/Inc/stm32u5xx_hal.h:29,
                 from ../Core/Inc/main.h:30,
                 from ../Core/Src/main.c:20:
../Drivers/STM32U5xx_HAL_Driver/Inc/stm32u5xx_hal_dma.h:743:58: note: expected 'void (* const)(DMA_HandleTypeDef * const)' {aka 'void (* const)(struct __DMA_HandleTypeDef * const)'} but argument is of type 'void (*)(OSPI_HandleTypeDef *)'
  743 |                                            void (*const  pCallback)(DMA_HandleTypeDef *const _hdma));
      |                                            ~~~~~~~~~~~~~~^~~~~~~~~~~~~~~~~~~~~~~~~~~~~~~~~~~~~~~~~~
../Core/Src/main.c: At top level:
../Core/Src/main.c:178:13: warning: 'clock_timer_cb' defined but not used [-Wunused-function]
  178 | static void clock_timer_cb(lv_timer_t *t)
      |             ^~~~~~~~~~~~~~
arm-none-eabi-gcc -o "Smartwatch_bench.elf" @"objects.list"   -mcpu=cortex-m33 -T"/home/joakim-wennergren/Desktop/Smartwatch/Firmware/Bench/STM32U575ZITXQ_FLASH.ld" --specs=nosys.specs -Wl,-Map="Smartwatch_bench.map" -Wl,--gc-sections -static -u _printf_float -u _printf_float -z noexecstack --specs=nano.specs -mfpu=fpv5-sp-d16 -mfloat-abi=hard -mthumb -Wl,--start-group -lc -lm -Wl,--end-group
Finished building target: Smartwatch_bench.elf
 
arm-none-eabi-size  Smartwatch_bench.elf 
arm-none-eabi-objdump -h -S Smartwatch_bench.elf  > "Smartwatch_bench.list"
   text	   data	    bss	    dec	    hex	filename
 469437	    632	 385976	 856045	  d0fed	Smartwatch_bench.elf
Finished building: default.size.stdout
 
Finished building: Smartwatch_bench.list
 
15:42:25 **** Clean-only build of configuration Debug for project Smartwatch_bench ****
make -j12 clean 
rm -rf ./Drivers/lvgl/src/widgets/win/lv_win.cyclo ./Drivers/lvgl/src/widgets/win/lv_win.d ./Drivers/lvgl/src/widgets/win/lv_win.o ./Drivers/lvgl/src/widgets/win/lv_win.su
rm -rf ./Drivers/lvgl/src/widgets/tileview/lv_tileview.cyclo ./Drivers/lvgl/src/widgets/tileview/lv_tileview.d ./Drivers/lvgl/src/widgets/tileview/lv_tileview.o ./Drivers/lvgl/src/widgets/tileview/lv_tileview.su
rm -rf ./Drivers/lvgl/src/widgets/textarea/lv_textarea.cyclo ./Drivers/lvgl/src/widgets/textarea/lv_textarea.d ./Drivers/lvgl/src/widgets/textarea/lv_textarea.o ./Drivers/lvgl/src/widgets/textarea/lv_textarea.su
rm -rf ./Drivers/lvgl/src/widgets/tabview/lv_tabview.cyclo ./Drivers/lvgl/src/widgets/tabview/lv_tabview.d ./Drivers/lvgl/src/widgets/tabview/lv_tabview.o ./Drivers/lvgl/src/widgets/tabview/lv_tabview.su
rm -rf ./Drivers/lvgl/src/widgets/table/lv_table.cyclo ./Drivers/lvgl/src/widgets/table/lv_table.d ./Drivers/lvgl/src/widgets/table/lv_table.o ./Drivers/lvgl/src/widgets/table/lv_table.su
rm -rf ./Drivers/lvgl/src/widgets/switch/lv_switch.cyclo ./Drivers/lvgl/src/widgets/switch/lv_switch.d ./Drivers/lvgl/src/widgets/switch/lv_switch.o ./Drivers/lvgl/src/widgets/switch/lv_switch.su
rm -rf ./Drivers/lvgl/src/widgets/spinner/lv_spinner.cyclo ./Drivers/lvgl/src/widgets/spinner/lv_spinner.d ./Drivers/lvgl/src/widgets/spinner/lv_spinner.o ./Drivers/lvgl/src/widgets/spinner/lv_spinner.su
rm -rf ./Drivers/lvgl/src/widgets/spinbox/lv_spinbox.cyclo ./Drivers/lvgl/src/widgets/spinbox/lv_spinbox.d ./Drivers/lvgl/src/widgets/spinbox/lv_spinbox.o ./Drivers/lvgl/src/widgets/spinbox/lv_spinbox.su
rm -rf ./Drivers/lvgl/src/widgets/span/lv_span.cyclo ./Drivers/lvgl/src/widgets/span/lv_span.d ./Drivers/lvgl/src/widgets/span/lv_span.o ./Drivers/lvgl/src/widgets/span/lv_span.su
rm -rf ./Drivers/lvgl/src/widgets/slider/lv_slider.cyclo ./Drivers/lvgl/src/widgets/slider/lv_slider.d ./Drivers/lvgl/src/widgets/slider/lv_slider.o ./Drivers/lvgl/src/widgets/slider/lv_slider.su
rm -rf ./Drivers/lvgl/src/widgets/scale/lv_scale.cyclo ./Drivers/lvgl/src/widgets/scale/lv_scale.d ./Drivers/lvgl/src/widgets/scale/lv_scale.o ./Drivers/lvgl/src/widgets/scale/lv_scale.su
rm -rf ./Drivers/lvgl/src/widgets/roller/lv_roller.cyclo ./Drivers/lvgl/src/widgets/roller/lv_roller.d ./Drivers/lvgl/src/widgets/roller/lv_roller.o ./Drivers/lvgl/src/widgets/roller/lv_roller.su
rm -rf ./Drivers/lvgl/src/widgets/property/lv_animimage_properties.cyclo ./Drivers/lvgl/src/widgets/property/lv_animimage_properties.d ./Drivers/lvgl/src/widgets/property/lv_animimage_properties.o ./Drivers/lvgl/src/widgets/property/lv_animimage_properties.su ./Drivers/lvgl/src/widgets/property/lv_dropdown_properties.cyclo ./Drivers/lvgl/src/widgets/property/lv_dropdown_properties.d ./Drivers/lvgl/src/widgets/property/lv_dropdown_properties.o ./Drivers/lvgl/src/widgets/property/lv_dropdown_properties.su ./Drivers/lvgl/src/widgets/property/lv_image_properties.cyclo ./Drivers/lvgl/src/widgets/property/lv_image_properties.d ./Drivers/lvgl/src/widgets/property/lv_image_properties.o ./Drivers/lvgl/src/widgets/property/lv_image_properties.su ./Drivers/lvgl/src/widgets/property/lv_keyboard_properties.cyclo ./Drivers/lvgl/src/widgets/property/lv_keyboard_properties.d ./Drivers/lvgl/src/widgets/property/lv_keyboard_properties.o ./Drivers/lvgl/src/widgets/property/lv_keyboard_properties.su ./Drivers/lvgl/src/widgets/property/lv_label_properties.cyclo ./Drivers/lvgl/src/widgets/property/lv_label_properties.d ./Drivers/lvgl/src/widgets/property/lv_label_properties.o ./Drivers/lvgl/src/widgets/property/lv_label_properties.su ./Drivers/lvgl/src/widgets/property/lv_obj_properties.cyclo ./Drivers/lvgl/src/widgets/property/lv_obj_properties.d ./Drivers/lvgl/src/widgets/property/lv_obj_properties.o ./Drivers/lvgl/src/widgets/property/lv_obj_properties.su ./Drivers/lvgl/src/widgets/property/lv_roller_properties.cyclo ./Drivers/lvgl/src/widgets/property/lv_roller_properties.d ./Drivers/lvgl/src/widgets/property/lv_roller_properties.o ./Drivers/lvgl/src/widgets/property/lv_roller_properties.su ./Drivers/lvgl/src/widgets/property/lv_slider_properties.cyclo ./Drivers/lvgl/src/widgets/property/lv_slider_properties.d ./Drivers/lvgl/src/widgets/property/lv_slider_properties.o ./Drivers/lvgl/src/widgets/property/lv_slider_properties.su ./Drivers/lvgl/src/widgets/property/lv_style_properties.cyclo ./Drivers/lvgl/src/widgets/property/lv_style_properties.d ./Drivers/lvgl/src/widgets/property/lv_style_properties.o ./Drivers/lvgl/src/widgets/property/lv_style_properties.su ./Drivers/lvgl/src/widgets/property/lv_textarea_properties.cyclo ./Drivers/lvgl/src/widgets/property/lv_textarea_properties.d ./Drivers/lvgl/src/widgets/property/lv_textarea_properties.o ./Drivers/lvgl/src/widgets/property/lv_textarea_properties.su
rm -rf ./Drivers/lvgl/src/widgets/objx_templ/lv_objx_templ.cyclo ./Drivers/lvgl/src/widgets/objx_templ/lv_objx_templ.d ./Drivers/lvgl/src/widgets/objx_templ/lv_objx_templ.o ./Drivers/lvgl/src/widgets/objx_templ/lv_objx_templ.su
rm -rf ./Drivers/lvgl/src/widgets/msgbox/lv_msgbox.cyclo ./Drivers/lvgl/src/widgets/msgbox/lv_msgbox.d ./Drivers/lvgl/src/widgets/msgbox/lv_msgbox.o ./Drivers/lvgl/src/widgets/msgbox/lv_msgbox.su
rm -rf ./Drivers/lvgl/src/widgets/menu/lv_menu.cyclo ./Drivers/lvgl/src/widgets/menu/lv_menu.d ./Drivers/lvgl/src/widgets/menu/lv_menu.o ./Drivers/lvgl/src/widgets/menu/lv_menu.su
rm -rf ./Drivers/lvgl/src/widgets/lottie/lv_lottie.cyclo ./Drivers/lvgl/src/widgets/lottie/lv_lottie.d ./Drivers/lvgl/src/widgets/lottie/lv_lottie.o ./Drivers/lvgl/src/widgets/lottie/lv_lottie.su
rm -rf ./Drivers/lvgl/src/widgets/list/lv_list.cyclo ./Drivers/lvgl/src/widgets/list/lv_list.d ./Drivers/lvgl/src/widgets/list/lv_list.o ./Drivers/lvgl/src/widgets/list/lv_list.su
rm -rf ./Drivers/lvgl/src/widgets/line/lv_line.cyclo ./Drivers/lvgl/src/widgets/line/lv_line.d ./Drivers/lvgl/src/widgets/line/lv_line.o ./Drivers/lvgl/src/widgets/line/lv_line.su
rm -rf ./Drivers/lvgl/src/widgets/led/lv_led.cyclo ./Drivers/lvgl/src/widgets/led/lv_led.d ./Drivers/lvgl/src/widgets/led/lv_led.o ./Drivers/lvgl/src/widgets/led/lv_led.su
rm -rf ./Drivers/lvgl/src/widgets/label/lv_label.cyclo ./Drivers/lvgl/src/widgets/label/lv_label.d ./Drivers/lvgl/src/widgets/label/lv_label.o ./Drivers/lvgl/src/widgets/label/lv_label.su
rm -rf ./Drivers/lvgl/src/widgets/keyboard/lv_keyboard.cyclo ./Drivers/lvgl/src/widgets/keyboard/lv_keyboard.d ./Drivers/lvgl/src/widgets/keyboard/lv_keyboard.o ./Drivers/lvgl/src/widgets/keyboard/lv_keyboard.su
rm -rf ./Drivers/lvgl/src/widgets/imagebutton/lv_imagebutton.cyclo ./Drivers/lvgl/src/widgets/imagebutton/lv_imagebutton.d ./Drivers/lvgl/src/widgets/imagebutton/lv_imagebutton.o ./Drivers/lvgl/src/widgets/imagebutton/lv_imagebutton.su
rm -rf ./Drivers/lvgl/src/widgets/image/lv_image.cyclo ./Drivers/lvgl/src/widgets/image/lv_image.d ./Drivers/lvgl/src/widgets/image/lv_image.o ./Drivers/lvgl/src/widgets/image/lv_image.su
rm -rf ./Drivers/lvgl/src/widgets/dropdown/lv_dropdown.cyclo ./Drivers/lvgl/src/widgets/dropdown/lv_dropdown.d ./Drivers/lvgl/src/widgets/dropdown/lv_dropdown.o ./Drivers/lvgl/src/widgets/dropdown/lv_dropdown.su
rm -rf ./Drivers/lvgl/src/widgets/checkbox/lv_checkbox.cyclo ./Drivers/lvgl/src/widgets/checkbox/lv_checkbox.d ./Drivers/lvgl/src/widgets/checkbox/lv_checkbox.o ./Drivers/lvgl/src/widgets/checkbox/lv_checkbox.su
rm -rf ./Drivers/lvgl/src/widgets/chart/lv_chart.cyclo ./Drivers/lvgl/src/widgets/chart/lv_chart.d ./Drivers/lvgl/src/widgets/chart/lv_chart.o ./Drivers/lvgl/src/widgets/chart/lv_chart.su
rm -rf ./Drivers/lvgl/src/widgets/canvas/lv_canvas.cyclo ./Drivers/lvgl/src/widgets/canvas/lv_canvas.d ./Drivers/lvgl/src/widgets/canvas/lv_canvas.o ./Drivers/lvgl/src/widgets/canvas/lv_canvas.su
rm -rf ./Drivers/lvgl/src/widgets/calendar/lv_calendar.cyclo ./Drivers/lvgl/src/widgets/calendar/lv_calendar.d ./Drivers/lvgl/src/widgets/calendar/lv_calendar.o ./Drivers/lvgl/src/widgets/calendar/lv_calendar.su ./Drivers/lvgl/src/widgets/calendar/lv_calendar_chinese.cyclo ./Drivers/lvgl/src/widgets/calendar/lv_calendar_chinese.d ./Drivers/lvgl/src/widgets/calendar/lv_calendar_chinese.o ./Drivers/lvgl/src/widgets/calendar/lv_calendar_chinese.su ./Drivers/lvgl/src/widgets/calendar/lv_calendar_header_arrow.cyclo ./Drivers/lvgl/src/widgets/calendar/lv_calendar_header_arrow.d ./Drivers/lvgl/src/widgets/calendar/lv_calendar_header_arrow.o ./Drivers/lvgl/src/widgets/calendar/lv_calendar_header_arrow.su ./Drivers/lvgl/src/widgets/calendar/lv_calendar_header_dropdown.cyclo ./Drivers/lvgl/src/widgets/calendar/lv_calendar_header_dropdown.d ./Drivers/lvgl/src/widgets/calendar/lv_calendar_header_dropdown.o ./Drivers/lvgl/src/widgets/calendar/lv_calendar_header_dropdown.su
rm -rf ./Drivers/lvgl/src/widgets/buttonmatrix/lv_buttonmatrix.cyclo ./Drivers/lvgl/src/widgets/buttonmatrix/lv_buttonmatrix.d ./Drivers/lvgl/src/widgets/buttonmatrix/lv_buttonmatrix.o ./Drivers/lvgl/src/widgets/buttonmatrix/lv_buttonmatrix.su
rm -rf ./Drivers/lvgl/src/widgets/button/lv_button.cyclo ./Drivers/lvgl/src/widgets/button/lv_button.d ./Drivers/lvgl/src/widgets/button/lv_button.o ./Drivers/lvgl/src/widgets/button/lv_button.su
rm -rf ./Drivers/lvgl/src/widgets/bar/lv_bar.cyclo ./Drivers/lvgl/src/widgets/bar/lv_bar.d ./Drivers/lvgl/src/widgets/bar/lv_bar.o ./Drivers/lvgl/src/widgets/bar/lv_bar.su
rm -rf ./Drivers/lvgl/src/widgets/arc/lv_arc.cyclo ./Drivers/lvgl/src/widgets/arc/lv_arc.d ./Drivers/lvgl/src/widgets/arc/lv_arc.o ./Drivers/lvgl/src/widgets/arc/lv_arc.su
rm -rf ./Drivers/lvgl/src/widgets/animimage/lv_animimage.cyclo ./Drivers/lvgl/src/widgets/animimage/lv_animimage.d ./Drivers/lvgl/src/widgets/animimage/lv_animimage.o ./Drivers/lvgl/src/widgets/animimage/lv_animimage.su
rm -rf ./Drivers/lvgl/src/widgets/3dtexture/lv_3dtexture.cyclo ./Drivers/lvgl/src/widgets/3dtexture/lv_3dtexture.d ./Drivers/lvgl/src/widgets/3dtexture/lv_3dtexture.o ./Drivers/lvgl/src/widgets/3dtexture/lv_3dtexture.su
rm -rf ./Drivers/lvgl/src/tick/lv_tick.cyclo ./Drivers/lvgl/src/tick/lv_tick.d ./Drivers/lvgl/src/tick/lv_tick.o ./Drivers/lvgl/src/tick/lv_tick.su
rm -rf ./Drivers/lvgl/src/themes/simple/lv_theme_simple.cyclo ./Drivers/lvgl/src/themes/simple/lv_theme_simple.d ./Drivers/lvgl/src/themes/simple/lv_theme_simple.o ./Drivers/lvgl/src/themes/simple/lv_theme_simple.su
rm -rf ./Drivers/lvgl/src/themes/mono/lv_theme_mono.cyclo ./Drivers/lvgl/src/themes/mono/lv_theme_mono.d ./Drivers/lvgl/src/themes/mono/lv_theme_mono.o ./Drivers/lvgl/src/themes/mono/lv_theme_mono.su
rm -rf ./Drivers/lvgl/src/themes/default/lv_theme_default.cyclo ./Drivers/lvgl/src/themes/default/lv_theme_default.d ./Drivers/lvgl/src/themes/default/lv_theme_default.o ./Drivers/lvgl/src/themes/default/lv_theme_default.su
rm -rf ./Drivers/lvgl/src/themes/lv_theme.cyclo ./Drivers/lvgl/src/themes/lv_theme.d ./Drivers/lvgl/src/themes/lv_theme.o ./Drivers/lvgl/src/themes/lv_theme.su
rm -rf ./Drivers/lvgl/src/stdlib/uefi/lv_mem_core_uefi.cyclo ./Drivers/lvgl/src/stdlib/uefi/lv_mem_core_uefi.d ./Drivers/lvgl/src/stdlib/uefi/lv_mem_core_uefi.o ./Drivers/lvgl/src/stdlib/uefi/lv_mem_core_uefi.su
rm -rf ./Drivers/lvgl/src/stdlib/rtthread/lv_mem_core_rtthread.cyclo ./Drivers/lvgl/src/stdlib/rtthread/lv_mem_core_rtthread.d ./Drivers/lvgl/src/stdlib/rtthread/lv_mem_core_rtthread.o ./Drivers/lvgl/src/stdlib/rtthread/lv_mem_core_rtthread.su ./Drivers/lvgl/src/stdlib/rtthread/lv_sprintf_rtthread.cyclo ./Drivers/lvgl/src/stdlib/rtthread/lv_sprintf_rtthread.d ./Drivers/lvgl/src/stdlib/rtthread/lv_sprintf_rtthread.o ./Drivers/lvgl/src/stdlib/rtthread/lv_sprintf_rtthread.su ./Drivers/lvgl/src/stdlib/rtthread/lv_string_rtthread.cyclo ./Drivers/lvgl/src/stdlib/rtthread/lv_string_rtthread.d ./Drivers/lvgl/src/stdlib/rtthread/lv_string_rtthread.o ./Drivers/lvgl/src/stdlib/rtthread/lv_string_rtthread.su
rm -rf ./Drivers/lvgl/src/stdlib/micropython/lv_mem_core_micropython.cyclo ./Drivers/lvgl/src/stdlib/micropython/lv_mem_core_micropython.d ./Drivers/lvgl/src/stdlib/micropython/lv_mem_core_micropython.o ./Drivers/lvgl/src/stdlib/micropython/lv_mem_core_micropython.su
rm -rf ./Drivers/lvgl/src/stdlib/clib/lv_mem_core_clib.cyclo ./Drivers/lvgl/src/stdlib/clib/lv_mem_core_clib.d ./Drivers/lvgl/src/stdlib/clib/lv_mem_core_clib.o ./Drivers/lvgl/src/stdlib/clib/lv_mem_core_clib.su ./Drivers/lvgl/src/stdlib/clib/lv_sprintf_clib.cyclo ./Drivers/lvgl/src/stdlib/clib/lv_sprintf_clib.d ./Drivers/lvgl/src/stdlib/clib/lv_sprintf_clib.o ./Drivers/lvgl/src/stdlib/clib/lv_sprintf_clib.su ./Drivers/lvgl/src/stdlib/clib/lv_string_clib.cyclo ./Drivers/lvgl/src/stdlib/clib/lv_string_clib.d ./Drivers/lvgl/src/stdlib/clib/lv_string_clib.o ./Drivers/lvgl/src/stdlib/clib/lv_string_clib.su
rm -rf ./Drivers/lvgl/src/stdlib/builtin/lv_mem_core_builtin.cyclo ./Drivers/lvgl/src/stdlib/builtin/lv_mem_core_builtin.d ./Drivers/lvgl/src/stdlib/builtin/lv_mem_core_builtin.o ./Drivers/lvgl/src/stdlib/builtin/lv_mem_core_builtin.su ./Drivers/lvgl/src/stdlib/builtin/lv_sprintf_builtin.cyclo ./Drivers/lvgl/src/stdlib/builtin/lv_sprintf_builtin.d ./Drivers/lvgl/src/stdlib/builtin/lv_sprintf_builtin.o ./Drivers/lvgl/src/stdlib/builtin/lv_sprintf_builtin.su ./Drivers/lvgl/src/stdlib/builtin/lv_string_builtin.cyclo ./Drivers/lvgl/src/stdlib/builtin/lv_string_builtin.d ./Drivers/lvgl/src/stdlib/builtin/lv_string_builtin.o ./Drivers/lvgl/src/stdlib/builtin/lv_string_builtin.su ./Drivers/lvgl/src/stdlib/builtin/lv_tlsf.cyclo ./Drivers/lvgl/src/stdlib/builtin/lv_tlsf.d ./Drivers/lvgl/src/stdlib/builtin/lv_tlsf.o ./Drivers/lvgl/src/stdlib/builtin/lv_tlsf.su
rm -rf ./Drivers/lvgl/src/stdlib/lv_mem.cyclo ./Drivers/lvgl/src/stdlib/lv_mem.d ./Drivers/lvgl/src/stdlib/lv_mem.o ./Drivers/lvgl/src/stdlib/lv_mem.su
rm -rf ./Drivers/lvgl/src/others/xml/parsers/lv_xml_arc_parser.cyclo ./Drivers/lvgl/src/others/xml/parsers/lv_xml_arc_parser.d ./Drivers/lvgl/src/others/xml/parsers/lv_xml_arc_parser.o ./Drivers/lvgl/src/others/xml/parsers/lv_xml_arc_parser.su ./Drivers/lvgl/src/others/xml/parsers/lv_xml_bar_parser.cyclo ./Drivers/lvgl/src/others/xml/parsers/lv_xml_bar_parser.d ./Drivers/lvgl/src/others/xml/parsers/lv_xml_bar_parser.o ./Drivers/lvgl/src/others/xml/parsers/lv_xml_bar_parser.su ./Drivers/lvgl/src/others/xml/parsers/lv_xml_button_parser.cyclo ./Drivers/lvgl/src/others/xml/parsers/lv_xml_button_parser.d ./Drivers/lvgl/src/others/xml/parsers/lv_xml_button_parser.o ./Drivers/lvgl/src/others/xml/parsers/lv_xml_button_parser.su ./Drivers/lvgl/src/others/xml/parsers/lv_xml_buttonmatrix_parser.cyclo ./Drivers/lvgl/src/others/xml/parsers/lv_xml_buttonmatrix_parser.d ./Drivers/lvgl/src/others/xml/parsers/lv_xml_buttonmatrix_parser.o ./Drivers/lvgl/src/others/xml/parsers/lv_xml_buttonmatrix_parser.su ./Drivers/lvgl/src/others/xml/parsers/lv_xml_calendar_parser.cyclo ./Drivers/lvgl/src/others/xml/parsers/lv_xml_calendar_parser.d ./Drivers/lvgl/src/others/xml/parsers/lv_xml_calendar_parser.o ./Drivers/lvgl/src/others/xml/parsers/lv_xml_calendar_parser.su ./Drivers/lvgl/src/others/xml/parsers/lv_xml_canvas_parser.cyclo ./Drivers/lvgl/src/others/xml/parsers/lv_xml_canvas_parser.d ./Drivers/lvgl/src/others/xml/parsers/lv_xml_canvas_parser.o ./Drivers/lvgl/src/others/xml/parsers/lv_xml_canvas_parser.su ./Drivers/lvgl/src/others/xml/parsers/lv_xml_chart_parser.cyclo ./Drivers/lvgl/src/others/xml/parsers/lv_xml_chart_parser.d ./Drivers/lvgl/src/others/xml/parsers/lv_xml_chart_parser.o ./Drivers/lvgl/src/others/xml/parsers/lv_xml_chart_parser.su ./Drivers/lvgl/src/others/xml/parsers/lv_xml_checkbox_parser.cyclo ./Drivers/lvgl/src/others/xml/parsers/lv_xml_checkbox_parser.d ./Drivers/lvgl/src/others/xml/parsers/lv_xml_checkbox_parser.o ./Drivers/lvgl/src/others/xml/parsers/lv_xml_checkbox_parser.su ./Drivers/lvgl/src/others/xml/parsers/lv_xml_dropdown_parser.cyclo ./Drivers/lvgl/src/others/xml/parsers/lv_xml_dropdown_parser.d ./Drivers/lvgl/src/others/xml/parsers/lv_xml_dropdown_parser.o ./Drivers/lvgl/src/others/xml/parsers/lv_xml_dropdown_parser.su ./Drivers/lvgl/src/others/xml/parsers/lv_xml_event_parser.cyclo ./Drivers/lvgl/src/others/xml/parsers/lv_xml_event_parser.d ./Drivers/lvgl/src/others/xml/parsers/lv_xml_event_parser.o ./Drivers/lvgl/src/others/xml/parsers/lv_xml_event_parser.su ./Drivers/lvgl/src/others/xml/parsers/lv_xml_image_parser.cyclo ./Drivers/lvgl/src/others/xml/parsers/lv_xml_image_parser.d ./Drivers/lvgl/src/others/xml/parsers/lv_xml_image_parser.o ./Drivers/lvgl/src/others/xml/parsers/lv_xml_image_parser.su ./Drivers/lvgl/src/others/xml/parsers/lv_xml_keyboard_parser.cyclo ./Drivers/lvgl/src/others/xml/parsers/lv_xml_keyboard_parser.d ./Drivers/lvgl/src/others/xml/parsers/lv_xml_keyboard_parser.o ./Drivers/lvgl/src/others/xml/parsers/lv_xml_keyboard_parser.su ./Drivers/lvgl/src/others/xml/parsers/lv_xml_label_parser.cyclo ./Drivers/lvgl/src/others/xml/parsers/lv_xml_label_parser.d ./Drivers/lvgl/src/others/xml/parsers/lv_xml_label_parser.o ./Drivers/lvgl/src/others/xml/parsers/lv_xml_label_parser.su ./Drivers/lvgl/src/others/xml/parsers/lv_xml_obj_parser.cyclo ./Drivers/lvgl/src/others/xml/parsers/lv_xml_obj_parser.d ./Drivers/lvgl/src/others/xml/parsers/lv_xml_obj_parser.o ./Drivers/lvgl/src/others/xml/parsers/lv_xml_obj_parser.su ./Drivers/lvgl/src/others/xml/parsers/lv_xml_roller_parser.cyclo ./Drivers/lvgl/src/others/xml/parsers/lv_xml_roller_parser.d ./Drivers/lvgl/src/others/xml/parsers/lv_xml_roller_parser.o ./Drivers/lvgl/src/others/xml/parsers/lv_xml_roller_parser.su ./Drivers/lvgl/src/others/xml/parsers/lv_xml_scale_parser.cyclo ./Drivers/lvgl/src/others/xml/parsers/lv_xml_scale_parser.d ./Drivers/lvgl/src/others/xml/parsers/lv_xml_scale_parser.o ./Drivers/lvgl/src/others/xml/parsers/lv_xml_scale_parser.su ./Drivers/lvgl/src/others/xml/parsers/lv_xml_slider_parser.cyclo ./Drivers/lvgl/src/others/xml/parsers/lv_xml_slider_parser.d ./Drivers/lvgl/src/others/xml/parsers/lv_xml_slider_parser.o ./Drivers/lvgl/src/others/xml/parsers/lv_xml_slider_parser.su ./Drivers/lvgl/src/others/xml/parsers/lv_xml_spangroup_parser.cyclo ./Drivers/lvgl/src/others/xml/parsers/lv_xml_spangroup_parser.d ./Drivers/lvgl/src/others/xml/parsers/lv_xml_spangroup_parser.o ./Drivers/lvgl/src/others/xml/parsers/lv_xml_spangroup_parser.su ./Drivers/lvgl/src/others/xml/parsers/lv_xml_table_parser.cyclo ./Drivers/lvgl/src/others/xml/parsers/lv_xml_table_parser.d ./Drivers/lvgl/src/others/xml/parsers/lv_xml_table_parser.o ./Drivers/lvgl/src/others/xml/parsers/lv_xml_table_parser.su ./Drivers/lvgl/src/others/xml/parsers/lv_xml_tabview_parser.cyclo ./Drivers/lvgl/src/others/xml/parsers/lv_xml_tabview_parser.d ./Drivers/lvgl/src/others/xml/parsers/lv_xml_tabview_parser.o ./Drivers/lvgl/src/others/xml/parsers/lv_xml_tabview_parser.su ./Drivers/lvgl/src/others/xml/parsers/lv_xml_textarea_parser.cyclo ./Drivers/lvgl/src/others/xml/parsers/lv_xml_textarea_parser.d ./Drivers/lvgl/src/others/xml/parsers/lv_xml_textarea_parser.o ./Drivers/lvgl/src/others/xml/parsers/lv_xml_textarea_parser.su
rm -rf ./Drivers/lvgl/src/others/xml/lv_xml.cyclo ./Drivers/lvgl/src/others/xml/lv_xml.d ./Drivers/lvgl/src/others/xml/lv_xml.o ./Drivers/lvgl/src/others/xml/lv_xml.su ./Drivers/lvgl/src/others/xml/lv_xml_base_types.cyclo ./Drivers/lvgl/src/others/xml/lv_xml_base_types.d ./Drivers/lvgl/src/others/xml/lv_xml_base_types.o ./Drivers/lvgl/src/others/xml/lv_xml_base_types.su ./Drivers/lvgl/src/others/xml/lv_xml_component.cyclo ./Drivers/lvgl/src/others/xml/lv_xml_component.d ./Drivers/lvgl/src/others/xml/lv_xml_component.o ./Drivers/lvgl/src/others/xml/lv_xml_component.su ./Drivers/lvgl/src/others/xml/lv_xml_parser.cyclo ./Drivers/lvgl/src/others/xml/lv_xml_parser.d ./Drivers/lvgl/src/others/xml/lv_xml_parser.o ./Drivers/lvgl/src/others/xml/lv_xml_parser.su ./Drivers/lvgl/src/others/xml/lv_xml_style.cyclo ./Drivers/lvgl/src/others/xml/lv_xml_style.d ./Drivers/lvgl/src/others/xml/lv_xml_style.o ./Drivers/lvgl/src/others/xml/lv_xml_style.su ./Drivers/lvgl/src/others/xml/lv_xml_update.cyclo ./Drivers/lvgl/src/others/xml/lv_xml_update.d ./Drivers/lvgl/src/others/xml/lv_xml_update.o ./Drivers/lvgl/src/others/xml/lv_xml_update.su ./Drivers/lvgl/src/others/xml/lv_xml_utils.cyclo ./Drivers/lvgl/src/others/xml/lv_xml_utils.d ./Drivers/lvgl/src/others/xml/lv_xml_utils.o ./Drivers/lvgl/src/others/xml/lv_xml_utils.su ./Drivers/lvgl/src/others/xml/lv_xml_widget.cyclo ./Drivers/lvgl/src/others/xml/lv_xml_widget.d ./Drivers/lvgl/src/others/xml/lv_xml_widget.o ./Drivers/lvgl/src/others/xml/lv_xml_widget.su
rm -rf ./Drivers/lvgl/src/others/vg_lite_tvg/vg_lite_matrix.cyclo ./Drivers/lvgl/src/others/vg_lite_tvg/vg_lite_matrix.d ./Drivers/lvgl/src/others/vg_lite_tvg/vg_lite_matrix.o ./Drivers/lvgl/src/others/vg_lite_tvg/vg_lite_matrix.su
rm -rf ./Drivers/lvgl/src/others/test/lv_test_display.cyclo ./Drivers/lvgl/src/others/test/lv_test_display.d ./Drivers/lvgl/src/others/test/lv_test_display.o ./Drivers/lvgl/src/others/test/lv_test_display.su ./Drivers/lvgl/src/others/test/lv_test_helpers.cyclo ./Drivers/lvgl/src/others/test/lv_test_helpers.d ./Drivers/lvgl/src/others/test/lv_test_helpers.o ./Drivers/lvgl/src/others/test/lv_test_helpers.su ./Drivers/lvgl/src/others/test/lv_test_indev.cyclo ./Drivers/lvgl/src/others/test/lv_test_indev.d ./Drivers/lvgl/src/others/test/lv_test_indev.o ./Drivers/lvgl/src/others/test/lv_test_indev.su ./Drivers/lvgl/src/others/test/lv_test_indev_gesture.cyclo ./Drivers/lvgl/src/others/test/lv_test_indev_gesture.d ./Drivers/lvgl/src/others/test/lv_test_indev_gesture.o ./Drivers/lvgl/src/others/test/lv_test_indev_gesture.su ./Drivers/lvgl/src/others/test/lv_test_screenshot_compare.cyclo ./Drivers/lvgl/src/others/test/lv_test_screenshot_compare.d ./Drivers/lvgl/src/others/test/lv_test_screenshot_compare.o ./Drivers/lvgl/src/others/test/lv_test_screenshot_compare.su
rm -rf ./Drivers/lvgl/src/others/sysmon/lv_sysmon.cyclo ./Drivers/lvgl/src/others/sysmon/lv_sysmon.d ./Drivers/lvgl/src/others/sysmon/lv_sysmon.o ./Drivers/lvgl/src/others/sysmon/lv_sysmon.su
rm -rf ./Drivers/lvgl/src/others/snapshot/lv_snapshot.cyclo ./Drivers/lvgl/src/others/snapshot/lv_snapshot.d ./Drivers/lvgl/src/others/snapshot/lv_snapshot.o ./Drivers/lvgl/src/others/snapshot/lv_snapshot.su
rm -rf ./Drivers/lvgl/src/others/observer/lv_observer.cyclo ./Drivers/lvgl/src/others/observer/lv_observer.d ./Drivers/lvgl/src/others/observer/lv_observer.o ./Drivers/lvgl/src/others/observer/lv_observer.su
rm -rf ./Drivers/lvgl/src/others/monkey/lv_monkey.cyclo ./Drivers/lvgl/src/others/monkey/lv_monkey.d ./Drivers/lvgl/src/others/monkey/lv_monkey.o ./Drivers/lvgl/src/others/monkey/lv_monkey.su
rm -rf ./Drivers/lvgl/src/others/imgfont/lv_imgfont.cyclo ./Drivers/lvgl/src/others/imgfont/lv_imgfont.d ./Drivers/lvgl/src/others/imgfont/lv_imgfont.o ./Drivers/lvgl/src/others/imgfont/lv_imgfont.su
rm -rf ./Drivers/lvgl/src/others/ime/lv_ime_pinyin.cyclo ./Drivers/lvgl/src/others/ime/lv_ime_pinyin.d ./Drivers/lvgl/src/others/ime/lv_ime_pinyin.o ./Drivers/lvgl/src/others/ime/lv_ime_pinyin.su
rm -rf ./Drivers/lvgl/src/others/gridnav/lv_gridnav.cyclo ./Drivers/lvgl/src/others/gridnav/lv_gridnav.d ./Drivers/lvgl/src/others/gridnav/lv_gridnav.o ./Drivers/lvgl/src/others/gridnav/lv_gridnav.su
rm -rf ./Drivers/lvgl/src/others/fragment/lv_fragment.cyclo ./Drivers/lvgl/src/others/fragment/lv_fragment.d ./Drivers/lvgl/src/others/fragment/lv_fragment.o ./Drivers/lvgl/src/others/fragment/lv_fragment.su ./Drivers/lvgl/src/others/fragment/lv_fragment_manager.cyclo ./Drivers/lvgl/src/others/fragment/lv_fragment_manager.d ./Drivers/lvgl/src/others/fragment/lv_fragment_manager.o ./Drivers/lvgl/src/others/fragment/lv_fragment_manager.su
rm -rf ./Drivers/lvgl/src/others/font_manager/lv_font_manager.cyclo ./Drivers/lvgl/src/others/font_manager/lv_font_manager.d ./Drivers/lvgl/src/others/font_manager/lv_font_manager.o ./Drivers/lvgl/src/others/font_manager/lv_font_manager.su ./Drivers/lvgl/src/others/font_manager/lv_font_manager_recycle.cyclo ./Drivers/lvgl/src/others/font_manager/lv_font_manager_recycle.d ./Drivers/lvgl/src/others/font_manager/lv_font_manager_recycle.o ./Drivers/lvgl/src/others/font_manager/lv_font_manager_recycle.su
rm -rf ./Drivers/lvgl/src/others/file_explorer/lv_file_explorer.cyclo ./Drivers/lvgl/src/others/file_explorer/lv_file_explorer.d ./Drivers/lvgl/src/others/file_explorer/lv_file_explorer.o ./Drivers/lvgl/src/others/file_explorer/lv_file_explorer.su
rm -rf ./Drivers/lvgl/src/osal/lv_cmsis_rtos2.cyclo ./Drivers/lvgl/src/osal/lv_cmsis_rtos2.d ./Drivers/lvgl/src/osal/lv_cmsis_rtos2.o ./Drivers/lvgl/src/osal/lv_cmsis_rtos2.su ./Drivers/lvgl/src/osal/lv_freertos.cyclo ./Drivers/lvgl/src/osal/lv_freertos.d ./Drivers/lvgl/src/osal/lv_freertos.o ./Drivers/lvgl/src/osal/lv_freertos.su ./Drivers/lvgl/src/osal/lv_linux.cyclo ./Drivers/lvgl/src/osal/lv_linux.d ./Drivers/lvgl/src/osal/lv_linux.o ./Drivers/lvgl/src/osal/lv_linux.su ./Drivers/lvgl/src/osal/lv_mqx.cyclo ./Drivers/lvgl/src/osal/lv_mqx.d ./Drivers/lvgl/src/osal/lv_mqx.o ./Drivers/lvgl/src/osal/lv_mqx.su ./Drivers/lvgl/src/osal/lv_os.cyclo ./Drivers/lvgl/src/osal/lv_os.d ./Drivers/lvgl/src/osal/lv_os.o ./Drivers/lvgl/src/osal/lv_os.su ./Drivers/lvgl/src/osal/lv_os_none.cyclo ./Drivers/lvgl/src/osal/lv_os_none.d ./Drivers/lvgl/src/osal/lv_os_none.o ./Drivers/lvgl/src/osal/lv_os_none.su ./Drivers/lvgl/src/osal/lv_pthread.cyclo ./Drivers/lvgl/src/osal/lv_pthread.d ./Drivers/lvgl/src/osal/lv_pthread.o ./Drivers/lvgl/src/osal/lv_pthread.su ./Drivers/lvgl/src/osal/lv_rtthread.cyclo ./Drivers/lvgl/src/osal/lv_rtthread.d ./Drivers/lvgl/src/osal/lv_rtthread.o ./Drivers/lvgl/src/osal/lv_rtthread.su ./Drivers/lvgl/src/osal/lv_sdl2.cyclo ./Drivers/lvgl/src/osal/lv_sdl2.d ./Drivers/lvgl/src/osal/lv_sdl2.o ./Drivers/lvgl/src/osal/lv_sdl2.su ./Drivers/lvgl/src/osal/lv_windows.cyclo ./Drivers/lvgl/src/osal/lv_windows.d ./Drivers/lvgl/src/osal/lv_windows.o ./Drivers/lvgl/src/osal/lv_windows.su
rm -rf ./Drivers/lvgl/src/misc/cache/instance/lv_image_cache.cyclo ./Drivers/lvgl/src/misc/cache/instance/lv_image_cache.d ./Drivers/lvgl/src/misc/cache/instance/lv_image_cache.o ./Drivers/lvgl/src/misc/cache/instance/lv_image_cache.su ./Drivers/lvgl/src/misc/cache/instance/lv_image_header_cache.cyclo ./Drivers/lvgl/src/misc/cache/instance/lv_image_header_cache.d ./Drivers/lvgl/src/misc/cache/instance/lv_image_header_cache.o ./Drivers/lvgl/src/misc/cache/instance/lv_image_header_cache.su
rm -rf ./Drivers/lvgl/src/misc/cache/class/lv_cache_lru_ll.cyclo ./Drivers/lvgl/src/misc/cache/class/lv_cache_lru_ll.d ./Drivers/lvgl/src/misc/cache/class/lv_cache_lru_ll.o ./Drivers/lvgl/src/misc/cache/class/lv_cache_lru_ll.su ./Drivers/lvgl/src/misc/cache/class/lv_cache_lru_rb.cyclo ./Drivers/lvgl/src/misc/cache/class/lv_cache_lru_rb.d ./Drivers/lvgl/src/misc/cache/class/lv_cache_lru_rb.o ./Drivers/lvgl/src/misc/cache/class/lv_cache_lru_rb.su
rm -rf ./Drivers/lvgl/src/misc/cache/lv_cache.cyclo ./Drivers/lvgl/src/misc/cache/lv_cache.d ./Drivers/lvgl/src/misc/cache/lv_cache.o ./Drivers/lvgl/src/misc/cache/lv_cache.su ./Drivers/lvgl/src/misc/cache/lv_cache_entry.cyclo ./Drivers/lvgl/src/misc/cache/lv_cache_entry.d ./Drivers/lvgl/src/misc/cache/lv_cache_entry.o ./Drivers/lvgl/src/misc/cache/lv_cache_entry.su
rm -rf ./Drivers/lvgl/src/misc/lv_anim.cyclo ./Drivers/lvgl/src/misc/lv_anim.d ./Drivers/lvgl/src/misc/lv_anim.o ./Drivers/lvgl/src/misc/lv_anim.su ./Drivers/lvgl/src/misc/lv_anim_timeline.cyclo ./Drivers/lvgl/src/misc/lv_anim_timeline.d ./Drivers/lvgl/src/misc/lv_anim_timeline.o ./Drivers/lvgl/src/misc/lv_anim_timeline.su ./Drivers/lvgl/src/misc/lv_area.cyclo ./Drivers/lvgl/src/misc/lv_area.d ./Drivers/lvgl/src/misc/lv_area.o ./Drivers/lvgl/src/misc/lv_area.su ./Drivers/lvgl/src/misc/lv_array.cyclo ./Drivers/lvgl/src/misc/lv_array.d ./Drivers/lvgl/src/misc/lv_array.o ./Drivers/lvgl/src/misc/lv_array.su ./Drivers/lvgl/src/misc/lv_async.cyclo ./Drivers/lvgl/src/misc/lv_async.d ./Drivers/lvgl/src/misc/lv_async.o ./Drivers/lvgl/src/misc/lv_async.su ./Drivers/lvgl/src/misc/lv_bidi.cyclo ./Drivers/lvgl/src/misc/lv_bidi.d ./Drivers/lvgl/src/misc/lv_bidi.o ./Drivers/lvgl/src/misc/lv_bidi.su ./Drivers/lvgl/src/misc/lv_circle_buf.cyclo ./Drivers/lvgl/src/misc/lv_circle_buf.d ./Drivers/lvgl/src/misc/lv_circle_buf.o ./Drivers/lvgl/src/misc/lv_circle_buf.su ./Drivers/lvgl/src/misc/lv_color.cyclo ./Drivers/lvgl/src/misc/lv_color.d ./Drivers/lvgl/src/misc/lv_color.o ./Drivers/lvgl/src/misc/lv_color.su ./Drivers/lvgl/src/misc/lv_color_op.cyclo ./Drivers/lvgl/src/misc/lv_color_op.d ./Drivers/lvgl/src/misc/lv_color_op.o ./Drivers/lvgl/src/misc/lv_color_op.su ./Drivers/lvgl/src/misc/lv_event.cyclo ./Drivers/lvgl/src/misc/lv_event.d ./Drivers/lvgl/src/misc/lv_event.o ./Drivers/lvgl/src/misc/lv_event.su ./Drivers/lvgl/src/misc/lv_fs.cyclo ./Drivers/lvgl/src/misc/lv_fs.d ./Drivers/lvgl/src/misc/lv_fs.o ./Drivers/lvgl/src/misc/lv_fs.su ./Drivers/lvgl/src/misc/lv_grad.cyclo ./Drivers/lvgl/src/misc/lv_grad.d ./Drivers/lvgl/src/misc/lv_grad.o ./Drivers/lvgl/src/misc/lv_grad.su ./Drivers/lvgl/src/misc/lv_iter.cyclo ./Drivers/lvgl/src/misc/lv_iter.d ./Drivers/lvgl/src/misc/lv_iter.o ./Drivers/lvgl/src/misc/lv_iter.su ./Drivers/lvgl/src/misc/lv_ll.cyclo ./Drivers/lvgl/src/misc/lv_ll.d ./Drivers/lvgl/src/misc/lv_ll.o ./Drivers/lvgl/src/misc/lv_ll.su ./Drivers/lvgl/src/misc/lv_log.cyclo ./Drivers/lvgl/src/misc/lv_log.d ./Drivers/lvgl/src/misc/lv_log.o ./Drivers/lvgl/src/misc/lv_log.su ./Drivers/lvgl/src/misc/lv_lru.cyclo ./Drivers/lvgl/src/misc/lv_lru.d ./Drivers/lvgl/src/misc/lv_lru.o ./Drivers/lvgl/src/misc/lv_lru.su ./Drivers/lvgl/src/misc/lv_math.cyclo ./Drivers/lvgl/src/misc/lv_math.d ./Drivers/lvgl/src/misc/lv_math.o ./Drivers/lvgl/src/misc/lv_math.su ./Drivers/lvgl/src/misc/lv_matrix.cyclo ./Drivers/lvgl/src/misc/lv_matrix.d ./Drivers/lvgl/src/misc/lv_matrix.o ./Drivers/lvgl/src/misc/lv_matrix.su ./Drivers/lvgl/src/misc/lv_palette.cyclo ./Drivers/lvgl/src/misc/lv_palette.d ./Drivers/lvgl/src/misc/lv_palette.o ./Drivers/lvgl/src/misc/lv_palette.su ./Drivers/lvgl/src/misc/lv_profiler_builtin.cyclo ./Drivers/lvgl/src/misc/lv_profiler_builtin.d ./Drivers/lvgl/src/misc/lv_profiler_builtin.o ./Drivers/lvgl/src/misc/lv_profiler_builtin.su ./Drivers/lvgl/src/misc/lv_rb.cyclo ./Drivers/lvgl/src/misc/lv_rb.d ./Drivers/lvgl/src/misc/lv_rb.o ./Drivers/lvgl/src/misc/lv_rb.su ./Drivers/lvgl/src/misc/lv_style.cyclo ./Drivers/lvgl/src/misc/lv_style.d ./Drivers/lvgl/src/misc/lv_style.o ./Drivers/lvgl/src/misc/lv_style.su ./Drivers/lvgl/src/misc/lv_style_gen.cyclo ./Drivers/lvgl/src/misc/lv_style_gen.d ./Drivers/lvgl/src/misc/lv_style_gen.o ./Drivers/lvgl/src/misc/lv_style_gen.su ./Drivers/lvgl/src/misc/lv_templ.cyclo ./Drivers/lvgl/src/misc/lv_templ.d ./Drivers/lvgl/src/misc/lv_templ.o ./Drivers/lvgl/src/misc/lv_templ.su ./Drivers/lvgl/src/misc/lv_text.cyclo ./Drivers/lvgl/src/misc/lv_text.d ./Drivers/lvgl/src/misc/lv_text.o ./Drivers/lvgl/src/misc/lv_text.su ./Drivers/lvgl/src/misc/lv_text_ap.cyclo ./Drivers/lvgl/src/misc/lv_text_ap.d ./Drivers/lvgl/src/misc/lv_text_ap.o ./Drivers/lvgl/src/misc/lv_text_ap.su ./Drivers/lvgl/src/misc/lv_timer.cyclo ./Drivers/lvgl/src/misc/lv_timer.d ./Drivers/lvgl/src/misc/lv_timer.o ./Drivers/lvgl/src/misc/lv_timer.su ./Drivers/lvgl/src/misc/lv_tree.cyclo ./Drivers/lvgl/src/misc/lv_tree.d ./Drivers/lvgl/src/misc/lv_tree.o ./Drivers/lvgl/src/misc/lv_tree.su ./Drivers/lvgl/src/misc/lv_utils.cyclo ./Drivers/lvgl/src/misc/lv_utils.d ./Drivers/lvgl/src/misc/lv_utils.o ./Drivers/lvgl/src/misc/lv_utils.su
rm -rf ./Drivers/lvgl/src/libs/tjpgd/lv_tjpgd.cyclo ./Drivers/lvgl/src/libs/tjpgd/lv_tjpgd.d ./Drivers/lvgl/src/libs/tjpgd/lv_tjpgd.o ./Drivers/lvgl/src/libs/tjpgd/lv_tjpgd.su ./Drivers/lvgl/src/libs/tjpgd/tjpgd.cyclo ./Drivers/lvgl/src/libs/tjpgd/tjpgd.d ./Drivers/lvgl/src/libs/tjpgd/tjpgd.o ./Drivers/lvgl/src/libs/tjpgd/tjpgd.su
rm -rf ./Drivers/lvgl/src/libs/tiny_ttf/lv_tiny_ttf.cyclo ./Drivers/lvgl/src/libs/tiny_ttf/lv_tiny_ttf.d ./Drivers/lvgl/src/libs/tiny_ttf/lv_tiny_ttf.o ./Drivers/lvgl/src/libs/tiny_ttf/lv_tiny_ttf.su
rm -rf ./Drivers/lvgl/src/libs/svg/lv_svg.cyclo ./Drivers/lvgl/src/libs/svg/lv_svg.d ./Drivers/lvgl/src/libs/svg/lv_svg.o ./Drivers/lvgl/src/libs/svg/lv_svg.su ./Drivers/lvgl/src/libs/svg/lv_svg_decoder.cyclo ./Drivers/lvgl/src/libs/svg/lv_svg_decoder.d ./Drivers/lvgl/src/libs/svg/lv_svg_decoder.o ./Drivers/lvgl/src/libs/svg/lv_svg_decoder.su ./Drivers/lvgl/src/libs/svg/lv_svg_parser.cyclo ./Drivers/lvgl/src/libs/svg/lv_svg_parser.d ./Drivers/lvgl/src/libs/svg/lv_svg_parser.o ./Drivers/lvgl/src/libs/svg/lv_svg_parser.su ./Drivers/lvgl/src/libs/svg/lv_svg_render.cyclo ./Drivers/lvgl/src/libs/svg/lv_svg_render.d ./Drivers/lvgl/src/libs/svg/lv_svg_render.o ./Drivers/lvgl/src/libs/svg/lv_svg_render.su ./Drivers/lvgl/src/libs/svg/lv_svg_token.cyclo ./Drivers/lvgl/src/libs/svg/lv_svg_token.d ./Drivers/lvgl/src/libs/svg/lv_svg_token.o ./Drivers/lvgl/src/libs/svg/lv_svg_token.su
rm -rf ./Drivers/lvgl/src/libs/rlottie/lv_rlottie.cyclo ./Drivers/lvgl/src/libs/rlottie/lv_rlottie.d ./Drivers/lvgl/src/libs/rlottie/lv_rlottie.o ./Drivers/lvgl/src/libs/rlottie/lv_rlottie.su
rm -rf ./Drivers/lvgl/src/libs/rle/lv_rle.cyclo ./Drivers/lvgl/src/libs/rle/lv_rle.d ./Drivers/lvgl/src/libs/rle/lv_rle.o ./Drivers/lvgl/src/libs/rle/lv_rle.su
rm -rf ./Drivers/lvgl/src/libs/qrcode/lv_qrcode.cyclo ./Drivers/lvgl/src/libs/qrcode/lv_qrcode.d ./Drivers/lvgl/src/libs/qrcode/lv_qrcode.o ./Drivers/lvgl/src/libs/qrcode/lv_qrcode.su ./Drivers/lvgl/src/libs/qrcode/qrcodegen.cyclo ./Drivers/lvgl/src/libs/qrcode/qrcodegen.d ./Drivers/lvgl/src/libs/qrcode/qrcodegen.o ./Drivers/lvgl/src/libs/qrcode/qrcodegen.su
rm -rf ./Drivers/lvgl/src/libs/lz4/lz4.cyclo ./Drivers/lvgl/src/libs/lz4/lz4.d ./Drivers/lvgl/src/libs/lz4/lz4.o ./Drivers/lvgl/src/libs/lz4/lz4.su
rm -rf ./Drivers/lvgl/src/libs/lodepng/lodepng.cyclo ./Drivers/lvgl/src/libs/lodepng/lodepng.d ./Drivers/lvgl/src/libs/lodepng/lodepng.o ./Drivers/lvgl/src/libs/lodepng/lodepng.su ./Drivers/lvgl/src/libs/lodepng/lv_lodepng.cyclo ./Drivers/lvgl/src/libs/lodepng/lv_lodepng.d ./Drivers/lvgl/src/libs/lodepng/lv_lodepng.o ./Drivers/lvgl/src/libs/lodepng/lv_lodepng.su
rm -rf ./Drivers/lvgl/src/libs/libpng/lv_libpng.cyclo ./Drivers/lvgl/src/libs/libpng/lv_libpng.d ./Drivers/lvgl/src/libs/libpng/lv_libpng.o ./Drivers/lvgl/src/libs/libpng/lv_libpng.su
rm -rf ./Drivers/lvgl/src/libs/libjpeg_turbo/lv_libjpeg_turbo.cyclo ./Drivers/lvgl/src/libs/libjpeg_turbo/lv_libjpeg_turbo.d ./Drivers/lvgl/src/libs/libjpeg_turbo/lv_libjpeg_turbo.o ./Drivers/lvgl/src/libs/libjpeg_turbo/lv_libjpeg_turbo.su
rm -rf ./Drivers/lvgl/src/libs/gif/gifdec.cyclo ./Drivers/lvgl/src/libs/gif/gifdec.d ./Drivers/lvgl/src/libs/gif/gifdec.o ./Drivers/lvgl/src/libs/gif/gifdec.su ./Drivers/lvgl/src/libs/gif/lv_gif.cyclo ./Drivers/lvgl/src/libs/gif/lv_gif.d ./Drivers/lvgl/src/libs/gif/lv_gif.o ./Drivers/lvgl/src/libs/gif/lv_gif.su
rm -rf ./Drivers/lvgl/src/libs/fsdrv/lv_fs_cbfs.cyclo ./Drivers/lvgl/src/libs/fsdrv/lv_fs_cbfs.d ./Drivers/lvgl/src/libs/fsdrv/lv_fs_cbfs.o ./Drivers/lvgl/src/libs/fsdrv/lv_fs_cbfs.su ./Drivers/lvgl/src/libs/fsdrv/lv_fs_fatfs.cyclo ./Drivers/lvgl/src/libs/fsdrv/lv_fs_fatfs.d ./Drivers/lvgl/src/libs/fsdrv/lv_fs_fatfs.o ./Drivers/lvgl/src/libs/fsdrv/lv_fs_fatfs.su ./Drivers/lvgl/src/libs/fsdrv/lv_fs_littlefs.cyclo ./Drivers/lvgl/src/libs/fsdrv/lv_fs_littlefs.d ./Drivers/lvgl/src/libs/fsdrv/lv_fs_littlefs.o ./Drivers/lvgl/src/libs/fsdrv/lv_fs_littlefs.su ./Drivers/lvgl/src/libs/fsdrv/lv_fs_memfs.cyclo ./Drivers/lvgl/src/libs/fsdrv/lv_fs_memfs.d ./Drivers/lvgl/src/libs/fsdrv/lv_fs_memfs.o ./Drivers/lvgl/src/libs/fsdrv/lv_fs_memfs.su ./Drivers/lvgl/src/libs/fsdrv/lv_fs_posix.cyclo ./Drivers/lvgl/src/libs/fsdrv/lv_fs_posix.d ./Drivers/lvgl/src/libs/fsdrv/lv_fs_posix.o ./Drivers/lvgl/src/libs/fsdrv/lv_fs_posix.su ./Drivers/lvgl/src/libs/fsdrv/lv_fs_stdio.cyclo ./Drivers/lvgl/src/libs/fsdrv/lv_fs_stdio.d ./Drivers/lvgl/src/libs/fsdrv/lv_fs_stdio.o ./Drivers/lvgl/src/libs/fsdrv/lv_fs_stdio.su ./Drivers/lvgl/src/libs/fsdrv/lv_fs_uefi.cyclo ./Drivers/lvgl/src/libs/fsdrv/lv_fs_uefi.d ./Drivers/lvgl/src/libs/fsdrv/lv_fs_uefi.o ./Drivers/lvgl/src/libs/fsdrv/lv_fs_uefi.su ./Drivers/lvgl/src/libs/fsdrv/lv_fs_win32.cyclo ./Drivers/lvgl/src/libs/fsdrv/lv_fs_win32.d ./Drivers/lvgl/src/libs/fsdrv/lv_fs_win32.o ./Drivers/lvgl/src/libs/fsdrv/lv_fs_win32.su
rm -rf ./Drivers/lvgl/src/libs/freetype/lv_freetype.cyclo ./Drivers/lvgl/src/libs/freetype/lv_freetype.d ./Drivers/lvgl/src/libs/freetype/lv_freetype.o ./Drivers/lvgl/src/libs/freetype/lv_freetype.su ./Drivers/lvgl/src/libs/freetype/lv_freetype_glyph.cyclo ./Drivers/lvgl/src/libs/freetype/lv_freetype_glyph.d ./Drivers/lvgl/src/libs/freetype/lv_freetype_glyph.o ./Drivers/lvgl/src/libs/freetype/lv_freetype_glyph.su ./Drivers/lvgl/src/libs/freetype/lv_freetype_image.cyclo ./Drivers/lvgl/src/libs/freetype/lv_freetype_image.d ./Drivers/lvgl/src/libs/freetype/lv_freetype_image.o ./Drivers/lvgl/src/libs/freetype/lv_freetype_image.su ./Drivers/lvgl/src/libs/freetype/lv_freetype_outline.cyclo ./Drivers/lvgl/src/libs/freetype/lv_freetype_outline.d ./Drivers/lvgl/src/libs/freetype/lv_freetype_outline.o ./Drivers/lvgl/src/libs/freetype/lv_freetype_outline.su ./Drivers/lvgl/src/libs/freetype/lv_ftsystem.cyclo ./Drivers/lvgl/src/libs/freetype/lv_ftsystem.d ./Drivers/lvgl/src/libs/freetype/lv_ftsystem.o ./Drivers/lvgl/src/libs/freetype/lv_ftsystem.su
rm -rf ./Drivers/lvgl/src/libs/ffmpeg/lv_ffmpeg.cyclo ./Drivers/lvgl/src/libs/ffmpeg/lv_ffmpeg.d ./Drivers/lvgl/src/libs/ffmpeg/lv_ffmpeg.o ./Drivers/lvgl/src/libs/ffmpeg/lv_ffmpeg.su
rm -rf ./Drivers/lvgl/src/libs/expat/xmlparse.cyclo ./Drivers/lvgl/src/libs/expat/xmlparse.d ./Drivers/lvgl/src/libs/expat/xmlparse.o ./Drivers/lvgl/src/libs/expat/xmlparse.su ./Drivers/lvgl/src/libs/expat/xmlrole.cyclo ./Drivers/lvgl/src/libs/expat/xmlrole.d ./Drivers/lvgl/src/libs/expat/xmlrole.o ./Drivers/lvgl/src/libs/expat/xmlrole.su ./Drivers/lvgl/src/libs/expat/xmltok.cyclo ./Drivers/lvgl/src/libs/expat/xmltok.d ./Drivers/lvgl/src/libs/expat/xmltok.o ./Drivers/lvgl/src/libs/expat/xmltok.su ./Drivers/lvgl/src/libs/expat/xmltok_impl.cyclo ./Drivers/lvgl/src/libs/expat/xmltok_impl.d ./Drivers/lvgl/src/libs/expat/xmltok_impl.o ./Drivers/lvgl/src/libs/expat/xmltok_impl.su ./Drivers/lvgl/src/libs/expat/xmltok_ns.cyclo ./Drivers/lvgl/src/libs/expat/xmltok_ns.d ./Drivers/lvgl/src/libs/expat/xmltok_ns.o ./Drivers/lvgl/src/libs/expat/xmltok_ns.su
rm -rf ./Drivers/lvgl/src/libs/bmp/lv_bmp.cyclo ./Drivers/lvgl/src/libs/bmp/lv_bmp.d ./Drivers/lvgl/src/libs/bmp/lv_bmp.o ./Drivers/lvgl/src/libs/bmp/lv_bmp.su
rm -rf ./Drivers/lvgl/src/libs/bin_decoder/lv_bin_decoder.cyclo ./Drivers/lvgl/src/libs/bin_decoder/lv_bin_decoder.d ./Drivers/lvgl/src/libs/bin_decoder/lv_bin_decoder.o ./Drivers/lvgl/src/libs/bin_decoder/lv_bin_decoder.su
rm -rf ./Drivers/lvgl/src/libs/barcode/code128.cyclo ./Drivers/lvgl/src/libs/barcode/code128.d ./Drivers/lvgl/src/libs/barcode/code128.o ./Drivers/lvgl/src/libs/barcode/code128.su ./Drivers/lvgl/src/libs/barcode/lv_barcode.cyclo ./Drivers/lvgl/src/libs/barcode/lv_barcode.d ./Drivers/lvgl/src/libs/barcode/lv_barcode.o ./Drivers/lvgl/src/libs/barcode/lv_barcode.su
rm -rf ./Drivers/lvgl/src/layouts/grid/lv_grid.cyclo ./Drivers/lvgl/src/layouts/grid/lv_grid.d ./Drivers/lvgl/src/layouts/grid/lv_grid.o ./Drivers/lvgl/src/layouts/grid/lv_grid.su
rm -rf ./Drivers/lvgl/src/layouts/flex/lv_flex.cyclo ./Drivers/lvgl/src/layouts/flex/lv_flex.d ./Drivers/lvgl/src/layouts/flex/lv_flex.o ./Drivers/lvgl/src/layouts/flex/lv_flex.su
rm -rf ./Drivers/lvgl/src/layouts/lv_layout.cyclo ./Drivers/lvgl/src/layouts/lv_layout.d ./Drivers/lvgl/src/layouts/lv_layout.o ./Drivers/lvgl/src/layouts/lv_layout.su
rm -rf ./Drivers/lvgl/src/indev/lv_indev.cyclo ./Drivers/lvgl/src/indev/lv_indev.d ./Drivers/lvgl/src/indev/lv_indev.o ./Drivers/lvgl/src/indev/lv_indev.su ./Drivers/lvgl/src/indev/lv_indev_gesture.cyclo ./Drivers/lvgl/src/indev/lv_indev_gesture.d ./Drivers/lvgl/src/indev/lv_indev_gesture.o ./Drivers/lvgl/src/indev/lv_indev_gesture.su ./Drivers/lvgl/src/indev/lv_indev_scroll.cyclo ./Drivers/lvgl/src/indev/lv_indev_scroll.d ./Drivers/lvgl/src/indev/lv_indev_scroll.o ./Drivers/lvgl/src/indev/lv_indev_scroll.su
rm -rf ./Drivers/lvgl/src/font/lv_binfont_loader.cyclo ./Drivers/lvgl/src/font/lv_binfont_loader.d ./Drivers/lvgl/src/font/lv_binfont_loader.o ./Drivers/lvgl/src/font/lv_binfont_loader.su ./Drivers/lvgl/src/font/lv_font.cyclo ./Drivers/lvgl/src/font/lv_font.d ./Drivers/lvgl/src/font/lv_font.o ./Drivers/lvgl/src/font/lv_font.su ./Drivers/lvgl/src/font/lv_font_dejavu_16_persian_hebrew.cyclo ./Drivers/lvgl/src/font/lv_font_dejavu_16_persian_hebrew.d ./Drivers/lvgl/src/font/lv_font_dejavu_16_persian_hebrew.o ./Drivers/lvgl/src/font/lv_font_dejavu_16_persian_hebrew.su ./Drivers/lvgl/src/font/lv_font_fmt_txt.cyclo ./Drivers/lvgl/src/font/lv_font_fmt_txt.d ./Drivers/lvgl/src/font/lv_font_fmt_txt.o ./Drivers/lvgl/src/font/lv_font_fmt_txt.su ./Drivers/lvgl/src/font/lv_font_montserrat_10.cyclo ./Drivers/lvgl/src/font/lv_font_montserrat_10.d ./Drivers/lvgl/src/font/lv_font_montserrat_10.o ./Drivers/lvgl/src/font/lv_font_montserrat_10.su ./Drivers/lvgl/src/font/lv_font_montserrat_12.cyclo ./Drivers/lvgl/src/font/lv_font_montserrat_12.d ./Drivers/lvgl/src/font/lv_font_montserrat_12.o ./Drivers/lvgl/src/font/lv_font_montserrat_12.su ./Drivers/lvgl/src/font/lv_font_montserrat_14.cyclo ./Drivers/lvgl/src/font/lv_font_montserrat_14.d ./Drivers/lvgl/src/font/lv_font_montserrat_14.o ./Drivers/lvgl/src/font/lv_font_montserrat_14.su ./Drivers/lvgl/src/font/lv_font_montserrat_14_aligned.cyclo ./Drivers/lvgl/src/font/lv_font_montserrat_14_aligned.d ./Drivers/lvgl/src/font/lv_font_montserrat_14_aligned.o ./Drivers/lvgl/src/font/lv_font_montserrat_14_aligned.su ./Drivers/lvgl/src/font/lv_font_montserrat_16.cyclo ./Drivers/lvgl/src/font/lv_font_montserrat_16.d ./Drivers/lvgl/src/font/lv_font_montserrat_16.o ./Drivers/lvgl/src/font/lv_font_montserrat_16.su ./Drivers/lvgl/src/font/lv_font_montserrat_18.cyclo ./Drivers/lvgl/src/font/lv_font_montserrat_18.d ./Drivers/lvgl/src/font/lv_font_montserrat_18.o ./Drivers/lvgl/src/font/lv_font_montserrat_18.su ./Drivers/lvgl/src/font/lv_font_montserrat_20.cyclo ./Drivers/lvgl/src/font/lv_font_montserrat_20.d ./Drivers/lvgl/src/font/lv_font_montserrat_20.o ./Drivers/lvgl/src/font/lv_font_montserrat_20.su ./Drivers/lvgl/src/font/lv_font_montserrat_22.cyclo ./Drivers/lvgl/src/font/lv_font_montserrat_22.d ./Drivers/lvgl/src/font/lv_font_montserrat_22.o ./Drivers/lvgl/src/font/lv_font_montserrat_22.su ./Drivers/lvgl/src/font/lv_font_montserrat_24.cyclo ./Drivers/lvgl/src/font/lv_font_montserrat_24.d ./Drivers/lvgl/src/font/lv_font_montserrat_24.o ./Drivers/lvgl/src/font/lv_font_montserrat_24.su ./Drivers/lvgl/src/font/lv_font_montserrat_26.cyclo ./Drivers/lvgl/src/font/lv_font_montserrat_26.d ./Drivers/lvgl/src/font/lv_font_montserrat_26.o ./Drivers/lvgl/src/font/lv_font_montserrat_26.su ./Drivers/lvgl/src/font/lv_font_montserrat_28.cyclo ./Drivers/lvgl/src/font/lv_font_montserrat_28.d ./Drivers/lvgl/src/font/lv_font_montserrat_28.o ./Drivers/lvgl/src/font/lv_font_montserrat_28.su ./Drivers/lvgl/src/font/lv_font_montserrat_28_compressed.cyclo ./Drivers/lvgl/src/font/lv_font_montserrat_28_compressed.d ./Drivers/lvgl/src/font/lv_font_montserrat_28_compressed.o ./Drivers/lvgl/src/font/lv_font_montserrat_28_compressed.su ./Drivers/lvgl/src/font/lv_font_montserrat_30.cyclo ./Drivers/lvgl/src/font/lv_font_montserrat_30.d ./Drivers/lvgl/src/font/lv_font_montserrat_30.o ./Drivers/lvgl/src/font/lv_font_montserrat_30.su ./Drivers/lvgl/src/font/lv_font_montserrat_32.cyclo ./Drivers/lvgl/src/font/lv_font_montserrat_32.d ./Drivers/lvgl/src/font/lv_font_montserrat_32.o ./Drivers/lvgl/src/font/lv_font_montserrat_32.su ./Drivers/lvgl/src/font/lv_font_montserrat_34.cyclo ./Drivers/lvgl/src/font/lv_font_montserrat_34.d ./Drivers/lvgl/src/font/lv_font_montserrat_34.o ./Drivers/lvgl/src/font/lv_font_montserrat_34.su ./Drivers/lvgl/src/font/lv_font_montserrat_36.cyclo ./Drivers/lvgl/src/font/lv_font_montserrat_36.d ./Drivers/lvgl/src/font/lv_font_montserrat_36.o ./Drivers/lvgl/src/font/lv_font_montserrat_36.su ./Drivers/lvgl/src/font/lv_font_montserrat_38.cyclo ./Drivers/lvgl/src/font/lv_font_montserrat_38.d ./Drivers/lvgl/src/font/lv_font_montserrat_38.o ./Drivers/lvgl/src/font/lv_font_montserrat_38.su ./Drivers/lvgl/src/font/lv_font_montserrat_40.cyclo ./Drivers/lvgl/src/font/lv_font_montserrat_40.d ./Drivers/lvgl/src/font/lv_font_montserrat_40.o ./Drivers/lvgl/src/font/lv_font_montserrat_40.su ./Drivers/lvgl/src/font/lv_font_montserrat_42.cyclo ./Drivers/lvgl/src/font/lv_font_montserrat_42.d ./Drivers/lvgl/src/font/lv_font_montserrat_42.o ./Drivers/lvgl/src/font/lv_font_montserrat_42.su ./Drivers/lvgl/src/font/lv_font_montserrat_44.cyclo ./Drivers/lvgl/src/font/lv_font_montserrat_44.d ./Drivers/lvgl/src/font/lv_font_montserrat_44.o ./Drivers/lvgl/src/font/lv_font_montserrat_44.su ./Drivers/lvgl/src/font/lv_font_montserrat_46.cyclo ./Drivers/lvgl/src/font/lv_font_montserrat_46.d ./Drivers/lvgl/src/font/lv_font_montserrat_46.o ./Drivers/lvgl/src/font/lv_font_montserrat_46.su ./Drivers/lvgl/src/font/lv_font_montserrat_48.cyclo ./Drivers/lvgl/src/font/lv_font_montserrat_48.d ./Drivers/lvgl/src/font/lv_font_montserrat_48.o ./Drivers/lvgl/src/font/lv_font_montserrat_48.su ./Drivers/lvgl/src/font/lv_font_montserrat_8.cyclo ./Drivers/lvgl/src/font/lv_font_montserrat_8.d ./Drivers/lvgl/src/font/lv_font_montserrat_8.o ./Drivers/lvgl/src/font/lv_font_montserrat_8.su ./Drivers/lvgl/src/font/lv_font_simsun_14_cjk.cyclo ./Drivers/lvgl/src/font/lv_font_simsun_14_cjk.d ./Drivers/lvgl/src/font/lv_font_simsun_14_cjk.o ./Drivers/lvgl/src/font/lv_font_simsun_14_cjk.su ./Drivers/lvgl/src/font/lv_font_simsun_16_cjk.cyclo ./Drivers/lvgl/src/font/lv_font_simsun_16_cjk.d ./Drivers/lvgl/src/font/lv_font_simsun_16_cjk.o ./Drivers/lvgl/src/font/lv_font_simsun_16_cjk.su ./Drivers/lvgl/src/font/lv_font_source_han_sans_sc_14_cjk.cyclo ./Drivers/lvgl/src/font/lv_font_source_han_sans_sc_14_cjk.d ./Drivers/lvgl/src/font/lv_font_source_han_sans_sc_14_cjk.o ./Drivers/lvgl/src/font/lv_font_source_han_sans_sc_14_cjk.su
rm -rf ./Drivers/lvgl/src/drivers/x11/lv_x11_display.cyclo ./Drivers/lvgl/src/drivers/x11/lv_x11_display.d ./Drivers/lvgl/src/drivers/x11/lv_x11_display.o ./Drivers/lvgl/src/drivers/x11/lv_x11_display.su ./Drivers/lvgl/src/drivers/x11/lv_x11_input.cyclo ./Drivers/lvgl/src/drivers/x11/lv_x11_input.d ./Drivers/lvgl/src/drivers/x11/lv_x11_input.o ./Drivers/lvgl/src/drivers/x11/lv_x11_input.su
rm -rf ./Drivers/lvgl/src/drivers/windows/lv_windows_context.cyclo ./Drivers/lvgl/src/drivers/windows/lv_windows_context.d ./Drivers/lvgl/src/drivers/windows/lv_windows_context.o ./Drivers/lvgl/src/drivers/windows/lv_windows_context.su ./Drivers/lvgl/src/drivers/windows/lv_windows_display.cyclo ./Drivers/lvgl/src/drivers/windows/lv_windows_display.d ./Drivers/lvgl/src/drivers/windows/lv_windows_display.o ./Drivers/lvgl/src/drivers/windows/lv_windows_display.su ./Drivers/lvgl/src/drivers/windows/lv_windows_input.cyclo ./Drivers/lvgl/src/drivers/windows/lv_windows_input.d ./Drivers/lvgl/src/drivers/windows/lv_windows_input.o ./Drivers/lvgl/src/drivers/windows/lv_windows_input.su
rm -rf ./Drivers/lvgl/src/drivers/wayland/lv_wayland.cyclo ./Drivers/lvgl/src/drivers/wayland/lv_wayland.d ./Drivers/lvgl/src/drivers/wayland/lv_wayland.o ./Drivers/lvgl/src/drivers/wayland/lv_wayland.su ./Drivers/lvgl/src/drivers/wayland/lv_wayland_smm.cyclo ./Drivers/lvgl/src/drivers/wayland/lv_wayland_smm.d ./Drivers/lvgl/src/drivers/wayland/lv_wayland_smm.o ./Drivers/lvgl/src/drivers/wayland/lv_wayland_smm.su ./Drivers/lvgl/src/drivers/wayland/lv_wl_cache.cyclo ./Drivers/lvgl/src/drivers/wayland/lv_wl_cache.d ./Drivers/lvgl/src/drivers/wayland/lv_wl_cache.o ./Drivers/lvgl/src/drivers/wayland/lv_wl_cache.su ./Drivers/lvgl/src/drivers/wayland/lv_wl_dmabuf.cyclo ./Drivers/lvgl/src/drivers/wayland/lv_wl_dmabuf.d ./Drivers/lvgl/src/drivers/wayland/lv_wl_dmabuf.o ./Drivers/lvgl/src/drivers/wayland/lv_wl_dmabuf.su ./Drivers/lvgl/src/drivers/wayland/lv_wl_keyboard.cyclo ./Drivers/lvgl/src/drivers/wayland/lv_wl_keyboard.d ./Drivers/lvgl/src/drivers/wayland/lv_wl_keyboard.o ./Drivers/lvgl/src/drivers/wayland/lv_wl_keyboard.su ./Drivers/lvgl/src/drivers/wayland/lv_wl_pointer.cyclo ./Drivers/lvgl/src/drivers/wayland/lv_wl_pointer.d ./Drivers/lvgl/src/drivers/wayland/lv_wl_pointer.o ./Drivers/lvgl/src/drivers/wayland/lv_wl_pointer.su ./Drivers/lvgl/src/drivers/wayland/lv_wl_pointer_axis.cyclo ./Drivers/lvgl/src/drivers/wayland/lv_wl_pointer_axis.d ./Drivers/lvgl/src/drivers/wayland/lv_wl_pointer_axis.o ./Drivers/lvgl/src/drivers/wayland/lv_wl_pointer_axis.su ./Drivers/lvgl/src/drivers/wayland/lv_wl_seat.cyclo ./Drivers/lvgl/src/drivers/wayland/lv_wl_seat.d ./Drivers/lvgl/src/drivers/wayland/lv_wl_seat.o ./Drivers/lvgl/src/drivers/wayland/lv_wl_seat.su ./Drivers/lvgl/src/drivers/wayland/lv_wl_shell.cyclo ./Drivers/lvgl/src/drivers/wayland/lv_wl_shell.d ./Drivers/lvgl/src/drivers/wayland/lv_wl_shell.o ./Drivers/lvgl/src/drivers/wayland/lv_wl_shell.su ./Drivers/lvgl/src/drivers/wayland/lv_wl_shm.cyclo ./Drivers/lvgl/src/drivers/wayland/lv_wl_shm.d ./Drivers/lvgl/src/drivers/wayland/lv_wl_shm.o ./Drivers/lvgl/src/drivers/wayland/lv_wl_shm.su ./Drivers/lvgl/src/drivers/wayland/lv_wl_touch.cyclo ./Drivers/lvgl/src/drivers/wayland/lv_wl_touch.d ./Drivers/lvgl/src/drivers/wayland/lv_wl_touch.o ./Drivers/lvgl/src/drivers/wayland/lv_wl_touch.su ./Drivers/lvgl/src/drivers/wayland/lv_wl_window.cyclo ./Drivers/lvgl/src/drivers/wayland/lv_wl_window.d ./Drivers/lvgl/src/drivers/wayland/lv_wl_window.o ./Drivers/lvgl/src/drivers/wayland/lv_wl_window.su ./Drivers/lvgl/src/drivers/wayland/lv_wl_window_decorations.cyclo ./Drivers/lvgl/src/drivers/wayland/lv_wl_window_decorations.d ./Drivers/lvgl/src/drivers/wayland/lv_wl_window_decorations.o ./Drivers/lvgl/src/drivers/wayland/lv_wl_window_decorations.su ./Drivers/lvgl/src/drivers/wayland/lv_wl_xdg_shell.cyclo ./Drivers/lvgl/src/drivers/wayland/lv_wl_xdg_shell.d ./Drivers/lvgl/src/drivers/wayland/lv_wl_xdg_shell.o ./Drivers/lvgl/src/drivers/wayland/lv_wl_xdg_shell.su
rm -rf ./Drivers/lvgl/src/drivers/uefi/lv_uefi_context.cyclo ./Drivers/lvgl/src/drivers/uefi/lv_uefi_context.d ./Drivers/lvgl/src/drivers/uefi/lv_uefi_context.o ./Drivers/lvgl/src/drivers/uefi/lv_uefi_context.su ./Drivers/lvgl/src/drivers/uefi/lv_uefi_display.cyclo ./Drivers/lvgl/src/drivers/uefi/lv_uefi_display.d ./Drivers/lvgl/src/drivers/uefi/lv_uefi_display.o ./Drivers/lvgl/src/drivers/uefi/lv_uefi_display.su ./Drivers/lvgl/src/drivers/uefi/lv_uefi_indev_keyboard.cyclo ./Drivers/lvgl/src/drivers/uefi/lv_uefi_indev_keyboard.d ./Drivers/lvgl/src/drivers/uefi/lv_uefi_indev_keyboard.o ./Drivers/lvgl/src/drivers/uefi/lv_uefi_indev_keyboard.su ./Drivers/lvgl/src/drivers/uefi/lv_uefi_indev_pointer.cyclo ./Drivers/lvgl/src/drivers/uefi/lv_uefi_indev_pointer.d ./Drivers/lvgl/src/drivers/uefi/lv_uefi_indev_pointer.o ./Drivers/lvgl/src/drivers/uefi/lv_uefi_indev_pointer.su ./Drivers/lvgl/src/drivers/uefi/lv_uefi_indev_touch.cyclo ./Drivers/lvgl/src/drivers/uefi/lv_uefi_indev_touch.d ./Drivers/lvgl/src/drivers/uefi/lv_uefi_indev_touch.o ./Drivers/lvgl/src/drivers/uefi/lv_uefi_indev_touch.su ./Drivers/lvgl/src/drivers/uefi/lv_uefi_private.cyclo ./Drivers/lvgl/src/drivers/uefi/lv_uefi_private.d ./Drivers/lvgl/src/drivers/uefi/lv_uefi_private.o ./Drivers/lvgl/src/drivers/uefi/lv_uefi_private.su
rm -rf ./Drivers/lvgl/src/drivers/sdl/lv_sdl_keyboard.cyclo ./Drivers/lvgl/src/drivers/sdl/lv_sdl_keyboard.d ./Drivers/lvgl/src/drivers/sdl/lv_sdl_keyboard.o ./Drivers/lvgl/src/drivers/sdl/lv_sdl_keyboard.su ./Drivers/lvgl/src/drivers/sdl/lv_sdl_mouse.cyclo ./Drivers/lvgl/src/drivers/sdl/lv_sdl_mouse.d ./Drivers/lvgl/src/drivers/sdl/lv_sdl_mouse.o ./Drivers/lvgl/src/drivers/sdl/lv_sdl_mouse.su ./Drivers/lvgl/src/drivers/sdl/lv_sdl_mousewheel.cyclo ./Drivers/lvgl/src/drivers/sdl/lv_sdl_mousewheel.d ./Drivers/lvgl/src/drivers/sdl/lv_sdl_mousewheel.o ./Drivers/lvgl/src/drivers/sdl/lv_sdl_mousewheel.su ./Drivers/lvgl/src/drivers/sdl/lv_sdl_window.cyclo ./Drivers/lvgl/src/drivers/sdl/lv_sdl_window.d ./Drivers/lvgl/src/drivers/sdl/lv_sdl_window.o ./Drivers/lvgl/src/drivers/sdl/lv_sdl_window.su
rm -rf ./Drivers/lvgl/src/drivers/qnx/lv_qnx.cyclo ./Drivers/lvgl/src/drivers/qnx/lv_qnx.d ./Drivers/lvgl/src/drivers/qnx/lv_qnx.o ./Drivers/lvgl/src/drivers/qnx/lv_qnx.su
rm -rf ./Drivers/lvgl/src/drivers/nuttx/lv_nuttx_cache.cyclo ./Drivers/lvgl/src/drivers/nuttx/lv_nuttx_cache.d ./Drivers/lvgl/src/drivers/nuttx/lv_nuttx_cache.o ./Drivers/lvgl/src/drivers/nuttx/lv_nuttx_cache.su ./Drivers/lvgl/src/drivers/nuttx/lv_nuttx_entry.cyclo ./Drivers/lvgl/src/drivers/nuttx/lv_nuttx_entry.d ./Drivers/lvgl/src/drivers/nuttx/lv_nuttx_entry.o ./Drivers/lvgl/src/drivers/nuttx/lv_nuttx_entry.su ./Drivers/lvgl/src/drivers/nuttx/lv_nuttx_fbdev.cyclo ./Drivers/lvgl/src/drivers/nuttx/lv_nuttx_fbdev.d ./Drivers/lvgl/src/drivers/nuttx/lv_nuttx_fbdev.o ./Drivers/lvgl/src/drivers/nuttx/lv_nuttx_fbdev.su ./Drivers/lvgl/src/drivers/nuttx/lv_nuttx_image_cache.cyclo ./Drivers/lvgl/src/drivers/nuttx/lv_nuttx_image_cache.d ./Drivers/lvgl/src/drivers/nuttx/lv_nuttx_image_cache.o ./Drivers/lvgl/src/drivers/nuttx/lv_nuttx_image_cache.su ./Drivers/lvgl/src/drivers/nuttx/lv_nuttx_lcd.cyclo ./Drivers/lvgl/src/drivers/nuttx/lv_nuttx_lcd.d ./Drivers/lvgl/src/drivers/nuttx/lv_nuttx_lcd.o ./Drivers/lvgl/src/drivers/nuttx/lv_nuttx_lcd.su ./Drivers/lvgl/src/drivers/nuttx/lv_nuttx_libuv.cyclo ./Drivers/lvgl/src/drivers/nuttx/lv_nuttx_libuv.d ./Drivers/lvgl/src/drivers/nuttx/lv_nuttx_libuv.o ./Drivers/lvgl/src/drivers/nuttx/lv_nuttx_libuv.su ./Drivers/lvgl/src/drivers/nuttx/lv_nuttx_profiler.cyclo ./Drivers/lvgl/src/drivers/nuttx/lv_nuttx_profiler.d ./Drivers/lvgl/src/drivers/nuttx/lv_nuttx_profiler.o ./Drivers/lvgl/src/drivers/nuttx/lv_nuttx_profiler.su ./Drivers/lvgl/src/drivers/nuttx/lv_nuttx_touchscreen.cyclo ./Drivers/lvgl/src/drivers/nuttx/lv_nuttx_touchscreen.d ./Drivers/lvgl/src/drivers/nuttx/lv_nuttx_touchscreen.o ./Drivers/lvgl/src/drivers/nuttx/lv_nuttx_touchscreen.su
rm -rf ./Drivers/lvgl/src/drivers/libinput/lv_libinput.cyclo ./Drivers/lvgl/src/drivers/libinput/lv_libinput.d ./Drivers/lvgl/src/drivers/libinput/lv_libinput.o ./Drivers/lvgl/src/drivers/libinput/lv_libinput.su ./Drivers/lvgl/src/drivers/libinput/lv_xkb.cyclo ./Drivers/lvgl/src/drivers/libinput/lv_xkb.d ./Drivers/lvgl/src/drivers/libinput/lv_xkb.o ./Drivers/lvgl/src/drivers/libinput/lv_xkb.su
rm -rf ./Drivers/lvgl/src/drivers/glfw/lv_glfw_window.cyclo ./Drivers/lvgl/src/drivers/glfw/lv_glfw_window.d ./Drivers/lvgl/src/drivers/glfw/lv_glfw_window.o ./Drivers/lvgl/src/drivers/glfw/lv_glfw_window.su ./Drivers/lvgl/src/drivers/glfw/lv_opengles_debug.cyclo ./Drivers/lvgl/src/drivers/glfw/lv_opengles_debug.d ./Drivers/lvgl/src/drivers/glfw/lv_opengles_debug.o ./Drivers/lvgl/src/drivers/glfw/lv_opengles_debug.su ./Drivers/lvgl/src/drivers/glfw/lv_opengles_driver.cyclo ./Drivers/lvgl/src/drivers/glfw/lv_opengles_driver.d ./Drivers/lvgl/src/drivers/glfw/lv_opengles_driver.o ./Drivers/lvgl/src/drivers/glfw/lv_opengles_driver.su ./Drivers/lvgl/src/drivers/glfw/lv_opengles_texture.cyclo ./Drivers/lvgl/src/drivers/glfw/lv_opengles_texture.d ./Drivers/lvgl/src/drivers/glfw/lv_opengles_texture.o ./Drivers/lvgl/src/drivers/glfw/lv_opengles_texture.su
rm -rf ./Drivers/lvgl/src/drivers/evdev/lv_evdev.cyclo ./Drivers/lvgl/src/drivers/evdev/lv_evdev.d ./Drivers/lvgl/src/drivers/evdev/lv_evdev.o ./Drivers/lvgl/src/drivers/evdev/lv_evdev.su
rm -rf ./Drivers/lvgl/src/drivers/display/st_ltdc/lv_st_ltdc.cyclo ./Drivers/lvgl/src/drivers/display/st_ltdc/lv_st_ltdc.d ./Drivers/lvgl/src/drivers/display/st_ltdc/lv_st_ltdc.o ./Drivers/lvgl/src/drivers/display/st_ltdc/lv_st_ltdc.su
rm -rf ./Drivers/lvgl/src/drivers/display/st7796/lv_st7796.cyclo ./Drivers/lvgl/src/drivers/display/st7796/lv_st7796.d ./Drivers/lvgl/src/drivers/display/st7796/lv_st7796.o ./Drivers/lvgl/src/drivers/display/st7796/lv_st7796.su
rm -rf ./Drivers/lvgl/src/drivers/display/st7789/lv_st7789.cyclo ./Drivers/lvgl/src/drivers/display/st7789/lv_st7789.d ./Drivers/lvgl/src/drivers/display/st7789/lv_st7789.o ./Drivers/lvgl/src/drivers/display/st7789/lv_st7789.su
rm -rf ./Drivers/lvgl/src/drivers/display/st7735/lv_st7735.cyclo ./Drivers/lvgl/src/drivers/display/st7735/lv_st7735.d ./Drivers/lvgl/src/drivers/display/st7735/lv_st7735.o ./Drivers/lvgl/src/drivers/display/st7735/lv_st7735.su
rm -rf ./Drivers/lvgl/src/drivers/display/renesas_glcdc/lv_renesas_glcdc.cyclo ./Drivers/lvgl/src/drivers/display/renesas_glcdc/lv_renesas_glcdc.d ./Drivers/lvgl/src/drivers/display/renesas_glcdc/lv_renesas_glcdc.o ./Drivers/lvgl/src/drivers/display/renesas_glcdc/lv_renesas_glcdc.su
rm -rf ./Drivers/lvgl/src/drivers/display/lcd/lv_lcd_generic_mipi.cyclo ./Drivers/lvgl/src/drivers/display/lcd/lv_lcd_generic_mipi.d ./Drivers/lvgl/src/drivers/display/lcd/lv_lcd_generic_mipi.o ./Drivers/lvgl/src/drivers/display/lcd/lv_lcd_generic_mipi.su
rm -rf ./Drivers/lvgl/src/drivers/display/ili9341/lv_ili9341.cyclo ./Drivers/lvgl/src/drivers/display/ili9341/lv_ili9341.d ./Drivers/lvgl/src/drivers/display/ili9341/lv_ili9341.o ./Drivers/lvgl/src/drivers/display/ili9341/lv_ili9341.su
rm -rf ./Drivers/lvgl/src/drivers/display/ft81x/lv_ft81x.cyclo ./Drivers/lvgl/src/drivers/display/ft81x/lv_ft81x.d ./Drivers/lvgl/src/drivers/display/ft81x/lv_ft81x.o ./Drivers/lvgl/src/drivers/display/ft81x/lv_ft81x.su
rm -rf ./Drivers/lvgl/src/drivers/display/fb/lv_linux_fbdev.cyclo ./Drivers/lvgl/src/drivers/display/fb/lv_linux_fbdev.d ./Drivers/lvgl/src/drivers/display/fb/lv_linux_fbdev.o ./Drivers/lvgl/src/drivers/display/fb/lv_linux_fbdev.su
rm -rf ./Drivers/lvgl/src/drivers/display/drm/lv_linux_drm.cyclo ./Drivers/lvgl/src/drivers/display/drm/lv_linux_drm.d ./Drivers/lvgl/src/drivers/display/drm/lv_linux_drm.o ./Drivers/lvgl/src/drivers/display/drm/lv_linux_drm.su
rm -rf ./Drivers/lvgl/src/draw/vg_lite/lv_draw_buf_vg_lite.cyclo ./Drivers/lvgl/src/draw/vg_lite/lv_draw_buf_vg_lite.d ./Drivers/lvgl/src/draw/vg_lite/lv_draw_buf_vg_lite.o ./Drivers/lvgl/src/draw/vg_lite/lv_draw_buf_vg_lite.su ./Drivers/lvgl/src/draw/vg_lite/lv_draw_vg_lite.cyclo ./Drivers/lvgl/src/draw/vg_lite/lv_draw_vg_lite.d ./Drivers/lvgl/src/draw/vg_lite/lv_draw_vg_lite.o ./Drivers/lvgl/src/draw/vg_lite/lv_draw_vg_lite.su ./Drivers/lvgl/src/draw/vg_lite/lv_draw_vg_lite_arc.cyclo ./Drivers/lvgl/src/draw/vg_lite/lv_draw_vg_lite_arc.d ./Drivers/lvgl/src/draw/vg_lite/lv_draw_vg_lite_arc.o ./Drivers/lvgl/src/draw/vg_lite/lv_draw_vg_lite_arc.su ./Drivers/lvgl/src/draw/vg_lite/lv_draw_vg_lite_border.cyclo ./Drivers/lvgl/src/draw/vg_lite/lv_draw_vg_lite_border.d ./Drivers/lvgl/src/draw/vg_lite/lv_draw_vg_lite_border.o ./Drivers/lvgl/src/draw/vg_lite/lv_draw_vg_lite_border.su ./Drivers/lvgl/src/draw/vg_lite/lv_draw_vg_lite_box_shadow.cyclo ./Drivers/lvgl/src/draw/vg_lite/lv_draw_vg_lite_box_shadow.d ./Drivers/lvgl/src/draw/vg_lite/lv_draw_vg_lite_box_shadow.o ./Drivers/lvgl/src/draw/vg_lite/lv_draw_vg_lite_box_shadow.su ./Drivers/lvgl/src/draw/vg_lite/lv_draw_vg_lite_fill.cyclo ./Drivers/lvgl/src/draw/vg_lite/lv_draw_vg_lite_fill.d ./Drivers/lvgl/src/draw/vg_lite/lv_draw_vg_lite_fill.o ./Drivers/lvgl/src/draw/vg_lite/lv_draw_vg_lite_fill.su ./Drivers/lvgl/src/draw/vg_lite/lv_draw_vg_lite_img.cyclo ./Drivers/lvgl/src/draw/vg_lite/lv_draw_vg_lite_img.d ./Drivers/lvgl/src/draw/vg_lite/lv_draw_vg_lite_img.o ./Drivers/lvgl/src/draw/vg_lite/lv_draw_vg_lite_img.su ./Drivers/lvgl/src/draw/vg_lite/lv_draw_vg_lite_label.cyclo ./Drivers/lvgl/src/draw/vg_lite/lv_draw_vg_lite_label.d ./Drivers/lvgl/src/draw/vg_lite/lv_draw_vg_lite_label.o ./Drivers/lvgl/src/draw/vg_lite/lv_draw_vg_lite_label.su ./Drivers/lvgl/src/draw/vg_lite/lv_draw_vg_lite_layer.cyclo ./Drivers/lvgl/src/draw/vg_lite/lv_draw_vg_lite_layer.d ./Drivers/lvgl/src/draw/vg_lite/lv_draw_vg_lite_layer.o ./Drivers/lvgl/src/draw/vg_lite/lv_draw_vg_lite_layer.su ./Drivers/lvgl/src/draw/vg_lite/lv_draw_vg_lite_line.cyclo ./Drivers/lvgl/src/draw/vg_lite/lv_draw_vg_lite_line.d ./Drivers/lvgl/src/draw/vg_lite/lv_draw_vg_lite_line.o ./Drivers/lvgl/src/draw/vg_lite/lv_draw_vg_lite_line.su ./Drivers/lvgl/src/draw/vg_lite/lv_draw_vg_lite_mask_rect.cyclo ./Drivers/lvgl/src/draw/vg_lite/lv_draw_vg_lite_mask_rect.d ./Drivers/lvgl/src/draw/vg_lite/lv_draw_vg_lite_mask_rect.o ./Drivers/lvgl/src/draw/vg_lite/lv_draw_vg_lite_mask_rect.su ./Drivers/lvgl/src/draw/vg_lite/lv_draw_vg_lite_triangle.cyclo ./Drivers/lvgl/src/draw/vg_lite/lv_draw_vg_lite_triangle.d ./Drivers/lvgl/src/draw/vg_lite/lv_draw_vg_lite_triangle.o ./Drivers/lvgl/src/draw/vg_lite/lv_draw_vg_lite_triangle.su ./Drivers/lvgl/src/draw/vg_lite/lv_draw_vg_lite_vector.cyclo ./Drivers/lvgl/src/draw/vg_lite/lv_draw_vg_lite_vector.d ./Drivers/lvgl/src/draw/vg_lite/lv_draw_vg_lite_vector.o ./Drivers/lvgl/src/draw/vg_lite/lv_draw_vg_lite_vector.su ./Drivers/lvgl/src/draw/vg_lite/lv_vg_lite_decoder.cyclo ./Drivers/lvgl/src/draw/vg_lite/lv_vg_lite_decoder.d ./Drivers/lvgl/src/draw/vg_lite/lv_vg_lite_decoder.o ./Drivers/lvgl/src/draw/vg_lite/lv_vg_lite_decoder.su ./Drivers/lvgl/src/draw/vg_lite/lv_vg_lite_grad.cyclo ./Drivers/lvgl/src/draw/vg_lite/lv_vg_lite_grad.d ./Drivers/lvgl/src/draw/vg_lite/lv_vg_lite_grad.o ./Drivers/lvgl/src/draw/vg_lite/lv_vg_lite_grad.su ./Drivers/lvgl/src/draw/vg_lite/lv_vg_lite_math.cyclo ./Drivers/lvgl/src/draw/vg_lite/lv_vg_lite_math.d ./Drivers/lvgl/src/draw/vg_lite/lv_vg_lite_math.o ./Drivers/lvgl/src/draw/vg_lite/lv_vg_lite_math.su ./Drivers/lvgl/src/draw/vg_lite/lv_vg_lite_path.cyclo ./Drivers/lvgl/src/draw/vg_lite/lv_vg_lite_path.d ./Drivers/lvgl/src/draw/vg_lite/lv_vg_lite_path.o ./Drivers/lvgl/src/draw/vg_lite/lv_vg_lite_path.su ./Drivers/lvgl/src/draw/vg_lite/lv_vg_lite_pending.cyclo ./Drivers/lvgl/src/draw/vg_lite/lv_vg_lite_pending.d ./Drivers/lvgl/src/draw/vg_lite/lv_vg_lite_pending.o ./Drivers/lvgl/src/draw/vg_lite/lv_vg_lite_pending.su ./Drivers/lvgl/src/draw/vg_lite/lv_vg_lite_stroke.cyclo ./Drivers/lvgl/src/draw/vg_lite/lv_vg_lite_stroke.d ./Drivers/lvgl/src/draw/vg_lite/lv_vg_lite_stroke.o ./Drivers/lvgl/src/draw/vg_lite/lv_vg_lite_stroke.su ./Drivers/lvgl/src/draw/vg_lite/lv_vg_lite_utils.cyclo ./Drivers/lvgl/src/draw/vg_lite/lv_vg_lite_utils.d ./Drivers/lvgl/src/draw/vg_lite/lv_vg_lite_utils.o ./Drivers/lvgl/src/draw/vg_lite/lv_vg_lite_utils.su
rm -rf ./Drivers/lvgl/src/draw/sw/blend/neon/lv_blend_neon.d ./Drivers/lvgl/src/draw/sw/blend/neon/lv_blend_neon.o
rm -rf ./Drivers/lvgl/src/draw/sw/blend/helium/lv_blend_helium.d ./Drivers/lvgl/src/draw/sw/blend/helium/lv_blend_helium.o
rm -rf ./Drivers/lvgl/src/font/lv_font_source_han_sans_sc_16_cjk.cyclo ./Drivers/lvgl/src/font/lv_font_source_han_sans_sc_16_cjk.d ./Drivers/lvgl/src/font/lv_font_source_han_sans_sc_16_cjk.o ./Drivers/lvgl/src/font/lv_font_source_han_sans_sc_16_cjk.su ./Drivers/lvgl/src/font/lv_font_unscii_16.cyclo ./Drivers/lvgl/src/font/lv_font_unscii_16.d ./Drivers/lvgl/src/font/lv_font_unscii_16.o ./Drivers/lvgl/src/font/lv_font_unscii_16.su ./Drivers/lvgl/src/font/lv_font_unscii_8.cyclo ./Drivers/lvgl/src/font/lv_font_unscii_8.d ./Drivers/lvgl/src/font/lv_font_unscii_8.o ./Drivers/lvgl/src/font/lv_font_unscii_8.su
rm -rf ./Drivers/lvgl/src/draw/sw/blend/lv_draw_sw_blend.cyclo ./Drivers/lvgl/src/draw/sw/blend/lv_draw_sw_blend.d ./Drivers/lvgl/src/draw/sw/blend/lv_draw_sw_blend.o ./Drivers/lvgl/src/draw/sw/blend/lv_draw_sw_blend.su ./Drivers/lvgl/src/draw/sw/blend/lv_draw_sw_blend_to_al88.cyclo ./Drivers/lvgl/src/draw/sw/blend/lv_draw_sw_blend_to_al88.d ./Drivers/lvgl/src/draw/sw/blend/lv_draw_sw_blend_to_al88.o ./Drivers/lvgl/src/draw/sw/blend/lv_draw_sw_blend_to_al88.su ./Drivers/lvgl/src/draw/sw/blend/lv_draw_sw_blend_to_argb8888.cyclo ./Drivers/lvgl/src/draw/sw/blend/lv_draw_sw_blend_to_argb8888.d ./Drivers/lvgl/src/draw/sw/blend/lv_draw_sw_blend_to_argb8888.o ./Drivers/lvgl/src/draw/sw/blend/lv_draw_sw_blend_to_argb8888.su ./Drivers/lvgl/src/draw/sw/blend/lv_draw_sw_blend_to_argb8888_premultiplied.cyclo ./Drivers/lvgl/src/draw/sw/blend/lv_draw_sw_blend_to_argb8888_premultiplied.d ./Drivers/lvgl/src/draw/sw/blend/lv_draw_sw_blend_to_argb8888_premultiplied.o ./Drivers/lvgl/src/draw/sw/blend/lv_draw_sw_blend_to_argb8888_premultiplied.su ./Drivers/lvgl/src/draw/sw/blend/lv_draw_sw_blend_to_i1.cyclo ./Drivers/lvgl/src/draw/sw/blend/lv_draw_sw_blend_to_i1.d ./Drivers/lvgl/src/draw/sw/blend/lv_draw_sw_blend_to_i1.o ./Drivers/lvgl/src/draw/sw/blend/lv_draw_sw_blend_to_i1.su ./Drivers/lvgl/src/draw/sw/blend/lv_draw_sw_blend_to_l8.cyclo ./Drivers/lvgl/src/draw/sw/blend/lv_draw_sw_blend_to_l8.d ./Drivers/lvgl/src/draw/sw/blend/lv_draw_sw_blend_to_l8.o ./Drivers/lvgl/src/draw/sw/blend/lv_draw_sw_blend_to_l8.su ./Drivers/lvgl/src/draw/sw/blend/lv_draw_sw_blend_to_rgb565.cyclo ./Drivers/lvgl/src/draw/sw/blend/lv_draw_sw_blend_to_rgb565.d ./Drivers/lvgl/src/draw/sw/blend/lv_draw_sw_blend_to_rgb565.o ./Drivers/lvgl/src/draw/sw/blend/lv_draw_sw_blend_to_rgb565.su ./Drivers/lvgl/src/draw/sw/blend/lv_draw_sw_blend_to_rgb565_swapped.cyclo ./Drivers/lvgl/src/draw/sw/blend/lv_draw_sw_blend_to_rgb565_swapped.d ./Drivers/lvgl/src/draw/sw/blend/lv_draw_sw_blend_to_rgb565_swapped.o ./Drivers/lvgl/src/draw/sw/blend/lv_draw_sw_blend_to_rgb565_swapped.su ./Drivers/lvgl/src/draw/sw/blend/lv_draw_sw_blend_to_rgb888.cyclo ./Drivers/lvgl/src/draw/sw/blend/lv_draw_sw_blend_to_rgb888.d ./Drivers/lvgl/src/draw/sw/blend/lv_draw_sw_blend_to_rgb888.o ./Drivers/lvgl/src/draw/sw/blend/lv_draw_sw_blend_to_rgb888.su
rm -rf ./Drivers/lvgl/src/draw/sw/lv_draw_sw.cyclo ./Drivers/lvgl/src/draw/sw/lv_draw_sw.d ./Drivers/lvgl/src/draw/sw/lv_draw_sw.o ./Drivers/lvgl/src/draw/sw/lv_draw_sw.su ./Drivers/lvgl/src/draw/sw/lv_draw_sw_arc.cyclo ./Drivers/lvgl/src/draw/sw/lv_draw_sw_arc.d ./Drivers/lvgl/src/draw/sw/lv_draw_sw_arc.o ./Drivers/lvgl/src/draw/sw/lv_draw_sw_arc.su ./Drivers/lvgl/src/draw/sw/lv_draw_sw_border.cyclo ./Drivers/lvgl/src/draw/sw/lv_draw_sw_border.d ./Drivers/lvgl/src/draw/sw/lv_draw_sw_border.o ./Drivers/lvgl/src/draw/sw/lv_draw_sw_border.su ./Drivers/lvgl/src/draw/sw/lv_draw_sw_box_shadow.cyclo ./Drivers/lvgl/src/draw/sw/lv_draw_sw_box_shadow.d ./Drivers/lvgl/src/draw/sw/lv_draw_sw_box_shadow.o ./Drivers/lvgl/src/draw/sw/lv_draw_sw_box_shadow.su ./Drivers/lvgl/src/draw/sw/lv_draw_sw_fill.cyclo ./Drivers/lvgl/src/draw/sw/lv_draw_sw_fill.d ./Drivers/lvgl/src/draw/sw/lv_draw_sw_fill.o ./Drivers/lvgl/src/draw/sw/lv_draw_sw_fill.su ./Drivers/lvgl/src/draw/sw/lv_draw_sw_grad.cyclo ./Drivers/lvgl/src/draw/sw/lv_draw_sw_grad.d ./Drivers/lvgl/src/draw/sw/lv_draw_sw_grad.o ./Drivers/lvgl/src/draw/sw/lv_draw_sw_grad.su ./Drivers/lvgl/src/draw/sw/lv_draw_sw_img.cyclo ./Drivers/lvgl/src/draw/sw/lv_draw_sw_img.d ./Drivers/lvgl/src/draw/sw/lv_draw_sw_img.o ./Drivers/lvgl/src/draw/sw/lv_draw_sw_img.su ./Drivers/lvgl/src/draw/sw/lv_draw_sw_letter.cyclo ./Drivers/lvgl/src/draw/sw/lv_draw_sw_letter.d ./Drivers/lvgl/src/draw/sw/lv_draw_sw_letter.o ./Drivers/lvgl/src/draw/sw/lv_draw_sw_letter.su ./Drivers/lvgl/src/draw/sw/lv_draw_sw_line.cyclo ./Drivers/lvgl/src/draw/sw/lv_draw_sw_line.d ./Drivers/lvgl/src/draw/sw/lv_draw_sw_line.o ./Drivers/lvgl/src/draw/sw/lv_draw_sw_line.su ./Drivers/lvgl/src/draw/sw/lv_draw_sw_mask.cyclo ./Drivers/lvgl/src/draw/sw/lv_draw_sw_mask.d ./Drivers/lvgl/src/draw/sw/lv_draw_sw_mask.o ./Drivers/lvgl/src/draw/sw/lv_draw_sw_mask.su ./Drivers/lvgl/src/draw/sw/lv_draw_sw_mask_rect.cyclo ./Drivers/lvgl/src/draw/sw/lv_draw_sw_mask_rect.d ./Drivers/lvgl/src/draw/sw/lv_draw_sw_mask_rect.o ./Drivers/lvgl/src/draw/sw/lv_draw_sw_mask_rect.su ./Drivers/lvgl/src/draw/sw/lv_draw_sw_transform.cyclo ./Drivers/lvgl/src/draw/sw/lv_draw_sw_transform.d ./Drivers/lvgl/src/draw/sw/lv_draw_sw_transform.o ./Drivers/lvgl/src/draw/sw/lv_draw_sw_transform.su ./Drivers/lvgl/src/draw/sw/lv_draw_sw_triangle.cyclo ./Drivers/lvgl/src/draw/sw/lv_draw_sw_triangle.d ./Drivers/lvgl/src/draw/sw/lv_draw_sw_triangle.o ./Drivers/lvgl/src/draw/sw/lv_draw_sw_triangle.su ./Drivers/lvgl/src/draw/sw/lv_draw_sw_utils.cyclo ./Drivers/lvgl/src/draw/sw/lv_draw_sw_utils.d ./Drivers/lvgl/src/draw/sw/lv_draw_sw_utils.o ./Drivers/lvgl/src/draw/sw/lv_draw_sw_utils.su ./Drivers/lvgl/src/draw/sw/lv_draw_sw_vector.cyclo ./Drivers/lvgl/src/draw/sw/lv_draw_sw_vector.d ./Drivers/lvgl/src/draw/sw/lv_draw_sw_vector.o ./Drivers/lvgl/src/draw/sw/lv_draw_sw_vector.su
rm -rf ./Drivers/lvgl/src/draw/sdl/lv_draw_sdl.cyclo ./Drivers/lvgl/src/draw/sdl/lv_draw_sdl.d ./Drivers/lvgl/src/draw/sdl/lv_draw_sdl.o ./Drivers/lvgl/src/draw/sdl/lv_draw_sdl.su
rm -rf ./Drivers/lvgl/src/draw/renesas/dave2d/lv_draw_dave2d.cyclo ./Drivers/lvgl/src/draw/renesas/dave2d/lv_draw_dave2d.d ./Drivers/lvgl/src/draw/renesas/dave2d/lv_draw_dave2d.o ./Drivers/lvgl/src/draw/renesas/dave2d/lv_draw_dave2d.su ./Drivers/lvgl/src/draw/renesas/dave2d/lv_draw_dave2d_arc.cyclo ./Drivers/lvgl/src/draw/renesas/dave2d/lv_draw_dave2d_arc.d ./Drivers/lvgl/src/draw/renesas/dave2d/lv_draw_dave2d_arc.o ./Drivers/lvgl/src/draw/renesas/dave2d/lv_draw_dave2d_arc.su ./Drivers/lvgl/src/draw/renesas/dave2d/lv_draw_dave2d_border.cyclo ./Drivers/lvgl/src/draw/renesas/dave2d/lv_draw_dave2d_border.d ./Drivers/lvgl/src/draw/renesas/dave2d/lv_draw_dave2d_border.o ./Drivers/lvgl/src/draw/renesas/dave2d/lv_draw_dave2d_border.su ./Drivers/lvgl/src/draw/renesas/dave2d/lv_draw_dave2d_fill.cyclo ./Drivers/lvgl/src/draw/renesas/dave2d/lv_draw_dave2d_fill.d ./Drivers/lvgl/src/draw/renesas/dave2d/lv_draw_dave2d_fill.o ./Drivers/lvgl/src/draw/renesas/dave2d/lv_draw_dave2d_fill.su ./Drivers/lvgl/src/draw/renesas/dave2d/lv_draw_dave2d_image.cyclo ./Drivers/lvgl/src/draw/renesas/dave2d/lv_draw_dave2d_image.d ./Drivers/lvgl/src/draw/renesas/dave2d/lv_draw_dave2d_image.o ./Drivers/lvgl/src/draw/renesas/dave2d/lv_draw_dave2d_image.su ./Drivers/lvgl/src/draw/renesas/dave2d/lv_draw_dave2d_label.cyclo ./Drivers/lvgl/src/draw/renesas/dave2d/lv_draw_dave2d_label.d ./Drivers/lvgl/src/draw/renesas/dave2d/lv_draw_dave2d_label.o ./Drivers/lvgl/src/draw/renesas/dave2d/lv_draw_dave2d_label.su ./Drivers/lvgl/src/draw/renesas/dave2d/lv_draw_dave2d_line.cyclo ./Drivers/lvgl/src/draw/renesas/dave2d/lv_draw_dave2d_line.d ./Drivers/lvgl/src/draw/renesas/dave2d/lv_draw_dave2d_line.o ./Drivers/lvgl/src/draw/renesas/dave2d/lv_draw_dave2d_line.su ./Drivers/lvgl/src/draw/renesas/dave2d/lv_draw_dave2d_mask_rectangle.cyclo ./Drivers/lvgl/src/draw/renesas/dave2d/lv_draw_dave2d_mask_rectangle.d ./Drivers/lvgl/src/draw/renesas/dave2d/lv_draw_dave2d_mask_rectangle.o ./Drivers/lvgl/src/draw/renesas/dave2d/lv_draw_dave2d_mask_rectangle.su ./Drivers/lvgl/src/draw/renesas/dave2d/lv_draw_dave2d_triangle.cyclo ./Drivers/lvgl/src/draw/renesas/dave2d/lv_draw_dave2d_triangle.d ./Drivers/lvgl/src/draw/renesas/dave2d/lv_draw_dave2d_triangle.o ./Drivers/lvgl/src/draw/renesas/dave2d/lv_draw_dave2d_triangle.su ./Drivers/lvgl/src/draw/renesas/dave2d/lv_draw_dave2d_utils.cyclo ./Drivers/lvgl/src/draw/renesas/dave2d/lv_draw_dave2d_utils.d ./Drivers/lvgl/src/draw/renesas/dave2d/lv_draw_dave2d_utils.o ./Drivers/lvgl/src/draw/renesas/dave2d/lv_draw_dave2d_utils.su
rm -rf ./Drivers/lvgl/src/draw/opengles/lv_draw_opengles.cyclo ./Drivers/lvgl/src/draw/opengles/lv_draw_opengles.d ./Drivers/lvgl/src/draw/opengles/lv_draw_opengles.o ./Drivers/lvgl/src/draw/opengles/lv_draw_opengles.su
rm -rf ./Drivers/lvgl/src/draw/nxp/vglite/lv_draw_buf_vglite.cyclo ./Drivers/lvgl/src/draw/nxp/vglite/lv_draw_buf_vglite.d ./Drivers/lvgl/src/draw/nxp/vglite/lv_draw_buf_vglite.o ./Drivers/lvgl/src/draw/nxp/vglite/lv_draw_buf_vglite.su ./Drivers/lvgl/src/draw/nxp/vglite/lv_draw_vglite.cyclo ./Drivers/lvgl/src/draw/nxp/vglite/lv_draw_vglite.d ./Drivers/lvgl/src/draw/nxp/vglite/lv_draw_vglite.o ./Drivers/lvgl/src/draw/nxp/vglite/lv_draw_vglite.su ./Drivers/lvgl/src/draw/nxp/vglite/lv_draw_vglite_arc.cyclo ./Drivers/lvgl/src/draw/nxp/vglite/lv_draw_vglite_arc.d ./Drivers/lvgl/src/draw/nxp/vglite/lv_draw_vglite_arc.o ./Drivers/lvgl/src/draw/nxp/vglite/lv_draw_vglite_arc.su ./Drivers/lvgl/src/draw/nxp/vglite/lv_draw_vglite_border.cyclo ./Drivers/lvgl/src/draw/nxp/vglite/lv_draw_vglite_border.d ./Drivers/lvgl/src/draw/nxp/vglite/lv_draw_vglite_border.o ./Drivers/lvgl/src/draw/nxp/vglite/lv_draw_vglite_border.su ./Drivers/lvgl/src/draw/nxp/vglite/lv_draw_vglite_fill.cyclo ./Drivers/lvgl/src/draw/nxp/vglite/lv_draw_vglite_fill.d ./Drivers/lvgl/src/draw/nxp/vglite/lv_draw_vglite_fill.o ./Drivers/lvgl/src/draw/nxp/vglite/lv_draw_vglite_fill.su ./Drivers/lvgl/src/draw/nxp/vglite/lv_draw_vglite_img.cyclo ./Drivers/lvgl/src/draw/nxp/vglite/lv_draw_vglite_img.d ./Drivers/lvgl/src/draw/nxp/vglite/lv_draw_vglite_img.o ./Drivers/lvgl/src/draw/nxp/vglite/lv_draw_vglite_img.su ./Drivers/lvgl/src/draw/nxp/vglite/lv_draw_vglite_label.cyclo ./Drivers/lvgl/src/draw/nxp/vglite/lv_draw_vglite_label.d ./Drivers/lvgl/src/draw/nxp/vglite/lv_draw_vglite_label.o ./Drivers/lvgl/src/draw/nxp/vglite/lv_draw_vglite_label.su ./Drivers/lvgl/src/draw/nxp/vglite/lv_draw_vglite_layer.cyclo ./Drivers/lvgl/src/draw/nxp/vglite/lv_draw_vglite_layer.d ./Drivers/lvgl/src/draw/nxp/vglite/lv_draw_vglite_layer.o ./Drivers/lvgl/src/draw/nxp/vglite/lv_draw_vglite_layer.su ./Drivers/lvgl/src/draw/nxp/vglite/lv_draw_vglite_line.cyclo ./Drivers/lvgl/src/draw/nxp/vglite/lv_draw_vglite_line.d ./Drivers/lvgl/src/draw/nxp/vglite/lv_draw_vglite_line.o ./Drivers/lvgl/src/draw/nxp/vglite/lv_draw_vglite_line.su ./Drivers/lvgl/src/draw/nxp/vglite/lv_draw_vglite_triangle.cyclo ./Drivers/lvgl/src/draw/nxp/vglite/lv_draw_vglite_triangle.d ./Drivers/lvgl/src/draw/nxp/vglite/lv_draw_vglite_triangle.o ./Drivers/lvgl/src/draw/nxp/vglite/lv_draw_vglite_triangle.su ./Drivers/lvgl/src/draw/nxp/vglite/lv_vglite_buf.cyclo ./Drivers/lvgl/src/draw/nxp/vglite/lv_vglite_buf.d ./Drivers/lvgl/src/draw/nxp/vglite/lv_vglite_buf.o ./Drivers/lvgl/src/draw/nxp/vglite/lv_vglite_buf.su ./Drivers/lvgl/src/draw/nxp/vglite/lv_vglite_matrix.cyclo ./Drivers/lvgl/src/draw/nxp/vglite/lv_vglite_matrix.d ./Drivers/lvgl/src/draw/nxp/vglite/lv_vglite_matrix.o ./Drivers/lvgl/src/draw/nxp/vglite/lv_vglite_matrix.su ./Drivers/lvgl/src/draw/nxp/vglite/lv_vglite_path.cyclo ./Drivers/lvgl/src/draw/nxp/vglite/lv_vglite_path.d ./Drivers/lvgl/src/draw/nxp/vglite/lv_vglite_path.o ./Drivers/lvgl/src/draw/nxp/vglite/lv_vglite_path.su ./Drivers/lvgl/src/draw/nxp/vglite/lv_vglite_utils.cyclo ./Drivers/lvgl/src/draw/nxp/vglite/lv_vglite_utils.d ./Drivers/lvgl/src/draw/nxp/vglite/lv_vglite_utils.o ./Drivers/lvgl/src/draw/nxp/vglite/lv_vglite_utils.su
rm -rf ./Drivers/lvgl/src/draw/nxp/pxp/lv_draw_buf_pxp.cyclo ./Drivers/lvgl/src/draw/nxp/pxp/lv_draw_buf_pxp.d ./Drivers/lvgl/src/draw/nxp/pxp/lv_draw_buf_pxp.o ./Drivers/lvgl/src/draw/nxp/pxp/lv_draw_buf_pxp.su ./Drivers/lvgl/src/draw/nxp/pxp/lv_draw_pxp.cyclo ./Drivers/lvgl/src/draw/nxp/pxp/lv_draw_pxp.d ./Drivers/lvgl/src/draw/nxp/pxp/lv_draw_pxp.o ./Drivers/lvgl/src/draw/nxp/pxp/lv_draw_pxp.su ./Drivers/lvgl/src/draw/nxp/pxp/lv_draw_pxp_fill.cyclo ./Drivers/lvgl/src/draw/nxp/pxp/lv_draw_pxp_fill.d ./Drivers/lvgl/src/draw/nxp/pxp/lv_draw_pxp_fill.o ./Drivers/lvgl/src/draw/nxp/pxp/lv_draw_pxp_fill.su ./Drivers/lvgl/src/draw/nxp/pxp/lv_draw_pxp_img.cyclo ./Drivers/lvgl/src/draw/nxp/pxp/lv_draw_pxp_img.d ./Drivers/lvgl/src/draw/nxp/pxp/lv_draw_pxp_img.o ./Drivers/lvgl/src/draw/nxp/pxp/lv_draw_pxp_img.su ./Drivers/lvgl/src/draw/nxp/pxp/lv_draw_pxp_layer.cyclo ./Drivers/lvgl/src/draw/nxp/pxp/lv_draw_pxp_layer.d ./Drivers/lvgl/src/draw/nxp/pxp/lv_draw_pxp_layer.o ./Drivers/lvgl/src/draw/nxp/pxp/lv_draw_pxp_layer.su ./Drivers/lvgl/src/draw/nxp/pxp/lv_pxp_cfg.cyclo ./Drivers/lvgl/src/draw/nxp/pxp/lv_pxp_cfg.d ./Drivers/lvgl/src/draw/nxp/pxp/lv_pxp_cfg.o ./Drivers/lvgl/src/draw/nxp/pxp/lv_pxp_cfg.su ./Drivers/lvgl/src/draw/nxp/pxp/lv_pxp_osa.cyclo ./Drivers/lvgl/src/draw/nxp/pxp/lv_pxp_osa.d ./Drivers/lvgl/src/draw/nxp/pxp/lv_pxp_osa.o ./Drivers/lvgl/src/draw/nxp/pxp/lv_pxp_osa.su ./Drivers/lvgl/src/draw/nxp/pxp/lv_pxp_utils.cyclo ./Drivers/lvgl/src/draw/nxp/pxp/lv_pxp_utils.d ./Drivers/lvgl/src/draw/nxp/pxp/lv_pxp_utils.o ./Drivers/lvgl/src/draw/nxp/pxp/lv_pxp_utils.su
rm -rf ./Drivers/lvgl/src/draw/nxp/g2d/lv_draw_buf_g2d.cyclo ./Drivers/lvgl/src/draw/nxp/g2d/lv_draw_buf_g2d.d ./Drivers/lvgl/src/draw/nxp/g2d/lv_draw_buf_g2d.o ./Drivers/lvgl/src/draw/nxp/g2d/lv_draw_buf_g2d.su ./Drivers/lvgl/src/draw/nxp/g2d/lv_draw_g2d.cyclo ./Drivers/lvgl/src/draw/nxp/g2d/lv_draw_g2d.d ./Drivers/lvgl/src/draw/nxp/g2d/lv_draw_g2d.o ./Drivers/lvgl/src/draw/nxp/g2d/lv_draw_g2d.su ./Drivers/lvgl/src/draw/nxp/g2d/lv_draw_g2d_fill.cyclo ./Drivers/lvgl/src/draw/nxp/g2d/lv_draw_g2d_fill.d ./Drivers/lvgl/src/draw/nxp/g2d/lv_draw_g2d_fill.o ./Drivers/lvgl/src/draw/nxp/g2d/lv_draw_g2d_fill.su ./Drivers/lvgl/src/draw/nxp/g2d/lv_draw_g2d_img.cyclo ./Drivers/lvgl/src/draw/nxp/g2d/lv_draw_g2d_img.d ./Drivers/lvgl/src/draw/nxp/g2d/lv_draw_g2d_img.o ./Drivers/lvgl/src/draw/nxp/g2d/lv_draw_g2d_img.su ./Drivers/lvgl/src/draw/nxp/g2d/lv_g2d_buf_map.cyclo ./Drivers/lvgl/src/draw/nxp/g2d/lv_g2d_buf_map.d ./Drivers/lvgl/src/draw/nxp/g2d/lv_g2d_buf_map.o ./Drivers/lvgl/src/draw/nxp/g2d/lv_g2d_buf_map.su ./Drivers/lvgl/src/draw/nxp/g2d/lv_g2d_utils.cyclo ./Drivers/lvgl/src/draw/nxp/g2d/lv_g2d_utils.d ./Drivers/lvgl/src/draw/nxp/g2d/lv_g2d_utils.o ./Drivers/lvgl/src/draw/nxp/g2d/lv_g2d_utils.su
rm -rf ./Drivers/lvgl/src/draw/nema_gfx/lv_draw_nema_gfx.cyclo ./Drivers/lvgl/src/draw/nema_gfx/lv_draw_nema_gfx.d ./Drivers/lvgl/src/draw/nema_gfx/lv_draw_nema_gfx.o ./Drivers/lvgl/src/draw/nema_gfx/lv_draw_nema_gfx.su ./Drivers/lvgl/src/draw/nema_gfx/lv_draw_nema_gfx_arc.cyclo ./Drivers/lvgl/src/draw/nema_gfx/lv_draw_nema_gfx_arc.d ./Drivers/lvgl/src/draw/nema_gfx/lv_draw_nema_gfx_arc.o ./Drivers/lvgl/src/draw/nema_gfx/lv_draw_nema_gfx_arc.su ./Drivers/lvgl/src/draw/nema_gfx/lv_draw_nema_gfx_border.cyclo ./Drivers/lvgl/src/draw/nema_gfx/lv_draw_nema_gfx_border.d ./Drivers/lvgl/src/draw/nema_gfx/lv_draw_nema_gfx_border.o ./Drivers/lvgl/src/draw/nema_gfx/lv_draw_nema_gfx_border.su ./Drivers/lvgl/src/draw/nema_gfx/lv_draw_nema_gfx_fill.cyclo ./Drivers/lvgl/src/draw/nema_gfx/lv_draw_nema_gfx_fill.d ./Drivers/lvgl/src/draw/nema_gfx/lv_draw_nema_gfx_fill.o ./Drivers/lvgl/src/draw/nema_gfx/lv_draw_nema_gfx_fill.su ./Drivers/lvgl/src/draw/nema_gfx/lv_draw_nema_gfx_img.cyclo ./Drivers/lvgl/src/draw/nema_gfx/lv_draw_nema_gfx_img.d ./Drivers/lvgl/src/draw/nema_gfx/lv_draw_nema_gfx_img.o ./Drivers/lvgl/src/draw/nema_gfx/lv_draw_nema_gfx_img.su ./Drivers/lvgl/src/draw/nema_gfx/lv_draw_nema_gfx_label.cyclo ./Drivers/lvgl/src/draw/nema_gfx/lv_draw_nema_gfx_label.d ./Drivers/lvgl/src/draw/nema_gfx/lv_draw_nema_gfx_label.o ./Drivers/lvgl/src/draw/nema_gfx/lv_draw_nema_gfx_label.su ./Drivers/lvgl/src/draw/nema_gfx/lv_draw_nema_gfx_layer.cyclo ./Drivers/lvgl/src/draw/nema_gfx/lv_draw_nema_gfx_layer.d ./Drivers/lvgl/src/draw/nema_gfx/lv_draw_nema_gfx_layer.o ./Drivers/lvgl/src/draw/nema_gfx/lv_draw_nema_gfx_layer.su ./Drivers/lvgl/src/draw/nema_gfx/lv_draw_nema_gfx_line.cyclo ./Drivers/lvgl/src/draw/nema_gfx/lv_draw_nema_gfx_line.d ./Drivers/lvgl/src/draw/nema_gfx/lv_draw_nema_gfx_line.o ./Drivers/lvgl/src/draw/nema_gfx/lv_draw_nema_gfx_line.su ./Drivers/lvgl/src/draw/nema_gfx/lv_draw_nema_gfx_stm32_hal.cyclo ./Drivers/lvgl/src/draw/nema_gfx/lv_draw_nema_gfx_stm32_hal.d ./Drivers/lvgl/src/draw/nema_gfx/lv_draw_nema_gfx_stm32_hal.o ./Drivers/lvgl/src/draw/nema_gfx/lv_draw_nema_gfx_stm32_hal.su ./Drivers/lvgl/src/draw/nema_gfx/lv_draw_nema_gfx_triangle.cyclo ./Drivers/lvgl/src/draw/nema_gfx/lv_draw_nema_gfx_triangle.d ./Drivers/lvgl/src/draw/nema_gfx/lv_draw_nema_gfx_triangle.o ./Drivers/lvgl/src/draw/nema_gfx/lv_draw_nema_gfx_triangle.su ./Drivers/lvgl/src/draw/nema_gfx/lv_draw_nema_gfx_utils.cyclo ./Drivers/lvgl/src/draw/nema_gfx/lv_draw_nema_gfx_utils.d ./Drivers/lvgl/src/draw/nema_gfx/lv_draw_nema_gfx_utils.o ./Drivers/lvgl/src/draw/nema_gfx/lv_draw_nema_gfx_utils.su ./Drivers/lvgl/src/draw/nema_gfx/lv_nema_gfx_path.cyclo ./Drivers/lvgl/src/draw/nema_gfx/lv_nema_gfx_path.d ./Drivers/lvgl/src/draw/nema_gfx/lv_nema_gfx_path.o ./Drivers/lvgl/src/draw/nema_gfx/lv_nema_gfx_path.su
rm -rf ./Drivers/lvgl/src/draw/dma2d/lv_draw_dma2d.cyclo ./Drivers/lvgl/src/draw/dma2d/lv_draw_dma2d.d ./Drivers/lvgl/src/draw/dma2d/lv_draw_dma2d.o ./Drivers/lvgl/src/draw/dma2d/lv_draw_dma2d.su ./Drivers/lvgl/src/draw/dma2d/lv_draw_dma2d_fill.cyclo ./Drivers/lvgl/src/draw/dma2d/lv_draw_dma2d_fill.d ./Drivers/lvgl/src/draw/dma2d/lv_draw_dma2d_fill.o ./Drivers/lvgl/src/draw/dma2d/lv_draw_dma2d_fill.su ./Drivers/lvgl/src/draw/dma2d/lv_draw_dma2d_img.cyclo ./Drivers/lvgl/src/draw/dma2d/lv_draw_dma2d_img.d ./Drivers/lvgl/src/draw/dma2d/lv_draw_dma2d_img.o ./Drivers/lvgl/src/draw/dma2d/lv_draw_dma2d_img.su
rm -rf ./Drivers/lvgl/src/draw/lv_draw.cyclo ./Drivers/lvgl/src/draw/lv_draw.d ./Drivers/lvgl/src/draw/lv_draw.o ./Drivers/lvgl/src/draw/lv_draw.su ./Drivers/lvgl/src/draw/lv_draw_3d.cyclo ./Drivers/lvgl/src/draw/lv_draw_3d.d ./Drivers/lvgl/src/draw/lv_draw_3d.o ./Drivers/lvgl/src/draw/lv_draw_3d.su ./Drivers/lvgl/src/draw/lv_draw_arc.cyclo ./Drivers/lvgl/src/draw/lv_draw_arc.d ./Drivers/lvgl/src/draw/lv_draw_arc.o ./Drivers/lvgl/src/draw/lv_draw_arc.su ./Drivers/lvgl/src/draw/lv_draw_buf.cyclo ./Drivers/lvgl/src/draw/lv_draw_buf.d ./Drivers/lvgl/src/draw/lv_draw_buf.o ./Drivers/lvgl/src/draw/lv_draw_buf.su ./Drivers/lvgl/src/draw/lv_draw_image.cyclo ./Drivers/lvgl/src/draw/lv_draw_image.d ./Drivers/lvgl/src/draw/lv_draw_image.o ./Drivers/lvgl/src/draw/lv_draw_image.su ./Drivers/lvgl/src/draw/lv_draw_label.cyclo ./Drivers/lvgl/src/draw/lv_draw_label.d ./Drivers/lvgl/src/draw/lv_draw_label.o ./Drivers/lvgl/src/draw/lv_draw_label.su ./Drivers/lvgl/src/draw/lv_draw_line.cyclo ./Drivers/lvgl/src/draw/lv_draw_line.d ./Drivers/lvgl/src/draw/lv_draw_line.o ./Drivers/lvgl/src/draw/lv_draw_line.su ./Drivers/lvgl/src/draw/lv_draw_mask.cyclo ./Drivers/lvgl/src/draw/lv_draw_mask.d ./Drivers/lvgl/src/draw/lv_draw_mask.o ./Drivers/lvgl/src/draw/lv_draw_mask.su ./Drivers/lvgl/src/draw/lv_draw_rect.cyclo ./Drivers/lvgl/src/draw/lv_draw_rect.d ./Drivers/lvgl/src/draw/lv_draw_rect.o ./Drivers/lvgl/src/draw/lv_draw_rect.su ./Drivers/lvgl/src/draw/lv_draw_triangle.cyclo ./Drivers/lvgl/src/draw/lv_draw_triangle.d ./Drivers/lvgl/src/draw/lv_draw_triangle.o ./Drivers/lvgl/src/draw/lv_draw_triangle.su ./Drivers/lvgl/src/draw/lv_draw_vector.cyclo ./Drivers/lvgl/src/draw/lv_draw_vector.d ./Drivers/lvgl/src/draw/lv_draw_vector.o ./Drivers/lvgl/src/draw/lv_draw_vector.su ./Drivers/lvgl/src/draw/lv_image_decoder.cyclo ./Drivers/lvgl/src/draw/lv_image_decoder.d ./Drivers/lvgl/src/draw/lv_image_decoder.o ./Drivers/lvgl/src/draw/lv_image_decoder.su
rm -rf ./Drivers/lvgl/src/display/lv_display.cyclo ./Drivers/lvgl/src/display/lv_display.d ./Drivers/lvgl/src/display/lv_display.o ./Drivers/lvgl/src/display/lv_display.su
rm -rf ./Drivers/lvgl/src/core/lv_group.cyclo ./Drivers/lvgl/src/core/lv_group.d ./Drivers/lvgl/src/core/lv_group.o ./Drivers/lvgl/src/core/lv_group.su ./Drivers/lvgl/src/core/lv_obj.cyclo ./Drivers/lvgl/src/core/lv_obj.d ./Drivers/lvgl/src/core/lv_obj.o ./Drivers/lvgl/src/core/lv_obj.su ./Drivers/lvgl/src/core/lv_obj_class.cyclo ./Drivers/lvgl/src/core/lv_obj_class.d ./Drivers/lvgl/src/core/lv_obj_class.o ./Drivers/lvgl/src/core/lv_obj_class.su ./Drivers/lvgl/src/core/lv_obj_draw.cyclo ./Drivers/lvgl/src/core/lv_obj_draw.d ./Drivers/lvgl/src/core/lv_obj_draw.o ./Drivers/lvgl/src/core/lv_obj_draw.su ./Drivers/lvgl/src/core/lv_obj_event.cyclo ./Drivers/lvgl/src/core/lv_obj_event.d ./Drivers/lvgl/src/core/lv_obj_event.o ./Drivers/lvgl/src/core/lv_obj_event.su ./Drivers/lvgl/src/core/lv_obj_id_builtin.cyclo ./Drivers/lvgl/src/core/lv_obj_id_builtin.d ./Drivers/lvgl/src/core/lv_obj_id_builtin.o ./Drivers/lvgl/src/core/lv_obj_id_builtin.su ./Drivers/lvgl/src/core/lv_obj_pos.cyclo ./Drivers/lvgl/src/core/lv_obj_pos.d ./Drivers/lvgl/src/core/lv_obj_pos.o ./Drivers/lvgl/src/core/lv_obj_pos.su ./Drivers/lvgl/src/core/lv_obj_property.cyclo ./Drivers/lvgl/src/core/lv_obj_property.d ./Drivers/lvgl/src/core/lv_obj_property.o ./Drivers/lvgl/src/core/lv_obj_property.su ./Drivers/lvgl/src/core/lv_obj_scroll.cyclo ./Drivers/lvgl/src/core/lv_obj_scroll.d ./Drivers/lvgl/src/core/lv_obj_scroll.o ./Drivers/lvgl/src/core/lv_obj_scroll.su ./Drivers/lvgl/src/core/lv_obj_style.cyclo ./Drivers/lvgl/src/core/lv_obj_style.d ./Drivers/lvgl/src/core/lv_obj_style.o ./Drivers/lvgl/src/core/lv_obj_style.su ./Drivers/lvgl/src/core/lv_obj_style_gen.cyclo ./Drivers/lvgl/src/core/lv_obj_style_gen.d ./Drivers/lvgl/src/core/lv_obj_style_gen.o ./Drivers/lvgl/src/core/lv_obj_style_gen.su ./Drivers/lvgl/src/core/lv_obj_tree.cyclo ./Drivers/lvgl/src/core/lv_obj_tree.d ./Drivers/lvgl/src/core/lv_obj_tree.o ./Drivers/lvgl/src/core/lv_obj_tree.su ./Drivers/lvgl/src/core/lv_refr.cyclo ./Drivers/lvgl/src/core/lv_refr.d ./Drivers/lvgl/src/core/lv_refr.o ./Drivers/lvgl/src/core/lv_refr.su
rm -rf ./Drivers/lvgl/src/lv_init.cyclo ./Drivers/lvgl/src/lv_init.d ./Drivers/lvgl/src/lv_init.o ./Drivers/lvgl/src/lv_init.su
rm -rf ./Drivers/lvgl/env_support/rt-thread/squareline/lv_ui_entry.cyclo ./Drivers/lvgl/env_support/rt-thread/squareline/lv_ui_entry.d ./Drivers/lvgl/env_support/rt-thread/squareline/lv_ui_entry.o ./Drivers/lvgl/env_support/rt-thread/squareline/lv_ui_entry.su
rm -rf ./Drivers/lvgl/env_support/rt-thread/lv_rt_thread_port.cyclo ./Drivers/lvgl/env_support/rt-thread/lv_rt_thread_port.d ./Drivers/lvgl/env_support/rt-thread/lv_rt_thread_port.o ./Drivers/lvgl/env_support/rt-thread/lv_rt_thread_port.su
rm -rf ./Drivers/lvgl/env_support/pikascript/pika_lv_point_t.cyclo ./Drivers/lvgl/env_support/pikascript/pika_lv_point_t.d ./Drivers/lvgl/env_support/pikascript/pika_lv_point_t.o ./Drivers/lvgl/env_support/pikascript/pika_lv_point_t.su ./Drivers/lvgl/env_support/pikascript/pika_lv_timer_t.cyclo ./Drivers/lvgl/env_support/pikascript/pika_lv_timer_t.d ./Drivers/lvgl/env_support/pikascript/pika_lv_timer_t.o ./Drivers/lvgl/env_support/pikascript/pika_lv_timer_t.su ./Drivers/lvgl/env_support/pikascript/pika_lv_wegit.cyclo ./Drivers/lvgl/env_support/pikascript/pika_lv_wegit.d ./Drivers/lvgl/env_support/pikascript/pika_lv_wegit.o ./Drivers/lvgl/env_support/pikascript/pika_lv_wegit.su ./Drivers/lvgl/env_support/pikascript/pika_lvgl.cyclo ./Drivers/lvgl/env_support/pikascript/pika_lvgl.d ./Drivers/lvgl/env_support/pikascript/pika_lvgl.o ./Drivers/lvgl/env_support/pikascript/pika_lvgl.su ./Drivers/lvgl/env_support/pikascript/pika_lvgl_indev_t.cyclo ./Drivers/lvgl/env_support/pikascript/pika_lvgl_indev_t.d ./Drivers/lvgl/env_support/pikascript/pika_lvgl_indev_t.o ./Drivers/lvgl/env_support/pikascript/pika_lvgl_indev_t.su ./Drivers/lvgl/env_support/pikascript/pika_lvgl_lv_event.cyclo ./Drivers/lvgl/env_support/pikascript/pika_lvgl_lv_event.d ./Drivers/lvgl/env_support/pikascript/pika_lvgl_lv_event.o ./Drivers/lvgl/env_support/pikascript/pika_lvgl_lv_event.su ./Drivers/lvgl/env_support/pikascript/pika_lvgl_lv_obj.cyclo ./Drivers/lvgl/env_support/pikascript/pika_lvgl_lv_obj.d ./Drivers/lvgl/env_support/pikascript/pika_lvgl_lv_obj.o ./Drivers/lvgl/env_support/pikascript/pika_lvgl_lv_obj.su ./Drivers/lvgl/env_support/pikascript/pika_lvgl_lv_style_t.cyclo ./Drivers/lvgl/env_support/pikascript/pika_lvgl_lv_style_t.d ./Drivers/lvgl/env_support/pikascript/pika_lvgl_lv_style_t.o ./Drivers/lvgl/env_support/pikascript/pika_lvgl_lv_style_t.su
rm -rf ./Drivers/STM32U5xx_HAL_Driver/Src/stm32u5xx_hal.cyclo ./Drivers/STM32U5xx_HAL_Driver/Src/stm32u5xx_hal.d ./Drivers/STM32U5xx_HAL_Driver/Src/stm32u5xx_hal.o ./Drivers/STM32U5xx_HAL_Driver/Src/stm32u5xx_hal.su ./Drivers/STM32U5xx_HAL_Driver/Src/stm32u5xx_hal_cortex.cyclo ./Drivers/STM32U5xx_HAL_Driver/Src/stm32u5xx_hal_cortex.d ./Drivers/STM32U5xx_HAL_Driver/Src/stm32u5xx_hal_cortex.o ./Drivers/STM32U5xx_HAL_Driver/Src/stm32u5xx_hal_cortex.su ./Drivers/STM32U5xx_HAL_Driver/Src/stm32u5xx_hal_dma.cyclo ./Drivers/STM32U5xx_HAL_Driver/Src/stm32u5xx_hal_dma.d ./Drivers/STM32U5xx_HAL_Driver/Src/stm32u5xx_hal_dma.o ./Drivers/STM32U5xx_HAL_Driver/Src/stm32u5xx_hal_dma.su ./Drivers/STM32U5xx_HAL_Driver/Src/stm32u5xx_hal_dma_ex.cyclo ./Drivers/STM32U5xx_HAL_Driver/Src/stm32u5xx_hal_dma_ex.d ./Drivers/STM32U5xx_HAL_Driver/Src/stm32u5xx_hal_dma_ex.o ./Drivers/STM32U5xx_HAL_Driver/Src/stm32u5xx_hal_dma_ex.su ./Drivers/STM32U5xx_HAL_Driver/Src/stm32u5xx_hal_exti.cyclo ./Drivers/STM32U5xx_HAL_Driver/Src/stm32u5xx_hal_exti.d ./Drivers/STM32U5xx_HAL_Driver/Src/stm32u5xx_hal_exti.o ./Drivers/STM32U5xx_HAL_Driver/Src/stm32u5xx_hal_exti.su ./Drivers/STM32U5xx_HAL_Driver/Src/stm32u5xx_hal_flash.cyclo ./Drivers/STM32U5xx_HAL_Driver/Src/stm32u5xx_hal_flash.d ./Drivers/STM32U5xx_HAL_Driver/Src/stm32u5xx_hal_flash.o ./Drivers/STM32U5xx_HAL_Driver/Src/stm32u5xx_hal_flash.su ./Drivers/STM32U5xx_HAL_Driver/Src/stm32u5xx_hal_flash_ex.cyclo ./Drivers/STM32U5xx_HAL_Driver/Src/stm32u5xx_hal_flash_ex.d ./Drivers/STM32U5xx_HAL_Driver/Src/stm32u5xx_hal_flash_ex.o ./Drivers/STM32U5xx_HAL_Driver/Src/stm32u5xx_hal_flash_ex.su ./Drivers/STM32U5xx_HAL_Driver/Src/stm32u5xx_hal_gpio.cyclo ./Drivers/STM32U5xx_HAL_Driver/Src/stm32u5xx_hal_gpio.d ./Drivers/STM32U5xx_HAL_Driver/Src/stm32u5xx_hal_gpio.o ./Drivers/STM32U5xx_HAL_Driver/Src/stm32u5xx_hal_gpio.su ./Drivers/STM32U5xx_HAL_Driver/Src/stm32u5xx_hal_gtzc.cyclo ./Drivers/STM32U5xx_HAL_Driver/Src/stm32u5xx_hal_gtzc.d ./Drivers/STM32U5xx_HAL_Driver/Src/stm32u5xx_hal_gtzc.o ./Drivers/STM32U5xx_HAL_Driver/Src/stm32u5xx_hal_gtzc.su ./Drivers/STM32U5xx_HAL_Driver/Src/stm32u5xx_hal_i2c.cyclo ./Drivers/STM32U5xx_HAL_Driver/Src/stm32u5xx_hal_i2c.d ./Drivers/STM32U5xx_HAL_Driver/Src/stm32u5xx_hal_i2c.o ./Drivers/STM32U5xx_HAL_Driver/Src/stm32u5xx_hal_i2c.su ./Drivers/STM32U5xx_HAL_Driver/Src/stm32u5xx_hal_i2c_ex.cyclo ./Drivers/STM32U5xx_HAL_Driver/Src/stm32u5xx_hal_i2c_ex.d ./Drivers/STM32U5xx_HAL_Driver/Src/stm32u5xx_hal_i2c_ex.o ./Drivers/STM32U5xx_HAL_Driver/Src/stm32u5xx_hal_i2c_ex.su ./Drivers/STM32U5xx_HAL_Driver/Src/stm32u5xx_hal_icache.cyclo ./Drivers/STM32U5xx_HAL_Driver/Src/stm32u5xx_hal_icache.d ./Drivers/STM32U5xx_HAL_Driver/Src/stm32u5xx_hal_icache.o ./Drivers/STM32U5xx_HAL_Driver/Src/stm32u5xx_hal_icache.su ./Drivers/STM32U5xx_HAL_Driver/Src/stm32u5xx_hal_ospi.cyclo ./Drivers/STM32U5xx_HAL_Driver/Src/stm32u5xx_hal_ospi.d ./Drivers/STM32U5xx_HAL_Driver/Src/stm32u5xx_hal_ospi.o ./Drivers/STM32U5xx_HAL_Driver/Src/stm32u5xx_hal_ospi.su ./Drivers/STM32U5xx_HAL_Driver/Src/stm32u5xx_hal_pwr.cyclo ./Drivers/STM32U5xx_HAL_Driver/Src/stm32u5xx_hal_pwr.d ./Drivers/STM32U5xx_HAL_Driver/Src/stm32u5xx_hal_pwr.o ./Drivers/STM32U5xx_HAL_Driver/Src/stm32u5xx_hal_pwr.su ./Drivers/STM32U5xx_HAL_Driver/Src/stm32u5xx_hal_pwr_ex.cyclo ./Drivers/STM32U5xx_HAL_Driver/Src/stm32u5xx_hal_pwr_ex.d ./Drivers/STM32U5xx_HAL_Driver/Src/stm32u5xx_hal_pwr_ex.o ./Drivers/STM32U5xx_HAL_Driver/Src/stm32u5xx_hal_pwr_ex.su ./Drivers/STM32U5xx_HAL_Driver/Src/stm32u5xx_hal_rcc.cyclo ./Drivers/STM32U5xx_HAL_Driver/Src/stm32u5xx_hal_rcc.d ./Drivers/STM32U5xx_HAL_Driver/Src/stm32u5xx_hal_rcc.o ./Drivers/STM32U5xx_HAL_Driver/Src/stm32u5xx_hal_rcc.su ./Drivers/STM32U5xx_HAL_Driver/Src/stm32u5xx_hal_rcc_ex.cyclo ./Drivers/STM32U5xx_HAL_Driver/Src/stm32u5xx_hal_rcc_ex.d ./Drivers/STM32U5xx_HAL_Driver/Src/stm32u5xx_hal_rcc_ex.o ./Drivers/STM32U5xx_HAL_Driver/Src/stm32u5xx_hal_rcc_ex.su ./Drivers/STM32U5xx_HAL_Driver/Src/stm32u5xx_hal_rtc.cyclo ./Drivers/STM32U5xx_HAL_Driver/Src/stm32u5xx_hal_rtc.d ./Drivers/STM32U5xx_HAL_Driver/Src/stm32u5xx_hal_rtc.o ./Drivers/STM32U5xx_HAL_Driver/Src/stm32u5xx_hal_rtc.su ./Drivers/STM32U5xx_HAL_Driver/Src/stm32u5xx_hal_rtc_ex.cyclo ./Drivers/STM32U5xx_HAL_Driver/Src/stm32u5xx_hal_rtc_ex.d ./Drivers/STM32U5xx_HAL_Driver/Src/stm32u5xx_hal_rtc_ex.o ./Drivers/STM32U5xx_HAL_Driver/Src/stm32u5xx_hal_rtc_ex.su ./Drivers/STM32U5xx_HAL_Driver/Src/stm32u5xx_hal_tim.cyclo ./Drivers/STM32U5xx_HAL_Driver/Src/stm32u5xx_hal_tim.d ./Drivers/STM32U5xx_HAL_Driver/Src/stm32u5xx_hal_tim.o ./Drivers/STM32U5xx_HAL_Driver/Src/stm32u5xx_hal_tim.su ./Drivers/STM32U5xx_HAL_Driver/Src/stm32u5xx_hal_tim_ex.cyclo ./Drivers/STM32U5xx_HAL_Driver/Src/stm32u5xx_hal_tim_ex.d ./Drivers/STM32U5xx_HAL_Driver/Src/stm32u5xx_hal_tim_ex.o ./Drivers/STM32U5xx_HAL_Driver/Src/stm32u5xx_hal_tim_ex.su ./Drivers/STM32U5xx_HAL_Driver/Src/stm32u5xx_hal_uart.cyclo ./Drivers/STM32U5xx_HAL_Driver/Src/stm32u5xx_hal_uart.d ./Drivers/STM32U5xx_HAL_Driver/Src/stm32u5xx_hal_uart.o ./Drivers/STM32U5xx_HAL_Driver/Src/stm32u5xx_hal_uart.su ./Drivers/STM32U5xx_HAL_Driver/Src/stm32u5xx_hal_uart_ex.cyclo ./Drivers/STM32U5xx_HAL_Driver/Src/stm32u5xx_hal_uart_ex.d ./Drivers/STM32U5xx_HAL_Driver/Src/stm32u5xx_hal_uart_ex.o ./Drivers/STM32U5xx_HAL_Driver/Src/stm32u5xx_hal_uart_ex.su ./Drivers/STM32U5xx_HAL_Driver/Src/stm32u5xx_ll_dlyb.cyclo ./Drivers/STM32U5xx_HAL_Driver/Src/stm32u5xx_ll_dlyb.d ./Drivers/STM32U5xx_HAL_Driver/Src/stm32u5xx_ll_dlyb.o ./Drivers/STM32U5xx_HAL_Driver/Src/stm32u5xx_ll_dlyb.su
rm -rf ./Core/Startup/startup_stm32u575zitxq.d ./Core/Startup/startup_stm32u575zitxq.o
rm -rf ./Core/Src/battery.cyclo ./Core/Src/battery.d ./Core/Src/battery.o ./Core/Src/battery.su ./Core/Src/brightness.cyclo ./Core/Src/brightness.d ./Core/Src/brightness.o ./Core/Src/brightness.su ./Core/Src/display.cyclo ./Core/Src/display.d ./Core/Src/display.o ./Core/Src/display.su ./Core/Src/gui.cyclo ./Core/Src/gui.d ./Core/Src/gui.o ./Core/Src/gui.su ./Core/Src/main.cyclo ./Core/Src/main.d ./Core/Src/main.o ./Core/Src/main.su ./Core/Src/roboto_28.cyclo ./Core/Src/roboto_28.d ./Core/Src/roboto_28.o ./Core/Src/roboto_28.su ./Core/Src/roboto_58.cyclo ./Core/Src/roboto_58.d ./Core/Src/roboto_58.o ./Core/Src/roboto_58.su ./Core/Src/stm32u5xx_hal_msp.cyclo ./Core/Src/stm32u5xx_hal_msp.d ./Core/Src/stm32u5xx_hal_msp.o ./Core/Src/stm32u5xx_hal_msp.su ./Core/Src/stm32u5xx_it.cyclo ./Core/Src/stm32u5xx_it.d ./Core/Src/stm32u5xx_it.o ./Core/Src/stm32u5xx_it.su ./Core/Src/syscalls.cyclo ./Core/Src/syscalls.d ./Core/Src/syscalls.o ./Core/Src/syscalls.su ./Core/Src/sysmem.cyclo ./Core/Src/sysmem.d ./Core/Src/sysmem.o ./Core/Src/sysmem.su ./Core/Src/system_stm32u5xx.cyclo ./Core/Src/system_stm32u5xx.d ./Core/Src/system_stm32u5xx.o ./Core/Src/system_stm32u5xx.su ./Core/Src/tree.cyclo ./Core/Src/tree.d ./Core/Src/tree.o ./Core/Src/tree.su ./Core/Src/tree_and_grass.cyclo ./Core/Src/tree_and_grass.d ./Core/Src/tree_and_grass.o ./Core/Src/tree_and_grass.su ./Core/Src/util.cyclo ./Core/Src/util.d ./Core/Src/util.o ./Core/Src/util.su
rm -rf Smartwatch_bench.elf Smartwatch_bench.list Smartwatch_bench.map default.size.stdout
 
15:42:26 **** Build of configuration Debug for project Smartwatch_bench ****
make -j12 all 
arm-none-eabi-gcc "../Drivers/lvgl/src/widgets/win/lv_win.c" -mcpu=cortex-m33 -std=gnu11 -g3 -DDEBUG -DUSE_HAL_DRIVER -DSTM32U575xx -c -I../Core/Inc -I../Drivers/STM32U5xx_HAL_Driver/Inc -I../Drivers/STM32U5xx_HAL_Driver/Inc/Legacy -I../Drivers/CMSIS/Device/ST/STM32U5xx/Include -I../Drivers/CMSIS/Include -I../Middlewares/Third_Party/FreeRTOS/Source/include/ -I../Middlewares/Third_Party/FreeRTOS/Source/portable/GCC/ARM_CM33_NTZ/non_secure/ -I../Middlewares/Third_Party/FreeRTOS/Source/CMSIS_RTOS_V2/ -I../Middlewares/Third_Party/CMSIS/RTOS2/Include/ -I"/home/joakim-wennergren/Desktop/Smartwatch/Firmware/Bench/Drivers/lvgl" -O0 -ffunction-sections -fdata-sections -Wall -fstack-usage -fstack-usage -fcyclomatic-complexity -MMD -MP -MF"Drivers/lvgl/src/widgets/win/lv_win.d" -MT"Drivers/lvgl/src/widgets/win/lv_win.o" --specs=nano.specs -mfpu=fpv5-sp-d16 -mfloat-abi=hard -mthumb -o "Drivers/lvgl/src/widgets/win/lv_win.o"
arm-none-eabi-gcc "../Drivers/lvgl/src/widgets/tileview/lv_tileview.c" -mcpu=cortex-m33 -std=gnu11 -g3 -DDEBUG -DUSE_HAL_DRIVER -DSTM32U575xx -c -I../Core/Inc -I../Drivers/STM32U5xx_HAL_Driver/Inc -I../Drivers/STM32U5xx_HAL_Driver/Inc/Legacy -I../Drivers/CMSIS/Device/ST/STM32U5xx/Include -I../Drivers/CMSIS/Include -I../Middlewares/Third_Party/FreeRTOS/Source/include/ -I../Middlewares/Third_Party/FreeRTOS/Source/portable/GCC/ARM_CM33_NTZ/non_secure/ -I../Middlewares/Third_Party/FreeRTOS/Source/CMSIS_RTOS_V2/ -I../Middlewares/Third_Party/CMSIS/RTOS2/Include/ -I"/home/joakim-wennergren/Desktop/Smartwatch/Firmware/Bench/Drivers/lvgl" -O0 -ffunction-sections -fdata-sections -Wall -fstack-usage -fstack-usage -fcyclomatic-complexity -MMD -MP -MF"Drivers/lvgl/src/widgets/tileview/lv_tileview.d" -MT"Drivers/lvgl/src/widgets/tileview/lv_tileview.o" --specs=nano.specs -mfpu=fpv5-sp-d16 -mfloat-abi=hard -mthumb -o "Drivers/lvgl/src/widgets/tileview/lv_tileview.o"
arm-none-eabi-gcc "../Drivers/lvgl/src/widgets/textarea/lv_textarea.c" -mcpu=cortex-m33 -std=gnu11 -g3 -DDEBUG -DUSE_HAL_DRIVER -DSTM32U575xx -c -I../Core/Inc -I../Drivers/STM32U5xx_HAL_Driver/Inc -I../Drivers/STM32U5xx_HAL_Driver/Inc/Legacy -I../Drivers/CMSIS/Device/ST/STM32U5xx/Include -I../Drivers/CMSIS/Include -I../Middlewares/Third_Party/FreeRTOS/Source/include/ -I../Middlewares/Third_Party/FreeRTOS/Source/portable/GCC/ARM_CM33_NTZ/non_secure/ -I../Middlewares/Third_Party/FreeRTOS/Source/CMSIS_RTOS_V2/ -I../Middlewares/Third_Party/CMSIS/RTOS2/Include/ -I"/home/joakim-wennergren/Desktop/Smartwatch/Firmware/Bench/Drivers/lvgl" -O0 -ffunction-sections -fdata-sections -Wall -fstack-usage -fstack-usage -fcyclomatic-complexity -MMD -MP -MF"Drivers/lvgl/src/widgets/textarea/lv_textarea.d" -MT"Drivers/lvgl/src/widgets/textarea/lv_textarea.o" --specs=nano.specs -mfpu=fpv5-sp-d16 -mfloat-abi=hard -mthumb -o "Drivers/lvgl/src/widgets/textarea/lv_textarea.o"
arm-none-eabi-gcc "../Drivers/lvgl/src/widgets/tabview/lv_tabview.c" -mcpu=cortex-m33 -std=gnu11 -g3 -DDEBUG -DUSE_HAL_DRIVER -DSTM32U575xx -c -I../Core/Inc -I../Drivers/STM32U5xx_HAL_Driver/Inc -I../Drivers/STM32U5xx_HAL_Driver/Inc/Legacy -I../Drivers/CMSIS/Device/ST/STM32U5xx/Include -I../Drivers/CMSIS/Include -I../Middlewares/Third_Party/FreeRTOS/Source/include/ -I../Middlewares/Third_Party/FreeRTOS/Source/portable/GCC/ARM_CM33_NTZ/non_secure/ -I../Middlewares/Third_Party/FreeRTOS/Source/CMSIS_RTOS_V2/ -I../Middlewares/Third_Party/CMSIS/RTOS2/Include/ -I"/home/joakim-wennergren/Desktop/Smartwatch/Firmware/Bench/Drivers/lvgl" -O0 -ffunction-sections -fdata-sections -Wall -fstack-usage -fstack-usage -fcyclomatic-complexity -MMD -MP -MF"Drivers/lvgl/src/widgets/tabview/lv_tabview.d" -MT"Drivers/lvgl/src/widgets/tabview/lv_tabview.o" --specs=nano.specs -mfpu=fpv5-sp-d16 -mfloat-abi=hard -mthumb -o "Drivers/lvgl/src/widgets/tabview/lv_tabview.o"
arm-none-eabi-gcc "../Drivers/lvgl/src/widgets/table/lv_table.c" -mcpu=cortex-m33 -std=gnu11 -g3 -DDEBUG -DUSE_HAL_DRIVER -DSTM32U575xx -c -I../Core/Inc -I../Drivers/STM32U5xx_HAL_Driver/Inc -I../Drivers/STM32U5xx_HAL_Driver/Inc/Legacy -I../Drivers/CMSIS/Device/ST/STM32U5xx/Include -I../Drivers/CMSIS/Include -I../Middlewares/Third_Party/FreeRTOS/Source/include/ -I../Middlewares/Third_Party/FreeRTOS/Source/portable/GCC/ARM_CM33_NTZ/non_secure/ -I../Middlewares/Third_Party/FreeRTOS/Source/CMSIS_RTOS_V2/ -I../Middlewares/Third_Party/CMSIS/RTOS2/Include/ -I"/home/joakim-wennergren/Desktop/Smartwatch/Firmware/Bench/Drivers/lvgl" -O0 -ffunction-sections -fdata-sections -Wall -fstack-usage -fstack-usage -fcyclomatic-complexity -MMD -MP -MF"Drivers/lvgl/src/widgets/table/lv_table.d" -MT"Drivers/lvgl/src/widgets/table/lv_table.o" --specs=nano.specs -mfpu=fpv5-sp-d16 -mfloat-abi=hard -mthumb -o "Drivers/lvgl/src/widgets/table/lv_table.o"
arm-none-eabi-gcc "../Drivers/lvgl/src/widgets/switch/lv_switch.c" -mcpu=cortex-m33 -std=gnu11 -g3 -DDEBUG -DUSE_HAL_DRIVER -DSTM32U575xx -c -I../Core/Inc -I../Drivers/STM32U5xx_HAL_Driver/Inc -I../Drivers/STM32U5xx_HAL_Driver/Inc/Legacy -I../Drivers/CMSIS/Device/ST/STM32U5xx/Include -I../Drivers/CMSIS/Include -I../Middlewares/Third_Party/FreeRTOS/Source/include/ -I../Middlewares/Third_Party/FreeRTOS/Source/portable/GCC/ARM_CM33_NTZ/non_secure/ -I../Middlewares/Third_Party/FreeRTOS/Source/CMSIS_RTOS_V2/ -I../Middlewares/Third_Party/CMSIS/RTOS2/Include/ -I"/home/joakim-wennergren/Desktop/Smartwatch/Firmware/Bench/Drivers/lvgl" -O0 -ffunction-sections -fdata-sections -Wall -fstack-usage -fstack-usage -fcyclomatic-complexity -MMD -MP -MF"Drivers/lvgl/src/widgets/switch/lv_switch.d" -MT"Drivers/lvgl/src/widgets/switch/lv_switch.o" --specs=nano.specs -mfpu=fpv5-sp-d16 -mfloat-abi=hard -mthumb -o "Drivers/lvgl/src/widgets/switch/lv_switch.o"
arm-none-eabi-gcc "../Drivers/lvgl/src/widgets/spinner/lv_spinner.c" -mcpu=cortex-m33 -std=gnu11 -g3 -DDEBUG -DUSE_HAL_DRIVER -DSTM32U575xx -c -I../Core/Inc -I../Drivers/STM32U5xx_HAL_Driver/Inc -I../Drivers/STM32U5xx_HAL_Driver/Inc/Legacy -I../Drivers/CMSIS/Device/ST/STM32U5xx/Include -I../Drivers/CMSIS/Include -I../Middlewares/Third_Party/FreeRTOS/Source/include/ -I../Middlewares/Third_Party/FreeRTOS/Source/portable/GCC/ARM_CM33_NTZ/non_secure/ -I../Middlewares/Third_Party/FreeRTOS/Source/CMSIS_RTOS_V2/ -I../Middlewares/Third_Party/CMSIS/RTOS2/Include/ -I"/home/joakim-wennergren/Desktop/Smartwatch/Firmware/Bench/Drivers/lvgl" -O0 -ffunction-sections -fdata-sections -Wall -fstack-usage -fstack-usage -fcyclomatic-complexity -MMD -MP -MF"Drivers/lvgl/src/widgets/spinner/lv_spinner.d" -MT"Drivers/lvgl/src/widgets/spinner/lv_spinner.o" --specs=nano.specs -mfpu=fpv5-sp-d16 -mfloat-abi=hard -mthumb -o "Drivers/lvgl/src/widgets/spinner/lv_spinner.o"
arm-none-eabi-gcc "../Drivers/lvgl/src/widgets/spinbox/lv_spinbox.c" -mcpu=cortex-m33 -std=gnu11 -g3 -DDEBUG -DUSE_HAL_DRIVER -DSTM32U575xx -c -I../Core/Inc -I../Drivers/STM32U5xx_HAL_Driver/Inc -I../Drivers/STM32U5xx_HAL_Driver/Inc/Legacy -I../Drivers/CMSIS/Device/ST/STM32U5xx/Include -I../Drivers/CMSIS/Include -I../Middlewares/Third_Party/FreeRTOS/Source/include/ -I../Middlewares/Third_Party/FreeRTOS/Source/portable/GCC/ARM_CM33_NTZ/non_secure/ -I../Middlewares/Third_Party/FreeRTOS/Source/CMSIS_RTOS_V2/ -I../Middlewares/Third_Party/CMSIS/RTOS2/Include/ -I"/home/joakim-wennergren/Desktop/Smartwatch/Firmware/Bench/Drivers/lvgl" -O0 -ffunction-sections -fdata-sections -Wall -fstack-usage -fstack-usage -fcyclomatic-complexity -MMD -MP -MF"Drivers/lvgl/src/widgets/spinbox/lv_spinbox.d" -MT"Drivers/lvgl/src/widgets/spinbox/lv_spinbox.o" --specs=nano.specs -mfpu=fpv5-sp-d16 -mfloat-abi=hard -mthumb -o "Drivers/lvgl/src/widgets/spinbox/lv_spinbox.o"
arm-none-eabi-gcc "../Drivers/lvgl/src/widgets/span/lv_span.c" -mcpu=cortex-m33 -std=gnu11 -g3 -DDEBUG -DUSE_HAL_DRIVER -DSTM32U575xx -c -I../Core/Inc -I../Drivers/STM32U5xx_HAL_Driver/Inc -I../Drivers/STM32U5xx_HAL_Driver/Inc/Legacy -I../Drivers/CMSIS/Device/ST/STM32U5xx/Include -I../Drivers/CMSIS/Include -I../Middlewares/Third_Party/FreeRTOS/Source/include/ -I../Middlewares/Third_Party/FreeRTOS/Source/portable/GCC/ARM_CM33_NTZ/non_secure/ -I../Middlewares/Third_Party/FreeRTOS/Source/CMSIS_RTOS_V2/ -I../Middlewares/Third_Party/CMSIS/RTOS2/Include/ -I"/home/joakim-wennergren/Desktop/Smartwatch/Firmware/Bench/Drivers/lvgl" -O0 -ffunction-sections -fdata-sections -Wall -fstack-usage -fstack-usage -fcyclomatic-complexity -MMD -MP -MF"Drivers/lvgl/src/widgets/span/lv_span.d" -MT"Drivers/lvgl/src/widgets/span/lv_span.o" --specs=nano.specs -mfpu=fpv5-sp-d16 -mfloat-abi=hard -mthumb -o "Drivers/lvgl/src/widgets/span/lv_span.o"
arm-none-eabi-gcc "../Drivers/lvgl/src/widgets/slider/lv_slider.c" -mcpu=cortex-m33 -std=gnu11 -g3 -DDEBUG -DUSE_HAL_DRIVER -DSTM32U575xx -c -I../Core/Inc -I../Drivers/STM32U5xx_HAL_Driver/Inc -I../Drivers/STM32U5xx_HAL_Driver/Inc/Legacy -I../Drivers/CMSIS/Device/ST/STM32U5xx/Include -I../Drivers/CMSIS/Include -I../Middlewares/Third_Party/FreeRTOS/Source/include/ -I../Middlewares/Third_Party/FreeRTOS/Source/portable/GCC/ARM_CM33_NTZ/non_secure/ -I../Middlewares/Third_Party/FreeRTOS/Source/CMSIS_RTOS_V2/ -I../Middlewares/Third_Party/CMSIS/RTOS2/Include/ -I"/home/joakim-wennergren/Desktop/Smartwatch/Firmware/Bench/Drivers/lvgl" -O0 -ffunction-sections -fdata-sections -Wall -fstack-usage -fstack-usage -fcyclomatic-complexity -MMD -MP -MF"Drivers/lvgl/src/widgets/slider/lv_slider.d" -MT"Drivers/lvgl/src/widgets/slider/lv_slider.o" --specs=nano.specs -mfpu=fpv5-sp-d16 -mfloat-abi=hard -mthumb -o "Drivers/lvgl/src/widgets/slider/lv_slider.o"
arm-none-eabi-gcc "../Drivers/lvgl/src/widgets/scale/lv_scale.c" -mcpu=cortex-m33 -std=gnu11 -g3 -DDEBUG -DUSE_HAL_DRIVER -DSTM32U575xx -c -I../Core/Inc -I../Drivers/STM32U5xx_HAL_Driver/Inc -I../Drivers/STM32U5xx_HAL_Driver/Inc/Legacy -I../Drivers/CMSIS/Device/ST/STM32U5xx/Include -I../Drivers/CMSIS/Include -I../Middlewares/Third_Party/FreeRTOS/Source/include/ -I../Middlewares/Third_Party/FreeRTOS/Source/portable/GCC/ARM_CM33_NTZ/non_secure/ -I../Middlewares/Third_Party/FreeRTOS/Source/CMSIS_RTOS_V2/ -I../Middlewares/Third_Party/CMSIS/RTOS2/Include/ -I"/home/joakim-wennergren/Desktop/Smartwatch/Firmware/Bench/Drivers/lvgl" -O0 -ffunction-sections -fdata-sections -Wall -fstack-usage -fstack-usage -fcyclomatic-complexity -MMD -MP -MF"Drivers/lvgl/src/widgets/scale/lv_scale.d" -MT"Drivers/lvgl/src/widgets/scale/lv_scale.o" --specs=nano.specs -mfpu=fpv5-sp-d16 -mfloat-abi=hard -mthumb -o "Drivers/lvgl/src/widgets/scale/lv_scale.o"
arm-none-eabi-gcc "../Drivers/lvgl/src/widgets/roller/lv_roller.c" -mcpu=cortex-m33 -std=gnu11 -g3 -DDEBUG -DUSE_HAL_DRIVER -DSTM32U575xx -c -I../Core/Inc -I../Drivers/STM32U5xx_HAL_Driver/Inc -I../Drivers/STM32U5xx_HAL_Driver/Inc/Legacy -I../Drivers/CMSIS/Device/ST/STM32U5xx/Include -I../Drivers/CMSIS/Include -I../Middlewares/Third_Party/FreeRTOS/Source/include/ -I../Middlewares/Third_Party/FreeRTOS/Source/portable/GCC/ARM_CM33_NTZ/non_secure/ -I../Middlewares/Third_Party/FreeRTOS/Source/CMSIS_RTOS_V2/ -I../Middlewares/Third_Party/CMSIS/RTOS2/Include/ -I"/home/joakim-wennergren/Desktop/Smartwatch/Firmware/Bench/Drivers/lvgl" -O0 -ffunction-sections -fdata-sections -Wall -fstack-usage -fstack-usage -fcyclomatic-complexity -MMD -MP -MF"Drivers/lvgl/src/widgets/roller/lv_roller.d" -MT"Drivers/lvgl/src/widgets/roller/lv_roller.o" --specs=nano.specs -mfpu=fpv5-sp-d16 -mfloat-abi=hard -mthumb -o "Drivers/lvgl/src/widgets/roller/lv_roller.o"
arm-none-eabi-gcc "../Drivers/lvgl/src/widgets/property/lv_animimage_properties.c" -mcpu=cortex-m33 -std=gnu11 -g3 -DDEBUG -DUSE_HAL_DRIVER -DSTM32U575xx -c -I../Core/Inc -I../Drivers/STM32U5xx_HAL_Driver/Inc -I../Drivers/STM32U5xx_HAL_Driver/Inc/Legacy -I../Drivers/CMSIS/Device/ST/STM32U5xx/Include -I../Drivers/CMSIS/Include -I../Middlewares/Third_Party/FreeRTOS/Source/include/ -I../Middlewares/Third_Party/FreeRTOS/Source/portable/GCC/ARM_CM33_NTZ/non_secure/ -I../Middlewares/Third_Party/FreeRTOS/Source/CMSIS_RTOS_V2/ -I../Middlewares/Third_Party/CMSIS/RTOS2/Include/ -I"/home/joakim-wennergren/Desktop/Smartwatch/Firmware/Bench/Drivers/lvgl" -O0 -ffunction-sections -fdata-sections -Wall -fstack-usage -fstack-usage -fcyclomatic-complexity -MMD -MP -MF"Drivers/lvgl/src/widgets/property/lv_animimage_properties.d" -MT"Drivers/lvgl/src/widgets/property/lv_animimage_properties.o" --specs=nano.specs -mfpu=fpv5-sp-d16 -mfloat-abi=hard -mthumb -o "Drivers/lvgl/src/widgets/property/lv_animimage_properties.o"
arm-none-eabi-gcc "../Drivers/lvgl/src/widgets/property/lv_dropdown_properties.c" -mcpu=cortex-m33 -std=gnu11 -g3 -DDEBUG -DUSE_HAL_DRIVER -DSTM32U575xx -c -I../Core/Inc -I../Drivers/STM32U5xx_HAL_Driver/Inc -I../Drivers/STM32U5xx_HAL_Driver/Inc/Legacy -I../Drivers/CMSIS/Device/ST/STM32U5xx/Include -I../Drivers/CMSIS/Include -I../Middlewares/Third_Party/FreeRTOS/Source/include/ -I../Middlewares/Third_Party/FreeRTOS/Source/portable/GCC/ARM_CM33_NTZ/non_secure/ -I../Middlewares/Third_Party/FreeRTOS/Source/CMSIS_RTOS_V2/ -I../Middlewares/Third_Party/CMSIS/RTOS2/Include/ -I"/home/joakim-wennergren/Desktop/Smartwatch/Firmware/Bench/Drivers/lvgl" -O0 -ffunction-sections -fdata-sections -Wall -fstack-usage -fstack-usage -fcyclomatic-complexity -MMD -MP -MF"Drivers/lvgl/src/widgets/property/lv_dropdown_properties.d" -MT"Drivers/lvgl/src/widgets/property/lv_dropdown_properties.o" --specs=nano.specs -mfpu=fpv5-sp-d16 -mfloat-abi=hard -mthumb -o "Drivers/lvgl/src/widgets/property/lv_dropdown_properties.o"
arm-none-eabi-gcc "../Drivers/lvgl/src/widgets/property/lv_image_properties.c" -mcpu=cortex-m33 -std=gnu11 -g3 -DDEBUG -DUSE_HAL_DRIVER -DSTM32U575xx -c -I../Core/Inc -I../Drivers/STM32U5xx_HAL_Driver/Inc -I../Drivers/STM32U5xx_HAL_Driver/Inc/Legacy -I../Drivers/CMSIS/Device/ST/STM32U5xx/Include -I../Drivers/CMSIS/Include -I../Middlewares/Third_Party/FreeRTOS/Source/include/ -I../Middlewares/Third_Party/FreeRTOS/Source/portable/GCC/ARM_CM33_NTZ/non_secure/ -I../Middlewares/Third_Party/FreeRTOS/Source/CMSIS_RTOS_V2/ -I../Middlewares/Third_Party/CMSIS/RTOS2/Include/ -I"/home/joakim-wennergren/Desktop/Smartwatch/Firmware/Bench/Drivers/lvgl" -O0 -ffunction-sections -fdata-sections -Wall -fstack-usage -fstack-usage -fcyclomatic-complexity -MMD -MP -MF"Drivers/lvgl/src/widgets/property/lv_image_properties.d" -MT"Drivers/lvgl/src/widgets/property/lv_image_properties.o" --specs=nano.specs -mfpu=fpv5-sp-d16 -mfloat-abi=hard -mthumb -o "Drivers/lvgl/src/widgets/property/lv_image_properties.o"
arm-none-eabi-gcc "../Drivers/lvgl/src/widgets/property/lv_keyboard_properties.c" -mcpu=cortex-m33 -std=gnu11 -g3 -DDEBUG -DUSE_HAL_DRIVER -DSTM32U575xx -c -I../Core/Inc -I../Drivers/STM32U5xx_HAL_Driver/Inc -I../Drivers/STM32U5xx_HAL_Driver/Inc/Legacy -I../Drivers/CMSIS/Device/ST/STM32U5xx/Include -I../Drivers/CMSIS/Include -I../Middlewares/Third_Party/FreeRTOS/Source/include/ -I../Middlewares/Third_Party/FreeRTOS/Source/portable/GCC/ARM_CM33_NTZ/non_secure/ -I../Middlewares/Third_Party/FreeRTOS/Source/CMSIS_RTOS_V2/ -I../Middlewares/Third_Party/CMSIS/RTOS2/Include/ -I"/home/joakim-wennergren/Desktop/Smartwatch/Firmware/Bench/Drivers/lvgl" -O0 -ffunction-sections -fdata-sections -Wall -fstack-usage -fstack-usage -fcyclomatic-complexity -MMD -MP -MF"Drivers/lvgl/src/widgets/property/lv_keyboard_properties.d" -MT"Drivers/lvgl/src/widgets/property/lv_keyboard_properties.o" --specs=nano.specs -mfpu=fpv5-sp-d16 -mfloat-abi=hard -mthumb -o "Drivers/lvgl/src/widgets/property/lv_keyboard_properties.o"
arm-none-eabi-gcc "../Drivers/lvgl/src/widgets/property/lv_label_properties.c" -mcpu=cortex-m33 -std=gnu11 -g3 -DDEBUG -DUSE_HAL_DRIVER -DSTM32U575xx -c -I../Core/Inc -I../Drivers/STM32U5xx_HAL_Driver/Inc -I../Drivers/STM32U5xx_HAL_Driver/Inc/Legacy -I../Drivers/CMSIS/Device/ST/STM32U5xx/Include -I../Drivers/CMSIS/Include -I../Middlewares/Third_Party/FreeRTOS/Source/include/ -I../Middlewares/Third_Party/FreeRTOS/Source/portable/GCC/ARM_CM33_NTZ/non_secure/ -I../Middlewares/Third_Party/FreeRTOS/Source/CMSIS_RTOS_V2/ -I../Middlewares/Third_Party/CMSIS/RTOS2/Include/ -I"/home/joakim-wennergren/Desktop/Smartwatch/Firmware/Bench/Drivers/lvgl" -O0 -ffunction-sections -fdata-sections -Wall -fstack-usage -fstack-usage -fcyclomatic-complexity -MMD -MP -MF"Drivers/lvgl/src/widgets/property/lv_label_properties.d" -MT"Drivers/lvgl/src/widgets/property/lv_label_properties.o" --specs=nano.specs -mfpu=fpv5-sp-d16 -mfloat-abi=hard -mthumb -o "Drivers/lvgl/src/widgets/property/lv_label_properties.o"
arm-none-eabi-gcc "../Drivers/lvgl/src/widgets/property/lv_obj_properties.c" -mcpu=cortex-m33 -std=gnu11 -g3 -DDEBUG -DUSE_HAL_DRIVER -DSTM32U575xx -c -I../Core/Inc -I../Drivers/STM32U5xx_HAL_Driver/Inc -I../Drivers/STM32U5xx_HAL_Driver/Inc/Legacy -I../Drivers/CMSIS/Device/ST/STM32U5xx/Include -I../Drivers/CMSIS/Include -I../Middlewares/Third_Party/FreeRTOS/Source/include/ -I../Middlewares/Third_Party/FreeRTOS/Source/portable/GCC/ARM_CM33_NTZ/non_secure/ -I../Middlewares/Third_Party/FreeRTOS/Source/CMSIS_RTOS_V2/ -I../Middlewares/Third_Party/CMSIS/RTOS2/Include/ -I"/home/joakim-wennergren/Desktop/Smartwatch/Firmware/Bench/Drivers/lvgl" -O0 -ffunction-sections -fdata-sections -Wall -fstack-usage -fstack-usage -fcyclomatic-complexity -MMD -MP -MF"Drivers/lvgl/src/widgets/property/lv_obj_properties.d" -MT"Drivers/lvgl/src/widgets/property/lv_obj_properties.o" --specs=nano.specs -mfpu=fpv5-sp-d16 -mfloat-abi=hard -mthumb -o "Drivers/lvgl/src/widgets/property/lv_obj_properties.o"
arm-none-eabi-gcc "../Drivers/lvgl/src/widgets/property/lv_roller_properties.c" -mcpu=cortex-m33 -std=gnu11 -g3 -DDEBUG -DUSE_HAL_DRIVER -DSTM32U575xx -c -I../Core/Inc -I../Drivers/STM32U5xx_HAL_Driver/Inc -I../Drivers/STM32U5xx_HAL_Driver/Inc/Legacy -I../Drivers/CMSIS/Device/ST/STM32U5xx/Include -I../Drivers/CMSIS/Include -I../Middlewares/Third_Party/FreeRTOS/Source/include/ -I../Middlewares/Third_Party/FreeRTOS/Source/portable/GCC/ARM_CM33_NTZ/non_secure/ -I../Middlewares/Third_Party/FreeRTOS/Source/CMSIS_RTOS_V2/ -I../Middlewares/Third_Party/CMSIS/RTOS2/Include/ -I"/home/joakim-wennergren/Desktop/Smartwatch/Firmware/Bench/Drivers/lvgl" -O0 -ffunction-sections -fdata-sections -Wall -fstack-usage -fstack-usage -fcyclomatic-complexity -MMD -MP -MF"Drivers/lvgl/src/widgets/property/lv_roller_properties.d" -MT"Drivers/lvgl/src/widgets/property/lv_roller_properties.o" --specs=nano.specs -mfpu=fpv5-sp-d16 -mfloat-abi=hard -mthumb -o "Drivers/lvgl/src/widgets/property/lv_roller_properties.o"
arm-none-eabi-gcc "../Drivers/lvgl/src/widgets/property/lv_slider_properties.c" -mcpu=cortex-m33 -std=gnu11 -g3 -DDEBUG -DUSE_HAL_DRIVER -DSTM32U575xx -c -I../Core/Inc -I../Drivers/STM32U5xx_HAL_Driver/Inc -I../Drivers/STM32U5xx_HAL_Driver/Inc/Legacy -I../Drivers/CMSIS/Device/ST/STM32U5xx/Include -I../Drivers/CMSIS/Include -I../Middlewares/Third_Party/FreeRTOS/Source/include/ -I../Middlewares/Third_Party/FreeRTOS/Source/portable/GCC/ARM_CM33_NTZ/non_secure/ -I../Middlewares/Third_Party/FreeRTOS/Source/CMSIS_RTOS_V2/ -I../Middlewares/Third_Party/CMSIS/RTOS2/Include/ -I"/home/joakim-wennergren/Desktop/Smartwatch/Firmware/Bench/Drivers/lvgl" -O0 -ffunction-sections -fdata-sections -Wall -fstack-usage -fstack-usage -fcyclomatic-complexity -MMD -MP -MF"Drivers/lvgl/src/widgets/property/lv_slider_properties.d" -MT"Drivers/lvgl/src/widgets/property/lv_slider_properties.o" --specs=nano.specs -mfpu=fpv5-sp-d16 -mfloat-abi=hard -mthumb -o "Drivers/lvgl/src/widgets/property/lv_slider_properties.o"
arm-none-eabi-gcc "../Drivers/lvgl/src/widgets/property/lv_style_properties.c" -mcpu=cortex-m33 -std=gnu11 -g3 -DDEBUG -DUSE_HAL_DRIVER -DSTM32U575xx -c -I../Core/Inc -I../Drivers/STM32U5xx_HAL_Driver/Inc -I../Drivers/STM32U5xx_HAL_Driver/Inc/Legacy -I../Drivers/CMSIS/Device/ST/STM32U5xx/Include -I../Drivers/CMSIS/Include -I../Middlewares/Third_Party/FreeRTOS/Source/include/ -I../Middlewares/Third_Party/FreeRTOS/Source/portable/GCC/ARM_CM33_NTZ/non_secure/ -I../Middlewares/Third_Party/FreeRTOS/Source/CMSIS_RTOS_V2/ -I../Middlewares/Third_Party/CMSIS/RTOS2/Include/ -I"/home/joakim-wennergren/Desktop/Smartwatch/Firmware/Bench/Drivers/lvgl" -O0 -ffunction-sections -fdata-sections -Wall -fstack-usage -fstack-usage -fcyclomatic-complexity -MMD -MP -MF"Drivers/lvgl/src/widgets/property/lv_style_properties.d" -MT"Drivers/lvgl/src/widgets/property/lv_style_properties.o" --specs=nano.specs -mfpu=fpv5-sp-d16 -mfloat-abi=hard -mthumb -o "Drivers/lvgl/src/widgets/property/lv_style_properties.o"
arm-none-eabi-gcc "../Drivers/lvgl/src/widgets/property/lv_textarea_properties.c" -mcpu=cortex-m33 -std=gnu11 -g3 -DDEBUG -DUSE_HAL_DRIVER -DSTM32U575xx -c -I../Core/Inc -I../Drivers/STM32U5xx_HAL_Driver/Inc -I../Drivers/STM32U5xx_HAL_Driver/Inc/Legacy -I../Drivers/CMSIS/Device/ST/STM32U5xx/Include -I../Drivers/CMSIS/Include -I../Middlewares/Third_Party/FreeRTOS/Source/include/ -I../Middlewares/Third_Party/FreeRTOS/Source/portable/GCC/ARM_CM33_NTZ/non_secure/ -I../Middlewares/Third_Party/FreeRTOS/Source/CMSIS_RTOS_V2/ -I../Middlewares/Third_Party/CMSIS/RTOS2/Include/ -I"/home/joakim-wennergren/Desktop/Smartwatch/Firmware/Bench/Drivers/lvgl" -O0 -ffunction-sections -fdata-sections -Wall -fstack-usage -fstack-usage -fcyclomatic-complexity -MMD -MP -MF"Drivers/lvgl/src/widgets/property/lv_textarea_properties.d" -MT"Drivers/lvgl/src/widgets/property/lv_textarea_properties.o" --specs=nano.specs -mfpu=fpv5-sp-d16 -mfloat-abi=hard -mthumb -o "Drivers/lvgl/src/widgets/property/lv_textarea_properties.o"
arm-none-eabi-gcc "../Drivers/lvgl/src/widgets/objx_templ/lv_objx_templ.c" -mcpu=cortex-m33 -std=gnu11 -g3 -DDEBUG -DUSE_HAL_DRIVER -DSTM32U575xx -c -I../Core/Inc -I../Drivers/STM32U5xx_HAL_Driver/Inc -I../Drivers/STM32U5xx_HAL_Driver/Inc/Legacy -I../Drivers/CMSIS/Device/ST/STM32U5xx/Include -I../Drivers/CMSIS/Include -I../Middlewares/Third_Party/FreeRTOS/Source/include/ -I../Middlewares/Third_Party/FreeRTOS/Source/portable/GCC/ARM_CM33_NTZ/non_secure/ -I../Middlewares/Third_Party/FreeRTOS/Source/CMSIS_RTOS_V2/ -I../Middlewares/Third_Party/CMSIS/RTOS2/Include/ -I"/home/joakim-wennergren/Desktop/Smartwatch/Firmware/Bench/Drivers/lvgl" -O0 -ffunction-sections -fdata-sections -Wall -fstack-usage -fstack-usage -fcyclomatic-complexity -MMD -MP -MF"Drivers/lvgl/src/widgets/objx_templ/lv_objx_templ.d" -MT"Drivers/lvgl/src/widgets/objx_templ/lv_objx_templ.o" --specs=nano.specs -mfpu=fpv5-sp-d16 -mfloat-abi=hard -mthumb -o "Drivers/lvgl/src/widgets/objx_templ/lv_objx_templ.o"
arm-none-eabi-gcc "../Drivers/lvgl/src/widgets/msgbox/lv_msgbox.c" -mcpu=cortex-m33 -std=gnu11 -g3 -DDEBUG -DUSE_HAL_DRIVER -DSTM32U575xx -c -I../Core/Inc -I../Drivers/STM32U5xx_HAL_Driver/Inc -I../Drivers/STM32U5xx_HAL_Driver/Inc/Legacy -I../Drivers/CMSIS/Device/ST/STM32U5xx/Include -I../Drivers/CMSIS/Include -I../Middlewares/Third_Party/FreeRTOS/Source/include/ -I../Middlewares/Third_Party/FreeRTOS/Source/portable/GCC/ARM_CM33_NTZ/non_secure/ -I../Middlewares/Third_Party/FreeRTOS/Source/CMSIS_RTOS_V2/ -I../Middlewares/Third_Party/CMSIS/RTOS2/Include/ -I"/home/joakim-wennergren/Desktop/Smartwatch/Firmware/Bench/Drivers/lvgl" -O0 -ffunction-sections -fdata-sections -Wall -fstack-usage -fstack-usage -fcyclomatic-complexity -MMD -MP -MF"Drivers/lvgl/src/widgets/msgbox/lv_msgbox.d" -MT"Drivers/lvgl/src/widgets/msgbox/lv_msgbox.o" --specs=nano.specs -mfpu=fpv5-sp-d16 -mfloat-abi=hard -mthumb -o "Drivers/lvgl/src/widgets/msgbox/lv_msgbox.o"
arm-none-eabi-gcc "../Drivers/lvgl/src/widgets/menu/lv_menu.c" -mcpu=cortex-m33 -std=gnu11 -g3 -DDEBUG -DUSE_HAL_DRIVER -DSTM32U575xx -c -I../Core/Inc -I../Drivers/STM32U5xx_HAL_Driver/Inc -I../Drivers/STM32U5xx_HAL_Driver/Inc/Legacy -I../Drivers/CMSIS/Device/ST/STM32U5xx/Include -I../Drivers/CMSIS/Include -I../Middlewares/Third_Party/FreeRTOS/Source/include/ -I../Middlewares/Third_Party/FreeRTOS/Source/portable/GCC/ARM_CM33_NTZ/non_secure/ -I../Middlewares/Third_Party/FreeRTOS/Source/CMSIS_RTOS_V2/ -I../Middlewares/Third_Party/CMSIS/RTOS2/Include/ -I"/home/joakim-wennergren/Desktop/Smartwatch/Firmware/Bench/Drivers/lvgl" -O0 -ffunction-sections -fdata-sections -Wall -fstack-usage -fstack-usage -fcyclomatic-complexity -MMD -MP -MF"Drivers/lvgl/src/widgets/menu/lv_menu.d" -MT"Drivers/lvgl/src/widgets/menu/lv_menu.o" --specs=nano.specs -mfpu=fpv5-sp-d16 -mfloat-abi=hard -mthumb -o "Drivers/lvgl/src/widgets/menu/lv_menu.o"
arm-none-eabi-gcc "../Drivers/lvgl/src/widgets/lottie/lv_lottie.c" -mcpu=cortex-m33 -std=gnu11 -g3 -DDEBUG -DUSE_HAL_DRIVER -DSTM32U575xx -c -I../Core/Inc -I../Drivers/STM32U5xx_HAL_Driver/Inc -I../Drivers/STM32U5xx_HAL_Driver/Inc/Legacy -I../Drivers/CMSIS/Device/ST/STM32U5xx/Include -I../Drivers/CMSIS/Include -I../Middlewares/Third_Party/FreeRTOS/Source/include/ -I../Middlewares/Third_Party/FreeRTOS/Source/portable/GCC/ARM_CM33_NTZ/non_secure/ -I../Middlewares/Third_Party/FreeRTOS/Source/CMSIS_RTOS_V2/ -I../Middlewares/Third_Party/CMSIS/RTOS2/Include/ -I"/home/joakim-wennergren/Desktop/Smartwatch/Firmware/Bench/Drivers/lvgl" -O0 -ffunction-sections -fdata-sections -Wall -fstack-usage -fstack-usage -fcyclomatic-complexity -MMD -MP -MF"Drivers/lvgl/src/widgets/lottie/lv_lottie.d" -MT"Drivers/lvgl/src/widgets/lottie/lv_lottie.o" --specs=nano.specs -mfpu=fpv5-sp-d16 -mfloat-abi=hard -mthumb -o "Drivers/lvgl/src/widgets/lottie/lv_lottie.o"
arm-none-eabi-gcc "../Drivers/lvgl/src/widgets/list/lv_list.c" -mcpu=cortex-m33 -std=gnu11 -g3 -DDEBUG -DUSE_HAL_DRIVER -DSTM32U575xx -c -I../Core/Inc -I../Drivers/STM32U5xx_HAL_Driver/Inc -I../Drivers/STM32U5xx_HAL_Driver/Inc/Legacy -I../Drivers/CMSIS/Device/ST/STM32U5xx/Include -I../Drivers/CMSIS/Include -I../Middlewares/Third_Party/FreeRTOS/Source/include/ -I../Middlewares/Third_Party/FreeRTOS/Source/portable/GCC/ARM_CM33_NTZ/non_secure/ -I../Middlewares/Third_Party/FreeRTOS/Source/CMSIS_RTOS_V2/ -I../Middlewares/Third_Party/CMSIS/RTOS2/Include/ -I"/home/joakim-wennergren/Desktop/Smartwatch/Firmware/Bench/Drivers/lvgl" -O0 -ffunction-sections -fdata-sections -Wall -fstack-usage -fstack-usage -fcyclomatic-complexity -MMD -MP -MF"Drivers/lvgl/src/widgets/list/lv_list.d" -MT"Drivers/lvgl/src/widgets/list/lv_list.o" --specs=nano.specs -mfpu=fpv5-sp-d16 -mfloat-abi=hard -mthumb -o "Drivers/lvgl/src/widgets/list/lv_list.o"
arm-none-eabi-gcc "../Drivers/lvgl/src/widgets/line/lv_line.c" -mcpu=cortex-m33 -std=gnu11 -g3 -DDEBUG -DUSE_HAL_DRIVER -DSTM32U575xx -c -I../Core/Inc -I../Drivers/STM32U5xx_HAL_Driver/Inc -I../Drivers/STM32U5xx_HAL_Driver/Inc/Legacy -I../Drivers/CMSIS/Device/ST/STM32U5xx/Include -I../Drivers/CMSIS/Include -I../Middlewares/Third_Party/FreeRTOS/Source/include/ -I../Middlewares/Third_Party/FreeRTOS/Source/portable/GCC/ARM_CM33_NTZ/non_secure/ -I../Middlewares/Third_Party/FreeRTOS/Source/CMSIS_RTOS_V2/ -I../Middlewares/Third_Party/CMSIS/RTOS2/Include/ -I"/home/joakim-wennergren/Desktop/Smartwatch/Firmware/Bench/Drivers/lvgl" -O0 -ffunction-sections -fdata-sections -Wall -fstack-usage -fstack-usage -fcyclomatic-complexity -MMD -MP -MF"Drivers/lvgl/src/widgets/line/lv_line.d" -MT"Drivers/lvgl/src/widgets/line/lv_line.o" --specs=nano.specs -mfpu=fpv5-sp-d16 -mfloat-abi=hard -mthumb -o "Drivers/lvgl/src/widgets/line/lv_line.o"
arm-none-eabi-gcc "../Drivers/lvgl/src/widgets/led/lv_led.c" -mcpu=cortex-m33 -std=gnu11 -g3 -DDEBUG -DUSE_HAL_DRIVER -DSTM32U575xx -c -I../Core/Inc -I../Drivers/STM32U5xx_HAL_Driver/Inc -I../Drivers/STM32U5xx_HAL_Driver/Inc/Legacy -I../Drivers/CMSIS/Device/ST/STM32U5xx/Include -I../Drivers/CMSIS/Include -I../Middlewares/Third_Party/FreeRTOS/Source/include/ -I../Middlewares/Third_Party/FreeRTOS/Source/portable/GCC/ARM_CM33_NTZ/non_secure/ -I../Middlewares/Third_Party/FreeRTOS/Source/CMSIS_RTOS_V2/ -I../Middlewares/Third_Party/CMSIS/RTOS2/Include/ -I"/home/joakim-wennergren/Desktop/Smartwatch/Firmware/Bench/Drivers/lvgl" -O0 -ffunction-sections -fdata-sections -Wall -fstack-usage -fstack-usage -fcyclomatic-complexity -MMD -MP -MF"Drivers/lvgl/src/widgets/led/lv_led.d" -MT"Drivers/lvgl/src/widgets/led/lv_led.o" --specs=nano.specs -mfpu=fpv5-sp-d16 -mfloat-abi=hard -mthumb -o "Drivers/lvgl/src/widgets/led/lv_led.o"
arm-none-eabi-gcc "../Drivers/lvgl/src/widgets/label/lv_label.c" -mcpu=cortex-m33 -std=gnu11 -g3 -DDEBUG -DUSE_HAL_DRIVER -DSTM32U575xx -c -I../Core/Inc -I../Drivers/STM32U5xx_HAL_Driver/Inc -I../Drivers/STM32U5xx_HAL_Driver/Inc/Legacy -I../Drivers/CMSIS/Device/ST/STM32U5xx/Include -I../Drivers/CMSIS/Include -I../Middlewares/Third_Party/FreeRTOS/Source/include/ -I../Middlewares/Third_Party/FreeRTOS/Source/portable/GCC/ARM_CM33_NTZ/non_secure/ -I../Middlewares/Third_Party/FreeRTOS/Source/CMSIS_RTOS_V2/ -I../Middlewares/Third_Party/CMSIS/RTOS2/Include/ -I"/home/joakim-wennergren/Desktop/Smartwatch/Firmware/Bench/Drivers/lvgl" -O0 -ffunction-sections -fdata-sections -Wall -fstack-usage -fstack-usage -fcyclomatic-complexity -MMD -MP -MF"Drivers/lvgl/src/widgets/label/lv_label.d" -MT"Drivers/lvgl/src/widgets/label/lv_label.o" --specs=nano.specs -mfpu=fpv5-sp-d16 -mfloat-abi=hard -mthumb -o "Drivers/lvgl/src/widgets/label/lv_label.o"
arm-none-eabi-gcc "../Drivers/lvgl/src/widgets/keyboard/lv_keyboard.c" -mcpu=cortex-m33 -std=gnu11 -g3 -DDEBUG -DUSE_HAL_DRIVER -DSTM32U575xx -c -I../Core/Inc -I../Drivers/STM32U5xx_HAL_Driver/Inc -I../Drivers/STM32U5xx_HAL_Driver/Inc/Legacy -I../Drivers/CMSIS/Device/ST/STM32U5xx/Include -I../Drivers/CMSIS/Include -I../Middlewares/Third_Party/FreeRTOS/Source/include/ -I../Middlewares/Third_Party/FreeRTOS/Source/portable/GCC/ARM_CM33_NTZ/non_secure/ -I../Middlewares/Third_Party/FreeRTOS/Source/CMSIS_RTOS_V2/ -I../Middlewares/Third_Party/CMSIS/RTOS2/Include/ -I"/home/joakim-wennergren/Desktop/Smartwatch/Firmware/Bench/Drivers/lvgl" -O0 -ffunction-sections -fdata-sections -Wall -fstack-usage -fstack-usage -fcyclomatic-complexity -MMD -MP -MF"Drivers/lvgl/src/widgets/keyboard/lv_keyboard.d" -MT"Drivers/lvgl/src/widgets/keyboard/lv_keyboard.o" --specs=nano.specs -mfpu=fpv5-sp-d16 -mfloat-abi=hard -mthumb -o "Drivers/lvgl/src/widgets/keyboard/lv_keyboard.o"
arm-none-eabi-gcc "../Drivers/lvgl/src/widgets/imagebutton/lv_imagebutton.c" -mcpu=cortex-m33 -std=gnu11 -g3 -DDEBUG -DUSE_HAL_DRIVER -DSTM32U575xx -c -I../Core/Inc -I../Drivers/STM32U5xx_HAL_Driver/Inc -I../Drivers/STM32U5xx_HAL_Driver/Inc/Legacy -I../Drivers/CMSIS/Device/ST/STM32U5xx/Include -I../Drivers/CMSIS/Include -I../Middlewares/Third_Party/FreeRTOS/Source/include/ -I../Middlewares/Third_Party/FreeRTOS/Source/portable/GCC/ARM_CM33_NTZ/non_secure/ -I../Middlewares/Third_Party/FreeRTOS/Source/CMSIS_RTOS_V2/ -I../Middlewares/Third_Party/CMSIS/RTOS2/Include/ -I"/home/joakim-wennergren/Desktop/Smartwatch/Firmware/Bench/Drivers/lvgl" -O0 -ffunction-sections -fdata-sections -Wall -fstack-usage -fstack-usage -fcyclomatic-complexity -MMD -MP -MF"Drivers/lvgl/src/widgets/imagebutton/lv_imagebutton.d" -MT"Drivers/lvgl/src/widgets/imagebutton/lv_imagebutton.o" --specs=nano.specs -mfpu=fpv5-sp-d16 -mfloat-abi=hard -mthumb -o "Drivers/lvgl/src/widgets/imagebutton/lv_imagebutton.o"
arm-none-eabi-gcc "../Drivers/lvgl/src/widgets/image/lv_image.c" -mcpu=cortex-m33 -std=gnu11 -g3 -DDEBUG -DUSE_HAL_DRIVER -DSTM32U575xx -c -I../Core/Inc -I../Drivers/STM32U5xx_HAL_Driver/Inc -I../Drivers/STM32U5xx_HAL_Driver/Inc/Legacy -I../Drivers/CMSIS/Device/ST/STM32U5xx/Include -I../Drivers/CMSIS/Include -I../Middlewares/Third_Party/FreeRTOS/Source/include/ -I../Middlewares/Third_Party/FreeRTOS/Source/portable/GCC/ARM_CM33_NTZ/non_secure/ -I../Middlewares/Third_Party/FreeRTOS/Source/CMSIS_RTOS_V2/ -I../Middlewares/Third_Party/CMSIS/RTOS2/Include/ -I"/home/joakim-wennergren/Desktop/Smartwatch/Firmware/Bench/Drivers/lvgl" -O0 -ffunction-sections -fdata-sections -Wall -fstack-usage -fstack-usage -fcyclomatic-complexity -MMD -MP -MF"Drivers/lvgl/src/widgets/image/lv_image.d" -MT"Drivers/lvgl/src/widgets/image/lv_image.o" --specs=nano.specs -mfpu=fpv5-sp-d16 -mfloat-abi=hard -mthumb -o "Drivers/lvgl/src/widgets/image/lv_image.o"
arm-none-eabi-gcc "../Drivers/lvgl/src/widgets/dropdown/lv_dropdown.c" -mcpu=cortex-m33 -std=gnu11 -g3 -DDEBUG -DUSE_HAL_DRIVER -DSTM32U575xx -c -I../Core/Inc -I../Drivers/STM32U5xx_HAL_Driver/Inc -I../Drivers/STM32U5xx_HAL_Driver/Inc/Legacy -I../Drivers/CMSIS/Device/ST/STM32U5xx/Include -I../Drivers/CMSIS/Include -I../Middlewares/Third_Party/FreeRTOS/Source/include/ -I../Middlewares/Third_Party/FreeRTOS/Source/portable/GCC/ARM_CM33_NTZ/non_secure/ -I../Middlewares/Third_Party/FreeRTOS/Source/CMSIS_RTOS_V2/ -I../Middlewares/Third_Party/CMSIS/RTOS2/Include/ -I"/home/joakim-wennergren/Desktop/Smartwatch/Firmware/Bench/Drivers/lvgl" -O0 -ffunction-sections -fdata-sections -Wall -fstack-usage -fstack-usage -fcyclomatic-complexity -MMD -MP -MF"Drivers/lvgl/src/widgets/dropdown/lv_dropdown.d" -MT"Drivers/lvgl/src/widgets/dropdown/lv_dropdown.o" --specs=nano.specs -mfpu=fpv5-sp-d16 -mfloat-abi=hard -mthumb -o "Drivers/lvgl/src/widgets/dropdown/lv_dropdown.o"
arm-none-eabi-gcc "../Drivers/lvgl/src/widgets/checkbox/lv_checkbox.c" -mcpu=cortex-m33 -std=gnu11 -g3 -DDEBUG -DUSE_HAL_DRIVER -DSTM32U575xx -c -I../Core/Inc -I../Drivers/STM32U5xx_HAL_Driver/Inc -I../Drivers/STM32U5xx_HAL_Driver/Inc/Legacy -I../Drivers/CMSIS/Device/ST/STM32U5xx/Include -I../Drivers/CMSIS/Include -I../Middlewares/Third_Party/FreeRTOS/Source/include/ -I../Middlewares/Third_Party/FreeRTOS/Source/portable/GCC/ARM_CM33_NTZ/non_secure/ -I../Middlewares/Third_Party/FreeRTOS/Source/CMSIS_RTOS_V2/ -I../Middlewares/Third_Party/CMSIS/RTOS2/Include/ -I"/home/joakim-wennergren/Desktop/Smartwatch/Firmware/Bench/Drivers/lvgl" -O0 -ffunction-sections -fdata-sections -Wall -fstack-usage -fstack-usage -fcyclomatic-complexity -MMD -MP -MF"Drivers/lvgl/src/widgets/checkbox/lv_checkbox.d" -MT"Drivers/lvgl/src/widgets/checkbox/lv_checkbox.o" --specs=nano.specs -mfpu=fpv5-sp-d16 -mfloat-abi=hard -mthumb -o "Drivers/lvgl/src/widgets/checkbox/lv_checkbox.o"
arm-none-eabi-gcc "../Drivers/lvgl/src/widgets/chart/lv_chart.c" -mcpu=cortex-m33 -std=gnu11 -g3 -DDEBUG -DUSE_HAL_DRIVER -DSTM32U575xx -c -I../Core/Inc -I../Drivers/STM32U5xx_HAL_Driver/Inc -I../Drivers/STM32U5xx_HAL_Driver/Inc/Legacy -I../Drivers/CMSIS/Device/ST/STM32U5xx/Include -I../Drivers/CMSIS/Include -I../Middlewares/Third_Party/FreeRTOS/Source/include/ -I../Middlewares/Third_Party/FreeRTOS/Source/portable/GCC/ARM_CM33_NTZ/non_secure/ -I../Middlewares/Third_Party/FreeRTOS/Source/CMSIS_RTOS_V2/ -I../Middlewares/Third_Party/CMSIS/RTOS2/Include/ -I"/home/joakim-wennergren/Desktop/Smartwatch/Firmware/Bench/Drivers/lvgl" -O0 -ffunction-sections -fdata-sections -Wall -fstack-usage -fstack-usage -fcyclomatic-complexity -MMD -MP -MF"Drivers/lvgl/src/widgets/chart/lv_chart.d" -MT"Drivers/lvgl/src/widgets/chart/lv_chart.o" --specs=nano.specs -mfpu=fpv5-sp-d16 -mfloat-abi=hard -mthumb -o "Drivers/lvgl/src/widgets/chart/lv_chart.o"
arm-none-eabi-gcc "../Drivers/lvgl/src/widgets/canvas/lv_canvas.c" -mcpu=cortex-m33 -std=gnu11 -g3 -DDEBUG -DUSE_HAL_DRIVER -DSTM32U575xx -c -I../Core/Inc -I../Drivers/STM32U5xx_HAL_Driver/Inc -I../Drivers/STM32U5xx_HAL_Driver/Inc/Legacy -I../Drivers/CMSIS/Device/ST/STM32U5xx/Include -I../Drivers/CMSIS/Include -I../Middlewares/Third_Party/FreeRTOS/Source/include/ -I../Middlewares/Third_Party/FreeRTOS/Source/portable/GCC/ARM_CM33_NTZ/non_secure/ -I../Middlewares/Third_Party/FreeRTOS/Source/CMSIS_RTOS_V2/ -I../Middlewares/Third_Party/CMSIS/RTOS2/Include/ -I"/home/joakim-wennergren/Desktop/Smartwatch/Firmware/Bench/Drivers/lvgl" -O0 -ffunction-sections -fdata-sections -Wall -fstack-usage -fstack-usage -fcyclomatic-complexity -MMD -MP -MF"Drivers/lvgl/src/widgets/canvas/lv_canvas.d" -MT"Drivers/lvgl/src/widgets/canvas/lv_canvas.o" --specs=nano.specs -mfpu=fpv5-sp-d16 -mfloat-abi=hard -mthumb -o "Drivers/lvgl/src/widgets/canvas/lv_canvas.o"
arm-none-eabi-gcc "../Drivers/lvgl/src/widgets/calendar/lv_calendar.c" -mcpu=cortex-m33 -std=gnu11 -g3 -DDEBUG -DUSE_HAL_DRIVER -DSTM32U575xx -c -I../Core/Inc -I../Drivers/STM32U5xx_HAL_Driver/Inc -I../Drivers/STM32U5xx_HAL_Driver/Inc/Legacy -I../Drivers/CMSIS/Device/ST/STM32U5xx/Include -I../Drivers/CMSIS/Include -I../Middlewares/Third_Party/FreeRTOS/Source/include/ -I../Middlewares/Third_Party/FreeRTOS/Source/portable/GCC/ARM_CM33_NTZ/non_secure/ -I../Middlewares/Third_Party/FreeRTOS/Source/CMSIS_RTOS_V2/ -I../Middlewares/Third_Party/CMSIS/RTOS2/Include/ -I"/home/joakim-wennergren/Desktop/Smartwatch/Firmware/Bench/Drivers/lvgl" -O0 -ffunction-sections -fdata-sections -Wall -fstack-usage -fstack-usage -fcyclomatic-complexity -MMD -MP -MF"Drivers/lvgl/src/widgets/calendar/lv_calendar.d" -MT"Drivers/lvgl/src/widgets/calendar/lv_calendar.o" --specs=nano.specs -mfpu=fpv5-sp-d16 -mfloat-abi=hard -mthumb -o "Drivers/lvgl/src/widgets/calendar/lv_calendar.o"
arm-none-eabi-gcc "../Drivers/lvgl/src/widgets/calendar/lv_calendar_chinese.c" -mcpu=cortex-m33 -std=gnu11 -g3 -DDEBUG -DUSE_HAL_DRIVER -DSTM32U575xx -c -I../Core/Inc -I../Drivers/STM32U5xx_HAL_Driver/Inc -I../Drivers/STM32U5xx_HAL_Driver/Inc/Legacy -I../Drivers/CMSIS/Device/ST/STM32U5xx/Include -I../Drivers/CMSIS/Include -I../Middlewares/Third_Party/FreeRTOS/Source/include/ -I../Middlewares/Third_Party/FreeRTOS/Source/portable/GCC/ARM_CM33_NTZ/non_secure/ -I../Middlewares/Third_Party/FreeRTOS/Source/CMSIS_RTOS_V2/ -I../Middlewares/Third_Party/CMSIS/RTOS2/Include/ -I"/home/joakim-wennergren/Desktop/Smartwatch/Firmware/Bench/Drivers/lvgl" -O0 -ffunction-sections -fdata-sections -Wall -fstack-usage -fstack-usage -fcyclomatic-complexity -MMD -MP -MF"Drivers/lvgl/src/widgets/calendar/lv_calendar_chinese.d" -MT"Drivers/lvgl/src/widgets/calendar/lv_calendar_chinese.o" --specs=nano.specs -mfpu=fpv5-sp-d16 -mfloat-abi=hard -mthumb -o "Drivers/lvgl/src/widgets/calendar/lv_calendar_chinese.o"
arm-none-eabi-gcc "../Drivers/lvgl/src/widgets/calendar/lv_calendar_header_arrow.c" -mcpu=cortex-m33 -std=gnu11 -g3 -DDEBUG -DUSE_HAL_DRIVER -DSTM32U575xx -c -I../Core/Inc -I../Drivers/STM32U5xx_HAL_Driver/Inc -I../Drivers/STM32U5xx_HAL_Driver/Inc/Legacy -I../Drivers/CMSIS/Device/ST/STM32U5xx/Include -I../Drivers/CMSIS/Include -I../Middlewares/Third_Party/FreeRTOS/Source/include/ -I../Middlewares/Third_Party/FreeRTOS/Source/portable/GCC/ARM_CM33_NTZ/non_secure/ -I../Middlewares/Third_Party/FreeRTOS/Source/CMSIS_RTOS_V2/ -I../Middlewares/Third_Party/CMSIS/RTOS2/Include/ -I"/home/joakim-wennergren/Desktop/Smartwatch/Firmware/Bench/Drivers/lvgl" -O0 -ffunction-sections -fdata-sections -Wall -fstack-usage -fstack-usage -fcyclomatic-complexity -MMD -MP -MF"Drivers/lvgl/src/widgets/calendar/lv_calendar_header_arrow.d" -MT"Drivers/lvgl/src/widgets/calendar/lv_calendar_header_arrow.o" --specs=nano.specs -mfpu=fpv5-sp-d16 -mfloat-abi=hard -mthumb -o "Drivers/lvgl/src/widgets/calendar/lv_calendar_header_arrow.o"
arm-none-eabi-gcc "../Drivers/lvgl/src/widgets/calendar/lv_calendar_header_dropdown.c" -mcpu=cortex-m33 -std=gnu11 -g3 -DDEBUG -DUSE_HAL_DRIVER -DSTM32U575xx -c -I../Core/Inc -I../Drivers/STM32U5xx_HAL_Driver/Inc -I../Drivers/STM32U5xx_HAL_Driver/Inc/Legacy -I../Drivers/CMSIS/Device/ST/STM32U5xx/Include -I../Drivers/CMSIS/Include -I../Middlewares/Third_Party/FreeRTOS/Source/include/ -I../Middlewares/Third_Party/FreeRTOS/Source/portable/GCC/ARM_CM33_NTZ/non_secure/ -I../Middlewares/Third_Party/FreeRTOS/Source/CMSIS_RTOS_V2/ -I../Middlewares/Third_Party/CMSIS/RTOS2/Include/ -I"/home/joakim-wennergren/Desktop/Smartwatch/Firmware/Bench/Drivers/lvgl" -O0 -ffunction-sections -fdata-sections -Wall -fstack-usage -fstack-usage -fcyclomatic-complexity -MMD -MP -MF"Drivers/lvgl/src/widgets/calendar/lv_calendar_header_dropdown.d" -MT"Drivers/lvgl/src/widgets/calendar/lv_calendar_header_dropdown.o" --specs=nano.specs -mfpu=fpv5-sp-d16 -mfloat-abi=hard -mthumb -o "Drivers/lvgl/src/widgets/calendar/lv_calendar_header_dropdown.o"
arm-none-eabi-gcc "../Drivers/lvgl/src/widgets/buttonmatrix/lv_buttonmatrix.c" -mcpu=cortex-m33 -std=gnu11 -g3 -DDEBUG -DUSE_HAL_DRIVER -DSTM32U575xx -c -I../Core/Inc -I../Drivers/STM32U5xx_HAL_Driver/Inc -I../Drivers/STM32U5xx_HAL_Driver/Inc/Legacy -I../Drivers/CMSIS/Device/ST/STM32U5xx/Include -I../Drivers/CMSIS/Include -I../Middlewares/Third_Party/FreeRTOS/Source/include/ -I../Middlewares/Third_Party/FreeRTOS/Source/portable/GCC/ARM_CM33_NTZ/non_secure/ -I../Middlewares/Third_Party/FreeRTOS/Source/CMSIS_RTOS_V2/ -I../Middlewares/Third_Party/CMSIS/RTOS2/Include/ -I"/home/joakim-wennergren/Desktop/Smartwatch/Firmware/Bench/Drivers/lvgl" -O0 -ffunction-sections -fdata-sections -Wall -fstack-usage -fstack-usage -fcyclomatic-complexity -MMD -MP -MF"Drivers/lvgl/src/widgets/buttonmatrix/lv_buttonmatrix.d" -MT"Drivers/lvgl/src/widgets/buttonmatrix/lv_buttonmatrix.o" --specs=nano.specs -mfpu=fpv5-sp-d16 -mfloat-abi=hard -mthumb -o "Drivers/lvgl/src/widgets/buttonmatrix/lv_buttonmatrix.o"
arm-none-eabi-gcc "../Drivers/lvgl/src/widgets/button/lv_button.c" -mcpu=cortex-m33 -std=gnu11 -g3 -DDEBUG -DUSE_HAL_DRIVER -DSTM32U575xx -c -I../Core/Inc -I../Drivers/STM32U5xx_HAL_Driver/Inc -I../Drivers/STM32U5xx_HAL_Driver/Inc/Legacy -I../Drivers/CMSIS/Device/ST/STM32U5xx/Include -I../Drivers/CMSIS/Include -I../Middlewares/Third_Party/FreeRTOS/Source/include/ -I../Middlewares/Third_Party/FreeRTOS/Source/portable/GCC/ARM_CM33_NTZ/non_secure/ -I../Middlewares/Third_Party/FreeRTOS/Source/CMSIS_RTOS_V2/ -I../Middlewares/Third_Party/CMSIS/RTOS2/Include/ -I"/home/joakim-wennergren/Desktop/Smartwatch/Firmware/Bench/Drivers/lvgl" -O0 -ffunction-sections -fdata-sections -Wall -fstack-usage -fstack-usage -fcyclomatic-complexity -MMD -MP -MF"Drivers/lvgl/src/widgets/button/lv_button.d" -MT"Drivers/lvgl/src/widgets/button/lv_button.o" --specs=nano.specs -mfpu=fpv5-sp-d16 -mfloat-abi=hard -mthumb -o "Drivers/lvgl/src/widgets/button/lv_button.o"
arm-none-eabi-gcc "../Drivers/lvgl/src/widgets/bar/lv_bar.c" -mcpu=cortex-m33 -std=gnu11 -g3 -DDEBUG -DUSE_HAL_DRIVER -DSTM32U575xx -c -I../Core/Inc -I../Drivers/STM32U5xx_HAL_Driver/Inc -I../Drivers/STM32U5xx_HAL_Driver/Inc/Legacy -I../Drivers/CMSIS/Device/ST/STM32U5xx/Include -I../Drivers/CMSIS/Include -I../Middlewares/Third_Party/FreeRTOS/Source/include/ -I../Middlewares/Third_Party/FreeRTOS/Source/portable/GCC/ARM_CM33_NTZ/non_secure/ -I../Middlewares/Third_Party/FreeRTOS/Source/CMSIS_RTOS_V2/ -I../Middlewares/Third_Party/CMSIS/RTOS2/Include/ -I"/home/joakim-wennergren/Desktop/Smartwatch/Firmware/Bench/Drivers/lvgl" -O0 -ffunction-sections -fdata-sections -Wall -fstack-usage -fstack-usage -fcyclomatic-complexity -MMD -MP -MF"Drivers/lvgl/src/widgets/bar/lv_bar.d" -MT"Drivers/lvgl/src/widgets/bar/lv_bar.o" --specs=nano.specs -mfpu=fpv5-sp-d16 -mfloat-abi=hard -mthumb -o "Drivers/lvgl/src/widgets/bar/lv_bar.o"
arm-none-eabi-gcc "../Drivers/lvgl/src/widgets/arc/lv_arc.c" -mcpu=cortex-m33 -std=gnu11 -g3 -DDEBUG -DUSE_HAL_DRIVER -DSTM32U575xx -c -I../Core/Inc -I../Drivers/STM32U5xx_HAL_Driver/Inc -I../Drivers/STM32U5xx_HAL_Driver/Inc/Legacy -I../Drivers/CMSIS/Device/ST/STM32U5xx/Include -I../Drivers/CMSIS/Include -I../Middlewares/Third_Party/FreeRTOS/Source/include/ -I../Middlewares/Third_Party/FreeRTOS/Source/portable/GCC/ARM_CM33_NTZ/non_secure/ -I../Middlewares/Third_Party/FreeRTOS/Source/CMSIS_RTOS_V2/ -I../Middlewares/Third_Party/CMSIS/RTOS2/Include/ -I"/home/joakim-wennergren/Desktop/Smartwatch/Firmware/Bench/Drivers/lvgl" -O0 -ffunction-sections -fdata-sections -Wall -fstack-usage -fstack-usage -fcyclomatic-complexity -MMD -MP -MF"Drivers/lvgl/src/widgets/arc/lv_arc.d" -MT"Drivers/lvgl/src/widgets/arc/lv_arc.o" --specs=nano.specs -mfpu=fpv5-sp-d16 -mfloat-abi=hard -mthumb -o "Drivers/lvgl/src/widgets/arc/lv_arc.o"
arm-none-eabi-gcc "../Drivers/lvgl/src/widgets/animimage/lv_animimage.c" -mcpu=cortex-m33 -std=gnu11 -g3 -DDEBUG -DUSE_HAL_DRIVER -DSTM32U575xx -c -I../Core/Inc -I../Drivers/STM32U5xx_HAL_Driver/Inc -I../Drivers/STM32U5xx_HAL_Driver/Inc/Legacy -I../Drivers/CMSIS/Device/ST/STM32U5xx/Include -I../Drivers/CMSIS/Include -I../Middlewares/Third_Party/FreeRTOS/Source/include/ -I../Middlewares/Third_Party/FreeRTOS/Source/portable/GCC/ARM_CM33_NTZ/non_secure/ -I../Middlewares/Third_Party/FreeRTOS/Source/CMSIS_RTOS_V2/ -I../Middlewares/Third_Party/CMSIS/RTOS2/Include/ -I"/home/joakim-wennergren/Desktop/Smartwatch/Firmware/Bench/Drivers/lvgl" -O0 -ffunction-sections -fdata-sections -Wall -fstack-usage -fstack-usage -fcyclomatic-complexity -MMD -MP -MF"Drivers/lvgl/src/widgets/animimage/lv_animimage.d" -MT"Drivers/lvgl/src/widgets/animimage/lv_animimage.o" --specs=nano.specs -mfpu=fpv5-sp-d16 -mfloat-abi=hard -mthumb -o "Drivers/lvgl/src/widgets/animimage/lv_animimage.o"
arm-none-eabi-gcc "../Drivers/lvgl/src/widgets/3dtexture/lv_3dtexture.c" -mcpu=cortex-m33 -std=gnu11 -g3 -DDEBUG -DUSE_HAL_DRIVER -DSTM32U575xx -c -I../Core/Inc -I../Drivers/STM32U5xx_HAL_Driver/Inc -I../Drivers/STM32U5xx_HAL_Driver/Inc/Legacy -I../Drivers/CMSIS/Device/ST/STM32U5xx/Include -I../Drivers/CMSIS/Include -I../Middlewares/Third_Party/FreeRTOS/Source/include/ -I../Middlewares/Third_Party/FreeRTOS/Source/portable/GCC/ARM_CM33_NTZ/non_secure/ -I../Middlewares/Third_Party/FreeRTOS/Source/CMSIS_RTOS_V2/ -I../Middlewares/Third_Party/CMSIS/RTOS2/Include/ -I"/home/joakim-wennergren/Desktop/Smartwatch/Firmware/Bench/Drivers/lvgl" -O0 -ffunction-sections -fdata-sections -Wall -fstack-usage -fstack-usage -fcyclomatic-complexity -MMD -MP -MF"Drivers/lvgl/src/widgets/3dtexture/lv_3dtexture.d" -MT"Drivers/lvgl/src/widgets/3dtexture/lv_3dtexture.o" --specs=nano.specs -mfpu=fpv5-sp-d16 -mfloat-abi=hard -mthumb -o "Drivers/lvgl/src/widgets/3dtexture/lv_3dtexture.o"
arm-none-eabi-gcc "../Drivers/lvgl/src/tick/lv_tick.c" -mcpu=cortex-m33 -std=gnu11 -g3 -DDEBUG -DUSE_HAL_DRIVER -DSTM32U575xx -c -I../Core/Inc -I../Drivers/STM32U5xx_HAL_Driver/Inc -I../Drivers/STM32U5xx_HAL_Driver/Inc/Legacy -I../Drivers/CMSIS/Device/ST/STM32U5xx/Include -I../Drivers/CMSIS/Include -I../Middlewares/Third_Party/FreeRTOS/Source/include/ -I../Middlewares/Third_Party/FreeRTOS/Source/portable/GCC/ARM_CM33_NTZ/non_secure/ -I../Middlewares/Third_Party/FreeRTOS/Source/CMSIS_RTOS_V2/ -I../Middlewares/Third_Party/CMSIS/RTOS2/Include/ -I"/home/joakim-wennergren/Desktop/Smartwatch/Firmware/Bench/Drivers/lvgl" -O0 -ffunction-sections -fdata-sections -Wall -fstack-usage -fstack-usage -fcyclomatic-complexity -MMD -MP -MF"Drivers/lvgl/src/tick/lv_tick.d" -MT"Drivers/lvgl/src/tick/lv_tick.o" --specs=nano.specs -mfpu=fpv5-sp-d16 -mfloat-abi=hard -mthumb -o "Drivers/lvgl/src/tick/lv_tick.o"
arm-none-eabi-gcc "../Drivers/lvgl/src/themes/simple/lv_theme_simple.c" -mcpu=cortex-m33 -std=gnu11 -g3 -DDEBUG -DUSE_HAL_DRIVER -DSTM32U575xx -c -I../Core/Inc -I../Drivers/STM32U5xx_HAL_Driver/Inc -I../Drivers/STM32U5xx_HAL_Driver/Inc/Legacy -I../Drivers/CMSIS/Device/ST/STM32U5xx/Include -I../Drivers/CMSIS/Include -I../Middlewares/Third_Party/FreeRTOS/Source/include/ -I../Middlewares/Third_Party/FreeRTOS/Source/portable/GCC/ARM_CM33_NTZ/non_secure/ -I../Middlewares/Third_Party/FreeRTOS/Source/CMSIS_RTOS_V2/ -I../Middlewares/Third_Party/CMSIS/RTOS2/Include/ -I"/home/joakim-wennergren/Desktop/Smartwatch/Firmware/Bench/Drivers/lvgl" -O0 -ffunction-sections -fdata-sections -Wall -fstack-usage -fstack-usage -fcyclomatic-complexity -MMD -MP -MF"Drivers/lvgl/src/themes/simple/lv_theme_simple.d" -MT"Drivers/lvgl/src/themes/simple/lv_theme_simple.o" --specs=nano.specs -mfpu=fpv5-sp-d16 -mfloat-abi=hard -mthumb -o "Drivers/lvgl/src/themes/simple/lv_theme_simple.o"
arm-none-eabi-gcc "../Drivers/lvgl/src/themes/mono/lv_theme_mono.c" -mcpu=cortex-m33 -std=gnu11 -g3 -DDEBUG -DUSE_HAL_DRIVER -DSTM32U575xx -c -I../Core/Inc -I../Drivers/STM32U5xx_HAL_Driver/Inc -I../Drivers/STM32U5xx_HAL_Driver/Inc/Legacy -I../Drivers/CMSIS/Device/ST/STM32U5xx/Include -I../Drivers/CMSIS/Include -I../Middlewares/Third_Party/FreeRTOS/Source/include/ -I../Middlewares/Third_Party/FreeRTOS/Source/portable/GCC/ARM_CM33_NTZ/non_secure/ -I../Middlewares/Third_Party/FreeRTOS/Source/CMSIS_RTOS_V2/ -I../Middlewares/Third_Party/CMSIS/RTOS2/Include/ -I"/home/joakim-wennergren/Desktop/Smartwatch/Firmware/Bench/Drivers/lvgl" -O0 -ffunction-sections -fdata-sections -Wall -fstack-usage -fstack-usage -fcyclomatic-complexity -MMD -MP -MF"Drivers/lvgl/src/themes/mono/lv_theme_mono.d" -MT"Drivers/lvgl/src/themes/mono/lv_theme_mono.o" --specs=nano.specs -mfpu=fpv5-sp-d16 -mfloat-abi=hard -mthumb -o "Drivers/lvgl/src/themes/mono/lv_theme_mono.o"
arm-none-eabi-gcc "../Drivers/lvgl/src/themes/default/lv_theme_default.c" -mcpu=cortex-m33 -std=gnu11 -g3 -DDEBUG -DUSE_HAL_DRIVER -DSTM32U575xx -c -I../Core/Inc -I../Drivers/STM32U5xx_HAL_Driver/Inc -I../Drivers/STM32U5xx_HAL_Driver/Inc/Legacy -I../Drivers/CMSIS/Device/ST/STM32U5xx/Include -I../Drivers/CMSIS/Include -I../Middlewares/Third_Party/FreeRTOS/Source/include/ -I../Middlewares/Third_Party/FreeRTOS/Source/portable/GCC/ARM_CM33_NTZ/non_secure/ -I../Middlewares/Third_Party/FreeRTOS/Source/CMSIS_RTOS_V2/ -I../Middlewares/Third_Party/CMSIS/RTOS2/Include/ -I"/home/joakim-wennergren/Desktop/Smartwatch/Firmware/Bench/Drivers/lvgl" -O0 -ffunction-sections -fdata-sections -Wall -fstack-usage -fstack-usage -fcyclomatic-complexity -MMD -MP -MF"Drivers/lvgl/src/themes/default/lv_theme_default.d" -MT"Drivers/lvgl/src/themes/default/lv_theme_default.o" --specs=nano.specs -mfpu=fpv5-sp-d16 -mfloat-abi=hard -mthumb -o "Drivers/lvgl/src/themes/default/lv_theme_default.o"
arm-none-eabi-gcc "../Drivers/lvgl/src/themes/lv_theme.c" -mcpu=cortex-m33 -std=gnu11 -g3 -DDEBUG -DUSE_HAL_DRIVER -DSTM32U575xx -c -I../Core/Inc -I../Drivers/STM32U5xx_HAL_Driver/Inc -I../Drivers/STM32U5xx_HAL_Driver/Inc/Legacy -I../Drivers/CMSIS/Device/ST/STM32U5xx/Include -I../Drivers/CMSIS/Include -I../Middlewares/Third_Party/FreeRTOS/Source/include/ -I../Middlewares/Third_Party/FreeRTOS/Source/portable/GCC/ARM_CM33_NTZ/non_secure/ -I../Middlewares/Third_Party/FreeRTOS/Source/CMSIS_RTOS_V2/ -I../Middlewares/Third_Party/CMSIS/RTOS2/Include/ -I"/home/joakim-wennergren/Desktop/Smartwatch/Firmware/Bench/Drivers/lvgl" -O0 -ffunction-sections -fdata-sections -Wall -fstack-usage -fstack-usage -fcyclomatic-complexity -MMD -MP -MF"Drivers/lvgl/src/themes/lv_theme.d" -MT"Drivers/lvgl/src/themes/lv_theme.o" --specs=nano.specs -mfpu=fpv5-sp-d16 -mfloat-abi=hard -mthumb -o "Drivers/lvgl/src/themes/lv_theme.o"
arm-none-eabi-gcc "../Drivers/lvgl/src/stdlib/uefi/lv_mem_core_uefi.c" -mcpu=cortex-m33 -std=gnu11 -g3 -DDEBUG -DUSE_HAL_DRIVER -DSTM32U575xx -c -I../Core/Inc -I../Drivers/STM32U5xx_HAL_Driver/Inc -I../Drivers/STM32U5xx_HAL_Driver/Inc/Legacy -I../Drivers/CMSIS/Device/ST/STM32U5xx/Include -I../Drivers/CMSIS/Include -I../Middlewares/Third_Party/FreeRTOS/Source/include/ -I../Middlewares/Third_Party/FreeRTOS/Source/portable/GCC/ARM_CM33_NTZ/non_secure/ -I../Middlewares/Third_Party/FreeRTOS/Source/CMSIS_RTOS_V2/ -I../Middlewares/Third_Party/CMSIS/RTOS2/Include/ -I"/home/joakim-wennergren/Desktop/Smartwatch/Firmware/Bench/Drivers/lvgl" -O0 -ffunction-sections -fdata-sections -Wall -fstack-usage -fstack-usage -fcyclomatic-complexity -MMD -MP -MF"Drivers/lvgl/src/stdlib/uefi/lv_mem_core_uefi.d" -MT"Drivers/lvgl/src/stdlib/uefi/lv_mem_core_uefi.o" --specs=nano.specs -mfpu=fpv5-sp-d16 -mfloat-abi=hard -mthumb -o "Drivers/lvgl/src/stdlib/uefi/lv_mem_core_uefi.o"
arm-none-eabi-gcc "../Drivers/lvgl/src/stdlib/rtthread/lv_mem_core_rtthread.c" -mcpu=cortex-m33 -std=gnu11 -g3 -DDEBUG -DUSE_HAL_DRIVER -DSTM32U575xx -c -I../Core/Inc -I../Drivers/STM32U5xx_HAL_Driver/Inc -I../Drivers/STM32U5xx_HAL_Driver/Inc/Legacy -I../Drivers/CMSIS/Device/ST/STM32U5xx/Include -I../Drivers/CMSIS/Include -I../Middlewares/Third_Party/FreeRTOS/Source/include/ -I../Middlewares/Third_Party/FreeRTOS/Source/portable/GCC/ARM_CM33_NTZ/non_secure/ -I../Middlewares/Third_Party/FreeRTOS/Source/CMSIS_RTOS_V2/ -I../Middlewares/Third_Party/CMSIS/RTOS2/Include/ -I"/home/joakim-wennergren/Desktop/Smartwatch/Firmware/Bench/Drivers/lvgl" -O0 -ffunction-sections -fdata-sections -Wall -fstack-usage -fstack-usage -fcyclomatic-complexity -MMD -MP -MF"Drivers/lvgl/src/stdlib/rtthread/lv_mem_core_rtthread.d" -MT"Drivers/lvgl/src/stdlib/rtthread/lv_mem_core_rtthread.o" --specs=nano.specs -mfpu=fpv5-sp-d16 -mfloat-abi=hard -mthumb -o "Drivers/lvgl/src/stdlib/rtthread/lv_mem_core_rtthread.o"
arm-none-eabi-gcc "../Drivers/lvgl/src/stdlib/rtthread/lv_sprintf_rtthread.c" -mcpu=cortex-m33 -std=gnu11 -g3 -DDEBUG -DUSE_HAL_DRIVER -DSTM32U575xx -c -I../Core/Inc -I../Drivers/STM32U5xx_HAL_Driver/Inc -I../Drivers/STM32U5xx_HAL_Driver/Inc/Legacy -I../Drivers/CMSIS/Device/ST/STM32U5xx/Include -I../Drivers/CMSIS/Include -I../Middlewares/Third_Party/FreeRTOS/Source/include/ -I../Middlewares/Third_Party/FreeRTOS/Source/portable/GCC/ARM_CM33_NTZ/non_secure/ -I../Middlewares/Third_Party/FreeRTOS/Source/CMSIS_RTOS_V2/ -I../Middlewares/Third_Party/CMSIS/RTOS2/Include/ -I"/home/joakim-wennergren/Desktop/Smartwatch/Firmware/Bench/Drivers/lvgl" -O0 -ffunction-sections -fdata-sections -Wall -fstack-usage -fstack-usage -fcyclomatic-complexity -MMD -MP -MF"Drivers/lvgl/src/stdlib/rtthread/lv_sprintf_rtthread.d" -MT"Drivers/lvgl/src/stdlib/rtthread/lv_sprintf_rtthread.o" --specs=nano.specs -mfpu=fpv5-sp-d16 -mfloat-abi=hard -mthumb -o "Drivers/lvgl/src/stdlib/rtthread/lv_sprintf_rtthread.o"
arm-none-eabi-gcc "../Drivers/lvgl/src/stdlib/rtthread/lv_string_rtthread.c" -mcpu=cortex-m33 -std=gnu11 -g3 -DDEBUG -DUSE_HAL_DRIVER -DSTM32U575xx -c -I../Core/Inc -I../Drivers/STM32U5xx_HAL_Driver/Inc -I../Drivers/STM32U5xx_HAL_Driver/Inc/Legacy -I../Drivers/CMSIS/Device/ST/STM32U5xx/Include -I../Drivers/CMSIS/Include -I../Middlewares/Third_Party/FreeRTOS/Source/include/ -I../Middlewares/Third_Party/FreeRTOS/Source/portable/GCC/ARM_CM33_NTZ/non_secure/ -I../Middlewares/Third_Party/FreeRTOS/Source/CMSIS_RTOS_V2/ -I../Middlewares/Third_Party/CMSIS/RTOS2/Include/ -I"/home/joakim-wennergren/Desktop/Smartwatch/Firmware/Bench/Drivers/lvgl" -O0 -ffunction-sections -fdata-sections -Wall -fstack-usage -fstack-usage -fcyclomatic-complexity -MMD -MP -MF"Drivers/lvgl/src/stdlib/rtthread/lv_string_rtthread.d" -MT"Drivers/lvgl/src/stdlib/rtthread/lv_string_rtthread.o" --specs=nano.specs -mfpu=fpv5-sp-d16 -mfloat-abi=hard -mthumb -o "Drivers/lvgl/src/stdlib/rtthread/lv_string_rtthread.o"
arm-none-eabi-gcc "../Drivers/lvgl/src/stdlib/micropython/lv_mem_core_micropython.c" -mcpu=cortex-m33 -std=gnu11 -g3 -DDEBUG -DUSE_HAL_DRIVER -DSTM32U575xx -c -I../Core/Inc -I../Drivers/STM32U5xx_HAL_Driver/Inc -I../Drivers/STM32U5xx_HAL_Driver/Inc/Legacy -I../Drivers/CMSIS/Device/ST/STM32U5xx/Include -I../Drivers/CMSIS/Include -I../Middlewares/Third_Party/FreeRTOS/Source/include/ -I../Middlewares/Third_Party/FreeRTOS/Source/portable/GCC/ARM_CM33_NTZ/non_secure/ -I../Middlewares/Third_Party/FreeRTOS/Source/CMSIS_RTOS_V2/ -I../Middlewares/Third_Party/CMSIS/RTOS2/Include/ -I"/home/joakim-wennergren/Desktop/Smartwatch/Firmware/Bench/Drivers/lvgl" -O0 -ffunction-sections -fdata-sections -Wall -fstack-usage -fstack-usage -fcyclomatic-complexity -MMD -MP -MF"Drivers/lvgl/src/stdlib/micropython/lv_mem_core_micropython.d" -MT"Drivers/lvgl/src/stdlib/micropython/lv_mem_core_micropython.o" --specs=nano.specs -mfpu=fpv5-sp-d16 -mfloat-abi=hard -mthumb -o "Drivers/lvgl/src/stdlib/micropython/lv_mem_core_micropython.o"
arm-none-eabi-gcc "../Drivers/lvgl/src/stdlib/clib/lv_mem_core_clib.c" -mcpu=cortex-m33 -std=gnu11 -g3 -DDEBUG -DUSE_HAL_DRIVER -DSTM32U575xx -c -I../Core/Inc -I../Drivers/STM32U5xx_HAL_Driver/Inc -I../Drivers/STM32U5xx_HAL_Driver/Inc/Legacy -I../Drivers/CMSIS/Device/ST/STM32U5xx/Include -I../Drivers/CMSIS/Include -I../Middlewares/Third_Party/FreeRTOS/Source/include/ -I../Middlewares/Third_Party/FreeRTOS/Source/portable/GCC/ARM_CM33_NTZ/non_secure/ -I../Middlewares/Third_Party/FreeRTOS/Source/CMSIS_RTOS_V2/ -I../Middlewares/Third_Party/CMSIS/RTOS2/Include/ -I"/home/joakim-wennergren/Desktop/Smartwatch/Firmware/Bench/Drivers/lvgl" -O0 -ffunction-sections -fdata-sections -Wall -fstack-usage -fstack-usage -fcyclomatic-complexity -MMD -MP -MF"Drivers/lvgl/src/stdlib/clib/lv_mem_core_clib.d" -MT"Drivers/lvgl/src/stdlib/clib/lv_mem_core_clib.o" --specs=nano.specs -mfpu=fpv5-sp-d16 -mfloat-abi=hard -mthumb -o "Drivers/lvgl/src/stdlib/clib/lv_mem_core_clib.o"
arm-none-eabi-gcc "../Drivers/lvgl/src/stdlib/clib/lv_sprintf_clib.c" -mcpu=cortex-m33 -std=gnu11 -g3 -DDEBUG -DUSE_HAL_DRIVER -DSTM32U575xx -c -I../Core/Inc -I../Drivers/STM32U5xx_HAL_Driver/Inc -I../Drivers/STM32U5xx_HAL_Driver/Inc/Legacy -I../Drivers/CMSIS/Device/ST/STM32U5xx/Include -I../Drivers/CMSIS/Include -I../Middlewares/Third_Party/FreeRTOS/Source/include/ -I../Middlewares/Third_Party/FreeRTOS/Source/portable/GCC/ARM_CM33_NTZ/non_secure/ -I../Middlewares/Third_Party/FreeRTOS/Source/CMSIS_RTOS_V2/ -I../Middlewares/Third_Party/CMSIS/RTOS2/Include/ -I"/home/joakim-wennergren/Desktop/Smartwatch/Firmware/Bench/Drivers/lvgl" -O0 -ffunction-sections -fdata-sections -Wall -fstack-usage -fstack-usage -fcyclomatic-complexity -MMD -MP -MF"Drivers/lvgl/src/stdlib/clib/lv_sprintf_clib.d" -MT"Drivers/lvgl/src/stdlib/clib/lv_sprintf_clib.o" --specs=nano.specs -mfpu=fpv5-sp-d16 -mfloat-abi=hard -mthumb -o "Drivers/lvgl/src/stdlib/clib/lv_sprintf_clib.o"
arm-none-eabi-gcc "../Drivers/lvgl/src/stdlib/clib/lv_string_clib.c" -mcpu=cortex-m33 -std=gnu11 -g3 -DDEBUG -DUSE_HAL_DRIVER -DSTM32U575xx -c -I../Core/Inc -I../Drivers/STM32U5xx_HAL_Driver/Inc -I../Drivers/STM32U5xx_HAL_Driver/Inc/Legacy -I../Drivers/CMSIS/Device/ST/STM32U5xx/Include -I../Drivers/CMSIS/Include -I../Middlewares/Third_Party/FreeRTOS/Source/include/ -I../Middlewares/Third_Party/FreeRTOS/Source/portable/GCC/ARM_CM33_NTZ/non_secure/ -I../Middlewares/Third_Party/FreeRTOS/Source/CMSIS_RTOS_V2/ -I../Middlewares/Third_Party/CMSIS/RTOS2/Include/ -I"/home/joakim-wennergren/Desktop/Smartwatch/Firmware/Bench/Drivers/lvgl" -O0 -ffunction-sections -fdata-sections -Wall -fstack-usage -fstack-usage -fcyclomatic-complexity -MMD -MP -MF"Drivers/lvgl/src/stdlib/clib/lv_string_clib.d" -MT"Drivers/lvgl/src/stdlib/clib/lv_string_clib.o" --specs=nano.specs -mfpu=fpv5-sp-d16 -mfloat-abi=hard -mthumb -o "Drivers/lvgl/src/stdlib/clib/lv_string_clib.o"
arm-none-eabi-gcc "../Drivers/lvgl/src/stdlib/builtin/lv_mem_core_builtin.c" -mcpu=cortex-m33 -std=gnu11 -g3 -DDEBUG -DUSE_HAL_DRIVER -DSTM32U575xx -c -I../Core/Inc -I../Drivers/STM32U5xx_HAL_Driver/Inc -I../Drivers/STM32U5xx_HAL_Driver/Inc/Legacy -I../Drivers/CMSIS/Device/ST/STM32U5xx/Include -I../Drivers/CMSIS/Include -I../Middlewares/Third_Party/FreeRTOS/Source/include/ -I../Middlewares/Third_Party/FreeRTOS/Source/portable/GCC/ARM_CM33_NTZ/non_secure/ -I../Middlewares/Third_Party/FreeRTOS/Source/CMSIS_RTOS_V2/ -I../Middlewares/Third_Party/CMSIS/RTOS2/Include/ -I"/home/joakim-wennergren/Desktop/Smartwatch/Firmware/Bench/Drivers/lvgl" -O0 -ffunction-sections -fdata-sections -Wall -fstack-usage -fstack-usage -fcyclomatic-complexity -MMD -MP -MF"Drivers/lvgl/src/stdlib/builtin/lv_mem_core_builtin.d" -MT"Drivers/lvgl/src/stdlib/builtin/lv_mem_core_builtin.o" --specs=nano.specs -mfpu=fpv5-sp-d16 -mfloat-abi=hard -mthumb -o "Drivers/lvgl/src/stdlib/builtin/lv_mem_core_builtin.o"
arm-none-eabi-gcc "../Drivers/lvgl/src/stdlib/builtin/lv_sprintf_builtin.c" -mcpu=cortex-m33 -std=gnu11 -g3 -DDEBUG -DUSE_HAL_DRIVER -DSTM32U575xx -c -I../Core/Inc -I../Drivers/STM32U5xx_HAL_Driver/Inc -I../Drivers/STM32U5xx_HAL_Driver/Inc/Legacy -I../Drivers/CMSIS/Device/ST/STM32U5xx/Include -I../Drivers/CMSIS/Include -I../Middlewares/Third_Party/FreeRTOS/Source/include/ -I../Middlewares/Third_Party/FreeRTOS/Source/portable/GCC/ARM_CM33_NTZ/non_secure/ -I../Middlewares/Third_Party/FreeRTOS/Source/CMSIS_RTOS_V2/ -I../Middlewares/Third_Party/CMSIS/RTOS2/Include/ -I"/home/joakim-wennergren/Desktop/Smartwatch/Firmware/Bench/Drivers/lvgl" -O0 -ffunction-sections -fdata-sections -Wall -fstack-usage -fstack-usage -fcyclomatic-complexity -MMD -MP -MF"Drivers/lvgl/src/stdlib/builtin/lv_sprintf_builtin.d" -MT"Drivers/lvgl/src/stdlib/builtin/lv_sprintf_builtin.o" --specs=nano.specs -mfpu=fpv5-sp-d16 -mfloat-abi=hard -mthumb -o "Drivers/lvgl/src/stdlib/builtin/lv_sprintf_builtin.o"
arm-none-eabi-gcc "../Drivers/lvgl/src/stdlib/builtin/lv_string_builtin.c" -mcpu=cortex-m33 -std=gnu11 -g3 -DDEBUG -DUSE_HAL_DRIVER -DSTM32U575xx -c -I../Core/Inc -I../Drivers/STM32U5xx_HAL_Driver/Inc -I../Drivers/STM32U5xx_HAL_Driver/Inc/Legacy -I../Drivers/CMSIS/Device/ST/STM32U5xx/Include -I../Drivers/CMSIS/Include -I../Middlewares/Third_Party/FreeRTOS/Source/include/ -I../Middlewares/Third_Party/FreeRTOS/Source/portable/GCC/ARM_CM33_NTZ/non_secure/ -I../Middlewares/Third_Party/FreeRTOS/Source/CMSIS_RTOS_V2/ -I../Middlewares/Third_Party/CMSIS/RTOS2/Include/ -I"/home/joakim-wennergren/Desktop/Smartwatch/Firmware/Bench/Drivers/lvgl" -O0 -ffunction-sections -fdata-sections -Wall -fstack-usage -fstack-usage -fcyclomatic-complexity -MMD -MP -MF"Drivers/lvgl/src/stdlib/builtin/lv_string_builtin.d" -MT"Drivers/lvgl/src/stdlib/builtin/lv_string_builtin.o" --specs=nano.specs -mfpu=fpv5-sp-d16 -mfloat-abi=hard -mthumb -o "Drivers/lvgl/src/stdlib/builtin/lv_string_builtin.o"
arm-none-eabi-gcc "../Drivers/lvgl/src/stdlib/builtin/lv_tlsf.c" -mcpu=cortex-m33 -std=gnu11 -g3 -DDEBUG -DUSE_HAL_DRIVER -DSTM32U575xx -c -I../Core/Inc -I../Drivers/STM32U5xx_HAL_Driver/Inc -I../Drivers/STM32U5xx_HAL_Driver/Inc/Legacy -I../Drivers/CMSIS/Device/ST/STM32U5xx/Include -I../Drivers/CMSIS/Include -I../Middlewares/Third_Party/FreeRTOS/Source/include/ -I../Middlewares/Third_Party/FreeRTOS/Source/portable/GCC/ARM_CM33_NTZ/non_secure/ -I../Middlewares/Third_Party/FreeRTOS/Source/CMSIS_RTOS_V2/ -I../Middlewares/Third_Party/CMSIS/RTOS2/Include/ -I"/home/joakim-wennergren/Desktop/Smartwatch/Firmware/Bench/Drivers/lvgl" -O0 -ffunction-sections -fdata-sections -Wall -fstack-usage -fstack-usage -fcyclomatic-complexity -MMD -MP -MF"Drivers/lvgl/src/stdlib/builtin/lv_tlsf.d" -MT"Drivers/lvgl/src/stdlib/builtin/lv_tlsf.o" --specs=nano.specs -mfpu=fpv5-sp-d16 -mfloat-abi=hard -mthumb -o "Drivers/lvgl/src/stdlib/builtin/lv_tlsf.o"
arm-none-eabi-gcc "../Drivers/lvgl/src/stdlib/lv_mem.c" -mcpu=cortex-m33 -std=gnu11 -g3 -DDEBUG -DUSE_HAL_DRIVER -DSTM32U575xx -c -I../Core/Inc -I../Drivers/STM32U5xx_HAL_Driver/Inc -I../Drivers/STM32U5xx_HAL_Driver/Inc/Legacy -I../Drivers/CMSIS/Device/ST/STM32U5xx/Include -I../Drivers/CMSIS/Include -I../Middlewares/Third_Party/FreeRTOS/Source/include/ -I../Middlewares/Third_Party/FreeRTOS/Source/portable/GCC/ARM_CM33_NTZ/non_secure/ -I../Middlewares/Third_Party/FreeRTOS/Source/CMSIS_RTOS_V2/ -I../Middlewares/Third_Party/CMSIS/RTOS2/Include/ -I"/home/joakim-wennergren/Desktop/Smartwatch/Firmware/Bench/Drivers/lvgl" -O0 -ffunction-sections -fdata-sections -Wall -fstack-usage -fstack-usage -fcyclomatic-complexity -MMD -MP -MF"Drivers/lvgl/src/stdlib/lv_mem.d" -MT"Drivers/lvgl/src/stdlib/lv_mem.o" --specs=nano.specs -mfpu=fpv5-sp-d16 -mfloat-abi=hard -mthumb -o "Drivers/lvgl/src/stdlib/lv_mem.o"
arm-none-eabi-gcc "../Drivers/lvgl/src/others/xml/parsers/lv_xml_arc_parser.c" -mcpu=cortex-m33 -std=gnu11 -g3 -DDEBUG -DUSE_HAL_DRIVER -DSTM32U575xx -c -I../Core/Inc -I../Drivers/STM32U5xx_HAL_Driver/Inc -I../Drivers/STM32U5xx_HAL_Driver/Inc/Legacy -I../Drivers/CMSIS/Device/ST/STM32U5xx/Include -I../Drivers/CMSIS/Include -I../Middlewares/Third_Party/FreeRTOS/Source/include/ -I../Middlewares/Third_Party/FreeRTOS/Source/portable/GCC/ARM_CM33_NTZ/non_secure/ -I../Middlewares/Third_Party/FreeRTOS/Source/CMSIS_RTOS_V2/ -I../Middlewares/Third_Party/CMSIS/RTOS2/Include/ -I"/home/joakim-wennergren/Desktop/Smartwatch/Firmware/Bench/Drivers/lvgl" -O0 -ffunction-sections -fdata-sections -Wall -fstack-usage -fstack-usage -fcyclomatic-complexity -MMD -MP -MF"Drivers/lvgl/src/others/xml/parsers/lv_xml_arc_parser.d" -MT"Drivers/lvgl/src/others/xml/parsers/lv_xml_arc_parser.o" --specs=nano.specs -mfpu=fpv5-sp-d16 -mfloat-abi=hard -mthumb -o "Drivers/lvgl/src/others/xml/parsers/lv_xml_arc_parser.o"
arm-none-eabi-gcc "../Drivers/lvgl/src/others/xml/parsers/lv_xml_bar_parser.c" -mcpu=cortex-m33 -std=gnu11 -g3 -DDEBUG -DUSE_HAL_DRIVER -DSTM32U575xx -c -I../Core/Inc -I../Drivers/STM32U5xx_HAL_Driver/Inc -I../Drivers/STM32U5xx_HAL_Driver/Inc/Legacy -I../Drivers/CMSIS/Device/ST/STM32U5xx/Include -I../Drivers/CMSIS/Include -I../Middlewares/Third_Party/FreeRTOS/Source/include/ -I../Middlewares/Third_Party/FreeRTOS/Source/portable/GCC/ARM_CM33_NTZ/non_secure/ -I../Middlewares/Third_Party/FreeRTOS/Source/CMSIS_RTOS_V2/ -I../Middlewares/Third_Party/CMSIS/RTOS2/Include/ -I"/home/joakim-wennergren/Desktop/Smartwatch/Firmware/Bench/Drivers/lvgl" -O0 -ffunction-sections -fdata-sections -Wall -fstack-usage -fstack-usage -fcyclomatic-complexity -MMD -MP -MF"Drivers/lvgl/src/others/xml/parsers/lv_xml_bar_parser.d" -MT"Drivers/lvgl/src/others/xml/parsers/lv_xml_bar_parser.o" --specs=nano.specs -mfpu=fpv5-sp-d16 -mfloat-abi=hard -mthumb -o "Drivers/lvgl/src/others/xml/parsers/lv_xml_bar_parser.o"
arm-none-eabi-gcc "../Drivers/lvgl/src/others/xml/parsers/lv_xml_button_parser.c" -mcpu=cortex-m33 -std=gnu11 -g3 -DDEBUG -DUSE_HAL_DRIVER -DSTM32U575xx -c -I../Core/Inc -I../Drivers/STM32U5xx_HAL_Driver/Inc -I../Drivers/STM32U5xx_HAL_Driver/Inc/Legacy -I../Drivers/CMSIS/Device/ST/STM32U5xx/Include -I../Drivers/CMSIS/Include -I../Middlewares/Third_Party/FreeRTOS/Source/include/ -I../Middlewares/Third_Party/FreeRTOS/Source/portable/GCC/ARM_CM33_NTZ/non_secure/ -I../Middlewares/Third_Party/FreeRTOS/Source/CMSIS_RTOS_V2/ -I../Middlewares/Third_Party/CMSIS/RTOS2/Include/ -I"/home/joakim-wennergren/Desktop/Smartwatch/Firmware/Bench/Drivers/lvgl" -O0 -ffunction-sections -fdata-sections -Wall -fstack-usage -fstack-usage -fcyclomatic-complexity -MMD -MP -MF"Drivers/lvgl/src/others/xml/parsers/lv_xml_button_parser.d" -MT"Drivers/lvgl/src/others/xml/parsers/lv_xml_button_parser.o" --specs=nano.specs -mfpu=fpv5-sp-d16 -mfloat-abi=hard -mthumb -o "Drivers/lvgl/src/others/xml/parsers/lv_xml_button_parser.o"
arm-none-eabi-gcc "../Drivers/lvgl/src/others/xml/parsers/lv_xml_buttonmatrix_parser.c" -mcpu=cortex-m33 -std=gnu11 -g3 -DDEBUG -DUSE_HAL_DRIVER -DSTM32U575xx -c -I../Core/Inc -I../Drivers/STM32U5xx_HAL_Driver/Inc -I../Drivers/STM32U5xx_HAL_Driver/Inc/Legacy -I../Drivers/CMSIS/Device/ST/STM32U5xx/Include -I../Drivers/CMSIS/Include -I../Middlewares/Third_Party/FreeRTOS/Source/include/ -I../Middlewares/Third_Party/FreeRTOS/Source/portable/GCC/ARM_CM33_NTZ/non_secure/ -I../Middlewares/Third_Party/FreeRTOS/Source/CMSIS_RTOS_V2/ -I../Middlewares/Third_Party/CMSIS/RTOS2/Include/ -I"/home/joakim-wennergren/Desktop/Smartwatch/Firmware/Bench/Drivers/lvgl" -O0 -ffunction-sections -fdata-sections -Wall -fstack-usage -fstack-usage -fcyclomatic-complexity -MMD -MP -MF"Drivers/lvgl/src/others/xml/parsers/lv_xml_buttonmatrix_parser.d" -MT"Drivers/lvgl/src/others/xml/parsers/lv_xml_buttonmatrix_parser.o" --specs=nano.specs -mfpu=fpv5-sp-d16 -mfloat-abi=hard -mthumb -o "Drivers/lvgl/src/others/xml/parsers/lv_xml_buttonmatrix_parser.o"
arm-none-eabi-gcc "../Drivers/lvgl/src/others/xml/parsers/lv_xml_calendar_parser.c" -mcpu=cortex-m33 -std=gnu11 -g3 -DDEBUG -DUSE_HAL_DRIVER -DSTM32U575xx -c -I../Core/Inc -I../Drivers/STM32U5xx_HAL_Driver/Inc -I../Drivers/STM32U5xx_HAL_Driver/Inc/Legacy -I../Drivers/CMSIS/Device/ST/STM32U5xx/Include -I../Drivers/CMSIS/Include -I../Middlewares/Third_Party/FreeRTOS/Source/include/ -I../Middlewares/Third_Party/FreeRTOS/Source/portable/GCC/ARM_CM33_NTZ/non_secure/ -I../Middlewares/Third_Party/FreeRTOS/Source/CMSIS_RTOS_V2/ -I../Middlewares/Third_Party/CMSIS/RTOS2/Include/ -I"/home/joakim-wennergren/Desktop/Smartwatch/Firmware/Bench/Drivers/lvgl" -O0 -ffunction-sections -fdata-sections -Wall -fstack-usage -fstack-usage -fcyclomatic-complexity -MMD -MP -MF"Drivers/lvgl/src/others/xml/parsers/lv_xml_calendar_parser.d" -MT"Drivers/lvgl/src/others/xml/parsers/lv_xml_calendar_parser.o" --specs=nano.specs -mfpu=fpv5-sp-d16 -mfloat-abi=hard -mthumb -o "Drivers/lvgl/src/others/xml/parsers/lv_xml_calendar_parser.o"
arm-none-eabi-gcc "../Drivers/lvgl/src/others/xml/parsers/lv_xml_canvas_parser.c" -mcpu=cortex-m33 -std=gnu11 -g3 -DDEBUG -DUSE_HAL_DRIVER -DSTM32U575xx -c -I../Core/Inc -I../Drivers/STM32U5xx_HAL_Driver/Inc -I../Drivers/STM32U5xx_HAL_Driver/Inc/Legacy -I../Drivers/CMSIS/Device/ST/STM32U5xx/Include -I../Drivers/CMSIS/Include -I../Middlewares/Third_Party/FreeRTOS/Source/include/ -I../Middlewares/Third_Party/FreeRTOS/Source/portable/GCC/ARM_CM33_NTZ/non_secure/ -I../Middlewares/Third_Party/FreeRTOS/Source/CMSIS_RTOS_V2/ -I../Middlewares/Third_Party/CMSIS/RTOS2/Include/ -I"/home/joakim-wennergren/Desktop/Smartwatch/Firmware/Bench/Drivers/lvgl" -O0 -ffunction-sections -fdata-sections -Wall -fstack-usage -fstack-usage -fcyclomatic-complexity -MMD -MP -MF"Drivers/lvgl/src/others/xml/parsers/lv_xml_canvas_parser.d" -MT"Drivers/lvgl/src/others/xml/parsers/lv_xml_canvas_parser.o" --specs=nano.specs -mfpu=fpv5-sp-d16 -mfloat-abi=hard -mthumb -o "Drivers/lvgl/src/others/xml/parsers/lv_xml_canvas_parser.o"
arm-none-eabi-gcc "../Drivers/lvgl/src/others/xml/parsers/lv_xml_chart_parser.c" -mcpu=cortex-m33 -std=gnu11 -g3 -DDEBUG -DUSE_HAL_DRIVER -DSTM32U575xx -c -I../Core/Inc -I../Drivers/STM32U5xx_HAL_Driver/Inc -I../Drivers/STM32U5xx_HAL_Driver/Inc/Legacy -I../Drivers/CMSIS/Device/ST/STM32U5xx/Include -I../Drivers/CMSIS/Include -I../Middlewares/Third_Party/FreeRTOS/Source/include/ -I../Middlewares/Third_Party/FreeRTOS/Source/portable/GCC/ARM_CM33_NTZ/non_secure/ -I../Middlewares/Third_Party/FreeRTOS/Source/CMSIS_RTOS_V2/ -I../Middlewares/Third_Party/CMSIS/RTOS2/Include/ -I"/home/joakim-wennergren/Desktop/Smartwatch/Firmware/Bench/Drivers/lvgl" -O0 -ffunction-sections -fdata-sections -Wall -fstack-usage -fstack-usage -fcyclomatic-complexity -MMD -MP -MF"Drivers/lvgl/src/others/xml/parsers/lv_xml_chart_parser.d" -MT"Drivers/lvgl/src/others/xml/parsers/lv_xml_chart_parser.o" --specs=nano.specs -mfpu=fpv5-sp-d16 -mfloat-abi=hard -mthumb -o "Drivers/lvgl/src/others/xml/parsers/lv_xml_chart_parser.o"
arm-none-eabi-gcc "../Drivers/lvgl/src/others/xml/parsers/lv_xml_checkbox_parser.c" -mcpu=cortex-m33 -std=gnu11 -g3 -DDEBUG -DUSE_HAL_DRIVER -DSTM32U575xx -c -I../Core/Inc -I../Drivers/STM32U5xx_HAL_Driver/Inc -I../Drivers/STM32U5xx_HAL_Driver/Inc/Legacy -I../Drivers/CMSIS/Device/ST/STM32U5xx/Include -I../Drivers/CMSIS/Include -I../Middlewares/Third_Party/FreeRTOS/Source/include/ -I../Middlewares/Third_Party/FreeRTOS/Source/portable/GCC/ARM_CM33_NTZ/non_secure/ -I../Middlewares/Third_Party/FreeRTOS/Source/CMSIS_RTOS_V2/ -I../Middlewares/Third_Party/CMSIS/RTOS2/Include/ -I"/home/joakim-wennergren/Desktop/Smartwatch/Firmware/Bench/Drivers/lvgl" -O0 -ffunction-sections -fdata-sections -Wall -fstack-usage -fstack-usage -fcyclomatic-complexity -MMD -MP -MF"Drivers/lvgl/src/others/xml/parsers/lv_xml_checkbox_parser.d" -MT"Drivers/lvgl/src/others/xml/parsers/lv_xml_checkbox_parser.o" --specs=nano.specs -mfpu=fpv5-sp-d16 -mfloat-abi=hard -mthumb -o "Drivers/lvgl/src/others/xml/parsers/lv_xml_checkbox_parser.o"
arm-none-eabi-gcc "../Drivers/lvgl/src/others/xml/parsers/lv_xml_dropdown_parser.c" -mcpu=cortex-m33 -std=gnu11 -g3 -DDEBUG -DUSE_HAL_DRIVER -DSTM32U575xx -c -I../Core/Inc -I../Drivers/STM32U5xx_HAL_Driver/Inc -I../Drivers/STM32U5xx_HAL_Driver/Inc/Legacy -I../Drivers/CMSIS/Device/ST/STM32U5xx/Include -I../Drivers/CMSIS/Include -I../Middlewares/Third_Party/FreeRTOS/Source/include/ -I../Middlewares/Third_Party/FreeRTOS/Source/portable/GCC/ARM_CM33_NTZ/non_secure/ -I../Middlewares/Third_Party/FreeRTOS/Source/CMSIS_RTOS_V2/ -I../Middlewares/Third_Party/CMSIS/RTOS2/Include/ -I"/home/joakim-wennergren/Desktop/Smartwatch/Firmware/Bench/Drivers/lvgl" -O0 -ffunction-sections -fdata-sections -Wall -fstack-usage -fstack-usage -fcyclomatic-complexity -MMD -MP -MF"Drivers/lvgl/src/others/xml/parsers/lv_xml_dropdown_parser.d" -MT"Drivers/lvgl/src/others/xml/parsers/lv_xml_dropdown_parser.o" --specs=nano.specs -mfpu=fpv5-sp-d16 -mfloat-abi=hard -mthumb -o "Drivers/lvgl/src/others/xml/parsers/lv_xml_dropdown_parser.o"
arm-none-eabi-gcc "../Drivers/lvgl/src/others/xml/parsers/lv_xml_event_parser.c" -mcpu=cortex-m33 -std=gnu11 -g3 -DDEBUG -DUSE_HAL_DRIVER -DSTM32U575xx -c -I../Core/Inc -I../Drivers/STM32U5xx_HAL_Driver/Inc -I../Drivers/STM32U5xx_HAL_Driver/Inc/Legacy -I../Drivers/CMSIS/Device/ST/STM32U5xx/Include -I../Drivers/CMSIS/Include -I../Middlewares/Third_Party/FreeRTOS/Source/include/ -I../Middlewares/Third_Party/FreeRTOS/Source/portable/GCC/ARM_CM33_NTZ/non_secure/ -I../Middlewares/Third_Party/FreeRTOS/Source/CMSIS_RTOS_V2/ -I../Middlewares/Third_Party/CMSIS/RTOS2/Include/ -I"/home/joakim-wennergren/Desktop/Smartwatch/Firmware/Bench/Drivers/lvgl" -O0 -ffunction-sections -fdata-sections -Wall -fstack-usage -fstack-usage -fcyclomatic-complexity -MMD -MP -MF"Drivers/lvgl/src/others/xml/parsers/lv_xml_event_parser.d" -MT"Drivers/lvgl/src/others/xml/parsers/lv_xml_event_parser.o" --specs=nano.specs -mfpu=fpv5-sp-d16 -mfloat-abi=hard -mthumb -o "Drivers/lvgl/src/others/xml/parsers/lv_xml_event_parser.o"
arm-none-eabi-gcc "../Drivers/lvgl/src/others/xml/parsers/lv_xml_image_parser.c" -mcpu=cortex-m33 -std=gnu11 -g3 -DDEBUG -DUSE_HAL_DRIVER -DSTM32U575xx -c -I../Core/Inc -I../Drivers/STM32U5xx_HAL_Driver/Inc -I../Drivers/STM32U5xx_HAL_Driver/Inc/Legacy -I../Drivers/CMSIS/Device/ST/STM32U5xx/Include -I../Drivers/CMSIS/Include -I../Middlewares/Third_Party/FreeRTOS/Source/include/ -I../Middlewares/Third_Party/FreeRTOS/Source/portable/GCC/ARM_CM33_NTZ/non_secure/ -I../Middlewares/Third_Party/FreeRTOS/Source/CMSIS_RTOS_V2/ -I../Middlewares/Third_Party/CMSIS/RTOS2/Include/ -I"/home/joakim-wennergren/Desktop/Smartwatch/Firmware/Bench/Drivers/lvgl" -O0 -ffunction-sections -fdata-sections -Wall -fstack-usage -fstack-usage -fcyclomatic-complexity -MMD -MP -MF"Drivers/lvgl/src/others/xml/parsers/lv_xml_image_parser.d" -MT"Drivers/lvgl/src/others/xml/parsers/lv_xml_image_parser.o" --specs=nano.specs -mfpu=fpv5-sp-d16 -mfloat-abi=hard -mthumb -o "Drivers/lvgl/src/others/xml/parsers/lv_xml_image_parser.o"
arm-none-eabi-gcc "../Drivers/lvgl/src/others/xml/parsers/lv_xml_keyboard_parser.c" -mcpu=cortex-m33 -std=gnu11 -g3 -DDEBUG -DUSE_HAL_DRIVER -DSTM32U575xx -c -I../Core/Inc -I../Drivers/STM32U5xx_HAL_Driver/Inc -I../Drivers/STM32U5xx_HAL_Driver/Inc/Legacy -I../Drivers/CMSIS/Device/ST/STM32U5xx/Include -I../Drivers/CMSIS/Include -I../Middlewares/Third_Party/FreeRTOS/Source/include/ -I../Middlewares/Third_Party/FreeRTOS/Source/portable/GCC/ARM_CM33_NTZ/non_secure/ -I../Middlewares/Third_Party/FreeRTOS/Source/CMSIS_RTOS_V2/ -I../Middlewares/Third_Party/CMSIS/RTOS2/Include/ -I"/home/joakim-wennergren/Desktop/Smartwatch/Firmware/Bench/Drivers/lvgl" -O0 -ffunction-sections -fdata-sections -Wall -fstack-usage -fstack-usage -fcyclomatic-complexity -MMD -MP -MF"Drivers/lvgl/src/others/xml/parsers/lv_xml_keyboard_parser.d" -MT"Drivers/lvgl/src/others/xml/parsers/lv_xml_keyboard_parser.o" --specs=nano.specs -mfpu=fpv5-sp-d16 -mfloat-abi=hard -mthumb -o "Drivers/lvgl/src/others/xml/parsers/lv_xml_keyboard_parser.o"
arm-none-eabi-gcc "../Drivers/lvgl/src/others/xml/parsers/lv_xml_label_parser.c" -mcpu=cortex-m33 -std=gnu11 -g3 -DDEBUG -DUSE_HAL_DRIVER -DSTM32U575xx -c -I../Core/Inc -I../Drivers/STM32U5xx_HAL_Driver/Inc -I../Drivers/STM32U5xx_HAL_Driver/Inc/Legacy -I../Drivers/CMSIS/Device/ST/STM32U5xx/Include -I../Drivers/CMSIS/Include -I../Middlewares/Third_Party/FreeRTOS/Source/include/ -I../Middlewares/Third_Party/FreeRTOS/Source/portable/GCC/ARM_CM33_NTZ/non_secure/ -I../Middlewares/Third_Party/FreeRTOS/Source/CMSIS_RTOS_V2/ -I../Middlewares/Third_Party/CMSIS/RTOS2/Include/ -I"/home/joakim-wennergren/Desktop/Smartwatch/Firmware/Bench/Drivers/lvgl" -O0 -ffunction-sections -fdata-sections -Wall -fstack-usage -fstack-usage -fcyclomatic-complexity -MMD -MP -MF"Drivers/lvgl/src/others/xml/parsers/lv_xml_label_parser.d" -MT"Drivers/lvgl/src/others/xml/parsers/lv_xml_label_parser.o" --specs=nano.specs -mfpu=fpv5-sp-d16 -mfloat-abi=hard -mthumb -o "Drivers/lvgl/src/others/xml/parsers/lv_xml_label_parser.o"
arm-none-eabi-gcc "../Drivers/lvgl/src/others/xml/parsers/lv_xml_obj_parser.c" -mcpu=cortex-m33 -std=gnu11 -g3 -DDEBUG -DUSE_HAL_DRIVER -DSTM32U575xx -c -I../Core/Inc -I../Drivers/STM32U5xx_HAL_Driver/Inc -I../Drivers/STM32U5xx_HAL_Driver/Inc/Legacy -I../Drivers/CMSIS/Device/ST/STM32U5xx/Include -I../Drivers/CMSIS/Include -I../Middlewares/Third_Party/FreeRTOS/Source/include/ -I../Middlewares/Third_Party/FreeRTOS/Source/portable/GCC/ARM_CM33_NTZ/non_secure/ -I../Middlewares/Third_Party/FreeRTOS/Source/CMSIS_RTOS_V2/ -I../Middlewares/Third_Party/CMSIS/RTOS2/Include/ -I"/home/joakim-wennergren/Desktop/Smartwatch/Firmware/Bench/Drivers/lvgl" -O0 -ffunction-sections -fdata-sections -Wall -fstack-usage -fstack-usage -fcyclomatic-complexity -MMD -MP -MF"Drivers/lvgl/src/others/xml/parsers/lv_xml_obj_parser.d" -MT"Drivers/lvgl/src/others/xml/parsers/lv_xml_obj_parser.o" --specs=nano.specs -mfpu=fpv5-sp-d16 -mfloat-abi=hard -mthumb -o "Drivers/lvgl/src/others/xml/parsers/lv_xml_obj_parser.o"
arm-none-eabi-gcc "../Drivers/lvgl/src/others/xml/parsers/lv_xml_roller_parser.c" -mcpu=cortex-m33 -std=gnu11 -g3 -DDEBUG -DUSE_HAL_DRIVER -DSTM32U575xx -c -I../Core/Inc -I../Drivers/STM32U5xx_HAL_Driver/Inc -I../Drivers/STM32U5xx_HAL_Driver/Inc/Legacy -I../Drivers/CMSIS/Device/ST/STM32U5xx/Include -I../Drivers/CMSIS/Include -I../Middlewares/Third_Party/FreeRTOS/Source/include/ -I../Middlewares/Third_Party/FreeRTOS/Source/portable/GCC/ARM_CM33_NTZ/non_secure/ -I../Middlewares/Third_Party/FreeRTOS/Source/CMSIS_RTOS_V2/ -I../Middlewares/Third_Party/CMSIS/RTOS2/Include/ -I"/home/joakim-wennergren/Desktop/Smartwatch/Firmware/Bench/Drivers/lvgl" -O0 -ffunction-sections -fdata-sections -Wall -fstack-usage -fstack-usage -fcyclomatic-complexity -MMD -MP -MF"Drivers/lvgl/src/others/xml/parsers/lv_xml_roller_parser.d" -MT"Drivers/lvgl/src/others/xml/parsers/lv_xml_roller_parser.o" --specs=nano.specs -mfpu=fpv5-sp-d16 -mfloat-abi=hard -mthumb -o "Drivers/lvgl/src/others/xml/parsers/lv_xml_roller_parser.o"
arm-none-eabi-gcc "../Drivers/lvgl/src/others/xml/parsers/lv_xml_scale_parser.c" -mcpu=cortex-m33 -std=gnu11 -g3 -DDEBUG -DUSE_HAL_DRIVER -DSTM32U575xx -c -I../Core/Inc -I../Drivers/STM32U5xx_HAL_Driver/Inc -I../Drivers/STM32U5xx_HAL_Driver/Inc/Legacy -I../Drivers/CMSIS/Device/ST/STM32U5xx/Include -I../Drivers/CMSIS/Include -I../Middlewares/Third_Party/FreeRTOS/Source/include/ -I../Middlewares/Third_Party/FreeRTOS/Source/portable/GCC/ARM_CM33_NTZ/non_secure/ -I../Middlewares/Third_Party/FreeRTOS/Source/CMSIS_RTOS_V2/ -I../Middlewares/Third_Party/CMSIS/RTOS2/Include/ -I"/home/joakim-wennergren/Desktop/Smartwatch/Firmware/Bench/Drivers/lvgl" -O0 -ffunction-sections -fdata-sections -Wall -fstack-usage -fstack-usage -fcyclomatic-complexity -MMD -MP -MF"Drivers/lvgl/src/others/xml/parsers/lv_xml_scale_parser.d" -MT"Drivers/lvgl/src/others/xml/parsers/lv_xml_scale_parser.o" --specs=nano.specs -mfpu=fpv5-sp-d16 -mfloat-abi=hard -mthumb -o "Drivers/lvgl/src/others/xml/parsers/lv_xml_scale_parser.o"
arm-none-eabi-gcc "../Drivers/lvgl/src/others/xml/parsers/lv_xml_slider_parser.c" -mcpu=cortex-m33 -std=gnu11 -g3 -DDEBUG -DUSE_HAL_DRIVER -DSTM32U575xx -c -I../Core/Inc -I../Drivers/STM32U5xx_HAL_Driver/Inc -I../Drivers/STM32U5xx_HAL_Driver/Inc/Legacy -I../Drivers/CMSIS/Device/ST/STM32U5xx/Include -I../Drivers/CMSIS/Include -I../Middlewares/Third_Party/FreeRTOS/Source/include/ -I../Middlewares/Third_Party/FreeRTOS/Source/portable/GCC/ARM_CM33_NTZ/non_secure/ -I../Middlewares/Third_Party/FreeRTOS/Source/CMSIS_RTOS_V2/ -I../Middlewares/Third_Party/CMSIS/RTOS2/Include/ -I"/home/joakim-wennergren/Desktop/Smartwatch/Firmware/Bench/Drivers/lvgl" -O0 -ffunction-sections -fdata-sections -Wall -fstack-usage -fstack-usage -fcyclomatic-complexity -MMD -MP -MF"Drivers/lvgl/src/others/xml/parsers/lv_xml_slider_parser.d" -MT"Drivers/lvgl/src/others/xml/parsers/lv_xml_slider_parser.o" --specs=nano.specs -mfpu=fpv5-sp-d16 -mfloat-abi=hard -mthumb -o "Drivers/lvgl/src/others/xml/parsers/lv_xml_slider_parser.o"
arm-none-eabi-gcc "../Drivers/lvgl/src/others/xml/parsers/lv_xml_spangroup_parser.c" -mcpu=cortex-m33 -std=gnu11 -g3 -DDEBUG -DUSE_HAL_DRIVER -DSTM32U575xx -c -I../Core/Inc -I../Drivers/STM32U5xx_HAL_Driver/Inc -I../Drivers/STM32U5xx_HAL_Driver/Inc/Legacy -I../Drivers/CMSIS/Device/ST/STM32U5xx/Include -I../Drivers/CMSIS/Include -I../Middlewares/Third_Party/FreeRTOS/Source/include/ -I../Middlewares/Third_Party/FreeRTOS/Source/portable/GCC/ARM_CM33_NTZ/non_secure/ -I../Middlewares/Third_Party/FreeRTOS/Source/CMSIS_RTOS_V2/ -I../Middlewares/Third_Party/CMSIS/RTOS2/Include/ -I"/home/joakim-wennergren/Desktop/Smartwatch/Firmware/Bench/Drivers/lvgl" -O0 -ffunction-sections -fdata-sections -Wall -fstack-usage -fstack-usage -fcyclomatic-complexity -MMD -MP -MF"Drivers/lvgl/src/others/xml/parsers/lv_xml_spangroup_parser.d" -MT"Drivers/lvgl/src/others/xml/parsers/lv_xml_spangroup_parser.o" --specs=nano.specs -mfpu=fpv5-sp-d16 -mfloat-abi=hard -mthumb -o "Drivers/lvgl/src/others/xml/parsers/lv_xml_spangroup_parser.o"
arm-none-eabi-gcc "../Drivers/lvgl/src/others/xml/parsers/lv_xml_table_parser.c" -mcpu=cortex-m33 -std=gnu11 -g3 -DDEBUG -DUSE_HAL_DRIVER -DSTM32U575xx -c -I../Core/Inc -I../Drivers/STM32U5xx_HAL_Driver/Inc -I../Drivers/STM32U5xx_HAL_Driver/Inc/Legacy -I../Drivers/CMSIS/Device/ST/STM32U5xx/Include -I../Drivers/CMSIS/Include -I../Middlewares/Third_Party/FreeRTOS/Source/include/ -I../Middlewares/Third_Party/FreeRTOS/Source/portable/GCC/ARM_CM33_NTZ/non_secure/ -I../Middlewares/Third_Party/FreeRTOS/Source/CMSIS_RTOS_V2/ -I../Middlewares/Third_Party/CMSIS/RTOS2/Include/ -I"/home/joakim-wennergren/Desktop/Smartwatch/Firmware/Bench/Drivers/lvgl" -O0 -ffunction-sections -fdata-sections -Wall -fstack-usage -fstack-usage -fcyclomatic-complexity -MMD -MP -MF"Drivers/lvgl/src/others/xml/parsers/lv_xml_table_parser.d" -MT"Drivers/lvgl/src/others/xml/parsers/lv_xml_table_parser.o" --specs=nano.specs -mfpu=fpv5-sp-d16 -mfloat-abi=hard -mthumb -o "Drivers/lvgl/src/others/xml/parsers/lv_xml_table_parser.o"
arm-none-eabi-gcc "../Drivers/lvgl/src/others/xml/parsers/lv_xml_tabview_parser.c" -mcpu=cortex-m33 -std=gnu11 -g3 -DDEBUG -DUSE_HAL_DRIVER -DSTM32U575xx -c -I../Core/Inc -I../Drivers/STM32U5xx_HAL_Driver/Inc -I../Drivers/STM32U5xx_HAL_Driver/Inc/Legacy -I../Drivers/CMSIS/Device/ST/STM32U5xx/Include -I../Drivers/CMSIS/Include -I../Middlewares/Third_Party/FreeRTOS/Source/include/ -I../Middlewares/Third_Party/FreeRTOS/Source/portable/GCC/ARM_CM33_NTZ/non_secure/ -I../Middlewares/Third_Party/FreeRTOS/Source/CMSIS_RTOS_V2/ -I../Middlewares/Third_Party/CMSIS/RTOS2/Include/ -I"/home/joakim-wennergren/Desktop/Smartwatch/Firmware/Bench/Drivers/lvgl" -O0 -ffunction-sections -fdata-sections -Wall -fstack-usage -fstack-usage -fcyclomatic-complexity -MMD -MP -MF"Drivers/lvgl/src/others/xml/parsers/lv_xml_tabview_parser.d" -MT"Drivers/lvgl/src/others/xml/parsers/lv_xml_tabview_parser.o" --specs=nano.specs -mfpu=fpv5-sp-d16 -mfloat-abi=hard -mthumb -o "Drivers/lvgl/src/others/xml/parsers/lv_xml_tabview_parser.o"
arm-none-eabi-gcc "../Drivers/lvgl/src/others/xml/parsers/lv_xml_textarea_parser.c" -mcpu=cortex-m33 -std=gnu11 -g3 -DDEBUG -DUSE_HAL_DRIVER -DSTM32U575xx -c -I../Core/Inc -I../Drivers/STM32U5xx_HAL_Driver/Inc -I../Drivers/STM32U5xx_HAL_Driver/Inc/Legacy -I../Drivers/CMSIS/Device/ST/STM32U5xx/Include -I../Drivers/CMSIS/Include -I../Middlewares/Third_Party/FreeRTOS/Source/include/ -I../Middlewares/Third_Party/FreeRTOS/Source/portable/GCC/ARM_CM33_NTZ/non_secure/ -I../Middlewares/Third_Party/FreeRTOS/Source/CMSIS_RTOS_V2/ -I../Middlewares/Third_Party/CMSIS/RTOS2/Include/ -I"/home/joakim-wennergren/Desktop/Smartwatch/Firmware/Bench/Drivers/lvgl" -O0 -ffunction-sections -fdata-sections -Wall -fstack-usage -fstack-usage -fcyclomatic-complexity -MMD -MP -MF"Drivers/lvgl/src/others/xml/parsers/lv_xml_textarea_parser.d" -MT"Drivers/lvgl/src/others/xml/parsers/lv_xml_textarea_parser.o" --specs=nano.specs -mfpu=fpv5-sp-d16 -mfloat-abi=hard -mthumb -o "Drivers/lvgl/src/others/xml/parsers/lv_xml_textarea_parser.o"
arm-none-eabi-gcc "../Drivers/lvgl/src/others/xml/lv_xml.c" -mcpu=cortex-m33 -std=gnu11 -g3 -DDEBUG -DUSE_HAL_DRIVER -DSTM32U575xx -c -I../Core/Inc -I../Drivers/STM32U5xx_HAL_Driver/Inc -I../Drivers/STM32U5xx_HAL_Driver/Inc/Legacy -I../Drivers/CMSIS/Device/ST/STM32U5xx/Include -I../Drivers/CMSIS/Include -I../Middlewares/Third_Party/FreeRTOS/Source/include/ -I../Middlewares/Third_Party/FreeRTOS/Source/portable/GCC/ARM_CM33_NTZ/non_secure/ -I../Middlewares/Third_Party/FreeRTOS/Source/CMSIS_RTOS_V2/ -I../Middlewares/Third_Party/CMSIS/RTOS2/Include/ -I"/home/joakim-wennergren/Desktop/Smartwatch/Firmware/Bench/Drivers/lvgl" -O0 -ffunction-sections -fdata-sections -Wall -fstack-usage -fstack-usage -fcyclomatic-complexity -MMD -MP -MF"Drivers/lvgl/src/others/xml/lv_xml.d" -MT"Drivers/lvgl/src/others/xml/lv_xml.o" --specs=nano.specs -mfpu=fpv5-sp-d16 -mfloat-abi=hard -mthumb -o "Drivers/lvgl/src/others/xml/lv_xml.o"
arm-none-eabi-gcc "../Drivers/lvgl/src/others/xml/lv_xml_base_types.c" -mcpu=cortex-m33 -std=gnu11 -g3 -DDEBUG -DUSE_HAL_DRIVER -DSTM32U575xx -c -I../Core/Inc -I../Drivers/STM32U5xx_HAL_Driver/Inc -I../Drivers/STM32U5xx_HAL_Driver/Inc/Legacy -I../Drivers/CMSIS/Device/ST/STM32U5xx/Include -I../Drivers/CMSIS/Include -I../Middlewares/Third_Party/FreeRTOS/Source/include/ -I../Middlewares/Third_Party/FreeRTOS/Source/portable/GCC/ARM_CM33_NTZ/non_secure/ -I../Middlewares/Third_Party/FreeRTOS/Source/CMSIS_RTOS_V2/ -I../Middlewares/Third_Party/CMSIS/RTOS2/Include/ -I"/home/joakim-wennergren/Desktop/Smartwatch/Firmware/Bench/Drivers/lvgl" -O0 -ffunction-sections -fdata-sections -Wall -fstack-usage -fstack-usage -fcyclomatic-complexity -MMD -MP -MF"Drivers/lvgl/src/others/xml/lv_xml_base_types.d" -MT"Drivers/lvgl/src/others/xml/lv_xml_base_types.o" --specs=nano.specs -mfpu=fpv5-sp-d16 -mfloat-abi=hard -mthumb -o "Drivers/lvgl/src/others/xml/lv_xml_base_types.o"
arm-none-eabi-gcc "../Drivers/lvgl/src/others/xml/lv_xml_component.c" -mcpu=cortex-m33 -std=gnu11 -g3 -DDEBUG -DUSE_HAL_DRIVER -DSTM32U575xx -c -I../Core/Inc -I../Drivers/STM32U5xx_HAL_Driver/Inc -I../Drivers/STM32U5xx_HAL_Driver/Inc/Legacy -I../Drivers/CMSIS/Device/ST/STM32U5xx/Include -I../Drivers/CMSIS/Include -I../Middlewares/Third_Party/FreeRTOS/Source/include/ -I../Middlewares/Third_Party/FreeRTOS/Source/portable/GCC/ARM_CM33_NTZ/non_secure/ -I../Middlewares/Third_Party/FreeRTOS/Source/CMSIS_RTOS_V2/ -I../Middlewares/Third_Party/CMSIS/RTOS2/Include/ -I"/home/joakim-wennergren/Desktop/Smartwatch/Firmware/Bench/Drivers/lvgl" -O0 -ffunction-sections -fdata-sections -Wall -fstack-usage -fstack-usage -fcyclomatic-complexity -MMD -MP -MF"Drivers/lvgl/src/others/xml/lv_xml_component.d" -MT"Drivers/lvgl/src/others/xml/lv_xml_component.o" --specs=nano.specs -mfpu=fpv5-sp-d16 -mfloat-abi=hard -mthumb -o "Drivers/lvgl/src/others/xml/lv_xml_component.o"
arm-none-eabi-gcc "../Drivers/lvgl/src/others/xml/lv_xml_parser.c" -mcpu=cortex-m33 -std=gnu11 -g3 -DDEBUG -DUSE_HAL_DRIVER -DSTM32U575xx -c -I../Core/Inc -I../Drivers/STM32U5xx_HAL_Driver/Inc -I../Drivers/STM32U5xx_HAL_Driver/Inc/Legacy -I../Drivers/CMSIS/Device/ST/STM32U5xx/Include -I../Drivers/CMSIS/Include -I../Middlewares/Third_Party/FreeRTOS/Source/include/ -I../Middlewares/Third_Party/FreeRTOS/Source/portable/GCC/ARM_CM33_NTZ/non_secure/ -I../Middlewares/Third_Party/FreeRTOS/Source/CMSIS_RTOS_V2/ -I../Middlewares/Third_Party/CMSIS/RTOS2/Include/ -I"/home/joakim-wennergren/Desktop/Smartwatch/Firmware/Bench/Drivers/lvgl" -O0 -ffunction-sections -fdata-sections -Wall -fstack-usage -fstack-usage -fcyclomatic-complexity -MMD -MP -MF"Drivers/lvgl/src/others/xml/lv_xml_parser.d" -MT"Drivers/lvgl/src/others/xml/lv_xml_parser.o" --specs=nano.specs -mfpu=fpv5-sp-d16 -mfloat-abi=hard -mthumb -o "Drivers/lvgl/src/others/xml/lv_xml_parser.o"
arm-none-eabi-gcc "../Drivers/lvgl/src/others/xml/lv_xml_style.c" -mcpu=cortex-m33 -std=gnu11 -g3 -DDEBUG -DUSE_HAL_DRIVER -DSTM32U575xx -c -I../Core/Inc -I../Drivers/STM32U5xx_HAL_Driver/Inc -I../Drivers/STM32U5xx_HAL_Driver/Inc/Legacy -I../Drivers/CMSIS/Device/ST/STM32U5xx/Include -I../Drivers/CMSIS/Include -I../Middlewares/Third_Party/FreeRTOS/Source/include/ -I../Middlewares/Third_Party/FreeRTOS/Source/portable/GCC/ARM_CM33_NTZ/non_secure/ -I../Middlewares/Third_Party/FreeRTOS/Source/CMSIS_RTOS_V2/ -I../Middlewares/Third_Party/CMSIS/RTOS2/Include/ -I"/home/joakim-wennergren/Desktop/Smartwatch/Firmware/Bench/Drivers/lvgl" -O0 -ffunction-sections -fdata-sections -Wall -fstack-usage -fstack-usage -fcyclomatic-complexity -MMD -MP -MF"Drivers/lvgl/src/others/xml/lv_xml_style.d" -MT"Drivers/lvgl/src/others/xml/lv_xml_style.o" --specs=nano.specs -mfpu=fpv5-sp-d16 -mfloat-abi=hard -mthumb -o "Drivers/lvgl/src/others/xml/lv_xml_style.o"
arm-none-eabi-gcc "../Drivers/lvgl/src/others/xml/lv_xml_update.c" -mcpu=cortex-m33 -std=gnu11 -g3 -DDEBUG -DUSE_HAL_DRIVER -DSTM32U575xx -c -I../Core/Inc -I../Drivers/STM32U5xx_HAL_Driver/Inc -I../Drivers/STM32U5xx_HAL_Driver/Inc/Legacy -I../Drivers/CMSIS/Device/ST/STM32U5xx/Include -I../Drivers/CMSIS/Include -I../Middlewares/Third_Party/FreeRTOS/Source/include/ -I../Middlewares/Third_Party/FreeRTOS/Source/portable/GCC/ARM_CM33_NTZ/non_secure/ -I../Middlewares/Third_Party/FreeRTOS/Source/CMSIS_RTOS_V2/ -I../Middlewares/Third_Party/CMSIS/RTOS2/Include/ -I"/home/joakim-wennergren/Desktop/Smartwatch/Firmware/Bench/Drivers/lvgl" -O0 -ffunction-sections -fdata-sections -Wall -fstack-usage -fstack-usage -fcyclomatic-complexity -MMD -MP -MF"Drivers/lvgl/src/others/xml/lv_xml_update.d" -MT"Drivers/lvgl/src/others/xml/lv_xml_update.o" --specs=nano.specs -mfpu=fpv5-sp-d16 -mfloat-abi=hard -mthumb -o "Drivers/lvgl/src/others/xml/lv_xml_update.o"
arm-none-eabi-gcc "../Drivers/lvgl/src/others/xml/lv_xml_utils.c" -mcpu=cortex-m33 -std=gnu11 -g3 -DDEBUG -DUSE_HAL_DRIVER -DSTM32U575xx -c -I../Core/Inc -I../Drivers/STM32U5xx_HAL_Driver/Inc -I../Drivers/STM32U5xx_HAL_Driver/Inc/Legacy -I../Drivers/CMSIS/Device/ST/STM32U5xx/Include -I../Drivers/CMSIS/Include -I../Middlewares/Third_Party/FreeRTOS/Source/include/ -I../Middlewares/Third_Party/FreeRTOS/Source/portable/GCC/ARM_CM33_NTZ/non_secure/ -I../Middlewares/Third_Party/FreeRTOS/Source/CMSIS_RTOS_V2/ -I../Middlewares/Third_Party/CMSIS/RTOS2/Include/ -I"/home/joakim-wennergren/Desktop/Smartwatch/Firmware/Bench/Drivers/lvgl" -O0 -ffunction-sections -fdata-sections -Wall -fstack-usage -fstack-usage -fcyclomatic-complexity -MMD -MP -MF"Drivers/lvgl/src/others/xml/lv_xml_utils.d" -MT"Drivers/lvgl/src/others/xml/lv_xml_utils.o" --specs=nano.specs -mfpu=fpv5-sp-d16 -mfloat-abi=hard -mthumb -o "Drivers/lvgl/src/others/xml/lv_xml_utils.o"
arm-none-eabi-gcc "../Drivers/lvgl/src/others/xml/lv_xml_widget.c" -mcpu=cortex-m33 -std=gnu11 -g3 -DDEBUG -DUSE_HAL_DRIVER -DSTM32U575xx -c -I../Core/Inc -I../Drivers/STM32U5xx_HAL_Driver/Inc -I../Drivers/STM32U5xx_HAL_Driver/Inc/Legacy -I../Drivers/CMSIS/Device/ST/STM32U5xx/Include -I../Drivers/CMSIS/Include -I../Middlewares/Third_Party/FreeRTOS/Source/include/ -I../Middlewares/Third_Party/FreeRTOS/Source/portable/GCC/ARM_CM33_NTZ/non_secure/ -I../Middlewares/Third_Party/FreeRTOS/Source/CMSIS_RTOS_V2/ -I../Middlewares/Third_Party/CMSIS/RTOS2/Include/ -I"/home/joakim-wennergren/Desktop/Smartwatch/Firmware/Bench/Drivers/lvgl" -O0 -ffunction-sections -fdata-sections -Wall -fstack-usage -fstack-usage -fcyclomatic-complexity -MMD -MP -MF"Drivers/lvgl/src/others/xml/lv_xml_widget.d" -MT"Drivers/lvgl/src/others/xml/lv_xml_widget.o" --specs=nano.specs -mfpu=fpv5-sp-d16 -mfloat-abi=hard -mthumb -o "Drivers/lvgl/src/others/xml/lv_xml_widget.o"
arm-none-eabi-gcc "../Drivers/lvgl/src/others/vg_lite_tvg/vg_lite_matrix.c" -mcpu=cortex-m33 -std=gnu11 -g3 -DDEBUG -DUSE_HAL_DRIVER -DSTM32U575xx -c -I../Core/Inc -I../Drivers/STM32U5xx_HAL_Driver/Inc -I../Drivers/STM32U5xx_HAL_Driver/Inc/Legacy -I../Drivers/CMSIS/Device/ST/STM32U5xx/Include -I../Drivers/CMSIS/Include -I../Middlewares/Third_Party/FreeRTOS/Source/include/ -I../Middlewares/Third_Party/FreeRTOS/Source/portable/GCC/ARM_CM33_NTZ/non_secure/ -I../Middlewares/Third_Party/FreeRTOS/Source/CMSIS_RTOS_V2/ -I../Middlewares/Third_Party/CMSIS/RTOS2/Include/ -I"/home/joakim-wennergren/Desktop/Smartwatch/Firmware/Bench/Drivers/lvgl" -O0 -ffunction-sections -fdata-sections -Wall -fstack-usage -fstack-usage -fcyclomatic-complexity -MMD -MP -MF"Drivers/lvgl/src/others/vg_lite_tvg/vg_lite_matrix.d" -MT"Drivers/lvgl/src/others/vg_lite_tvg/vg_lite_matrix.o" --specs=nano.specs -mfpu=fpv5-sp-d16 -mfloat-abi=hard -mthumb -o "Drivers/lvgl/src/others/vg_lite_tvg/vg_lite_matrix.o"
arm-none-eabi-gcc "../Drivers/lvgl/src/others/test/lv_test_display.c" -mcpu=cortex-m33 -std=gnu11 -g3 -DDEBUG -DUSE_HAL_DRIVER -DSTM32U575xx -c -I../Core/Inc -I../Drivers/STM32U5xx_HAL_Driver/Inc -I../Drivers/STM32U5xx_HAL_Driver/Inc/Legacy -I../Drivers/CMSIS/Device/ST/STM32U5xx/Include -I../Drivers/CMSIS/Include -I../Middlewares/Third_Party/FreeRTOS/Source/include/ -I../Middlewares/Third_Party/FreeRTOS/Source/portable/GCC/ARM_CM33_NTZ/non_secure/ -I../Middlewares/Third_Party/FreeRTOS/Source/CMSIS_RTOS_V2/ -I../Middlewares/Third_Party/CMSIS/RTOS2/Include/ -I"/home/joakim-wennergren/Desktop/Smartwatch/Firmware/Bench/Drivers/lvgl" -O0 -ffunction-sections -fdata-sections -Wall -fstack-usage -fstack-usage -fcyclomatic-complexity -MMD -MP -MF"Drivers/lvgl/src/others/test/lv_test_display.d" -MT"Drivers/lvgl/src/others/test/lv_test_display.o" --specs=nano.specs -mfpu=fpv5-sp-d16 -mfloat-abi=hard -mthumb -o "Drivers/lvgl/src/others/test/lv_test_display.o"
arm-none-eabi-gcc "../Drivers/lvgl/src/others/test/lv_test_helpers.c" -mcpu=cortex-m33 -std=gnu11 -g3 -DDEBUG -DUSE_HAL_DRIVER -DSTM32U575xx -c -I../Core/Inc -I../Drivers/STM32U5xx_HAL_Driver/Inc -I../Drivers/STM32U5xx_HAL_Driver/Inc/Legacy -I../Drivers/CMSIS/Device/ST/STM32U5xx/Include -I../Drivers/CMSIS/Include -I../Middlewares/Third_Party/FreeRTOS/Source/include/ -I../Middlewares/Third_Party/FreeRTOS/Source/portable/GCC/ARM_CM33_NTZ/non_secure/ -I../Middlewares/Third_Party/FreeRTOS/Source/CMSIS_RTOS_V2/ -I../Middlewares/Third_Party/CMSIS/RTOS2/Include/ -I"/home/joakim-wennergren/Desktop/Smartwatch/Firmware/Bench/Drivers/lvgl" -O0 -ffunction-sections -fdata-sections -Wall -fstack-usage -fstack-usage -fcyclomatic-complexity -MMD -MP -MF"Drivers/lvgl/src/others/test/lv_test_helpers.d" -MT"Drivers/lvgl/src/others/test/lv_test_helpers.o" --specs=nano.specs -mfpu=fpv5-sp-d16 -mfloat-abi=hard -mthumb -o "Drivers/lvgl/src/others/test/lv_test_helpers.o"
arm-none-eabi-gcc "../Drivers/lvgl/src/others/test/lv_test_indev.c" -mcpu=cortex-m33 -std=gnu11 -g3 -DDEBUG -DUSE_HAL_DRIVER -DSTM32U575xx -c -I../Core/Inc -I../Drivers/STM32U5xx_HAL_Driver/Inc -I../Drivers/STM32U5xx_HAL_Driver/Inc/Legacy -I../Drivers/CMSIS/Device/ST/STM32U5xx/Include -I../Drivers/CMSIS/Include -I../Middlewares/Third_Party/FreeRTOS/Source/include/ -I../Middlewares/Third_Party/FreeRTOS/Source/portable/GCC/ARM_CM33_NTZ/non_secure/ -I../Middlewares/Third_Party/FreeRTOS/Source/CMSIS_RTOS_V2/ -I../Middlewares/Third_Party/CMSIS/RTOS2/Include/ -I"/home/joakim-wennergren/Desktop/Smartwatch/Firmware/Bench/Drivers/lvgl" -O0 -ffunction-sections -fdata-sections -Wall -fstack-usage -fstack-usage -fcyclomatic-complexity -MMD -MP -MF"Drivers/lvgl/src/others/test/lv_test_indev.d" -MT"Drivers/lvgl/src/others/test/lv_test_indev.o" --specs=nano.specs -mfpu=fpv5-sp-d16 -mfloat-abi=hard -mthumb -o "Drivers/lvgl/src/others/test/lv_test_indev.o"
arm-none-eabi-gcc "../Drivers/lvgl/src/others/test/lv_test_indev_gesture.c" -mcpu=cortex-m33 -std=gnu11 -g3 -DDEBUG -DUSE_HAL_DRIVER -DSTM32U575xx -c -I../Core/Inc -I../Drivers/STM32U5xx_HAL_Driver/Inc -I../Drivers/STM32U5xx_HAL_Driver/Inc/Legacy -I../Drivers/CMSIS/Device/ST/STM32U5xx/Include -I../Drivers/CMSIS/Include -I../Middlewares/Third_Party/FreeRTOS/Source/include/ -I../Middlewares/Third_Party/FreeRTOS/Source/portable/GCC/ARM_CM33_NTZ/non_secure/ -I../Middlewares/Third_Party/FreeRTOS/Source/CMSIS_RTOS_V2/ -I../Middlewares/Third_Party/CMSIS/RTOS2/Include/ -I"/home/joakim-wennergren/Desktop/Smartwatch/Firmware/Bench/Drivers/lvgl" -O0 -ffunction-sections -fdata-sections -Wall -fstack-usage -fstack-usage -fcyclomatic-complexity -MMD -MP -MF"Drivers/lvgl/src/others/test/lv_test_indev_gesture.d" -MT"Drivers/lvgl/src/others/test/lv_test_indev_gesture.o" --specs=nano.specs -mfpu=fpv5-sp-d16 -mfloat-abi=hard -mthumb -o "Drivers/lvgl/src/others/test/lv_test_indev_gesture.o"
arm-none-eabi-gcc "../Drivers/lvgl/src/others/test/lv_test_screenshot_compare.c" -mcpu=cortex-m33 -std=gnu11 -g3 -DDEBUG -DUSE_HAL_DRIVER -DSTM32U575xx -c -I../Core/Inc -I../Drivers/STM32U5xx_HAL_Driver/Inc -I../Drivers/STM32U5xx_HAL_Driver/Inc/Legacy -I../Drivers/CMSIS/Device/ST/STM32U5xx/Include -I../Drivers/CMSIS/Include -I../Middlewares/Third_Party/FreeRTOS/Source/include/ -I../Middlewares/Third_Party/FreeRTOS/Source/portable/GCC/ARM_CM33_NTZ/non_secure/ -I../Middlewares/Third_Party/FreeRTOS/Source/CMSIS_RTOS_V2/ -I../Middlewares/Third_Party/CMSIS/RTOS2/Include/ -I"/home/joakim-wennergren/Desktop/Smartwatch/Firmware/Bench/Drivers/lvgl" -O0 -ffunction-sections -fdata-sections -Wall -fstack-usage -fstack-usage -fcyclomatic-complexity -MMD -MP -MF"Drivers/lvgl/src/others/test/lv_test_screenshot_compare.d" -MT"Drivers/lvgl/src/others/test/lv_test_screenshot_compare.o" --specs=nano.specs -mfpu=fpv5-sp-d16 -mfloat-abi=hard -mthumb -o "Drivers/lvgl/src/others/test/lv_test_screenshot_compare.o"
arm-none-eabi-gcc "../Drivers/lvgl/src/others/sysmon/lv_sysmon.c" -mcpu=cortex-m33 -std=gnu11 -g3 -DDEBUG -DUSE_HAL_DRIVER -DSTM32U575xx -c -I../Core/Inc -I../Drivers/STM32U5xx_HAL_Driver/Inc -I../Drivers/STM32U5xx_HAL_Driver/Inc/Legacy -I../Drivers/CMSIS/Device/ST/STM32U5xx/Include -I../Drivers/CMSIS/Include -I../Middlewares/Third_Party/FreeRTOS/Source/include/ -I../Middlewares/Third_Party/FreeRTOS/Source/portable/GCC/ARM_CM33_NTZ/non_secure/ -I../Middlewares/Third_Party/FreeRTOS/Source/CMSIS_RTOS_V2/ -I../Middlewares/Third_Party/CMSIS/RTOS2/Include/ -I"/home/joakim-wennergren/Desktop/Smartwatch/Firmware/Bench/Drivers/lvgl" -O0 -ffunction-sections -fdata-sections -Wall -fstack-usage -fstack-usage -fcyclomatic-complexity -MMD -MP -MF"Drivers/lvgl/src/others/sysmon/lv_sysmon.d" -MT"Drivers/lvgl/src/others/sysmon/lv_sysmon.o" --specs=nano.specs -mfpu=fpv5-sp-d16 -mfloat-abi=hard -mthumb -o "Drivers/lvgl/src/others/sysmon/lv_sysmon.o"
arm-none-eabi-gcc "../Drivers/lvgl/src/others/snapshot/lv_snapshot.c" -mcpu=cortex-m33 -std=gnu11 -g3 -DDEBUG -DUSE_HAL_DRIVER -DSTM32U575xx -c -I../Core/Inc -I../Drivers/STM32U5xx_HAL_Driver/Inc -I../Drivers/STM32U5xx_HAL_Driver/Inc/Legacy -I../Drivers/CMSIS/Device/ST/STM32U5xx/Include -I../Drivers/CMSIS/Include -I../Middlewares/Third_Party/FreeRTOS/Source/include/ -I../Middlewares/Third_Party/FreeRTOS/Source/portable/GCC/ARM_CM33_NTZ/non_secure/ -I../Middlewares/Third_Party/FreeRTOS/Source/CMSIS_RTOS_V2/ -I../Middlewares/Third_Party/CMSIS/RTOS2/Include/ -I"/home/joakim-wennergren/Desktop/Smartwatch/Firmware/Bench/Drivers/lvgl" -O0 -ffunction-sections -fdata-sections -Wall -fstack-usage -fstack-usage -fcyclomatic-complexity -MMD -MP -MF"Drivers/lvgl/src/others/snapshot/lv_snapshot.d" -MT"Drivers/lvgl/src/others/snapshot/lv_snapshot.o" --specs=nano.specs -mfpu=fpv5-sp-d16 -mfloat-abi=hard -mthumb -o "Drivers/lvgl/src/others/snapshot/lv_snapshot.o"
arm-none-eabi-gcc "../Drivers/lvgl/src/others/observer/lv_observer.c" -mcpu=cortex-m33 -std=gnu11 -g3 -DDEBUG -DUSE_HAL_DRIVER -DSTM32U575xx -c -I../Core/Inc -I../Drivers/STM32U5xx_HAL_Driver/Inc -I../Drivers/STM32U5xx_HAL_Driver/Inc/Legacy -I../Drivers/CMSIS/Device/ST/STM32U5xx/Include -I../Drivers/CMSIS/Include -I../Middlewares/Third_Party/FreeRTOS/Source/include/ -I../Middlewares/Third_Party/FreeRTOS/Source/portable/GCC/ARM_CM33_NTZ/non_secure/ -I../Middlewares/Third_Party/FreeRTOS/Source/CMSIS_RTOS_V2/ -I../Middlewares/Third_Party/CMSIS/RTOS2/Include/ -I"/home/joakim-wennergren/Desktop/Smartwatch/Firmware/Bench/Drivers/lvgl" -O0 -ffunction-sections -fdata-sections -Wall -fstack-usage -fstack-usage -fcyclomatic-complexity -MMD -MP -MF"Drivers/lvgl/src/others/observer/lv_observer.d" -MT"Drivers/lvgl/src/others/observer/lv_observer.o" --specs=nano.specs -mfpu=fpv5-sp-d16 -mfloat-abi=hard -mthumb -o "Drivers/lvgl/src/others/observer/lv_observer.o"
arm-none-eabi-gcc "../Drivers/lvgl/src/others/monkey/lv_monkey.c" -mcpu=cortex-m33 -std=gnu11 -g3 -DDEBUG -DUSE_HAL_DRIVER -DSTM32U575xx -c -I../Core/Inc -I../Drivers/STM32U5xx_HAL_Driver/Inc -I../Drivers/STM32U5xx_HAL_Driver/Inc/Legacy -I../Drivers/CMSIS/Device/ST/STM32U5xx/Include -I../Drivers/CMSIS/Include -I../Middlewares/Third_Party/FreeRTOS/Source/include/ -I../Middlewares/Third_Party/FreeRTOS/Source/portable/GCC/ARM_CM33_NTZ/non_secure/ -I../Middlewares/Third_Party/FreeRTOS/Source/CMSIS_RTOS_V2/ -I../Middlewares/Third_Party/CMSIS/RTOS2/Include/ -I"/home/joakim-wennergren/Desktop/Smartwatch/Firmware/Bench/Drivers/lvgl" -O0 -ffunction-sections -fdata-sections -Wall -fstack-usage -fstack-usage -fcyclomatic-complexity -MMD -MP -MF"Drivers/lvgl/src/others/monkey/lv_monkey.d" -MT"Drivers/lvgl/src/others/monkey/lv_monkey.o" --specs=nano.specs -mfpu=fpv5-sp-d16 -mfloat-abi=hard -mthumb -o "Drivers/lvgl/src/others/monkey/lv_monkey.o"
arm-none-eabi-gcc "../Drivers/lvgl/src/others/imgfont/lv_imgfont.c" -mcpu=cortex-m33 -std=gnu11 -g3 -DDEBUG -DUSE_HAL_DRIVER -DSTM32U575xx -c -I../Core/Inc -I../Drivers/STM32U5xx_HAL_Driver/Inc -I../Drivers/STM32U5xx_HAL_Driver/Inc/Legacy -I../Drivers/CMSIS/Device/ST/STM32U5xx/Include -I../Drivers/CMSIS/Include -I../Middlewares/Third_Party/FreeRTOS/Source/include/ -I../Middlewares/Third_Party/FreeRTOS/Source/portable/GCC/ARM_CM33_NTZ/non_secure/ -I../Middlewares/Third_Party/FreeRTOS/Source/CMSIS_RTOS_V2/ -I../Middlewares/Third_Party/CMSIS/RTOS2/Include/ -I"/home/joakim-wennergren/Desktop/Smartwatch/Firmware/Bench/Drivers/lvgl" -O0 -ffunction-sections -fdata-sections -Wall -fstack-usage -fstack-usage -fcyclomatic-complexity -MMD -MP -MF"Drivers/lvgl/src/others/imgfont/lv_imgfont.d" -MT"Drivers/lvgl/src/others/imgfont/lv_imgfont.o" --specs=nano.specs -mfpu=fpv5-sp-d16 -mfloat-abi=hard -mthumb -o "Drivers/lvgl/src/others/imgfont/lv_imgfont.o"
arm-none-eabi-gcc "../Drivers/lvgl/src/others/ime/lv_ime_pinyin.c" -mcpu=cortex-m33 -std=gnu11 -g3 -DDEBUG -DUSE_HAL_DRIVER -DSTM32U575xx -c -I../Core/Inc -I../Drivers/STM32U5xx_HAL_Driver/Inc -I../Drivers/STM32U5xx_HAL_Driver/Inc/Legacy -I../Drivers/CMSIS/Device/ST/STM32U5xx/Include -I../Drivers/CMSIS/Include -I../Middlewares/Third_Party/FreeRTOS/Source/include/ -I../Middlewares/Third_Party/FreeRTOS/Source/portable/GCC/ARM_CM33_NTZ/non_secure/ -I../Middlewares/Third_Party/FreeRTOS/Source/CMSIS_RTOS_V2/ -I../Middlewares/Third_Party/CMSIS/RTOS2/Include/ -I"/home/joakim-wennergren/Desktop/Smartwatch/Firmware/Bench/Drivers/lvgl" -O0 -ffunction-sections -fdata-sections -Wall -fstack-usage -fstack-usage -fcyclomatic-complexity -MMD -MP -MF"Drivers/lvgl/src/others/ime/lv_ime_pinyin.d" -MT"Drivers/lvgl/src/others/ime/lv_ime_pinyin.o" --specs=nano.specs -mfpu=fpv5-sp-d16 -mfloat-abi=hard -mthumb -o "Drivers/lvgl/src/others/ime/lv_ime_pinyin.o"
arm-none-eabi-gcc "../Drivers/lvgl/src/others/gridnav/lv_gridnav.c" -mcpu=cortex-m33 -std=gnu11 -g3 -DDEBUG -DUSE_HAL_DRIVER -DSTM32U575xx -c -I../Core/Inc -I../Drivers/STM32U5xx_HAL_Driver/Inc -I../Drivers/STM32U5xx_HAL_Driver/Inc/Legacy -I../Drivers/CMSIS/Device/ST/STM32U5xx/Include -I../Drivers/CMSIS/Include -I../Middlewares/Third_Party/FreeRTOS/Source/include/ -I../Middlewares/Third_Party/FreeRTOS/Source/portable/GCC/ARM_CM33_NTZ/non_secure/ -I../Middlewares/Third_Party/FreeRTOS/Source/CMSIS_RTOS_V2/ -I../Middlewares/Third_Party/CMSIS/RTOS2/Include/ -I"/home/joakim-wennergren/Desktop/Smartwatch/Firmware/Bench/Drivers/lvgl" -O0 -ffunction-sections -fdata-sections -Wall -fstack-usage -fstack-usage -fcyclomatic-complexity -MMD -MP -MF"Drivers/lvgl/src/others/gridnav/lv_gridnav.d" -MT"Drivers/lvgl/src/others/gridnav/lv_gridnav.o" --specs=nano.specs -mfpu=fpv5-sp-d16 -mfloat-abi=hard -mthumb -o "Drivers/lvgl/src/others/gridnav/lv_gridnav.o"
arm-none-eabi-gcc "../Drivers/lvgl/src/others/fragment/lv_fragment.c" -mcpu=cortex-m33 -std=gnu11 -g3 -DDEBUG -DUSE_HAL_DRIVER -DSTM32U575xx -c -I../Core/Inc -I../Drivers/STM32U5xx_HAL_Driver/Inc -I../Drivers/STM32U5xx_HAL_Driver/Inc/Legacy -I../Drivers/CMSIS/Device/ST/STM32U5xx/Include -I../Drivers/CMSIS/Include -I../Middlewares/Third_Party/FreeRTOS/Source/include/ -I../Middlewares/Third_Party/FreeRTOS/Source/portable/GCC/ARM_CM33_NTZ/non_secure/ -I../Middlewares/Third_Party/FreeRTOS/Source/CMSIS_RTOS_V2/ -I../Middlewares/Third_Party/CMSIS/RTOS2/Include/ -I"/home/joakim-wennergren/Desktop/Smartwatch/Firmware/Bench/Drivers/lvgl" -O0 -ffunction-sections -fdata-sections -Wall -fstack-usage -fstack-usage -fcyclomatic-complexity -MMD -MP -MF"Drivers/lvgl/src/others/fragment/lv_fragment.d" -MT"Drivers/lvgl/src/others/fragment/lv_fragment.o" --specs=nano.specs -mfpu=fpv5-sp-d16 -mfloat-abi=hard -mthumb -o "Drivers/lvgl/src/others/fragment/lv_fragment.o"
arm-none-eabi-gcc "../Drivers/lvgl/src/others/fragment/lv_fragment_manager.c" -mcpu=cortex-m33 -std=gnu11 -g3 -DDEBUG -DUSE_HAL_DRIVER -DSTM32U575xx -c -I../Core/Inc -I../Drivers/STM32U5xx_HAL_Driver/Inc -I../Drivers/STM32U5xx_HAL_Driver/Inc/Legacy -I../Drivers/CMSIS/Device/ST/STM32U5xx/Include -I../Drivers/CMSIS/Include -I../Middlewares/Third_Party/FreeRTOS/Source/include/ -I../Middlewares/Third_Party/FreeRTOS/Source/portable/GCC/ARM_CM33_NTZ/non_secure/ -I../Middlewares/Third_Party/FreeRTOS/Source/CMSIS_RTOS_V2/ -I../Middlewares/Third_Party/CMSIS/RTOS2/Include/ -I"/home/joakim-wennergren/Desktop/Smartwatch/Firmware/Bench/Drivers/lvgl" -O0 -ffunction-sections -fdata-sections -Wall -fstack-usage -fstack-usage -fcyclomatic-complexity -MMD -MP -MF"Drivers/lvgl/src/others/fragment/lv_fragment_manager.d" -MT"Drivers/lvgl/src/others/fragment/lv_fragment_manager.o" --specs=nano.specs -mfpu=fpv5-sp-d16 -mfloat-abi=hard -mthumb -o "Drivers/lvgl/src/others/fragment/lv_fragment_manager.o"
arm-none-eabi-gcc "../Drivers/lvgl/src/others/font_manager/lv_font_manager.c" -mcpu=cortex-m33 -std=gnu11 -g3 -DDEBUG -DUSE_HAL_DRIVER -DSTM32U575xx -c -I../Core/Inc -I../Drivers/STM32U5xx_HAL_Driver/Inc -I../Drivers/STM32U5xx_HAL_Driver/Inc/Legacy -I../Drivers/CMSIS/Device/ST/STM32U5xx/Include -I../Drivers/CMSIS/Include -I../Middlewares/Third_Party/FreeRTOS/Source/include/ -I../Middlewares/Third_Party/FreeRTOS/Source/portable/GCC/ARM_CM33_NTZ/non_secure/ -I../Middlewares/Third_Party/FreeRTOS/Source/CMSIS_RTOS_V2/ -I../Middlewares/Third_Party/CMSIS/RTOS2/Include/ -I"/home/joakim-wennergren/Desktop/Smartwatch/Firmware/Bench/Drivers/lvgl" -O0 -ffunction-sections -fdata-sections -Wall -fstack-usage -fstack-usage -fcyclomatic-complexity -MMD -MP -MF"Drivers/lvgl/src/others/font_manager/lv_font_manager.d" -MT"Drivers/lvgl/src/others/font_manager/lv_font_manager.o" --specs=nano.specs -mfpu=fpv5-sp-d16 -mfloat-abi=hard -mthumb -o "Drivers/lvgl/src/others/font_manager/lv_font_manager.o"
arm-none-eabi-gcc "../Drivers/lvgl/src/others/font_manager/lv_font_manager_recycle.c" -mcpu=cortex-m33 -std=gnu11 -g3 -DDEBUG -DUSE_HAL_DRIVER -DSTM32U575xx -c -I../Core/Inc -I../Drivers/STM32U5xx_HAL_Driver/Inc -I../Drivers/STM32U5xx_HAL_Driver/Inc/Legacy -I../Drivers/CMSIS/Device/ST/STM32U5xx/Include -I../Drivers/CMSIS/Include -I../Middlewares/Third_Party/FreeRTOS/Source/include/ -I../Middlewares/Third_Party/FreeRTOS/Source/portable/GCC/ARM_CM33_NTZ/non_secure/ -I../Middlewares/Third_Party/FreeRTOS/Source/CMSIS_RTOS_V2/ -I../Middlewares/Third_Party/CMSIS/RTOS2/Include/ -I"/home/joakim-wennergren/Desktop/Smartwatch/Firmware/Bench/Drivers/lvgl" -O0 -ffunction-sections -fdata-sections -Wall -fstack-usage -fstack-usage -fcyclomatic-complexity -MMD -MP -MF"Drivers/lvgl/src/others/font_manager/lv_font_manager_recycle.d" -MT"Drivers/lvgl/src/others/font_manager/lv_font_manager_recycle.o" --specs=nano.specs -mfpu=fpv5-sp-d16 -mfloat-abi=hard -mthumb -o "Drivers/lvgl/src/others/font_manager/lv_font_manager_recycle.o"
arm-none-eabi-gcc "../Drivers/lvgl/src/others/file_explorer/lv_file_explorer.c" -mcpu=cortex-m33 -std=gnu11 -g3 -DDEBUG -DUSE_HAL_DRIVER -DSTM32U575xx -c -I../Core/Inc -I../Drivers/STM32U5xx_HAL_Driver/Inc -I../Drivers/STM32U5xx_HAL_Driver/Inc/Legacy -I../Drivers/CMSIS/Device/ST/STM32U5xx/Include -I../Drivers/CMSIS/Include -I../Middlewares/Third_Party/FreeRTOS/Source/include/ -I../Middlewares/Third_Party/FreeRTOS/Source/portable/GCC/ARM_CM33_NTZ/non_secure/ -I../Middlewares/Third_Party/FreeRTOS/Source/CMSIS_RTOS_V2/ -I../Middlewares/Third_Party/CMSIS/RTOS2/Include/ -I"/home/joakim-wennergren/Desktop/Smartwatch/Firmware/Bench/Drivers/lvgl" -O0 -ffunction-sections -fdata-sections -Wall -fstack-usage -fstack-usage -fcyclomatic-complexity -MMD -MP -MF"Drivers/lvgl/src/others/file_explorer/lv_file_explorer.d" -MT"Drivers/lvgl/src/others/file_explorer/lv_file_explorer.o" --specs=nano.specs -mfpu=fpv5-sp-d16 -mfloat-abi=hard -mthumb -o "Drivers/lvgl/src/others/file_explorer/lv_file_explorer.o"
arm-none-eabi-gcc "../Drivers/lvgl/src/osal/lv_cmsis_rtos2.c" -mcpu=cortex-m33 -std=gnu11 -g3 -DDEBUG -DUSE_HAL_DRIVER -DSTM32U575xx -c -I../Core/Inc -I../Drivers/STM32U5xx_HAL_Driver/Inc -I../Drivers/STM32U5xx_HAL_Driver/Inc/Legacy -I../Drivers/CMSIS/Device/ST/STM32U5xx/Include -I../Drivers/CMSIS/Include -I../Middlewares/Third_Party/FreeRTOS/Source/include/ -I../Middlewares/Third_Party/FreeRTOS/Source/portable/GCC/ARM_CM33_NTZ/non_secure/ -I../Middlewares/Third_Party/FreeRTOS/Source/CMSIS_RTOS_V2/ -I../Middlewares/Third_Party/CMSIS/RTOS2/Include/ -I"/home/joakim-wennergren/Desktop/Smartwatch/Firmware/Bench/Drivers/lvgl" -O0 -ffunction-sections -fdata-sections -Wall -fstack-usage -fstack-usage -fcyclomatic-complexity -MMD -MP -MF"Drivers/lvgl/src/osal/lv_cmsis_rtos2.d" -MT"Drivers/lvgl/src/osal/lv_cmsis_rtos2.o" --specs=nano.specs -mfpu=fpv5-sp-d16 -mfloat-abi=hard -mthumb -o "Drivers/lvgl/src/osal/lv_cmsis_rtos2.o"
arm-none-eabi-gcc "../Drivers/lvgl/src/osal/lv_freertos.c" -mcpu=cortex-m33 -std=gnu11 -g3 -DDEBUG -DUSE_HAL_DRIVER -DSTM32U575xx -c -I../Core/Inc -I../Drivers/STM32U5xx_HAL_Driver/Inc -I../Drivers/STM32U5xx_HAL_Driver/Inc/Legacy -I../Drivers/CMSIS/Device/ST/STM32U5xx/Include -I../Drivers/CMSIS/Include -I../Middlewares/Third_Party/FreeRTOS/Source/include/ -I../Middlewares/Third_Party/FreeRTOS/Source/portable/GCC/ARM_CM33_NTZ/non_secure/ -I../Middlewares/Third_Party/FreeRTOS/Source/CMSIS_RTOS_V2/ -I../Middlewares/Third_Party/CMSIS/RTOS2/Include/ -I"/home/joakim-wennergren/Desktop/Smartwatch/Firmware/Bench/Drivers/lvgl" -O0 -ffunction-sections -fdata-sections -Wall -fstack-usage -fstack-usage -fcyclomatic-complexity -MMD -MP -MF"Drivers/lvgl/src/osal/lv_freertos.d" -MT"Drivers/lvgl/src/osal/lv_freertos.o" --specs=nano.specs -mfpu=fpv5-sp-d16 -mfloat-abi=hard -mthumb -o "Drivers/lvgl/src/osal/lv_freertos.o"
arm-none-eabi-gcc "../Drivers/lvgl/src/osal/lv_linux.c" -mcpu=cortex-m33 -std=gnu11 -g3 -DDEBUG -DUSE_HAL_DRIVER -DSTM32U575xx -c -I../Core/Inc -I../Drivers/STM32U5xx_HAL_Driver/Inc -I../Drivers/STM32U5xx_HAL_Driver/Inc/Legacy -I../Drivers/CMSIS/Device/ST/STM32U5xx/Include -I../Drivers/CMSIS/Include -I../Middlewares/Third_Party/FreeRTOS/Source/include/ -I../Middlewares/Third_Party/FreeRTOS/Source/portable/GCC/ARM_CM33_NTZ/non_secure/ -I../Middlewares/Third_Party/FreeRTOS/Source/CMSIS_RTOS_V2/ -I../Middlewares/Third_Party/CMSIS/RTOS2/Include/ -I"/home/joakim-wennergren/Desktop/Smartwatch/Firmware/Bench/Drivers/lvgl" -O0 -ffunction-sections -fdata-sections -Wall -fstack-usage -fstack-usage -fcyclomatic-complexity -MMD -MP -MF"Drivers/lvgl/src/osal/lv_linux.d" -MT"Drivers/lvgl/src/osal/lv_linux.o" --specs=nano.specs -mfpu=fpv5-sp-d16 -mfloat-abi=hard -mthumb -o "Drivers/lvgl/src/osal/lv_linux.o"
arm-none-eabi-gcc "../Drivers/lvgl/src/osal/lv_mqx.c" -mcpu=cortex-m33 -std=gnu11 -g3 -DDEBUG -DUSE_HAL_DRIVER -DSTM32U575xx -c -I../Core/Inc -I../Drivers/STM32U5xx_HAL_Driver/Inc -I../Drivers/STM32U5xx_HAL_Driver/Inc/Legacy -I../Drivers/CMSIS/Device/ST/STM32U5xx/Include -I../Drivers/CMSIS/Include -I../Middlewares/Third_Party/FreeRTOS/Source/include/ -I../Middlewares/Third_Party/FreeRTOS/Source/portable/GCC/ARM_CM33_NTZ/non_secure/ -I../Middlewares/Third_Party/FreeRTOS/Source/CMSIS_RTOS_V2/ -I../Middlewares/Third_Party/CMSIS/RTOS2/Include/ -I"/home/joakim-wennergren/Desktop/Smartwatch/Firmware/Bench/Drivers/lvgl" -O0 -ffunction-sections -fdata-sections -Wall -fstack-usage -fstack-usage -fcyclomatic-complexity -MMD -MP -MF"Drivers/lvgl/src/osal/lv_mqx.d" -MT"Drivers/lvgl/src/osal/lv_mqx.o" --specs=nano.specs -mfpu=fpv5-sp-d16 -mfloat-abi=hard -mthumb -o "Drivers/lvgl/src/osal/lv_mqx.o"
arm-none-eabi-gcc "../Drivers/lvgl/src/osal/lv_os.c" -mcpu=cortex-m33 -std=gnu11 -g3 -DDEBUG -DUSE_HAL_DRIVER -DSTM32U575xx -c -I../Core/Inc -I../Drivers/STM32U5xx_HAL_Driver/Inc -I../Drivers/STM32U5xx_HAL_Driver/Inc/Legacy -I../Drivers/CMSIS/Device/ST/STM32U5xx/Include -I../Drivers/CMSIS/Include -I../Middlewares/Third_Party/FreeRTOS/Source/include/ -I../Middlewares/Third_Party/FreeRTOS/Source/portable/GCC/ARM_CM33_NTZ/non_secure/ -I../Middlewares/Third_Party/FreeRTOS/Source/CMSIS_RTOS_V2/ -I../Middlewares/Third_Party/CMSIS/RTOS2/Include/ -I"/home/joakim-wennergren/Desktop/Smartwatch/Firmware/Bench/Drivers/lvgl" -O0 -ffunction-sections -fdata-sections -Wall -fstack-usage -fstack-usage -fcyclomatic-complexity -MMD -MP -MF"Drivers/lvgl/src/osal/lv_os.d" -MT"Drivers/lvgl/src/osal/lv_os.o" --specs=nano.specs -mfpu=fpv5-sp-d16 -mfloat-abi=hard -mthumb -o "Drivers/lvgl/src/osal/lv_os.o"
arm-none-eabi-gcc "../Drivers/lvgl/src/osal/lv_os_none.c" -mcpu=cortex-m33 -std=gnu11 -g3 -DDEBUG -DUSE_HAL_DRIVER -DSTM32U575xx -c -I../Core/Inc -I../Drivers/STM32U5xx_HAL_Driver/Inc -I../Drivers/STM32U5xx_HAL_Driver/Inc/Legacy -I../Drivers/CMSIS/Device/ST/STM32U5xx/Include -I../Drivers/CMSIS/Include -I../Middlewares/Third_Party/FreeRTOS/Source/include/ -I../Middlewares/Third_Party/FreeRTOS/Source/portable/GCC/ARM_CM33_NTZ/non_secure/ -I../Middlewares/Third_Party/FreeRTOS/Source/CMSIS_RTOS_V2/ -I../Middlewares/Third_Party/CMSIS/RTOS2/Include/ -I"/home/joakim-wennergren/Desktop/Smartwatch/Firmware/Bench/Drivers/lvgl" -O0 -ffunction-sections -fdata-sections -Wall -fstack-usage -fstack-usage -fcyclomatic-complexity -MMD -MP -MF"Drivers/lvgl/src/osal/lv_os_none.d" -MT"Drivers/lvgl/src/osal/lv_os_none.o" --specs=nano.specs -mfpu=fpv5-sp-d16 -mfloat-abi=hard -mthumb -o "Drivers/lvgl/src/osal/lv_os_none.o"
arm-none-eabi-gcc "../Drivers/lvgl/src/osal/lv_pthread.c" -mcpu=cortex-m33 -std=gnu11 -g3 -DDEBUG -DUSE_HAL_DRIVER -DSTM32U575xx -c -I../Core/Inc -I../Drivers/STM32U5xx_HAL_Driver/Inc -I../Drivers/STM32U5xx_HAL_Driver/Inc/Legacy -I../Drivers/CMSIS/Device/ST/STM32U5xx/Include -I../Drivers/CMSIS/Include -I../Middlewares/Third_Party/FreeRTOS/Source/include/ -I../Middlewares/Third_Party/FreeRTOS/Source/portable/GCC/ARM_CM33_NTZ/non_secure/ -I../Middlewares/Third_Party/FreeRTOS/Source/CMSIS_RTOS_V2/ -I../Middlewares/Third_Party/CMSIS/RTOS2/Include/ -I"/home/joakim-wennergren/Desktop/Smartwatch/Firmware/Bench/Drivers/lvgl" -O0 -ffunction-sections -fdata-sections -Wall -fstack-usage -fstack-usage -fcyclomatic-complexity -MMD -MP -MF"Drivers/lvgl/src/osal/lv_pthread.d" -MT"Drivers/lvgl/src/osal/lv_pthread.o" --specs=nano.specs -mfpu=fpv5-sp-d16 -mfloat-abi=hard -mthumb -o "Drivers/lvgl/src/osal/lv_pthread.o"
arm-none-eabi-gcc "../Drivers/lvgl/src/osal/lv_rtthread.c" -mcpu=cortex-m33 -std=gnu11 -g3 -DDEBUG -DUSE_HAL_DRIVER -DSTM32U575xx -c -I../Core/Inc -I../Drivers/STM32U5xx_HAL_Driver/Inc -I../Drivers/STM32U5xx_HAL_Driver/Inc/Legacy -I../Drivers/CMSIS/Device/ST/STM32U5xx/Include -I../Drivers/CMSIS/Include -I../Middlewares/Third_Party/FreeRTOS/Source/include/ -I../Middlewares/Third_Party/FreeRTOS/Source/portable/GCC/ARM_CM33_NTZ/non_secure/ -I../Middlewares/Third_Party/FreeRTOS/Source/CMSIS_RTOS_V2/ -I../Middlewares/Third_Party/CMSIS/RTOS2/Include/ -I"/home/joakim-wennergren/Desktop/Smartwatch/Firmware/Bench/Drivers/lvgl" -O0 -ffunction-sections -fdata-sections -Wall -fstack-usage -fstack-usage -fcyclomatic-complexity -MMD -MP -MF"Drivers/lvgl/src/osal/lv_rtthread.d" -MT"Drivers/lvgl/src/osal/lv_rtthread.o" --specs=nano.specs -mfpu=fpv5-sp-d16 -mfloat-abi=hard -mthumb -o "Drivers/lvgl/src/osal/lv_rtthread.o"
arm-none-eabi-gcc "../Drivers/lvgl/src/osal/lv_sdl2.c" -mcpu=cortex-m33 -std=gnu11 -g3 -DDEBUG -DUSE_HAL_DRIVER -DSTM32U575xx -c -I../Core/Inc -I../Drivers/STM32U5xx_HAL_Driver/Inc -I../Drivers/STM32U5xx_HAL_Driver/Inc/Legacy -I../Drivers/CMSIS/Device/ST/STM32U5xx/Include -I../Drivers/CMSIS/Include -I../Middlewares/Third_Party/FreeRTOS/Source/include/ -I../Middlewares/Third_Party/FreeRTOS/Source/portable/GCC/ARM_CM33_NTZ/non_secure/ -I../Middlewares/Third_Party/FreeRTOS/Source/CMSIS_RTOS_V2/ -I../Middlewares/Third_Party/CMSIS/RTOS2/Include/ -I"/home/joakim-wennergren/Desktop/Smartwatch/Firmware/Bench/Drivers/lvgl" -O0 -ffunction-sections -fdata-sections -Wall -fstack-usage -fstack-usage -fcyclomatic-complexity -MMD -MP -MF"Drivers/lvgl/src/osal/lv_sdl2.d" -MT"Drivers/lvgl/src/osal/lv_sdl2.o" --specs=nano.specs -mfpu=fpv5-sp-d16 -mfloat-abi=hard -mthumb -o "Drivers/lvgl/src/osal/lv_sdl2.o"
arm-none-eabi-gcc "../Drivers/lvgl/src/osal/lv_windows.c" -mcpu=cortex-m33 -std=gnu11 -g3 -DDEBUG -DUSE_HAL_DRIVER -DSTM32U575xx -c -I../Core/Inc -I../Drivers/STM32U5xx_HAL_Driver/Inc -I../Drivers/STM32U5xx_HAL_Driver/Inc/Legacy -I../Drivers/CMSIS/Device/ST/STM32U5xx/Include -I../Drivers/CMSIS/Include -I../Middlewares/Third_Party/FreeRTOS/Source/include/ -I../Middlewares/Third_Party/FreeRTOS/Source/portable/GCC/ARM_CM33_NTZ/non_secure/ -I../Middlewares/Third_Party/FreeRTOS/Source/CMSIS_RTOS_V2/ -I../Middlewares/Third_Party/CMSIS/RTOS2/Include/ -I"/home/joakim-wennergren/Desktop/Smartwatch/Firmware/Bench/Drivers/lvgl" -O0 -ffunction-sections -fdata-sections -Wall -fstack-usage -fstack-usage -fcyclomatic-complexity -MMD -MP -MF"Drivers/lvgl/src/osal/lv_windows.d" -MT"Drivers/lvgl/src/osal/lv_windows.o" --specs=nano.specs -mfpu=fpv5-sp-d16 -mfloat-abi=hard -mthumb -o "Drivers/lvgl/src/osal/lv_windows.o"
arm-none-eabi-gcc "../Drivers/lvgl/src/misc/cache/instance/lv_image_cache.c" -mcpu=cortex-m33 -std=gnu11 -g3 -DDEBUG -DUSE_HAL_DRIVER -DSTM32U575xx -c -I../Core/Inc -I../Drivers/STM32U5xx_HAL_Driver/Inc -I../Drivers/STM32U5xx_HAL_Driver/Inc/Legacy -I../Drivers/CMSIS/Device/ST/STM32U5xx/Include -I../Drivers/CMSIS/Include -I../Middlewares/Third_Party/FreeRTOS/Source/include/ -I../Middlewares/Third_Party/FreeRTOS/Source/portable/GCC/ARM_CM33_NTZ/non_secure/ -I../Middlewares/Third_Party/FreeRTOS/Source/CMSIS_RTOS_V2/ -I../Middlewares/Third_Party/CMSIS/RTOS2/Include/ -I"/home/joakim-wennergren/Desktop/Smartwatch/Firmware/Bench/Drivers/lvgl" -O0 -ffunction-sections -fdata-sections -Wall -fstack-usage -fstack-usage -fcyclomatic-complexity -MMD -MP -MF"Drivers/lvgl/src/misc/cache/instance/lv_image_cache.d" -MT"Drivers/lvgl/src/misc/cache/instance/lv_image_cache.o" --specs=nano.specs -mfpu=fpv5-sp-d16 -mfloat-abi=hard -mthumb -o "Drivers/lvgl/src/misc/cache/instance/lv_image_cache.o"
arm-none-eabi-gcc "../Drivers/lvgl/src/misc/cache/instance/lv_image_header_cache.c" -mcpu=cortex-m33 -std=gnu11 -g3 -DDEBUG -DUSE_HAL_DRIVER -DSTM32U575xx -c -I../Core/Inc -I../Drivers/STM32U5xx_HAL_Driver/Inc -I../Drivers/STM32U5xx_HAL_Driver/Inc/Legacy -I../Drivers/CMSIS/Device/ST/STM32U5xx/Include -I../Drivers/CMSIS/Include -I../Middlewares/Third_Party/FreeRTOS/Source/include/ -I../Middlewares/Third_Party/FreeRTOS/Source/portable/GCC/ARM_CM33_NTZ/non_secure/ -I../Middlewares/Third_Party/FreeRTOS/Source/CMSIS_RTOS_V2/ -I../Middlewares/Third_Party/CMSIS/RTOS2/Include/ -I"/home/joakim-wennergren/Desktop/Smartwatch/Firmware/Bench/Drivers/lvgl" -O0 -ffunction-sections -fdata-sections -Wall -fstack-usage -fstack-usage -fcyclomatic-complexity -MMD -MP -MF"Drivers/lvgl/src/misc/cache/instance/lv_image_header_cache.d" -MT"Drivers/lvgl/src/misc/cache/instance/lv_image_header_cache.o" --specs=nano.specs -mfpu=fpv5-sp-d16 -mfloat-abi=hard -mthumb -o "Drivers/lvgl/src/misc/cache/instance/lv_image_header_cache.o"
arm-none-eabi-gcc "../Drivers/lvgl/src/misc/cache/class/lv_cache_lru_ll.c" -mcpu=cortex-m33 -std=gnu11 -g3 -DDEBUG -DUSE_HAL_DRIVER -DSTM32U575xx -c -I../Core/Inc -I../Drivers/STM32U5xx_HAL_Driver/Inc -I../Drivers/STM32U5xx_HAL_Driver/Inc/Legacy -I../Drivers/CMSIS/Device/ST/STM32U5xx/Include -I../Drivers/CMSIS/Include -I../Middlewares/Third_Party/FreeRTOS/Source/include/ -I../Middlewares/Third_Party/FreeRTOS/Source/portable/GCC/ARM_CM33_NTZ/non_secure/ -I../Middlewares/Third_Party/FreeRTOS/Source/CMSIS_RTOS_V2/ -I../Middlewares/Third_Party/CMSIS/RTOS2/Include/ -I"/home/joakim-wennergren/Desktop/Smartwatch/Firmware/Bench/Drivers/lvgl" -O0 -ffunction-sections -fdata-sections -Wall -fstack-usage -fstack-usage -fcyclomatic-complexity -MMD -MP -MF"Drivers/lvgl/src/misc/cache/class/lv_cache_lru_ll.d" -MT"Drivers/lvgl/src/misc/cache/class/lv_cache_lru_ll.o" --specs=nano.specs -mfpu=fpv5-sp-d16 -mfloat-abi=hard -mthumb -o "Drivers/lvgl/src/misc/cache/class/lv_cache_lru_ll.o"
arm-none-eabi-gcc "../Drivers/lvgl/src/misc/cache/class/lv_cache_lru_rb.c" -mcpu=cortex-m33 -std=gnu11 -g3 -DDEBUG -DUSE_HAL_DRIVER -DSTM32U575xx -c -I../Core/Inc -I../Drivers/STM32U5xx_HAL_Driver/Inc -I../Drivers/STM32U5xx_HAL_Driver/Inc/Legacy -I../Drivers/CMSIS/Device/ST/STM32U5xx/Include -I../Drivers/CMSIS/Include -I../Middlewares/Third_Party/FreeRTOS/Source/include/ -I../Middlewares/Third_Party/FreeRTOS/Source/portable/GCC/ARM_CM33_NTZ/non_secure/ -I../Middlewares/Third_Party/FreeRTOS/Source/CMSIS_RTOS_V2/ -I../Middlewares/Third_Party/CMSIS/RTOS2/Include/ -I"/home/joakim-wennergren/Desktop/Smartwatch/Firmware/Bench/Drivers/lvgl" -O0 -ffunction-sections -fdata-sections -Wall -fstack-usage -fstack-usage -fcyclomatic-complexity -MMD -MP -MF"Drivers/lvgl/src/misc/cache/class/lv_cache_lru_rb.d" -MT"Drivers/lvgl/src/misc/cache/class/lv_cache_lru_rb.o" --specs=nano.specs -mfpu=fpv5-sp-d16 -mfloat-abi=hard -mthumb -o "Drivers/lvgl/src/misc/cache/class/lv_cache_lru_rb.o"
arm-none-eabi-gcc "../Drivers/lvgl/src/misc/cache/lv_cache.c" -mcpu=cortex-m33 -std=gnu11 -g3 -DDEBUG -DUSE_HAL_DRIVER -DSTM32U575xx -c -I../Core/Inc -I../Drivers/STM32U5xx_HAL_Driver/Inc -I../Drivers/STM32U5xx_HAL_Driver/Inc/Legacy -I../Drivers/CMSIS/Device/ST/STM32U5xx/Include -I../Drivers/CMSIS/Include -I../Middlewares/Third_Party/FreeRTOS/Source/include/ -I../Middlewares/Third_Party/FreeRTOS/Source/portable/GCC/ARM_CM33_NTZ/non_secure/ -I../Middlewares/Third_Party/FreeRTOS/Source/CMSIS_RTOS_V2/ -I../Middlewares/Third_Party/CMSIS/RTOS2/Include/ -I"/home/joakim-wennergren/Desktop/Smartwatch/Firmware/Bench/Drivers/lvgl" -O0 -ffunction-sections -fdata-sections -Wall -fstack-usage -fstack-usage -fcyclomatic-complexity -MMD -MP -MF"Drivers/lvgl/src/misc/cache/lv_cache.d" -MT"Drivers/lvgl/src/misc/cache/lv_cache.o" --specs=nano.specs -mfpu=fpv5-sp-d16 -mfloat-abi=hard -mthumb -o "Drivers/lvgl/src/misc/cache/lv_cache.o"
arm-none-eabi-gcc "../Drivers/lvgl/src/misc/cache/lv_cache_entry.c" -mcpu=cortex-m33 -std=gnu11 -g3 -DDEBUG -DUSE_HAL_DRIVER -DSTM32U575xx -c -I../Core/Inc -I../Drivers/STM32U5xx_HAL_Driver/Inc -I../Drivers/STM32U5xx_HAL_Driver/Inc/Legacy -I../Drivers/CMSIS/Device/ST/STM32U5xx/Include -I../Drivers/CMSIS/Include -I../Middlewares/Third_Party/FreeRTOS/Source/include/ -I../Middlewares/Third_Party/FreeRTOS/Source/portable/GCC/ARM_CM33_NTZ/non_secure/ -I../Middlewares/Third_Party/FreeRTOS/Source/CMSIS_RTOS_V2/ -I../Middlewares/Third_Party/CMSIS/RTOS2/Include/ -I"/home/joakim-wennergren/Desktop/Smartwatch/Firmware/Bench/Drivers/lvgl" -O0 -ffunction-sections -fdata-sections -Wall -fstack-usage -fstack-usage -fcyclomatic-complexity -MMD -MP -MF"Drivers/lvgl/src/misc/cache/lv_cache_entry.d" -MT"Drivers/lvgl/src/misc/cache/lv_cache_entry.o" --specs=nano.specs -mfpu=fpv5-sp-d16 -mfloat-abi=hard -mthumb -o "Drivers/lvgl/src/misc/cache/lv_cache_entry.o"
arm-none-eabi-gcc "../Drivers/lvgl/src/misc/lv_anim.c" -mcpu=cortex-m33 -std=gnu11 -g3 -DDEBUG -DUSE_HAL_DRIVER -DSTM32U575xx -c -I../Core/Inc -I../Drivers/STM32U5xx_HAL_Driver/Inc -I../Drivers/STM32U5xx_HAL_Driver/Inc/Legacy -I../Drivers/CMSIS/Device/ST/STM32U5xx/Include -I../Drivers/CMSIS/Include -I../Middlewares/Third_Party/FreeRTOS/Source/include/ -I../Middlewares/Third_Party/FreeRTOS/Source/portable/GCC/ARM_CM33_NTZ/non_secure/ -I../Middlewares/Third_Party/FreeRTOS/Source/CMSIS_RTOS_V2/ -I../Middlewares/Third_Party/CMSIS/RTOS2/Include/ -I"/home/joakim-wennergren/Desktop/Smartwatch/Firmware/Bench/Drivers/lvgl" -O0 -ffunction-sections -fdata-sections -Wall -fstack-usage -fstack-usage -fcyclomatic-complexity -MMD -MP -MF"Drivers/lvgl/src/misc/lv_anim.d" -MT"Drivers/lvgl/src/misc/lv_anim.o" --specs=nano.specs -mfpu=fpv5-sp-d16 -mfloat-abi=hard -mthumb -o "Drivers/lvgl/src/misc/lv_anim.o"
arm-none-eabi-gcc "../Drivers/lvgl/src/misc/lv_anim_timeline.c" -mcpu=cortex-m33 -std=gnu11 -g3 -DDEBUG -DUSE_HAL_DRIVER -DSTM32U575xx -c -I../Core/Inc -I../Drivers/STM32U5xx_HAL_Driver/Inc -I../Drivers/STM32U5xx_HAL_Driver/Inc/Legacy -I../Drivers/CMSIS/Device/ST/STM32U5xx/Include -I../Drivers/CMSIS/Include -I../Middlewares/Third_Party/FreeRTOS/Source/include/ -I../Middlewares/Third_Party/FreeRTOS/Source/portable/GCC/ARM_CM33_NTZ/non_secure/ -I../Middlewares/Third_Party/FreeRTOS/Source/CMSIS_RTOS_V2/ -I../Middlewares/Third_Party/CMSIS/RTOS2/Include/ -I"/home/joakim-wennergren/Desktop/Smartwatch/Firmware/Bench/Drivers/lvgl" -O0 -ffunction-sections -fdata-sections -Wall -fstack-usage -fstack-usage -fcyclomatic-complexity -MMD -MP -MF"Drivers/lvgl/src/misc/lv_anim_timeline.d" -MT"Drivers/lvgl/src/misc/lv_anim_timeline.o" --specs=nano.specs -mfpu=fpv5-sp-d16 -mfloat-abi=hard -mthumb -o "Drivers/lvgl/src/misc/lv_anim_timeline.o"
arm-none-eabi-gcc "../Drivers/lvgl/src/misc/lv_area.c" -mcpu=cortex-m33 -std=gnu11 -g3 -DDEBUG -DUSE_HAL_DRIVER -DSTM32U575xx -c -I../Core/Inc -I../Drivers/STM32U5xx_HAL_Driver/Inc -I../Drivers/STM32U5xx_HAL_Driver/Inc/Legacy -I../Drivers/CMSIS/Device/ST/STM32U5xx/Include -I../Drivers/CMSIS/Include -I../Middlewares/Third_Party/FreeRTOS/Source/include/ -I../Middlewares/Third_Party/FreeRTOS/Source/portable/GCC/ARM_CM33_NTZ/non_secure/ -I../Middlewares/Third_Party/FreeRTOS/Source/CMSIS_RTOS_V2/ -I../Middlewares/Third_Party/CMSIS/RTOS2/Include/ -I"/home/joakim-wennergren/Desktop/Smartwatch/Firmware/Bench/Drivers/lvgl" -O0 -ffunction-sections -fdata-sections -Wall -fstack-usage -fstack-usage -fcyclomatic-complexity -MMD -MP -MF"Drivers/lvgl/src/misc/lv_area.d" -MT"Drivers/lvgl/src/misc/lv_area.o" --specs=nano.specs -mfpu=fpv5-sp-d16 -mfloat-abi=hard -mthumb -o "Drivers/lvgl/src/misc/lv_area.o"
arm-none-eabi-gcc "../Drivers/lvgl/src/misc/lv_array.c" -mcpu=cortex-m33 -std=gnu11 -g3 -DDEBUG -DUSE_HAL_DRIVER -DSTM32U575xx -c -I../Core/Inc -I../Drivers/STM32U5xx_HAL_Driver/Inc -I../Drivers/STM32U5xx_HAL_Driver/Inc/Legacy -I../Drivers/CMSIS/Device/ST/STM32U5xx/Include -I../Drivers/CMSIS/Include -I../Middlewares/Third_Party/FreeRTOS/Source/include/ -I../Middlewares/Third_Party/FreeRTOS/Source/portable/GCC/ARM_CM33_NTZ/non_secure/ -I../Middlewares/Third_Party/FreeRTOS/Source/CMSIS_RTOS_V2/ -I../Middlewares/Third_Party/CMSIS/RTOS2/Include/ -I"/home/joakim-wennergren/Desktop/Smartwatch/Firmware/Bench/Drivers/lvgl" -O0 -ffunction-sections -fdata-sections -Wall -fstack-usage -fstack-usage -fcyclomatic-complexity -MMD -MP -MF"Drivers/lvgl/src/misc/lv_array.d" -MT"Drivers/lvgl/src/misc/lv_array.o" --specs=nano.specs -mfpu=fpv5-sp-d16 -mfloat-abi=hard -mthumb -o "Drivers/lvgl/src/misc/lv_array.o"
arm-none-eabi-gcc "../Drivers/lvgl/src/misc/lv_async.c" -mcpu=cortex-m33 -std=gnu11 -g3 -DDEBUG -DUSE_HAL_DRIVER -DSTM32U575xx -c -I../Core/Inc -I../Drivers/STM32U5xx_HAL_Driver/Inc -I../Drivers/STM32U5xx_HAL_Driver/Inc/Legacy -I../Drivers/CMSIS/Device/ST/STM32U5xx/Include -I../Drivers/CMSIS/Include -I../Middlewares/Third_Party/FreeRTOS/Source/include/ -I../Middlewares/Third_Party/FreeRTOS/Source/portable/GCC/ARM_CM33_NTZ/non_secure/ -I../Middlewares/Third_Party/FreeRTOS/Source/CMSIS_RTOS_V2/ -I../Middlewares/Third_Party/CMSIS/RTOS2/Include/ -I"/home/joakim-wennergren/Desktop/Smartwatch/Firmware/Bench/Drivers/lvgl" -O0 -ffunction-sections -fdata-sections -Wall -fstack-usage -fstack-usage -fcyclomatic-complexity -MMD -MP -MF"Drivers/lvgl/src/misc/lv_async.d" -MT"Drivers/lvgl/src/misc/lv_async.o" --specs=nano.specs -mfpu=fpv5-sp-d16 -mfloat-abi=hard -mthumb -o "Drivers/lvgl/src/misc/lv_async.o"
arm-none-eabi-gcc "../Drivers/lvgl/src/misc/lv_bidi.c" -mcpu=cortex-m33 -std=gnu11 -g3 -DDEBUG -DUSE_HAL_DRIVER -DSTM32U575xx -c -I../Core/Inc -I../Drivers/STM32U5xx_HAL_Driver/Inc -I../Drivers/STM32U5xx_HAL_Driver/Inc/Legacy -I../Drivers/CMSIS/Device/ST/STM32U5xx/Include -I../Drivers/CMSIS/Include -I../Middlewares/Third_Party/FreeRTOS/Source/include/ -I../Middlewares/Third_Party/FreeRTOS/Source/portable/GCC/ARM_CM33_NTZ/non_secure/ -I../Middlewares/Third_Party/FreeRTOS/Source/CMSIS_RTOS_V2/ -I../Middlewares/Third_Party/CMSIS/RTOS2/Include/ -I"/home/joakim-wennergren/Desktop/Smartwatch/Firmware/Bench/Drivers/lvgl" -O0 -ffunction-sections -fdata-sections -Wall -fstack-usage -fstack-usage -fcyclomatic-complexity -MMD -MP -MF"Drivers/lvgl/src/misc/lv_bidi.d" -MT"Drivers/lvgl/src/misc/lv_bidi.o" --specs=nano.specs -mfpu=fpv5-sp-d16 -mfloat-abi=hard -mthumb -o "Drivers/lvgl/src/misc/lv_bidi.o"
arm-none-eabi-gcc "../Drivers/lvgl/src/misc/lv_circle_buf.c" -mcpu=cortex-m33 -std=gnu11 -g3 -DDEBUG -DUSE_HAL_DRIVER -DSTM32U575xx -c -I../Core/Inc -I../Drivers/STM32U5xx_HAL_Driver/Inc -I../Drivers/STM32U5xx_HAL_Driver/Inc/Legacy -I../Drivers/CMSIS/Device/ST/STM32U5xx/Include -I../Drivers/CMSIS/Include -I../Middlewares/Third_Party/FreeRTOS/Source/include/ -I../Middlewares/Third_Party/FreeRTOS/Source/portable/GCC/ARM_CM33_NTZ/non_secure/ -I../Middlewares/Third_Party/FreeRTOS/Source/CMSIS_RTOS_V2/ -I../Middlewares/Third_Party/CMSIS/RTOS2/Include/ -I"/home/joakim-wennergren/Desktop/Smartwatch/Firmware/Bench/Drivers/lvgl" -O0 -ffunction-sections -fdata-sections -Wall -fstack-usage -fstack-usage -fcyclomatic-complexity -MMD -MP -MF"Drivers/lvgl/src/misc/lv_circle_buf.d" -MT"Drivers/lvgl/src/misc/lv_circle_buf.o" --specs=nano.specs -mfpu=fpv5-sp-d16 -mfloat-abi=hard -mthumb -o "Drivers/lvgl/src/misc/lv_circle_buf.o"
arm-none-eabi-gcc "../Drivers/lvgl/src/misc/lv_color.c" -mcpu=cortex-m33 -std=gnu11 -g3 -DDEBUG -DUSE_HAL_DRIVER -DSTM32U575xx -c -I../Core/Inc -I../Drivers/STM32U5xx_HAL_Driver/Inc -I../Drivers/STM32U5xx_HAL_Driver/Inc/Legacy -I../Drivers/CMSIS/Device/ST/STM32U5xx/Include -I../Drivers/CMSIS/Include -I../Middlewares/Third_Party/FreeRTOS/Source/include/ -I../Middlewares/Third_Party/FreeRTOS/Source/portable/GCC/ARM_CM33_NTZ/non_secure/ -I../Middlewares/Third_Party/FreeRTOS/Source/CMSIS_RTOS_V2/ -I../Middlewares/Third_Party/CMSIS/RTOS2/Include/ -I"/home/joakim-wennergren/Desktop/Smartwatch/Firmware/Bench/Drivers/lvgl" -O0 -ffunction-sections -fdata-sections -Wall -fstack-usage -fstack-usage -fcyclomatic-complexity -MMD -MP -MF"Drivers/lvgl/src/misc/lv_color.d" -MT"Drivers/lvgl/src/misc/lv_color.o" --specs=nano.specs -mfpu=fpv5-sp-d16 -mfloat-abi=hard -mthumb -o "Drivers/lvgl/src/misc/lv_color.o"
arm-none-eabi-gcc "../Drivers/lvgl/src/misc/lv_color_op.c" -mcpu=cortex-m33 -std=gnu11 -g3 -DDEBUG -DUSE_HAL_DRIVER -DSTM32U575xx -c -I../Core/Inc -I../Drivers/STM32U5xx_HAL_Driver/Inc -I../Drivers/STM32U5xx_HAL_Driver/Inc/Legacy -I../Drivers/CMSIS/Device/ST/STM32U5xx/Include -I../Drivers/CMSIS/Include -I../Middlewares/Third_Party/FreeRTOS/Source/include/ -I../Middlewares/Third_Party/FreeRTOS/Source/portable/GCC/ARM_CM33_NTZ/non_secure/ -I../Middlewares/Third_Party/FreeRTOS/Source/CMSIS_RTOS_V2/ -I../Middlewares/Third_Party/CMSIS/RTOS2/Include/ -I"/home/joakim-wennergren/Desktop/Smartwatch/Firmware/Bench/Drivers/lvgl" -O0 -ffunction-sections -fdata-sections -Wall -fstack-usage -fstack-usage -fcyclomatic-complexity -MMD -MP -MF"Drivers/lvgl/src/misc/lv_color_op.d" -MT"Drivers/lvgl/src/misc/lv_color_op.o" --specs=nano.specs -mfpu=fpv5-sp-d16 -mfloat-abi=hard -mthumb -o "Drivers/lvgl/src/misc/lv_color_op.o"
arm-none-eabi-gcc "../Drivers/lvgl/src/misc/lv_event.c" -mcpu=cortex-m33 -std=gnu11 -g3 -DDEBUG -DUSE_HAL_DRIVER -DSTM32U575xx -c -I../Core/Inc -I../Drivers/STM32U5xx_HAL_Driver/Inc -I../Drivers/STM32U5xx_HAL_Driver/Inc/Legacy -I../Drivers/CMSIS/Device/ST/STM32U5xx/Include -I../Drivers/CMSIS/Include -I../Middlewares/Third_Party/FreeRTOS/Source/include/ -I../Middlewares/Third_Party/FreeRTOS/Source/portable/GCC/ARM_CM33_NTZ/non_secure/ -I../Middlewares/Third_Party/FreeRTOS/Source/CMSIS_RTOS_V2/ -I../Middlewares/Third_Party/CMSIS/RTOS2/Include/ -I"/home/joakim-wennergren/Desktop/Smartwatch/Firmware/Bench/Drivers/lvgl" -O0 -ffunction-sections -fdata-sections -Wall -fstack-usage -fstack-usage -fcyclomatic-complexity -MMD -MP -MF"Drivers/lvgl/src/misc/lv_event.d" -MT"Drivers/lvgl/src/misc/lv_event.o" --specs=nano.specs -mfpu=fpv5-sp-d16 -mfloat-abi=hard -mthumb -o "Drivers/lvgl/src/misc/lv_event.o"
arm-none-eabi-gcc "../Drivers/lvgl/src/misc/lv_fs.c" -mcpu=cortex-m33 -std=gnu11 -g3 -DDEBUG -DUSE_HAL_DRIVER -DSTM32U575xx -c -I../Core/Inc -I../Drivers/STM32U5xx_HAL_Driver/Inc -I../Drivers/STM32U5xx_HAL_Driver/Inc/Legacy -I../Drivers/CMSIS/Device/ST/STM32U5xx/Include -I../Drivers/CMSIS/Include -I../Middlewares/Third_Party/FreeRTOS/Source/include/ -I../Middlewares/Third_Party/FreeRTOS/Source/portable/GCC/ARM_CM33_NTZ/non_secure/ -I../Middlewares/Third_Party/FreeRTOS/Source/CMSIS_RTOS_V2/ -I../Middlewares/Third_Party/CMSIS/RTOS2/Include/ -I"/home/joakim-wennergren/Desktop/Smartwatch/Firmware/Bench/Drivers/lvgl" -O0 -ffunction-sections -fdata-sections -Wall -fstack-usage -fstack-usage -fcyclomatic-complexity -MMD -MP -MF"Drivers/lvgl/src/misc/lv_fs.d" -MT"Drivers/lvgl/src/misc/lv_fs.o" --specs=nano.specs -mfpu=fpv5-sp-d16 -mfloat-abi=hard -mthumb -o "Drivers/lvgl/src/misc/lv_fs.o"
arm-none-eabi-gcc "../Drivers/lvgl/src/misc/lv_grad.c" -mcpu=cortex-m33 -std=gnu11 -g3 -DDEBUG -DUSE_HAL_DRIVER -DSTM32U575xx -c -I../Core/Inc -I../Drivers/STM32U5xx_HAL_Driver/Inc -I../Drivers/STM32U5xx_HAL_Driver/Inc/Legacy -I../Drivers/CMSIS/Device/ST/STM32U5xx/Include -I../Drivers/CMSIS/Include -I../Middlewares/Third_Party/FreeRTOS/Source/include/ -I../Middlewares/Third_Party/FreeRTOS/Source/portable/GCC/ARM_CM33_NTZ/non_secure/ -I../Middlewares/Third_Party/FreeRTOS/Source/CMSIS_RTOS_V2/ -I../Middlewares/Third_Party/CMSIS/RTOS2/Include/ -I"/home/joakim-wennergren/Desktop/Smartwatch/Firmware/Bench/Drivers/lvgl" -O0 -ffunction-sections -fdata-sections -Wall -fstack-usage -fstack-usage -fcyclomatic-complexity -MMD -MP -MF"Drivers/lvgl/src/misc/lv_grad.d" -MT"Drivers/lvgl/src/misc/lv_grad.o" --specs=nano.specs -mfpu=fpv5-sp-d16 -mfloat-abi=hard -mthumb -o "Drivers/lvgl/src/misc/lv_grad.o"
arm-none-eabi-gcc "../Drivers/lvgl/src/misc/lv_iter.c" -mcpu=cortex-m33 -std=gnu11 -g3 -DDEBUG -DUSE_HAL_DRIVER -DSTM32U575xx -c -I../Core/Inc -I../Drivers/STM32U5xx_HAL_Driver/Inc -I../Drivers/STM32U5xx_HAL_Driver/Inc/Legacy -I../Drivers/CMSIS/Device/ST/STM32U5xx/Include -I../Drivers/CMSIS/Include -I../Middlewares/Third_Party/FreeRTOS/Source/include/ -I../Middlewares/Third_Party/FreeRTOS/Source/portable/GCC/ARM_CM33_NTZ/non_secure/ -I../Middlewares/Third_Party/FreeRTOS/Source/CMSIS_RTOS_V2/ -I../Middlewares/Third_Party/CMSIS/RTOS2/Include/ -I"/home/joakim-wennergren/Desktop/Smartwatch/Firmware/Bench/Drivers/lvgl" -O0 -ffunction-sections -fdata-sections -Wall -fstack-usage -fstack-usage -fcyclomatic-complexity -MMD -MP -MF"Drivers/lvgl/src/misc/lv_iter.d" -MT"Drivers/lvgl/src/misc/lv_iter.o" --specs=nano.specs -mfpu=fpv5-sp-d16 -mfloat-abi=hard -mthumb -o "Drivers/lvgl/src/misc/lv_iter.o"
arm-none-eabi-gcc "../Drivers/lvgl/src/misc/lv_ll.c" -mcpu=cortex-m33 -std=gnu11 -g3 -DDEBUG -DUSE_HAL_DRIVER -DSTM32U575xx -c -I../Core/Inc -I../Drivers/STM32U5xx_HAL_Driver/Inc -I../Drivers/STM32U5xx_HAL_Driver/Inc/Legacy -I../Drivers/CMSIS/Device/ST/STM32U5xx/Include -I../Drivers/CMSIS/Include -I../Middlewares/Third_Party/FreeRTOS/Source/include/ -I../Middlewares/Third_Party/FreeRTOS/Source/portable/GCC/ARM_CM33_NTZ/non_secure/ -I../Middlewares/Third_Party/FreeRTOS/Source/CMSIS_RTOS_V2/ -I../Middlewares/Third_Party/CMSIS/RTOS2/Include/ -I"/home/joakim-wennergren/Desktop/Smartwatch/Firmware/Bench/Drivers/lvgl" -O0 -ffunction-sections -fdata-sections -Wall -fstack-usage -fstack-usage -fcyclomatic-complexity -MMD -MP -MF"Drivers/lvgl/src/misc/lv_ll.d" -MT"Drivers/lvgl/src/misc/lv_ll.o" --specs=nano.specs -mfpu=fpv5-sp-d16 -mfloat-abi=hard -mthumb -o "Drivers/lvgl/src/misc/lv_ll.o"
arm-none-eabi-gcc "../Drivers/lvgl/src/misc/lv_log.c" -mcpu=cortex-m33 -std=gnu11 -g3 -DDEBUG -DUSE_HAL_DRIVER -DSTM32U575xx -c -I../Core/Inc -I../Drivers/STM32U5xx_HAL_Driver/Inc -I../Drivers/STM32U5xx_HAL_Driver/Inc/Legacy -I../Drivers/CMSIS/Device/ST/STM32U5xx/Include -I../Drivers/CMSIS/Include -I../Middlewares/Third_Party/FreeRTOS/Source/include/ -I../Middlewares/Third_Party/FreeRTOS/Source/portable/GCC/ARM_CM33_NTZ/non_secure/ -I../Middlewares/Third_Party/FreeRTOS/Source/CMSIS_RTOS_V2/ -I../Middlewares/Third_Party/CMSIS/RTOS2/Include/ -I"/home/joakim-wennergren/Desktop/Smartwatch/Firmware/Bench/Drivers/lvgl" -O0 -ffunction-sections -fdata-sections -Wall -fstack-usage -fstack-usage -fcyclomatic-complexity -MMD -MP -MF"Drivers/lvgl/src/misc/lv_log.d" -MT"Drivers/lvgl/src/misc/lv_log.o" --specs=nano.specs -mfpu=fpv5-sp-d16 -mfloat-abi=hard -mthumb -o "Drivers/lvgl/src/misc/lv_log.o"
arm-none-eabi-gcc "../Drivers/lvgl/src/misc/lv_lru.c" -mcpu=cortex-m33 -std=gnu11 -g3 -DDEBUG -DUSE_HAL_DRIVER -DSTM32U575xx -c -I../Core/Inc -I../Drivers/STM32U5xx_HAL_Driver/Inc -I../Drivers/STM32U5xx_HAL_Driver/Inc/Legacy -I../Drivers/CMSIS/Device/ST/STM32U5xx/Include -I../Drivers/CMSIS/Include -I../Middlewares/Third_Party/FreeRTOS/Source/include/ -I../Middlewares/Third_Party/FreeRTOS/Source/portable/GCC/ARM_CM33_NTZ/non_secure/ -I../Middlewares/Third_Party/FreeRTOS/Source/CMSIS_RTOS_V2/ -I../Middlewares/Third_Party/CMSIS/RTOS2/Include/ -I"/home/joakim-wennergren/Desktop/Smartwatch/Firmware/Bench/Drivers/lvgl" -O0 -ffunction-sections -fdata-sections -Wall -fstack-usage -fstack-usage -fcyclomatic-complexity -MMD -MP -MF"Drivers/lvgl/src/misc/lv_lru.d" -MT"Drivers/lvgl/src/misc/lv_lru.o" --specs=nano.specs -mfpu=fpv5-sp-d16 -mfloat-abi=hard -mthumb -o "Drivers/lvgl/src/misc/lv_lru.o"
arm-none-eabi-gcc "../Drivers/lvgl/src/misc/lv_math.c" -mcpu=cortex-m33 -std=gnu11 -g3 -DDEBUG -DUSE_HAL_DRIVER -DSTM32U575xx -c -I../Core/Inc -I../Drivers/STM32U5xx_HAL_Driver/Inc -I../Drivers/STM32U5xx_HAL_Driver/Inc/Legacy -I../Drivers/CMSIS/Device/ST/STM32U5xx/Include -I../Drivers/CMSIS/Include -I../Middlewares/Third_Party/FreeRTOS/Source/include/ -I../Middlewares/Third_Party/FreeRTOS/Source/portable/GCC/ARM_CM33_NTZ/non_secure/ -I../Middlewares/Third_Party/FreeRTOS/Source/CMSIS_RTOS_V2/ -I../Middlewares/Third_Party/CMSIS/RTOS2/Include/ -I"/home/joakim-wennergren/Desktop/Smartwatch/Firmware/Bench/Drivers/lvgl" -O0 -ffunction-sections -fdata-sections -Wall -fstack-usage -fstack-usage -fcyclomatic-complexity -MMD -MP -MF"Drivers/lvgl/src/misc/lv_math.d" -MT"Drivers/lvgl/src/misc/lv_math.o" --specs=nano.specs -mfpu=fpv5-sp-d16 -mfloat-abi=hard -mthumb -o "Drivers/lvgl/src/misc/lv_math.o"
arm-none-eabi-gcc "../Drivers/lvgl/src/misc/lv_matrix.c" -mcpu=cortex-m33 -std=gnu11 -g3 -DDEBUG -DUSE_HAL_DRIVER -DSTM32U575xx -c -I../Core/Inc -I../Drivers/STM32U5xx_HAL_Driver/Inc -I../Drivers/STM32U5xx_HAL_Driver/Inc/Legacy -I../Drivers/CMSIS/Device/ST/STM32U5xx/Include -I../Drivers/CMSIS/Include -I../Middlewares/Third_Party/FreeRTOS/Source/include/ -I../Middlewares/Third_Party/FreeRTOS/Source/portable/GCC/ARM_CM33_NTZ/non_secure/ -I../Middlewares/Third_Party/FreeRTOS/Source/CMSIS_RTOS_V2/ -I../Middlewares/Third_Party/CMSIS/RTOS2/Include/ -I"/home/joakim-wennergren/Desktop/Smartwatch/Firmware/Bench/Drivers/lvgl" -O0 -ffunction-sections -fdata-sections -Wall -fstack-usage -fstack-usage -fcyclomatic-complexity -MMD -MP -MF"Drivers/lvgl/src/misc/lv_matrix.d" -MT"Drivers/lvgl/src/misc/lv_matrix.o" --specs=nano.specs -mfpu=fpv5-sp-d16 -mfloat-abi=hard -mthumb -o "Drivers/lvgl/src/misc/lv_matrix.o"
arm-none-eabi-gcc "../Drivers/lvgl/src/misc/lv_palette.c" -mcpu=cortex-m33 -std=gnu11 -g3 -DDEBUG -DUSE_HAL_DRIVER -DSTM32U575xx -c -I../Core/Inc -I../Drivers/STM32U5xx_HAL_Driver/Inc -I../Drivers/STM32U5xx_HAL_Driver/Inc/Legacy -I../Drivers/CMSIS/Device/ST/STM32U5xx/Include -I../Drivers/CMSIS/Include -I../Middlewares/Third_Party/FreeRTOS/Source/include/ -I../Middlewares/Third_Party/FreeRTOS/Source/portable/GCC/ARM_CM33_NTZ/non_secure/ -I../Middlewares/Third_Party/FreeRTOS/Source/CMSIS_RTOS_V2/ -I../Middlewares/Third_Party/CMSIS/RTOS2/Include/ -I"/home/joakim-wennergren/Desktop/Smartwatch/Firmware/Bench/Drivers/lvgl" -O0 -ffunction-sections -fdata-sections -Wall -fstack-usage -fstack-usage -fcyclomatic-complexity -MMD -MP -MF"Drivers/lvgl/src/misc/lv_palette.d" -MT"Drivers/lvgl/src/misc/lv_palette.o" --specs=nano.specs -mfpu=fpv5-sp-d16 -mfloat-abi=hard -mthumb -o "Drivers/lvgl/src/misc/lv_palette.o"
arm-none-eabi-gcc "../Drivers/lvgl/src/misc/lv_profiler_builtin.c" -mcpu=cortex-m33 -std=gnu11 -g3 -DDEBUG -DUSE_HAL_DRIVER -DSTM32U575xx -c -I../Core/Inc -I../Drivers/STM32U5xx_HAL_Driver/Inc -I../Drivers/STM32U5xx_HAL_Driver/Inc/Legacy -I../Drivers/CMSIS/Device/ST/STM32U5xx/Include -I../Drivers/CMSIS/Include -I../Middlewares/Third_Party/FreeRTOS/Source/include/ -I../Middlewares/Third_Party/FreeRTOS/Source/portable/GCC/ARM_CM33_NTZ/non_secure/ -I../Middlewares/Third_Party/FreeRTOS/Source/CMSIS_RTOS_V2/ -I../Middlewares/Third_Party/CMSIS/RTOS2/Include/ -I"/home/joakim-wennergren/Desktop/Smartwatch/Firmware/Bench/Drivers/lvgl" -O0 -ffunction-sections -fdata-sections -Wall -fstack-usage -fstack-usage -fcyclomatic-complexity -MMD -MP -MF"Drivers/lvgl/src/misc/lv_profiler_builtin.d" -MT"Drivers/lvgl/src/misc/lv_profiler_builtin.o" --specs=nano.specs -mfpu=fpv5-sp-d16 -mfloat-abi=hard -mthumb -o "Drivers/lvgl/src/misc/lv_profiler_builtin.o"
arm-none-eabi-gcc "../Drivers/lvgl/src/misc/lv_rb.c" -mcpu=cortex-m33 -std=gnu11 -g3 -DDEBUG -DUSE_HAL_DRIVER -DSTM32U575xx -c -I../Core/Inc -I../Drivers/STM32U5xx_HAL_Driver/Inc -I../Drivers/STM32U5xx_HAL_Driver/Inc/Legacy -I../Drivers/CMSIS/Device/ST/STM32U5xx/Include -I../Drivers/CMSIS/Include -I../Middlewares/Third_Party/FreeRTOS/Source/include/ -I../Middlewares/Third_Party/FreeRTOS/Source/portable/GCC/ARM_CM33_NTZ/non_secure/ -I../Middlewares/Third_Party/FreeRTOS/Source/CMSIS_RTOS_V2/ -I../Middlewares/Third_Party/CMSIS/RTOS2/Include/ -I"/home/joakim-wennergren/Desktop/Smartwatch/Firmware/Bench/Drivers/lvgl" -O0 -ffunction-sections -fdata-sections -Wall -fstack-usage -fstack-usage -fcyclomatic-complexity -MMD -MP -MF"Drivers/lvgl/src/misc/lv_rb.d" -MT"Drivers/lvgl/src/misc/lv_rb.o" --specs=nano.specs -mfpu=fpv5-sp-d16 -mfloat-abi=hard -mthumb -o "Drivers/lvgl/src/misc/lv_rb.o"
arm-none-eabi-gcc "../Drivers/lvgl/src/misc/lv_style.c" -mcpu=cortex-m33 -std=gnu11 -g3 -DDEBUG -DUSE_HAL_DRIVER -DSTM32U575xx -c -I../Core/Inc -I../Drivers/STM32U5xx_HAL_Driver/Inc -I../Drivers/STM32U5xx_HAL_Driver/Inc/Legacy -I../Drivers/CMSIS/Device/ST/STM32U5xx/Include -I../Drivers/CMSIS/Include -I../Middlewares/Third_Party/FreeRTOS/Source/include/ -I../Middlewares/Third_Party/FreeRTOS/Source/portable/GCC/ARM_CM33_NTZ/non_secure/ -I../Middlewares/Third_Party/FreeRTOS/Source/CMSIS_RTOS_V2/ -I../Middlewares/Third_Party/CMSIS/RTOS2/Include/ -I"/home/joakim-wennergren/Desktop/Smartwatch/Firmware/Bench/Drivers/lvgl" -O0 -ffunction-sections -fdata-sections -Wall -fstack-usage -fstack-usage -fcyclomatic-complexity -MMD -MP -MF"Drivers/lvgl/src/misc/lv_style.d" -MT"Drivers/lvgl/src/misc/lv_style.o" --specs=nano.specs -mfpu=fpv5-sp-d16 -mfloat-abi=hard -mthumb -o "Drivers/lvgl/src/misc/lv_style.o"
arm-none-eabi-gcc "../Drivers/lvgl/src/misc/lv_style_gen.c" -mcpu=cortex-m33 -std=gnu11 -g3 -DDEBUG -DUSE_HAL_DRIVER -DSTM32U575xx -c -I../Core/Inc -I../Drivers/STM32U5xx_HAL_Driver/Inc -I../Drivers/STM32U5xx_HAL_Driver/Inc/Legacy -I../Drivers/CMSIS/Device/ST/STM32U5xx/Include -I../Drivers/CMSIS/Include -I../Middlewares/Third_Party/FreeRTOS/Source/include/ -I../Middlewares/Third_Party/FreeRTOS/Source/portable/GCC/ARM_CM33_NTZ/non_secure/ -I../Middlewares/Third_Party/FreeRTOS/Source/CMSIS_RTOS_V2/ -I../Middlewares/Third_Party/CMSIS/RTOS2/Include/ -I"/home/joakim-wennergren/Desktop/Smartwatch/Firmware/Bench/Drivers/lvgl" -O0 -ffunction-sections -fdata-sections -Wall -fstack-usage -fstack-usage -fcyclomatic-complexity -MMD -MP -MF"Drivers/lvgl/src/misc/lv_style_gen.d" -MT"Drivers/lvgl/src/misc/lv_style_gen.o" --specs=nano.specs -mfpu=fpv5-sp-d16 -mfloat-abi=hard -mthumb -o "Drivers/lvgl/src/misc/lv_style_gen.o"
arm-none-eabi-gcc "../Drivers/lvgl/src/misc/lv_templ.c" -mcpu=cortex-m33 -std=gnu11 -g3 -DDEBUG -DUSE_HAL_DRIVER -DSTM32U575xx -c -I../Core/Inc -I../Drivers/STM32U5xx_HAL_Driver/Inc -I../Drivers/STM32U5xx_HAL_Driver/Inc/Legacy -I../Drivers/CMSIS/Device/ST/STM32U5xx/Include -I../Drivers/CMSIS/Include -I../Middlewares/Third_Party/FreeRTOS/Source/include/ -I../Middlewares/Third_Party/FreeRTOS/Source/portable/GCC/ARM_CM33_NTZ/non_secure/ -I../Middlewares/Third_Party/FreeRTOS/Source/CMSIS_RTOS_V2/ -I../Middlewares/Third_Party/CMSIS/RTOS2/Include/ -I"/home/joakim-wennergren/Desktop/Smartwatch/Firmware/Bench/Drivers/lvgl" -O0 -ffunction-sections -fdata-sections -Wall -fstack-usage -fstack-usage -fcyclomatic-complexity -MMD -MP -MF"Drivers/lvgl/src/misc/lv_templ.d" -MT"Drivers/lvgl/src/misc/lv_templ.o" --specs=nano.specs -mfpu=fpv5-sp-d16 -mfloat-abi=hard -mthumb -o "Drivers/lvgl/src/misc/lv_templ.o"
arm-none-eabi-gcc "../Drivers/lvgl/src/misc/lv_text.c" -mcpu=cortex-m33 -std=gnu11 -g3 -DDEBUG -DUSE_HAL_DRIVER -DSTM32U575xx -c -I../Core/Inc -I../Drivers/STM32U5xx_HAL_Driver/Inc -I../Drivers/STM32U5xx_HAL_Driver/Inc/Legacy -I../Drivers/CMSIS/Device/ST/STM32U5xx/Include -I../Drivers/CMSIS/Include -I../Middlewares/Third_Party/FreeRTOS/Source/include/ -I../Middlewares/Third_Party/FreeRTOS/Source/portable/GCC/ARM_CM33_NTZ/non_secure/ -I../Middlewares/Third_Party/FreeRTOS/Source/CMSIS_RTOS_V2/ -I../Middlewares/Third_Party/CMSIS/RTOS2/Include/ -I"/home/joakim-wennergren/Desktop/Smartwatch/Firmware/Bench/Drivers/lvgl" -O0 -ffunction-sections -fdata-sections -Wall -fstack-usage -fstack-usage -fcyclomatic-complexity -MMD -MP -MF"Drivers/lvgl/src/misc/lv_text.d" -MT"Drivers/lvgl/src/misc/lv_text.o" --specs=nano.specs -mfpu=fpv5-sp-d16 -mfloat-abi=hard -mthumb -o "Drivers/lvgl/src/misc/lv_text.o"
arm-none-eabi-gcc "../Drivers/lvgl/src/misc/lv_text_ap.c" -mcpu=cortex-m33 -std=gnu11 -g3 -DDEBUG -DUSE_HAL_DRIVER -DSTM32U575xx -c -I../Core/Inc -I../Drivers/STM32U5xx_HAL_Driver/Inc -I../Drivers/STM32U5xx_HAL_Driver/Inc/Legacy -I../Drivers/CMSIS/Device/ST/STM32U5xx/Include -I../Drivers/CMSIS/Include -I../Middlewares/Third_Party/FreeRTOS/Source/include/ -I../Middlewares/Third_Party/FreeRTOS/Source/portable/GCC/ARM_CM33_NTZ/non_secure/ -I../Middlewares/Third_Party/FreeRTOS/Source/CMSIS_RTOS_V2/ -I../Middlewares/Third_Party/CMSIS/RTOS2/Include/ -I"/home/joakim-wennergren/Desktop/Smartwatch/Firmware/Bench/Drivers/lvgl" -O0 -ffunction-sections -fdata-sections -Wall -fstack-usage -fstack-usage -fcyclomatic-complexity -MMD -MP -MF"Drivers/lvgl/src/misc/lv_text_ap.d" -MT"Drivers/lvgl/src/misc/lv_text_ap.o" --specs=nano.specs -mfpu=fpv5-sp-d16 -mfloat-abi=hard -mthumb -o "Drivers/lvgl/src/misc/lv_text_ap.o"
arm-none-eabi-gcc "../Drivers/lvgl/src/misc/lv_timer.c" -mcpu=cortex-m33 -std=gnu11 -g3 -DDEBUG -DUSE_HAL_DRIVER -DSTM32U575xx -c -I../Core/Inc -I../Drivers/STM32U5xx_HAL_Driver/Inc -I../Drivers/STM32U5xx_HAL_Driver/Inc/Legacy -I../Drivers/CMSIS/Device/ST/STM32U5xx/Include -I../Drivers/CMSIS/Include -I../Middlewares/Third_Party/FreeRTOS/Source/include/ -I../Middlewares/Third_Party/FreeRTOS/Source/portable/GCC/ARM_CM33_NTZ/non_secure/ -I../Middlewares/Third_Party/FreeRTOS/Source/CMSIS_RTOS_V2/ -I../Middlewares/Third_Party/CMSIS/RTOS2/Include/ -I"/home/joakim-wennergren/Desktop/Smartwatch/Firmware/Bench/Drivers/lvgl" -O0 -ffunction-sections -fdata-sections -Wall -fstack-usage -fstack-usage -fcyclomatic-complexity -MMD -MP -MF"Drivers/lvgl/src/misc/lv_timer.d" -MT"Drivers/lvgl/src/misc/lv_timer.o" --specs=nano.specs -mfpu=fpv5-sp-d16 -mfloat-abi=hard -mthumb -o "Drivers/lvgl/src/misc/lv_timer.o"
arm-none-eabi-gcc "../Drivers/lvgl/src/misc/lv_tree.c" -mcpu=cortex-m33 -std=gnu11 -g3 -DDEBUG -DUSE_HAL_DRIVER -DSTM32U575xx -c -I../Core/Inc -I../Drivers/STM32U5xx_HAL_Driver/Inc -I../Drivers/STM32U5xx_HAL_Driver/Inc/Legacy -I../Drivers/CMSIS/Device/ST/STM32U5xx/Include -I../Drivers/CMSIS/Include -I../Middlewares/Third_Party/FreeRTOS/Source/include/ -I../Middlewares/Third_Party/FreeRTOS/Source/portable/GCC/ARM_CM33_NTZ/non_secure/ -I../Middlewares/Third_Party/FreeRTOS/Source/CMSIS_RTOS_V2/ -I../Middlewares/Third_Party/CMSIS/RTOS2/Include/ -I"/home/joakim-wennergren/Desktop/Smartwatch/Firmware/Bench/Drivers/lvgl" -O0 -ffunction-sections -fdata-sections -Wall -fstack-usage -fstack-usage -fcyclomatic-complexity -MMD -MP -MF"Drivers/lvgl/src/misc/lv_tree.d" -MT"Drivers/lvgl/src/misc/lv_tree.o" --specs=nano.specs -mfpu=fpv5-sp-d16 -mfloat-abi=hard -mthumb -o "Drivers/lvgl/src/misc/lv_tree.o"
arm-none-eabi-gcc "../Drivers/lvgl/src/misc/lv_utils.c" -mcpu=cortex-m33 -std=gnu11 -g3 -DDEBUG -DUSE_HAL_DRIVER -DSTM32U575xx -c -I../Core/Inc -I../Drivers/STM32U5xx_HAL_Driver/Inc -I../Drivers/STM32U5xx_HAL_Driver/Inc/Legacy -I../Drivers/CMSIS/Device/ST/STM32U5xx/Include -I../Drivers/CMSIS/Include -I../Middlewares/Third_Party/FreeRTOS/Source/include/ -I../Middlewares/Third_Party/FreeRTOS/Source/portable/GCC/ARM_CM33_NTZ/non_secure/ -I../Middlewares/Third_Party/FreeRTOS/Source/CMSIS_RTOS_V2/ -I../Middlewares/Third_Party/CMSIS/RTOS2/Include/ -I"/home/joakim-wennergren/Desktop/Smartwatch/Firmware/Bench/Drivers/lvgl" -O0 -ffunction-sections -fdata-sections -Wall -fstack-usage -fstack-usage -fcyclomatic-complexity -MMD -MP -MF"Drivers/lvgl/src/misc/lv_utils.d" -MT"Drivers/lvgl/src/misc/lv_utils.o" --specs=nano.specs -mfpu=fpv5-sp-d16 -mfloat-abi=hard -mthumb -o "Drivers/lvgl/src/misc/lv_utils.o"
arm-none-eabi-gcc "../Drivers/lvgl/src/libs/tjpgd/lv_tjpgd.c" -mcpu=cortex-m33 -std=gnu11 -g3 -DDEBUG -DUSE_HAL_DRIVER -DSTM32U575xx -c -I../Core/Inc -I../Drivers/STM32U5xx_HAL_Driver/Inc -I../Drivers/STM32U5xx_HAL_Driver/Inc/Legacy -I../Drivers/CMSIS/Device/ST/STM32U5xx/Include -I../Drivers/CMSIS/Include -I../Middlewares/Third_Party/FreeRTOS/Source/include/ -I../Middlewares/Third_Party/FreeRTOS/Source/portable/GCC/ARM_CM33_NTZ/non_secure/ -I../Middlewares/Third_Party/FreeRTOS/Source/CMSIS_RTOS_V2/ -I../Middlewares/Third_Party/CMSIS/RTOS2/Include/ -I"/home/joakim-wennergren/Desktop/Smartwatch/Firmware/Bench/Drivers/lvgl" -O0 -ffunction-sections -fdata-sections -Wall -fstack-usage -fstack-usage -fcyclomatic-complexity -MMD -MP -MF"Drivers/lvgl/src/libs/tjpgd/lv_tjpgd.d" -MT"Drivers/lvgl/src/libs/tjpgd/lv_tjpgd.o" --specs=nano.specs -mfpu=fpv5-sp-d16 -mfloat-abi=hard -mthumb -o "Drivers/lvgl/src/libs/tjpgd/lv_tjpgd.o"
arm-none-eabi-gcc "../Drivers/lvgl/src/libs/tjpgd/tjpgd.c" -mcpu=cortex-m33 -std=gnu11 -g3 -DDEBUG -DUSE_HAL_DRIVER -DSTM32U575xx -c -I../Core/Inc -I../Drivers/STM32U5xx_HAL_Driver/Inc -I../Drivers/STM32U5xx_HAL_Driver/Inc/Legacy -I../Drivers/CMSIS/Device/ST/STM32U5xx/Include -I../Drivers/CMSIS/Include -I../Middlewares/Third_Party/FreeRTOS/Source/include/ -I../Middlewares/Third_Party/FreeRTOS/Source/portable/GCC/ARM_CM33_NTZ/non_secure/ -I../Middlewares/Third_Party/FreeRTOS/Source/CMSIS_RTOS_V2/ -I../Middlewares/Third_Party/CMSIS/RTOS2/Include/ -I"/home/joakim-wennergren/Desktop/Smartwatch/Firmware/Bench/Drivers/lvgl" -O0 -ffunction-sections -fdata-sections -Wall -fstack-usage -fstack-usage -fcyclomatic-complexity -MMD -MP -MF"Drivers/lvgl/src/libs/tjpgd/tjpgd.d" -MT"Drivers/lvgl/src/libs/tjpgd/tjpgd.o" --specs=nano.specs -mfpu=fpv5-sp-d16 -mfloat-abi=hard -mthumb -o "Drivers/lvgl/src/libs/tjpgd/tjpgd.o"
arm-none-eabi-gcc "../Drivers/lvgl/src/libs/tiny_ttf/lv_tiny_ttf.c" -mcpu=cortex-m33 -std=gnu11 -g3 -DDEBUG -DUSE_HAL_DRIVER -DSTM32U575xx -c -I../Core/Inc -I../Drivers/STM32U5xx_HAL_Driver/Inc -I../Drivers/STM32U5xx_HAL_Driver/Inc/Legacy -I../Drivers/CMSIS/Device/ST/STM32U5xx/Include -I../Drivers/CMSIS/Include -I../Middlewares/Third_Party/FreeRTOS/Source/include/ -I../Middlewares/Third_Party/FreeRTOS/Source/portable/GCC/ARM_CM33_NTZ/non_secure/ -I../Middlewares/Third_Party/FreeRTOS/Source/CMSIS_RTOS_V2/ -I../Middlewares/Third_Party/CMSIS/RTOS2/Include/ -I"/home/joakim-wennergren/Desktop/Smartwatch/Firmware/Bench/Drivers/lvgl" -O0 -ffunction-sections -fdata-sections -Wall -fstack-usage -fstack-usage -fcyclomatic-complexity -MMD -MP -MF"Drivers/lvgl/src/libs/tiny_ttf/lv_tiny_ttf.d" -MT"Drivers/lvgl/src/libs/tiny_ttf/lv_tiny_ttf.o" --specs=nano.specs -mfpu=fpv5-sp-d16 -mfloat-abi=hard -mthumb -o "Drivers/lvgl/src/libs/tiny_ttf/lv_tiny_ttf.o"
arm-none-eabi-gcc "../Drivers/lvgl/src/libs/svg/lv_svg.c" -mcpu=cortex-m33 -std=gnu11 -g3 -DDEBUG -DUSE_HAL_DRIVER -DSTM32U575xx -c -I../Core/Inc -I../Drivers/STM32U5xx_HAL_Driver/Inc -I../Drivers/STM32U5xx_HAL_Driver/Inc/Legacy -I../Drivers/CMSIS/Device/ST/STM32U5xx/Include -I../Drivers/CMSIS/Include -I../Middlewares/Third_Party/FreeRTOS/Source/include/ -I../Middlewares/Third_Party/FreeRTOS/Source/portable/GCC/ARM_CM33_NTZ/non_secure/ -I../Middlewares/Third_Party/FreeRTOS/Source/CMSIS_RTOS_V2/ -I../Middlewares/Third_Party/CMSIS/RTOS2/Include/ -I"/home/joakim-wennergren/Desktop/Smartwatch/Firmware/Bench/Drivers/lvgl" -O0 -ffunction-sections -fdata-sections -Wall -fstack-usage -fstack-usage -fcyclomatic-complexity -MMD -MP -MF"Drivers/lvgl/src/libs/svg/lv_svg.d" -MT"Drivers/lvgl/src/libs/svg/lv_svg.o" --specs=nano.specs -mfpu=fpv5-sp-d16 -mfloat-abi=hard -mthumb -o "Drivers/lvgl/src/libs/svg/lv_svg.o"
arm-none-eabi-gcc "../Drivers/lvgl/src/libs/svg/lv_svg_decoder.c" -mcpu=cortex-m33 -std=gnu11 -g3 -DDEBUG -DUSE_HAL_DRIVER -DSTM32U575xx -c -I../Core/Inc -I../Drivers/STM32U5xx_HAL_Driver/Inc -I../Drivers/STM32U5xx_HAL_Driver/Inc/Legacy -I../Drivers/CMSIS/Device/ST/STM32U5xx/Include -I../Drivers/CMSIS/Include -I../Middlewares/Third_Party/FreeRTOS/Source/include/ -I../Middlewares/Third_Party/FreeRTOS/Source/portable/GCC/ARM_CM33_NTZ/non_secure/ -I../Middlewares/Third_Party/FreeRTOS/Source/CMSIS_RTOS_V2/ -I../Middlewares/Third_Party/CMSIS/RTOS2/Include/ -I"/home/joakim-wennergren/Desktop/Smartwatch/Firmware/Bench/Drivers/lvgl" -O0 -ffunction-sections -fdata-sections -Wall -fstack-usage -fstack-usage -fcyclomatic-complexity -MMD -MP -MF"Drivers/lvgl/src/libs/svg/lv_svg_decoder.d" -MT"Drivers/lvgl/src/libs/svg/lv_svg_decoder.o" --specs=nano.specs -mfpu=fpv5-sp-d16 -mfloat-abi=hard -mthumb -o "Drivers/lvgl/src/libs/svg/lv_svg_decoder.o"
arm-none-eabi-gcc "../Drivers/lvgl/src/libs/svg/lv_svg_parser.c" -mcpu=cortex-m33 -std=gnu11 -g3 -DDEBUG -DUSE_HAL_DRIVER -DSTM32U575xx -c -I../Core/Inc -I../Drivers/STM32U5xx_HAL_Driver/Inc -I../Drivers/STM32U5xx_HAL_Driver/Inc/Legacy -I../Drivers/CMSIS/Device/ST/STM32U5xx/Include -I../Drivers/CMSIS/Include -I../Middlewares/Third_Party/FreeRTOS/Source/include/ -I../Middlewares/Third_Party/FreeRTOS/Source/portable/GCC/ARM_CM33_NTZ/non_secure/ -I../Middlewares/Third_Party/FreeRTOS/Source/CMSIS_RTOS_V2/ -I../Middlewares/Third_Party/CMSIS/RTOS2/Include/ -I"/home/joakim-wennergren/Desktop/Smartwatch/Firmware/Bench/Drivers/lvgl" -O0 -ffunction-sections -fdata-sections -Wall -fstack-usage -fstack-usage -fcyclomatic-complexity -MMD -MP -MF"Drivers/lvgl/src/libs/svg/lv_svg_parser.d" -MT"Drivers/lvgl/src/libs/svg/lv_svg_parser.o" --specs=nano.specs -mfpu=fpv5-sp-d16 -mfloat-abi=hard -mthumb -o "Drivers/lvgl/src/libs/svg/lv_svg_parser.o"
arm-none-eabi-gcc "../Drivers/lvgl/src/libs/svg/lv_svg_render.c" -mcpu=cortex-m33 -std=gnu11 -g3 -DDEBUG -DUSE_HAL_DRIVER -DSTM32U575xx -c -I../Core/Inc -I../Drivers/STM32U5xx_HAL_Driver/Inc -I../Drivers/STM32U5xx_HAL_Driver/Inc/Legacy -I../Drivers/CMSIS/Device/ST/STM32U5xx/Include -I../Drivers/CMSIS/Include -I../Middlewares/Third_Party/FreeRTOS/Source/include/ -I../Middlewares/Third_Party/FreeRTOS/Source/portable/GCC/ARM_CM33_NTZ/non_secure/ -I../Middlewares/Third_Party/FreeRTOS/Source/CMSIS_RTOS_V2/ -I../Middlewares/Third_Party/CMSIS/RTOS2/Include/ -I"/home/joakim-wennergren/Desktop/Smartwatch/Firmware/Bench/Drivers/lvgl" -O0 -ffunction-sections -fdata-sections -Wall -fstack-usage -fstack-usage -fcyclomatic-complexity -MMD -MP -MF"Drivers/lvgl/src/libs/svg/lv_svg_render.d" -MT"Drivers/lvgl/src/libs/svg/lv_svg_render.o" --specs=nano.specs -mfpu=fpv5-sp-d16 -mfloat-abi=hard -mthumb -o "Drivers/lvgl/src/libs/svg/lv_svg_render.o"
arm-none-eabi-gcc "../Drivers/lvgl/src/libs/svg/lv_svg_token.c" -mcpu=cortex-m33 -std=gnu11 -g3 -DDEBUG -DUSE_HAL_DRIVER -DSTM32U575xx -c -I../Core/Inc -I../Drivers/STM32U5xx_HAL_Driver/Inc -I../Drivers/STM32U5xx_HAL_Driver/Inc/Legacy -I../Drivers/CMSIS/Device/ST/STM32U5xx/Include -I../Drivers/CMSIS/Include -I../Middlewares/Third_Party/FreeRTOS/Source/include/ -I../Middlewares/Third_Party/FreeRTOS/Source/portable/GCC/ARM_CM33_NTZ/non_secure/ -I../Middlewares/Third_Party/FreeRTOS/Source/CMSIS_RTOS_V2/ -I../Middlewares/Third_Party/CMSIS/RTOS2/Include/ -I"/home/joakim-wennergren/Desktop/Smartwatch/Firmware/Bench/Drivers/lvgl" -O0 -ffunction-sections -fdata-sections -Wall -fstack-usage -fstack-usage -fcyclomatic-complexity -MMD -MP -MF"Drivers/lvgl/src/libs/svg/lv_svg_token.d" -MT"Drivers/lvgl/src/libs/svg/lv_svg_token.o" --specs=nano.specs -mfpu=fpv5-sp-d16 -mfloat-abi=hard -mthumb -o "Drivers/lvgl/src/libs/svg/lv_svg_token.o"
arm-none-eabi-gcc "../Drivers/lvgl/src/libs/rlottie/lv_rlottie.c" -mcpu=cortex-m33 -std=gnu11 -g3 -DDEBUG -DUSE_HAL_DRIVER -DSTM32U575xx -c -I../Core/Inc -I../Drivers/STM32U5xx_HAL_Driver/Inc -I../Drivers/STM32U5xx_HAL_Driver/Inc/Legacy -I../Drivers/CMSIS/Device/ST/STM32U5xx/Include -I../Drivers/CMSIS/Include -I../Middlewares/Third_Party/FreeRTOS/Source/include/ -I../Middlewares/Third_Party/FreeRTOS/Source/portable/GCC/ARM_CM33_NTZ/non_secure/ -I../Middlewares/Third_Party/FreeRTOS/Source/CMSIS_RTOS_V2/ -I../Middlewares/Third_Party/CMSIS/RTOS2/Include/ -I"/home/joakim-wennergren/Desktop/Smartwatch/Firmware/Bench/Drivers/lvgl" -O0 -ffunction-sections -fdata-sections -Wall -fstack-usage -fstack-usage -fcyclomatic-complexity -MMD -MP -MF"Drivers/lvgl/src/libs/rlottie/lv_rlottie.d" -MT"Drivers/lvgl/src/libs/rlottie/lv_rlottie.o" --specs=nano.specs -mfpu=fpv5-sp-d16 -mfloat-abi=hard -mthumb -o "Drivers/lvgl/src/libs/rlottie/lv_rlottie.o"
arm-none-eabi-gcc "../Drivers/lvgl/src/libs/rle/lv_rle.c" -mcpu=cortex-m33 -std=gnu11 -g3 -DDEBUG -DUSE_HAL_DRIVER -DSTM32U575xx -c -I../Core/Inc -I../Drivers/STM32U5xx_HAL_Driver/Inc -I../Drivers/STM32U5xx_HAL_Driver/Inc/Legacy -I../Drivers/CMSIS/Device/ST/STM32U5xx/Include -I../Drivers/CMSIS/Include -I../Middlewares/Third_Party/FreeRTOS/Source/include/ -I../Middlewares/Third_Party/FreeRTOS/Source/portable/GCC/ARM_CM33_NTZ/non_secure/ -I../Middlewares/Third_Party/FreeRTOS/Source/CMSIS_RTOS_V2/ -I../Middlewares/Third_Party/CMSIS/RTOS2/Include/ -I"/home/joakim-wennergren/Desktop/Smartwatch/Firmware/Bench/Drivers/lvgl" -O0 -ffunction-sections -fdata-sections -Wall -fstack-usage -fstack-usage -fcyclomatic-complexity -MMD -MP -MF"Drivers/lvgl/src/libs/rle/lv_rle.d" -MT"Drivers/lvgl/src/libs/rle/lv_rle.o" --specs=nano.specs -mfpu=fpv5-sp-d16 -mfloat-abi=hard -mthumb -o "Drivers/lvgl/src/libs/rle/lv_rle.o"
arm-none-eabi-gcc "../Drivers/lvgl/src/libs/qrcode/lv_qrcode.c" -mcpu=cortex-m33 -std=gnu11 -g3 -DDEBUG -DUSE_HAL_DRIVER -DSTM32U575xx -c -I../Core/Inc -I../Drivers/STM32U5xx_HAL_Driver/Inc -I../Drivers/STM32U5xx_HAL_Driver/Inc/Legacy -I../Drivers/CMSIS/Device/ST/STM32U5xx/Include -I../Drivers/CMSIS/Include -I../Middlewares/Third_Party/FreeRTOS/Source/include/ -I../Middlewares/Third_Party/FreeRTOS/Source/portable/GCC/ARM_CM33_NTZ/non_secure/ -I../Middlewares/Third_Party/FreeRTOS/Source/CMSIS_RTOS_V2/ -I../Middlewares/Third_Party/CMSIS/RTOS2/Include/ -I"/home/joakim-wennergren/Desktop/Smartwatch/Firmware/Bench/Drivers/lvgl" -O0 -ffunction-sections -fdata-sections -Wall -fstack-usage -fstack-usage -fcyclomatic-complexity -MMD -MP -MF"Drivers/lvgl/src/libs/qrcode/lv_qrcode.d" -MT"Drivers/lvgl/src/libs/qrcode/lv_qrcode.o" --specs=nano.specs -mfpu=fpv5-sp-d16 -mfloat-abi=hard -mthumb -o "Drivers/lvgl/src/libs/qrcode/lv_qrcode.o"
arm-none-eabi-gcc "../Drivers/lvgl/src/libs/qrcode/qrcodegen.c" -mcpu=cortex-m33 -std=gnu11 -g3 -DDEBUG -DUSE_HAL_DRIVER -DSTM32U575xx -c -I../Core/Inc -I../Drivers/STM32U5xx_HAL_Driver/Inc -I../Drivers/STM32U5xx_HAL_Driver/Inc/Legacy -I../Drivers/CMSIS/Device/ST/STM32U5xx/Include -I../Drivers/CMSIS/Include -I../Middlewares/Third_Party/FreeRTOS/Source/include/ -I../Middlewares/Third_Party/FreeRTOS/Source/portable/GCC/ARM_CM33_NTZ/non_secure/ -I../Middlewares/Third_Party/FreeRTOS/Source/CMSIS_RTOS_V2/ -I../Middlewares/Third_Party/CMSIS/RTOS2/Include/ -I"/home/joakim-wennergren/Desktop/Smartwatch/Firmware/Bench/Drivers/lvgl" -O0 -ffunction-sections -fdata-sections -Wall -fstack-usage -fstack-usage -fcyclomatic-complexity -MMD -MP -MF"Drivers/lvgl/src/libs/qrcode/qrcodegen.d" -MT"Drivers/lvgl/src/libs/qrcode/qrcodegen.o" --specs=nano.specs -mfpu=fpv5-sp-d16 -mfloat-abi=hard -mthumb -o "Drivers/lvgl/src/libs/qrcode/qrcodegen.o"
arm-none-eabi-gcc "../Drivers/lvgl/src/libs/lz4/lz4.c" -mcpu=cortex-m33 -std=gnu11 -g3 -DDEBUG -DUSE_HAL_DRIVER -DSTM32U575xx -c -I../Core/Inc -I../Drivers/STM32U5xx_HAL_Driver/Inc -I../Drivers/STM32U5xx_HAL_Driver/Inc/Legacy -I../Drivers/CMSIS/Device/ST/STM32U5xx/Include -I../Drivers/CMSIS/Include -I../Middlewares/Third_Party/FreeRTOS/Source/include/ -I../Middlewares/Third_Party/FreeRTOS/Source/portable/GCC/ARM_CM33_NTZ/non_secure/ -I../Middlewares/Third_Party/FreeRTOS/Source/CMSIS_RTOS_V2/ -I../Middlewares/Third_Party/CMSIS/RTOS2/Include/ -I"/home/joakim-wennergren/Desktop/Smartwatch/Firmware/Bench/Drivers/lvgl" -O0 -ffunction-sections -fdata-sections -Wall -fstack-usage -fstack-usage -fcyclomatic-complexity -MMD -MP -MF"Drivers/lvgl/src/libs/lz4/lz4.d" -MT"Drivers/lvgl/src/libs/lz4/lz4.o" --specs=nano.specs -mfpu=fpv5-sp-d16 -mfloat-abi=hard -mthumb -o "Drivers/lvgl/src/libs/lz4/lz4.o"
arm-none-eabi-gcc "../Drivers/lvgl/src/libs/lodepng/lodepng.c" -mcpu=cortex-m33 -std=gnu11 -g3 -DDEBUG -DUSE_HAL_DRIVER -DSTM32U575xx -c -I../Core/Inc -I../Drivers/STM32U5xx_HAL_Driver/Inc -I../Drivers/STM32U5xx_HAL_Driver/Inc/Legacy -I../Drivers/CMSIS/Device/ST/STM32U5xx/Include -I../Drivers/CMSIS/Include -I../Middlewares/Third_Party/FreeRTOS/Source/include/ -I../Middlewares/Third_Party/FreeRTOS/Source/portable/GCC/ARM_CM33_NTZ/non_secure/ -I../Middlewares/Third_Party/FreeRTOS/Source/CMSIS_RTOS_V2/ -I../Middlewares/Third_Party/CMSIS/RTOS2/Include/ -I"/home/joakim-wennergren/Desktop/Smartwatch/Firmware/Bench/Drivers/lvgl" -O0 -ffunction-sections -fdata-sections -Wall -fstack-usage -fstack-usage -fcyclomatic-complexity -MMD -MP -MF"Drivers/lvgl/src/libs/lodepng/lodepng.d" -MT"Drivers/lvgl/src/libs/lodepng/lodepng.o" --specs=nano.specs -mfpu=fpv5-sp-d16 -mfloat-abi=hard -mthumb -o "Drivers/lvgl/src/libs/lodepng/lodepng.o"
arm-none-eabi-gcc "../Drivers/lvgl/src/libs/lodepng/lv_lodepng.c" -mcpu=cortex-m33 -std=gnu11 -g3 -DDEBUG -DUSE_HAL_DRIVER -DSTM32U575xx -c -I../Core/Inc -I../Drivers/STM32U5xx_HAL_Driver/Inc -I../Drivers/STM32U5xx_HAL_Driver/Inc/Legacy -I../Drivers/CMSIS/Device/ST/STM32U5xx/Include -I../Drivers/CMSIS/Include -I../Middlewares/Third_Party/FreeRTOS/Source/include/ -I../Middlewares/Third_Party/FreeRTOS/Source/portable/GCC/ARM_CM33_NTZ/non_secure/ -I../Middlewares/Third_Party/FreeRTOS/Source/CMSIS_RTOS_V2/ -I../Middlewares/Third_Party/CMSIS/RTOS2/Include/ -I"/home/joakim-wennergren/Desktop/Smartwatch/Firmware/Bench/Drivers/lvgl" -O0 -ffunction-sections -fdata-sections -Wall -fstack-usage -fstack-usage -fcyclomatic-complexity -MMD -MP -MF"Drivers/lvgl/src/libs/lodepng/lv_lodepng.d" -MT"Drivers/lvgl/src/libs/lodepng/lv_lodepng.o" --specs=nano.specs -mfpu=fpv5-sp-d16 -mfloat-abi=hard -mthumb -o "Drivers/lvgl/src/libs/lodepng/lv_lodepng.o"
arm-none-eabi-gcc "../Drivers/lvgl/src/libs/libpng/lv_libpng.c" -mcpu=cortex-m33 -std=gnu11 -g3 -DDEBUG -DUSE_HAL_DRIVER -DSTM32U575xx -c -I../Core/Inc -I../Drivers/STM32U5xx_HAL_Driver/Inc -I../Drivers/STM32U5xx_HAL_Driver/Inc/Legacy -I../Drivers/CMSIS/Device/ST/STM32U5xx/Include -I../Drivers/CMSIS/Include -I../Middlewares/Third_Party/FreeRTOS/Source/include/ -I../Middlewares/Third_Party/FreeRTOS/Source/portable/GCC/ARM_CM33_NTZ/non_secure/ -I../Middlewares/Third_Party/FreeRTOS/Source/CMSIS_RTOS_V2/ -I../Middlewares/Third_Party/CMSIS/RTOS2/Include/ -I"/home/joakim-wennergren/Desktop/Smartwatch/Firmware/Bench/Drivers/lvgl" -O0 -ffunction-sections -fdata-sections -Wall -fstack-usage -fstack-usage -fcyclomatic-complexity -MMD -MP -MF"Drivers/lvgl/src/libs/libpng/lv_libpng.d" -MT"Drivers/lvgl/src/libs/libpng/lv_libpng.o" --specs=nano.specs -mfpu=fpv5-sp-d16 -mfloat-abi=hard -mthumb -o "Drivers/lvgl/src/libs/libpng/lv_libpng.o"
arm-none-eabi-gcc "../Drivers/lvgl/src/libs/libjpeg_turbo/lv_libjpeg_turbo.c" -mcpu=cortex-m33 -std=gnu11 -g3 -DDEBUG -DUSE_HAL_DRIVER -DSTM32U575xx -c -I../Core/Inc -I../Drivers/STM32U5xx_HAL_Driver/Inc -I../Drivers/STM32U5xx_HAL_Driver/Inc/Legacy -I../Drivers/CMSIS/Device/ST/STM32U5xx/Include -I../Drivers/CMSIS/Include -I../Middlewares/Third_Party/FreeRTOS/Source/include/ -I../Middlewares/Third_Party/FreeRTOS/Source/portable/GCC/ARM_CM33_NTZ/non_secure/ -I../Middlewares/Third_Party/FreeRTOS/Source/CMSIS_RTOS_V2/ -I../Middlewares/Third_Party/CMSIS/RTOS2/Include/ -I"/home/joakim-wennergren/Desktop/Smartwatch/Firmware/Bench/Drivers/lvgl" -O0 -ffunction-sections -fdata-sections -Wall -fstack-usage -fstack-usage -fcyclomatic-complexity -MMD -MP -MF"Drivers/lvgl/src/libs/libjpeg_turbo/lv_libjpeg_turbo.d" -MT"Drivers/lvgl/src/libs/libjpeg_turbo/lv_libjpeg_turbo.o" --specs=nano.specs -mfpu=fpv5-sp-d16 -mfloat-abi=hard -mthumb -o "Drivers/lvgl/src/libs/libjpeg_turbo/lv_libjpeg_turbo.o"
arm-none-eabi-gcc "../Drivers/lvgl/src/libs/gif/gifdec.c" -mcpu=cortex-m33 -std=gnu11 -g3 -DDEBUG -DUSE_HAL_DRIVER -DSTM32U575xx -c -I../Core/Inc -I../Drivers/STM32U5xx_HAL_Driver/Inc -I../Drivers/STM32U5xx_HAL_Driver/Inc/Legacy -I../Drivers/CMSIS/Device/ST/STM32U5xx/Include -I../Drivers/CMSIS/Include -I../Middlewares/Third_Party/FreeRTOS/Source/include/ -I../Middlewares/Third_Party/FreeRTOS/Source/portable/GCC/ARM_CM33_NTZ/non_secure/ -I../Middlewares/Third_Party/FreeRTOS/Source/CMSIS_RTOS_V2/ -I../Middlewares/Third_Party/CMSIS/RTOS2/Include/ -I"/home/joakim-wennergren/Desktop/Smartwatch/Firmware/Bench/Drivers/lvgl" -O0 -ffunction-sections -fdata-sections -Wall -fstack-usage -fstack-usage -fcyclomatic-complexity -MMD -MP -MF"Drivers/lvgl/src/libs/gif/gifdec.d" -MT"Drivers/lvgl/src/libs/gif/gifdec.o" --specs=nano.specs -mfpu=fpv5-sp-d16 -mfloat-abi=hard -mthumb -o "Drivers/lvgl/src/libs/gif/gifdec.o"
arm-none-eabi-gcc "../Drivers/lvgl/src/libs/gif/lv_gif.c" -mcpu=cortex-m33 -std=gnu11 -g3 -DDEBUG -DUSE_HAL_DRIVER -DSTM32U575xx -c -I../Core/Inc -I../Drivers/STM32U5xx_HAL_Driver/Inc -I../Drivers/STM32U5xx_HAL_Driver/Inc/Legacy -I../Drivers/CMSIS/Device/ST/STM32U5xx/Include -I../Drivers/CMSIS/Include -I../Middlewares/Third_Party/FreeRTOS/Source/include/ -I../Middlewares/Third_Party/FreeRTOS/Source/portable/GCC/ARM_CM33_NTZ/non_secure/ -I../Middlewares/Third_Party/FreeRTOS/Source/CMSIS_RTOS_V2/ -I../Middlewares/Third_Party/CMSIS/RTOS2/Include/ -I"/home/joakim-wennergren/Desktop/Smartwatch/Firmware/Bench/Drivers/lvgl" -O0 -ffunction-sections -fdata-sections -Wall -fstack-usage -fstack-usage -fcyclomatic-complexity -MMD -MP -MF"Drivers/lvgl/src/libs/gif/lv_gif.d" -MT"Drivers/lvgl/src/libs/gif/lv_gif.o" --specs=nano.specs -mfpu=fpv5-sp-d16 -mfloat-abi=hard -mthumb -o "Drivers/lvgl/src/libs/gif/lv_gif.o"
arm-none-eabi-gcc "../Drivers/lvgl/src/libs/fsdrv/lv_fs_cbfs.c" -mcpu=cortex-m33 -std=gnu11 -g3 -DDEBUG -DUSE_HAL_DRIVER -DSTM32U575xx -c -I../Core/Inc -I../Drivers/STM32U5xx_HAL_Driver/Inc -I../Drivers/STM32U5xx_HAL_Driver/Inc/Legacy -I../Drivers/CMSIS/Device/ST/STM32U5xx/Include -I../Drivers/CMSIS/Include -I../Middlewares/Third_Party/FreeRTOS/Source/include/ -I../Middlewares/Third_Party/FreeRTOS/Source/portable/GCC/ARM_CM33_NTZ/non_secure/ -I../Middlewares/Third_Party/FreeRTOS/Source/CMSIS_RTOS_V2/ -I../Middlewares/Third_Party/CMSIS/RTOS2/Include/ -I"/home/joakim-wennergren/Desktop/Smartwatch/Firmware/Bench/Drivers/lvgl" -O0 -ffunction-sections -fdata-sections -Wall -fstack-usage -fstack-usage -fcyclomatic-complexity -MMD -MP -MF"Drivers/lvgl/src/libs/fsdrv/lv_fs_cbfs.d" -MT"Drivers/lvgl/src/libs/fsdrv/lv_fs_cbfs.o" --specs=nano.specs -mfpu=fpv5-sp-d16 -mfloat-abi=hard -mthumb -o "Drivers/lvgl/src/libs/fsdrv/lv_fs_cbfs.o"
arm-none-eabi-gcc "../Drivers/lvgl/src/libs/fsdrv/lv_fs_fatfs.c" -mcpu=cortex-m33 -std=gnu11 -g3 -DDEBUG -DUSE_HAL_DRIVER -DSTM32U575xx -c -I../Core/Inc -I../Drivers/STM32U5xx_HAL_Driver/Inc -I../Drivers/STM32U5xx_HAL_Driver/Inc/Legacy -I../Drivers/CMSIS/Device/ST/STM32U5xx/Include -I../Drivers/CMSIS/Include -I../Middlewares/Third_Party/FreeRTOS/Source/include/ -I../Middlewares/Third_Party/FreeRTOS/Source/portable/GCC/ARM_CM33_NTZ/non_secure/ -I../Middlewares/Third_Party/FreeRTOS/Source/CMSIS_RTOS_V2/ -I../Middlewares/Third_Party/CMSIS/RTOS2/Include/ -I"/home/joakim-wennergren/Desktop/Smartwatch/Firmware/Bench/Drivers/lvgl" -O0 -ffunction-sections -fdata-sections -Wall -fstack-usage -fstack-usage -fcyclomatic-complexity -MMD -MP -MF"Drivers/lvgl/src/libs/fsdrv/lv_fs_fatfs.d" -MT"Drivers/lvgl/src/libs/fsdrv/lv_fs_fatfs.o" --specs=nano.specs -mfpu=fpv5-sp-d16 -mfloat-abi=hard -mthumb -o "Drivers/lvgl/src/libs/fsdrv/lv_fs_fatfs.o"
arm-none-eabi-gcc "../Drivers/lvgl/src/libs/fsdrv/lv_fs_littlefs.c" -mcpu=cortex-m33 -std=gnu11 -g3 -DDEBUG -DUSE_HAL_DRIVER -DSTM32U575xx -c -I../Core/Inc -I../Drivers/STM32U5xx_HAL_Driver/Inc -I../Drivers/STM32U5xx_HAL_Driver/Inc/Legacy -I../Drivers/CMSIS/Device/ST/STM32U5xx/Include -I../Drivers/CMSIS/Include -I../Middlewares/Third_Party/FreeRTOS/Source/include/ -I../Middlewares/Third_Party/FreeRTOS/Source/portable/GCC/ARM_CM33_NTZ/non_secure/ -I../Middlewares/Third_Party/FreeRTOS/Source/CMSIS_RTOS_V2/ -I../Middlewares/Third_Party/CMSIS/RTOS2/Include/ -I"/home/joakim-wennergren/Desktop/Smartwatch/Firmware/Bench/Drivers/lvgl" -O0 -ffunction-sections -fdata-sections -Wall -fstack-usage -fstack-usage -fcyclomatic-complexity -MMD -MP -MF"Drivers/lvgl/src/libs/fsdrv/lv_fs_littlefs.d" -MT"Drivers/lvgl/src/libs/fsdrv/lv_fs_littlefs.o" --specs=nano.specs -mfpu=fpv5-sp-d16 -mfloat-abi=hard -mthumb -o "Drivers/lvgl/src/libs/fsdrv/lv_fs_littlefs.o"
arm-none-eabi-gcc "../Drivers/lvgl/src/libs/fsdrv/lv_fs_memfs.c" -mcpu=cortex-m33 -std=gnu11 -g3 -DDEBUG -DUSE_HAL_DRIVER -DSTM32U575xx -c -I../Core/Inc -I../Drivers/STM32U5xx_HAL_Driver/Inc -I../Drivers/STM32U5xx_HAL_Driver/Inc/Legacy -I../Drivers/CMSIS/Device/ST/STM32U5xx/Include -I../Drivers/CMSIS/Include -I../Middlewares/Third_Party/FreeRTOS/Source/include/ -I../Middlewares/Third_Party/FreeRTOS/Source/portable/GCC/ARM_CM33_NTZ/non_secure/ -I../Middlewares/Third_Party/FreeRTOS/Source/CMSIS_RTOS_V2/ -I../Middlewares/Third_Party/CMSIS/RTOS2/Include/ -I"/home/joakim-wennergren/Desktop/Smartwatch/Firmware/Bench/Drivers/lvgl" -O0 -ffunction-sections -fdata-sections -Wall -fstack-usage -fstack-usage -fcyclomatic-complexity -MMD -MP -MF"Drivers/lvgl/src/libs/fsdrv/lv_fs_memfs.d" -MT"Drivers/lvgl/src/libs/fsdrv/lv_fs_memfs.o" --specs=nano.specs -mfpu=fpv5-sp-d16 -mfloat-abi=hard -mthumb -o "Drivers/lvgl/src/libs/fsdrv/lv_fs_memfs.o"
arm-none-eabi-gcc "../Drivers/lvgl/src/libs/fsdrv/lv_fs_posix.c" -mcpu=cortex-m33 -std=gnu11 -g3 -DDEBUG -DUSE_HAL_DRIVER -DSTM32U575xx -c -I../Core/Inc -I../Drivers/STM32U5xx_HAL_Driver/Inc -I../Drivers/STM32U5xx_HAL_Driver/Inc/Legacy -I../Drivers/CMSIS/Device/ST/STM32U5xx/Include -I../Drivers/CMSIS/Include -I../Middlewares/Third_Party/FreeRTOS/Source/include/ -I../Middlewares/Third_Party/FreeRTOS/Source/portable/GCC/ARM_CM33_NTZ/non_secure/ -I../Middlewares/Third_Party/FreeRTOS/Source/CMSIS_RTOS_V2/ -I../Middlewares/Third_Party/CMSIS/RTOS2/Include/ -I"/home/joakim-wennergren/Desktop/Smartwatch/Firmware/Bench/Drivers/lvgl" -O0 -ffunction-sections -fdata-sections -Wall -fstack-usage -fstack-usage -fcyclomatic-complexity -MMD -MP -MF"Drivers/lvgl/src/libs/fsdrv/lv_fs_posix.d" -MT"Drivers/lvgl/src/libs/fsdrv/lv_fs_posix.o" --specs=nano.specs -mfpu=fpv5-sp-d16 -mfloat-abi=hard -mthumb -o "Drivers/lvgl/src/libs/fsdrv/lv_fs_posix.o"
arm-none-eabi-gcc "../Drivers/lvgl/src/libs/fsdrv/lv_fs_stdio.c" -mcpu=cortex-m33 -std=gnu11 -g3 -DDEBUG -DUSE_HAL_DRIVER -DSTM32U575xx -c -I../Core/Inc -I../Drivers/STM32U5xx_HAL_Driver/Inc -I../Drivers/STM32U5xx_HAL_Driver/Inc/Legacy -I../Drivers/CMSIS/Device/ST/STM32U5xx/Include -I../Drivers/CMSIS/Include -I../Middlewares/Third_Party/FreeRTOS/Source/include/ -I../Middlewares/Third_Party/FreeRTOS/Source/portable/GCC/ARM_CM33_NTZ/non_secure/ -I../Middlewares/Third_Party/FreeRTOS/Source/CMSIS_RTOS_V2/ -I../Middlewares/Third_Party/CMSIS/RTOS2/Include/ -I"/home/joakim-wennergren/Desktop/Smartwatch/Firmware/Bench/Drivers/lvgl" -O0 -ffunction-sections -fdata-sections -Wall -fstack-usage -fstack-usage -fcyclomatic-complexity -MMD -MP -MF"Drivers/lvgl/src/libs/fsdrv/lv_fs_stdio.d" -MT"Drivers/lvgl/src/libs/fsdrv/lv_fs_stdio.o" --specs=nano.specs -mfpu=fpv5-sp-d16 -mfloat-abi=hard -mthumb -o "Drivers/lvgl/src/libs/fsdrv/lv_fs_stdio.o"
arm-none-eabi-gcc "../Drivers/lvgl/src/libs/fsdrv/lv_fs_uefi.c" -mcpu=cortex-m33 -std=gnu11 -g3 -DDEBUG -DUSE_HAL_DRIVER -DSTM32U575xx -c -I../Core/Inc -I../Drivers/STM32U5xx_HAL_Driver/Inc -I../Drivers/STM32U5xx_HAL_Driver/Inc/Legacy -I../Drivers/CMSIS/Device/ST/STM32U5xx/Include -I../Drivers/CMSIS/Include -I../Middlewares/Third_Party/FreeRTOS/Source/include/ -I../Middlewares/Third_Party/FreeRTOS/Source/portable/GCC/ARM_CM33_NTZ/non_secure/ -I../Middlewares/Third_Party/FreeRTOS/Source/CMSIS_RTOS_V2/ -I../Middlewares/Third_Party/CMSIS/RTOS2/Include/ -I"/home/joakim-wennergren/Desktop/Smartwatch/Firmware/Bench/Drivers/lvgl" -O0 -ffunction-sections -fdata-sections -Wall -fstack-usage -fstack-usage -fcyclomatic-complexity -MMD -MP -MF"Drivers/lvgl/src/libs/fsdrv/lv_fs_uefi.d" -MT"Drivers/lvgl/src/libs/fsdrv/lv_fs_uefi.o" --specs=nano.specs -mfpu=fpv5-sp-d16 -mfloat-abi=hard -mthumb -o "Drivers/lvgl/src/libs/fsdrv/lv_fs_uefi.o"
arm-none-eabi-gcc "../Drivers/lvgl/src/libs/fsdrv/lv_fs_win32.c" -mcpu=cortex-m33 -std=gnu11 -g3 -DDEBUG -DUSE_HAL_DRIVER -DSTM32U575xx -c -I../Core/Inc -I../Drivers/STM32U5xx_HAL_Driver/Inc -I../Drivers/STM32U5xx_HAL_Driver/Inc/Legacy -I../Drivers/CMSIS/Device/ST/STM32U5xx/Include -I../Drivers/CMSIS/Include -I../Middlewares/Third_Party/FreeRTOS/Source/include/ -I../Middlewares/Third_Party/FreeRTOS/Source/portable/GCC/ARM_CM33_NTZ/non_secure/ -I../Middlewares/Third_Party/FreeRTOS/Source/CMSIS_RTOS_V2/ -I../Middlewares/Third_Party/CMSIS/RTOS2/Include/ -I"/home/joakim-wennergren/Desktop/Smartwatch/Firmware/Bench/Drivers/lvgl" -O0 -ffunction-sections -fdata-sections -Wall -fstack-usage -fstack-usage -fcyclomatic-complexity -MMD -MP -MF"Drivers/lvgl/src/libs/fsdrv/lv_fs_win32.d" -MT"Drivers/lvgl/src/libs/fsdrv/lv_fs_win32.o" --specs=nano.specs -mfpu=fpv5-sp-d16 -mfloat-abi=hard -mthumb -o "Drivers/lvgl/src/libs/fsdrv/lv_fs_win32.o"
arm-none-eabi-gcc "../Drivers/lvgl/src/libs/freetype/lv_freetype.c" -mcpu=cortex-m33 -std=gnu11 -g3 -DDEBUG -DUSE_HAL_DRIVER -DSTM32U575xx -c -I../Core/Inc -I../Drivers/STM32U5xx_HAL_Driver/Inc -I../Drivers/STM32U5xx_HAL_Driver/Inc/Legacy -I../Drivers/CMSIS/Device/ST/STM32U5xx/Include -I../Drivers/CMSIS/Include -I../Middlewares/Third_Party/FreeRTOS/Source/include/ -I../Middlewares/Third_Party/FreeRTOS/Source/portable/GCC/ARM_CM33_NTZ/non_secure/ -I../Middlewares/Third_Party/FreeRTOS/Source/CMSIS_RTOS_V2/ -I../Middlewares/Third_Party/CMSIS/RTOS2/Include/ -I"/home/joakim-wennergren/Desktop/Smartwatch/Firmware/Bench/Drivers/lvgl" -O0 -ffunction-sections -fdata-sections -Wall -fstack-usage -fstack-usage -fcyclomatic-complexity -MMD -MP -MF"Drivers/lvgl/src/libs/freetype/lv_freetype.d" -MT"Drivers/lvgl/src/libs/freetype/lv_freetype.o" --specs=nano.specs -mfpu=fpv5-sp-d16 -mfloat-abi=hard -mthumb -o "Drivers/lvgl/src/libs/freetype/lv_freetype.o"
arm-none-eabi-gcc "../Drivers/lvgl/src/libs/freetype/lv_freetype_glyph.c" -mcpu=cortex-m33 -std=gnu11 -g3 -DDEBUG -DUSE_HAL_DRIVER -DSTM32U575xx -c -I../Core/Inc -I../Drivers/STM32U5xx_HAL_Driver/Inc -I../Drivers/STM32U5xx_HAL_Driver/Inc/Legacy -I../Drivers/CMSIS/Device/ST/STM32U5xx/Include -I../Drivers/CMSIS/Include -I../Middlewares/Third_Party/FreeRTOS/Source/include/ -I../Middlewares/Third_Party/FreeRTOS/Source/portable/GCC/ARM_CM33_NTZ/non_secure/ -I../Middlewares/Third_Party/FreeRTOS/Source/CMSIS_RTOS_V2/ -I../Middlewares/Third_Party/CMSIS/RTOS2/Include/ -I"/home/joakim-wennergren/Desktop/Smartwatch/Firmware/Bench/Drivers/lvgl" -O0 -ffunction-sections -fdata-sections -Wall -fstack-usage -fstack-usage -fcyclomatic-complexity -MMD -MP -MF"Drivers/lvgl/src/libs/freetype/lv_freetype_glyph.d" -MT"Drivers/lvgl/src/libs/freetype/lv_freetype_glyph.o" --specs=nano.specs -mfpu=fpv5-sp-d16 -mfloat-abi=hard -mthumb -o "Drivers/lvgl/src/libs/freetype/lv_freetype_glyph.o"
arm-none-eabi-gcc "../Drivers/lvgl/src/libs/freetype/lv_freetype_image.c" -mcpu=cortex-m33 -std=gnu11 -g3 -DDEBUG -DUSE_HAL_DRIVER -DSTM32U575xx -c -I../Core/Inc -I../Drivers/STM32U5xx_HAL_Driver/Inc -I../Drivers/STM32U5xx_HAL_Driver/Inc/Legacy -I../Drivers/CMSIS/Device/ST/STM32U5xx/Include -I../Drivers/CMSIS/Include -I../Middlewares/Third_Party/FreeRTOS/Source/include/ -I../Middlewares/Third_Party/FreeRTOS/Source/portable/GCC/ARM_CM33_NTZ/non_secure/ -I../Middlewares/Third_Party/FreeRTOS/Source/CMSIS_RTOS_V2/ -I../Middlewares/Third_Party/CMSIS/RTOS2/Include/ -I"/home/joakim-wennergren/Desktop/Smartwatch/Firmware/Bench/Drivers/lvgl" -O0 -ffunction-sections -fdata-sections -Wall -fstack-usage -fstack-usage -fcyclomatic-complexity -MMD -MP -MF"Drivers/lvgl/src/libs/freetype/lv_freetype_image.d" -MT"Drivers/lvgl/src/libs/freetype/lv_freetype_image.o" --specs=nano.specs -mfpu=fpv5-sp-d16 -mfloat-abi=hard -mthumb -o "Drivers/lvgl/src/libs/freetype/lv_freetype_image.o"
arm-none-eabi-gcc "../Drivers/lvgl/src/libs/freetype/lv_freetype_outline.c" -mcpu=cortex-m33 -std=gnu11 -g3 -DDEBUG -DUSE_HAL_DRIVER -DSTM32U575xx -c -I../Core/Inc -I../Drivers/STM32U5xx_HAL_Driver/Inc -I../Drivers/STM32U5xx_HAL_Driver/Inc/Legacy -I../Drivers/CMSIS/Device/ST/STM32U5xx/Include -I../Drivers/CMSIS/Include -I../Middlewares/Third_Party/FreeRTOS/Source/include/ -I../Middlewares/Third_Party/FreeRTOS/Source/portable/GCC/ARM_CM33_NTZ/non_secure/ -I../Middlewares/Third_Party/FreeRTOS/Source/CMSIS_RTOS_V2/ -I../Middlewares/Third_Party/CMSIS/RTOS2/Include/ -I"/home/joakim-wennergren/Desktop/Smartwatch/Firmware/Bench/Drivers/lvgl" -O0 -ffunction-sections -fdata-sections -Wall -fstack-usage -fstack-usage -fcyclomatic-complexity -MMD -MP -MF"Drivers/lvgl/src/libs/freetype/lv_freetype_outline.d" -MT"Drivers/lvgl/src/libs/freetype/lv_freetype_outline.o" --specs=nano.specs -mfpu=fpv5-sp-d16 -mfloat-abi=hard -mthumb -o "Drivers/lvgl/src/libs/freetype/lv_freetype_outline.o"
arm-none-eabi-gcc "../Drivers/lvgl/src/libs/freetype/lv_ftsystem.c" -mcpu=cortex-m33 -std=gnu11 -g3 -DDEBUG -DUSE_HAL_DRIVER -DSTM32U575xx -c -I../Core/Inc -I../Drivers/STM32U5xx_HAL_Driver/Inc -I../Drivers/STM32U5xx_HAL_Driver/Inc/Legacy -I../Drivers/CMSIS/Device/ST/STM32U5xx/Include -I../Drivers/CMSIS/Include -I../Middlewares/Third_Party/FreeRTOS/Source/include/ -I../Middlewares/Third_Party/FreeRTOS/Source/portable/GCC/ARM_CM33_NTZ/non_secure/ -I../Middlewares/Third_Party/FreeRTOS/Source/CMSIS_RTOS_V2/ -I../Middlewares/Third_Party/CMSIS/RTOS2/Include/ -I"/home/joakim-wennergren/Desktop/Smartwatch/Firmware/Bench/Drivers/lvgl" -O0 -ffunction-sections -fdata-sections -Wall -fstack-usage -fstack-usage -fcyclomatic-complexity -MMD -MP -MF"Drivers/lvgl/src/libs/freetype/lv_ftsystem.d" -MT"Drivers/lvgl/src/libs/freetype/lv_ftsystem.o" --specs=nano.specs -mfpu=fpv5-sp-d16 -mfloat-abi=hard -mthumb -o "Drivers/lvgl/src/libs/freetype/lv_ftsystem.o"
arm-none-eabi-gcc "../Drivers/lvgl/src/libs/ffmpeg/lv_ffmpeg.c" -mcpu=cortex-m33 -std=gnu11 -g3 -DDEBUG -DUSE_HAL_DRIVER -DSTM32U575xx -c -I../Core/Inc -I../Drivers/STM32U5xx_HAL_Driver/Inc -I../Drivers/STM32U5xx_HAL_Driver/Inc/Legacy -I../Drivers/CMSIS/Device/ST/STM32U5xx/Include -I../Drivers/CMSIS/Include -I../Middlewares/Third_Party/FreeRTOS/Source/include/ -I../Middlewares/Third_Party/FreeRTOS/Source/portable/GCC/ARM_CM33_NTZ/non_secure/ -I../Middlewares/Third_Party/FreeRTOS/Source/CMSIS_RTOS_V2/ -I../Middlewares/Third_Party/CMSIS/RTOS2/Include/ -I"/home/joakim-wennergren/Desktop/Smartwatch/Firmware/Bench/Drivers/lvgl" -O0 -ffunction-sections -fdata-sections -Wall -fstack-usage -fstack-usage -fcyclomatic-complexity -MMD -MP -MF"Drivers/lvgl/src/libs/ffmpeg/lv_ffmpeg.d" -MT"Drivers/lvgl/src/libs/ffmpeg/lv_ffmpeg.o" --specs=nano.specs -mfpu=fpv5-sp-d16 -mfloat-abi=hard -mthumb -o "Drivers/lvgl/src/libs/ffmpeg/lv_ffmpeg.o"
arm-none-eabi-gcc "../Drivers/lvgl/src/libs/expat/xmlparse.c" -mcpu=cortex-m33 -std=gnu11 -g3 -DDEBUG -DUSE_HAL_DRIVER -DSTM32U575xx -c -I../Core/Inc -I../Drivers/STM32U5xx_HAL_Driver/Inc -I../Drivers/STM32U5xx_HAL_Driver/Inc/Legacy -I../Drivers/CMSIS/Device/ST/STM32U5xx/Include -I../Drivers/CMSIS/Include -I../Middlewares/Third_Party/FreeRTOS/Source/include/ -I../Middlewares/Third_Party/FreeRTOS/Source/portable/GCC/ARM_CM33_NTZ/non_secure/ -I../Middlewares/Third_Party/FreeRTOS/Source/CMSIS_RTOS_V2/ -I../Middlewares/Third_Party/CMSIS/RTOS2/Include/ -I"/home/joakim-wennergren/Desktop/Smartwatch/Firmware/Bench/Drivers/lvgl" -O0 -ffunction-sections -fdata-sections -Wall -fstack-usage -fstack-usage -fcyclomatic-complexity -MMD -MP -MF"Drivers/lvgl/src/libs/expat/xmlparse.d" -MT"Drivers/lvgl/src/libs/expat/xmlparse.o" --specs=nano.specs -mfpu=fpv5-sp-d16 -mfloat-abi=hard -mthumb -o "Drivers/lvgl/src/libs/expat/xmlparse.o"
arm-none-eabi-gcc "../Drivers/lvgl/src/libs/expat/xmlrole.c" -mcpu=cortex-m33 -std=gnu11 -g3 -DDEBUG -DUSE_HAL_DRIVER -DSTM32U575xx -c -I../Core/Inc -I../Drivers/STM32U5xx_HAL_Driver/Inc -I../Drivers/STM32U5xx_HAL_Driver/Inc/Legacy -I../Drivers/CMSIS/Device/ST/STM32U5xx/Include -I../Drivers/CMSIS/Include -I../Middlewares/Third_Party/FreeRTOS/Source/include/ -I../Middlewares/Third_Party/FreeRTOS/Source/portable/GCC/ARM_CM33_NTZ/non_secure/ -I../Middlewares/Third_Party/FreeRTOS/Source/CMSIS_RTOS_V2/ -I../Middlewares/Third_Party/CMSIS/RTOS2/Include/ -I"/home/joakim-wennergren/Desktop/Smartwatch/Firmware/Bench/Drivers/lvgl" -O0 -ffunction-sections -fdata-sections -Wall -fstack-usage -fstack-usage -fcyclomatic-complexity -MMD -MP -MF"Drivers/lvgl/src/libs/expat/xmlrole.d" -MT"Drivers/lvgl/src/libs/expat/xmlrole.o" --specs=nano.specs -mfpu=fpv5-sp-d16 -mfloat-abi=hard -mthumb -o "Drivers/lvgl/src/libs/expat/xmlrole.o"
arm-none-eabi-gcc "../Drivers/lvgl/src/libs/expat/xmltok.c" -mcpu=cortex-m33 -std=gnu11 -g3 -DDEBUG -DUSE_HAL_DRIVER -DSTM32U575xx -c -I../Core/Inc -I../Drivers/STM32U5xx_HAL_Driver/Inc -I../Drivers/STM32U5xx_HAL_Driver/Inc/Legacy -I../Drivers/CMSIS/Device/ST/STM32U5xx/Include -I../Drivers/CMSIS/Include -I../Middlewares/Third_Party/FreeRTOS/Source/include/ -I../Middlewares/Third_Party/FreeRTOS/Source/portable/GCC/ARM_CM33_NTZ/non_secure/ -I../Middlewares/Third_Party/FreeRTOS/Source/CMSIS_RTOS_V2/ -I../Middlewares/Third_Party/CMSIS/RTOS2/Include/ -I"/home/joakim-wennergren/Desktop/Smartwatch/Firmware/Bench/Drivers/lvgl" -O0 -ffunction-sections -fdata-sections -Wall -fstack-usage -fstack-usage -fcyclomatic-complexity -MMD -MP -MF"Drivers/lvgl/src/libs/expat/xmltok.d" -MT"Drivers/lvgl/src/libs/expat/xmltok.o" --specs=nano.specs -mfpu=fpv5-sp-d16 -mfloat-abi=hard -mthumb -o "Drivers/lvgl/src/libs/expat/xmltok.o"
arm-none-eabi-gcc "../Drivers/lvgl/src/libs/expat/xmltok_impl.c" -mcpu=cortex-m33 -std=gnu11 -g3 -DDEBUG -DUSE_HAL_DRIVER -DSTM32U575xx -c -I../Core/Inc -I../Drivers/STM32U5xx_HAL_Driver/Inc -I../Drivers/STM32U5xx_HAL_Driver/Inc/Legacy -I../Drivers/CMSIS/Device/ST/STM32U5xx/Include -I../Drivers/CMSIS/Include -I../Middlewares/Third_Party/FreeRTOS/Source/include/ -I../Middlewares/Third_Party/FreeRTOS/Source/portable/GCC/ARM_CM33_NTZ/non_secure/ -I../Middlewares/Third_Party/FreeRTOS/Source/CMSIS_RTOS_V2/ -I../Middlewares/Third_Party/CMSIS/RTOS2/Include/ -I"/home/joakim-wennergren/Desktop/Smartwatch/Firmware/Bench/Drivers/lvgl" -O0 -ffunction-sections -fdata-sections -Wall -fstack-usage -fstack-usage -fcyclomatic-complexity -MMD -MP -MF"Drivers/lvgl/src/libs/expat/xmltok_impl.d" -MT"Drivers/lvgl/src/libs/expat/xmltok_impl.o" --specs=nano.specs -mfpu=fpv5-sp-d16 -mfloat-abi=hard -mthumb -o "Drivers/lvgl/src/libs/expat/xmltok_impl.o"
arm-none-eabi-gcc "../Drivers/lvgl/src/libs/expat/xmltok_ns.c" -mcpu=cortex-m33 -std=gnu11 -g3 -DDEBUG -DUSE_HAL_DRIVER -DSTM32U575xx -c -I../Core/Inc -I../Drivers/STM32U5xx_HAL_Driver/Inc -I../Drivers/STM32U5xx_HAL_Driver/Inc/Legacy -I../Drivers/CMSIS/Device/ST/STM32U5xx/Include -I../Drivers/CMSIS/Include -I../Middlewares/Third_Party/FreeRTOS/Source/include/ -I../Middlewares/Third_Party/FreeRTOS/Source/portable/GCC/ARM_CM33_NTZ/non_secure/ -I../Middlewares/Third_Party/FreeRTOS/Source/CMSIS_RTOS_V2/ -I../Middlewares/Third_Party/CMSIS/RTOS2/Include/ -I"/home/joakim-wennergren/Desktop/Smartwatch/Firmware/Bench/Drivers/lvgl" -O0 -ffunction-sections -fdata-sections -Wall -fstack-usage -fstack-usage -fcyclomatic-complexity -MMD -MP -MF"Drivers/lvgl/src/libs/expat/xmltok_ns.d" -MT"Drivers/lvgl/src/libs/expat/xmltok_ns.o" --specs=nano.specs -mfpu=fpv5-sp-d16 -mfloat-abi=hard -mthumb -o "Drivers/lvgl/src/libs/expat/xmltok_ns.o"
arm-none-eabi-gcc "../Drivers/lvgl/src/libs/bmp/lv_bmp.c" -mcpu=cortex-m33 -std=gnu11 -g3 -DDEBUG -DUSE_HAL_DRIVER -DSTM32U575xx -c -I../Core/Inc -I../Drivers/STM32U5xx_HAL_Driver/Inc -I../Drivers/STM32U5xx_HAL_Driver/Inc/Legacy -I../Drivers/CMSIS/Device/ST/STM32U5xx/Include -I../Drivers/CMSIS/Include -I../Middlewares/Third_Party/FreeRTOS/Source/include/ -I../Middlewares/Third_Party/FreeRTOS/Source/portable/GCC/ARM_CM33_NTZ/non_secure/ -I../Middlewares/Third_Party/FreeRTOS/Source/CMSIS_RTOS_V2/ -I../Middlewares/Third_Party/CMSIS/RTOS2/Include/ -I"/home/joakim-wennergren/Desktop/Smartwatch/Firmware/Bench/Drivers/lvgl" -O0 -ffunction-sections -fdata-sections -Wall -fstack-usage -fstack-usage -fcyclomatic-complexity -MMD -MP -MF"Drivers/lvgl/src/libs/bmp/lv_bmp.d" -MT"Drivers/lvgl/src/libs/bmp/lv_bmp.o" --specs=nano.specs -mfpu=fpv5-sp-d16 -mfloat-abi=hard -mthumb -o "Drivers/lvgl/src/libs/bmp/lv_bmp.o"
arm-none-eabi-gcc "../Drivers/lvgl/src/libs/bin_decoder/lv_bin_decoder.c" -mcpu=cortex-m33 -std=gnu11 -g3 -DDEBUG -DUSE_HAL_DRIVER -DSTM32U575xx -c -I../Core/Inc -I../Drivers/STM32U5xx_HAL_Driver/Inc -I../Drivers/STM32U5xx_HAL_Driver/Inc/Legacy -I../Drivers/CMSIS/Device/ST/STM32U5xx/Include -I../Drivers/CMSIS/Include -I../Middlewares/Third_Party/FreeRTOS/Source/include/ -I../Middlewares/Third_Party/FreeRTOS/Source/portable/GCC/ARM_CM33_NTZ/non_secure/ -I../Middlewares/Third_Party/FreeRTOS/Source/CMSIS_RTOS_V2/ -I../Middlewares/Third_Party/CMSIS/RTOS2/Include/ -I"/home/joakim-wennergren/Desktop/Smartwatch/Firmware/Bench/Drivers/lvgl" -O0 -ffunction-sections -fdata-sections -Wall -fstack-usage -fstack-usage -fcyclomatic-complexity -MMD -MP -MF"Drivers/lvgl/src/libs/bin_decoder/lv_bin_decoder.d" -MT"Drivers/lvgl/src/libs/bin_decoder/lv_bin_decoder.o" --specs=nano.specs -mfpu=fpv5-sp-d16 -mfloat-abi=hard -mthumb -o "Drivers/lvgl/src/libs/bin_decoder/lv_bin_decoder.o"
arm-none-eabi-gcc "../Drivers/lvgl/src/libs/barcode/code128.c" -mcpu=cortex-m33 -std=gnu11 -g3 -DDEBUG -DUSE_HAL_DRIVER -DSTM32U575xx -c -I../Core/Inc -I../Drivers/STM32U5xx_HAL_Driver/Inc -I../Drivers/STM32U5xx_HAL_Driver/Inc/Legacy -I../Drivers/CMSIS/Device/ST/STM32U5xx/Include -I../Drivers/CMSIS/Include -I../Middlewares/Third_Party/FreeRTOS/Source/include/ -I../Middlewares/Third_Party/FreeRTOS/Source/portable/GCC/ARM_CM33_NTZ/non_secure/ -I../Middlewares/Third_Party/FreeRTOS/Source/CMSIS_RTOS_V2/ -I../Middlewares/Third_Party/CMSIS/RTOS2/Include/ -I"/home/joakim-wennergren/Desktop/Smartwatch/Firmware/Bench/Drivers/lvgl" -O0 -ffunction-sections -fdata-sections -Wall -fstack-usage -fstack-usage -fcyclomatic-complexity -MMD -MP -MF"Drivers/lvgl/src/libs/barcode/code128.d" -MT"Drivers/lvgl/src/libs/barcode/code128.o" --specs=nano.specs -mfpu=fpv5-sp-d16 -mfloat-abi=hard -mthumb -o "Drivers/lvgl/src/libs/barcode/code128.o"
arm-none-eabi-gcc "../Drivers/lvgl/src/libs/barcode/lv_barcode.c" -mcpu=cortex-m33 -std=gnu11 -g3 -DDEBUG -DUSE_HAL_DRIVER -DSTM32U575xx -c -I../Core/Inc -I../Drivers/STM32U5xx_HAL_Driver/Inc -I../Drivers/STM32U5xx_HAL_Driver/Inc/Legacy -I../Drivers/CMSIS/Device/ST/STM32U5xx/Include -I../Drivers/CMSIS/Include -I../Middlewares/Third_Party/FreeRTOS/Source/include/ -I../Middlewares/Third_Party/FreeRTOS/Source/portable/GCC/ARM_CM33_NTZ/non_secure/ -I../Middlewares/Third_Party/FreeRTOS/Source/CMSIS_RTOS_V2/ -I../Middlewares/Third_Party/CMSIS/RTOS2/Include/ -I"/home/joakim-wennergren/Desktop/Smartwatch/Firmware/Bench/Drivers/lvgl" -O0 -ffunction-sections -fdata-sections -Wall -fstack-usage -fstack-usage -fcyclomatic-complexity -MMD -MP -MF"Drivers/lvgl/src/libs/barcode/lv_barcode.d" -MT"Drivers/lvgl/src/libs/barcode/lv_barcode.o" --specs=nano.specs -mfpu=fpv5-sp-d16 -mfloat-abi=hard -mthumb -o "Drivers/lvgl/src/libs/barcode/lv_barcode.o"
arm-none-eabi-gcc "../Drivers/lvgl/src/layouts/grid/lv_grid.c" -mcpu=cortex-m33 -std=gnu11 -g3 -DDEBUG -DUSE_HAL_DRIVER -DSTM32U575xx -c -I../Core/Inc -I../Drivers/STM32U5xx_HAL_Driver/Inc -I../Drivers/STM32U5xx_HAL_Driver/Inc/Legacy -I../Drivers/CMSIS/Device/ST/STM32U5xx/Include -I../Drivers/CMSIS/Include -I../Middlewares/Third_Party/FreeRTOS/Source/include/ -I../Middlewares/Third_Party/FreeRTOS/Source/portable/GCC/ARM_CM33_NTZ/non_secure/ -I../Middlewares/Third_Party/FreeRTOS/Source/CMSIS_RTOS_V2/ -I../Middlewares/Third_Party/CMSIS/RTOS2/Include/ -I"/home/joakim-wennergren/Desktop/Smartwatch/Firmware/Bench/Drivers/lvgl" -O0 -ffunction-sections -fdata-sections -Wall -fstack-usage -fstack-usage -fcyclomatic-complexity -MMD -MP -MF"Drivers/lvgl/src/layouts/grid/lv_grid.d" -MT"Drivers/lvgl/src/layouts/grid/lv_grid.o" --specs=nano.specs -mfpu=fpv5-sp-d16 -mfloat-abi=hard -mthumb -o "Drivers/lvgl/src/layouts/grid/lv_grid.o"
arm-none-eabi-gcc "../Drivers/lvgl/src/layouts/flex/lv_flex.c" -mcpu=cortex-m33 -std=gnu11 -g3 -DDEBUG -DUSE_HAL_DRIVER -DSTM32U575xx -c -I../Core/Inc -I../Drivers/STM32U5xx_HAL_Driver/Inc -I../Drivers/STM32U5xx_HAL_Driver/Inc/Legacy -I../Drivers/CMSIS/Device/ST/STM32U5xx/Include -I../Drivers/CMSIS/Include -I../Middlewares/Third_Party/FreeRTOS/Source/include/ -I../Middlewares/Third_Party/FreeRTOS/Source/portable/GCC/ARM_CM33_NTZ/non_secure/ -I../Middlewares/Third_Party/FreeRTOS/Source/CMSIS_RTOS_V2/ -I../Middlewares/Third_Party/CMSIS/RTOS2/Include/ -I"/home/joakim-wennergren/Desktop/Smartwatch/Firmware/Bench/Drivers/lvgl" -O0 -ffunction-sections -fdata-sections -Wall -fstack-usage -fstack-usage -fcyclomatic-complexity -MMD -MP -MF"Drivers/lvgl/src/layouts/flex/lv_flex.d" -MT"Drivers/lvgl/src/layouts/flex/lv_flex.o" --specs=nano.specs -mfpu=fpv5-sp-d16 -mfloat-abi=hard -mthumb -o "Drivers/lvgl/src/layouts/flex/lv_flex.o"
arm-none-eabi-gcc "../Drivers/lvgl/src/layouts/lv_layout.c" -mcpu=cortex-m33 -std=gnu11 -g3 -DDEBUG -DUSE_HAL_DRIVER -DSTM32U575xx -c -I../Core/Inc -I../Drivers/STM32U5xx_HAL_Driver/Inc -I../Drivers/STM32U5xx_HAL_Driver/Inc/Legacy -I../Drivers/CMSIS/Device/ST/STM32U5xx/Include -I../Drivers/CMSIS/Include -I../Middlewares/Third_Party/FreeRTOS/Source/include/ -I../Middlewares/Third_Party/FreeRTOS/Source/portable/GCC/ARM_CM33_NTZ/non_secure/ -I../Middlewares/Third_Party/FreeRTOS/Source/CMSIS_RTOS_V2/ -I../Middlewares/Third_Party/CMSIS/RTOS2/Include/ -I"/home/joakim-wennergren/Desktop/Smartwatch/Firmware/Bench/Drivers/lvgl" -O0 -ffunction-sections -fdata-sections -Wall -fstack-usage -fstack-usage -fcyclomatic-complexity -MMD -MP -MF"Drivers/lvgl/src/layouts/lv_layout.d" -MT"Drivers/lvgl/src/layouts/lv_layout.o" --specs=nano.specs -mfpu=fpv5-sp-d16 -mfloat-abi=hard -mthumb -o "Drivers/lvgl/src/layouts/lv_layout.o"
arm-none-eabi-gcc "../Drivers/lvgl/src/indev/lv_indev.c" -mcpu=cortex-m33 -std=gnu11 -g3 -DDEBUG -DUSE_HAL_DRIVER -DSTM32U575xx -c -I../Core/Inc -I../Drivers/STM32U5xx_HAL_Driver/Inc -I../Drivers/STM32U5xx_HAL_Driver/Inc/Legacy -I../Drivers/CMSIS/Device/ST/STM32U5xx/Include -I../Drivers/CMSIS/Include -I../Middlewares/Third_Party/FreeRTOS/Source/include/ -I../Middlewares/Third_Party/FreeRTOS/Source/portable/GCC/ARM_CM33_NTZ/non_secure/ -I../Middlewares/Third_Party/FreeRTOS/Source/CMSIS_RTOS_V2/ -I../Middlewares/Third_Party/CMSIS/RTOS2/Include/ -I"/home/joakim-wennergren/Desktop/Smartwatch/Firmware/Bench/Drivers/lvgl" -O0 -ffunction-sections -fdata-sections -Wall -fstack-usage -fstack-usage -fcyclomatic-complexity -MMD -MP -MF"Drivers/lvgl/src/indev/lv_indev.d" -MT"Drivers/lvgl/src/indev/lv_indev.o" --specs=nano.specs -mfpu=fpv5-sp-d16 -mfloat-abi=hard -mthumb -o "Drivers/lvgl/src/indev/lv_indev.o"
arm-none-eabi-gcc "../Drivers/lvgl/src/indev/lv_indev_gesture.c" -mcpu=cortex-m33 -std=gnu11 -g3 -DDEBUG -DUSE_HAL_DRIVER -DSTM32U575xx -c -I../Core/Inc -I../Drivers/STM32U5xx_HAL_Driver/Inc -I../Drivers/STM32U5xx_HAL_Driver/Inc/Legacy -I../Drivers/CMSIS/Device/ST/STM32U5xx/Include -I../Drivers/CMSIS/Include -I../Middlewares/Third_Party/FreeRTOS/Source/include/ -I../Middlewares/Third_Party/FreeRTOS/Source/portable/GCC/ARM_CM33_NTZ/non_secure/ -I../Middlewares/Third_Party/FreeRTOS/Source/CMSIS_RTOS_V2/ -I../Middlewares/Third_Party/CMSIS/RTOS2/Include/ -I"/home/joakim-wennergren/Desktop/Smartwatch/Firmware/Bench/Drivers/lvgl" -O0 -ffunction-sections -fdata-sections -Wall -fstack-usage -fstack-usage -fcyclomatic-complexity -MMD -MP -MF"Drivers/lvgl/src/indev/lv_indev_gesture.d" -MT"Drivers/lvgl/src/indev/lv_indev_gesture.o" --specs=nano.specs -mfpu=fpv5-sp-d16 -mfloat-abi=hard -mthumb -o "Drivers/lvgl/src/indev/lv_indev_gesture.o"
arm-none-eabi-gcc "../Drivers/lvgl/src/indev/lv_indev_scroll.c" -mcpu=cortex-m33 -std=gnu11 -g3 -DDEBUG -DUSE_HAL_DRIVER -DSTM32U575xx -c -I../Core/Inc -I../Drivers/STM32U5xx_HAL_Driver/Inc -I../Drivers/STM32U5xx_HAL_Driver/Inc/Legacy -I../Drivers/CMSIS/Device/ST/STM32U5xx/Include -I../Drivers/CMSIS/Include -I../Middlewares/Third_Party/FreeRTOS/Source/include/ -I../Middlewares/Third_Party/FreeRTOS/Source/portable/GCC/ARM_CM33_NTZ/non_secure/ -I../Middlewares/Third_Party/FreeRTOS/Source/CMSIS_RTOS_V2/ -I../Middlewares/Third_Party/CMSIS/RTOS2/Include/ -I"/home/joakim-wennergren/Desktop/Smartwatch/Firmware/Bench/Drivers/lvgl" -O0 -ffunction-sections -fdata-sections -Wall -fstack-usage -fstack-usage -fcyclomatic-complexity -MMD -MP -MF"Drivers/lvgl/src/indev/lv_indev_scroll.d" -MT"Drivers/lvgl/src/indev/lv_indev_scroll.o" --specs=nano.specs -mfpu=fpv5-sp-d16 -mfloat-abi=hard -mthumb -o "Drivers/lvgl/src/indev/lv_indev_scroll.o"
arm-none-eabi-gcc "../Drivers/lvgl/src/font/lv_binfont_loader.c" -mcpu=cortex-m33 -std=gnu11 -g3 -DDEBUG -DUSE_HAL_DRIVER -DSTM32U575xx -c -I../Core/Inc -I../Drivers/STM32U5xx_HAL_Driver/Inc -I../Drivers/STM32U5xx_HAL_Driver/Inc/Legacy -I../Drivers/CMSIS/Device/ST/STM32U5xx/Include -I../Drivers/CMSIS/Include -I../Middlewares/Third_Party/FreeRTOS/Source/include/ -I../Middlewares/Third_Party/FreeRTOS/Source/portable/GCC/ARM_CM33_NTZ/non_secure/ -I../Middlewares/Third_Party/FreeRTOS/Source/CMSIS_RTOS_V2/ -I../Middlewares/Third_Party/CMSIS/RTOS2/Include/ -I"/home/joakim-wennergren/Desktop/Smartwatch/Firmware/Bench/Drivers/lvgl" -O0 -ffunction-sections -fdata-sections -Wall -fstack-usage -fstack-usage -fcyclomatic-complexity -MMD -MP -MF"Drivers/lvgl/src/font/lv_binfont_loader.d" -MT"Drivers/lvgl/src/font/lv_binfont_loader.o" --specs=nano.specs -mfpu=fpv5-sp-d16 -mfloat-abi=hard -mthumb -o "Drivers/lvgl/src/font/lv_binfont_loader.o"
arm-none-eabi-gcc "../Drivers/lvgl/src/font/lv_font.c" -mcpu=cortex-m33 -std=gnu11 -g3 -DDEBUG -DUSE_HAL_DRIVER -DSTM32U575xx -c -I../Core/Inc -I../Drivers/STM32U5xx_HAL_Driver/Inc -I../Drivers/STM32U5xx_HAL_Driver/Inc/Legacy -I../Drivers/CMSIS/Device/ST/STM32U5xx/Include -I../Drivers/CMSIS/Include -I../Middlewares/Third_Party/FreeRTOS/Source/include/ -I../Middlewares/Third_Party/FreeRTOS/Source/portable/GCC/ARM_CM33_NTZ/non_secure/ -I../Middlewares/Third_Party/FreeRTOS/Source/CMSIS_RTOS_V2/ -I../Middlewares/Third_Party/CMSIS/RTOS2/Include/ -I"/home/joakim-wennergren/Desktop/Smartwatch/Firmware/Bench/Drivers/lvgl" -O0 -ffunction-sections -fdata-sections -Wall -fstack-usage -fstack-usage -fcyclomatic-complexity -MMD -MP -MF"Drivers/lvgl/src/font/lv_font.d" -MT"Drivers/lvgl/src/font/lv_font.o" --specs=nano.specs -mfpu=fpv5-sp-d16 -mfloat-abi=hard -mthumb -o "Drivers/lvgl/src/font/lv_font.o"
arm-none-eabi-gcc "../Drivers/lvgl/src/font/lv_font_dejavu_16_persian_hebrew.c" -mcpu=cortex-m33 -std=gnu11 -g3 -DDEBUG -DUSE_HAL_DRIVER -DSTM32U575xx -c -I../Core/Inc -I../Drivers/STM32U5xx_HAL_Driver/Inc -I../Drivers/STM32U5xx_HAL_Driver/Inc/Legacy -I../Drivers/CMSIS/Device/ST/STM32U5xx/Include -I../Drivers/CMSIS/Include -I../Middlewares/Third_Party/FreeRTOS/Source/include/ -I../Middlewares/Third_Party/FreeRTOS/Source/portable/GCC/ARM_CM33_NTZ/non_secure/ -I../Middlewares/Third_Party/FreeRTOS/Source/CMSIS_RTOS_V2/ -I../Middlewares/Third_Party/CMSIS/RTOS2/Include/ -I"/home/joakim-wennergren/Desktop/Smartwatch/Firmware/Bench/Drivers/lvgl" -O0 -ffunction-sections -fdata-sections -Wall -fstack-usage -fstack-usage -fcyclomatic-complexity -MMD -MP -MF"Drivers/lvgl/src/font/lv_font_dejavu_16_persian_hebrew.d" -MT"Drivers/lvgl/src/font/lv_font_dejavu_16_persian_hebrew.o" --specs=nano.specs -mfpu=fpv5-sp-d16 -mfloat-abi=hard -mthumb -o "Drivers/lvgl/src/font/lv_font_dejavu_16_persian_hebrew.o"
arm-none-eabi-gcc "../Drivers/lvgl/src/font/lv_font_fmt_txt.c" -mcpu=cortex-m33 -std=gnu11 -g3 -DDEBUG -DUSE_HAL_DRIVER -DSTM32U575xx -c -I../Core/Inc -I../Drivers/STM32U5xx_HAL_Driver/Inc -I../Drivers/STM32U5xx_HAL_Driver/Inc/Legacy -I../Drivers/CMSIS/Device/ST/STM32U5xx/Include -I../Drivers/CMSIS/Include -I../Middlewares/Third_Party/FreeRTOS/Source/include/ -I../Middlewares/Third_Party/FreeRTOS/Source/portable/GCC/ARM_CM33_NTZ/non_secure/ -I../Middlewares/Third_Party/FreeRTOS/Source/CMSIS_RTOS_V2/ -I../Middlewares/Third_Party/CMSIS/RTOS2/Include/ -I"/home/joakim-wennergren/Desktop/Smartwatch/Firmware/Bench/Drivers/lvgl" -O0 -ffunction-sections -fdata-sections -Wall -fstack-usage -fstack-usage -fcyclomatic-complexity -MMD -MP -MF"Drivers/lvgl/src/font/lv_font_fmt_txt.d" -MT"Drivers/lvgl/src/font/lv_font_fmt_txt.o" --specs=nano.specs -mfpu=fpv5-sp-d16 -mfloat-abi=hard -mthumb -o "Drivers/lvgl/src/font/lv_font_fmt_txt.o"
arm-none-eabi-gcc "../Drivers/lvgl/src/font/lv_font_montserrat_10.c" -mcpu=cortex-m33 -std=gnu11 -g3 -DDEBUG -DUSE_HAL_DRIVER -DSTM32U575xx -c -I../Core/Inc -I../Drivers/STM32U5xx_HAL_Driver/Inc -I../Drivers/STM32U5xx_HAL_Driver/Inc/Legacy -I../Drivers/CMSIS/Device/ST/STM32U5xx/Include -I../Drivers/CMSIS/Include -I../Middlewares/Third_Party/FreeRTOS/Source/include/ -I../Middlewares/Third_Party/FreeRTOS/Source/portable/GCC/ARM_CM33_NTZ/non_secure/ -I../Middlewares/Third_Party/FreeRTOS/Source/CMSIS_RTOS_V2/ -I../Middlewares/Third_Party/CMSIS/RTOS2/Include/ -I"/home/joakim-wennergren/Desktop/Smartwatch/Firmware/Bench/Drivers/lvgl" -O0 -ffunction-sections -fdata-sections -Wall -fstack-usage -fstack-usage -fcyclomatic-complexity -MMD -MP -MF"Drivers/lvgl/src/font/lv_font_montserrat_10.d" -MT"Drivers/lvgl/src/font/lv_font_montserrat_10.o" --specs=nano.specs -mfpu=fpv5-sp-d16 -mfloat-abi=hard -mthumb -o "Drivers/lvgl/src/font/lv_font_montserrat_10.o"
arm-none-eabi-gcc "../Drivers/lvgl/src/font/lv_font_montserrat_12.c" -mcpu=cortex-m33 -std=gnu11 -g3 -DDEBUG -DUSE_HAL_DRIVER -DSTM32U575xx -c -I../Core/Inc -I../Drivers/STM32U5xx_HAL_Driver/Inc -I../Drivers/STM32U5xx_HAL_Driver/Inc/Legacy -I../Drivers/CMSIS/Device/ST/STM32U5xx/Include -I../Drivers/CMSIS/Include -I../Middlewares/Third_Party/FreeRTOS/Source/include/ -I../Middlewares/Third_Party/FreeRTOS/Source/portable/GCC/ARM_CM33_NTZ/non_secure/ -I../Middlewares/Third_Party/FreeRTOS/Source/CMSIS_RTOS_V2/ -I../Middlewares/Third_Party/CMSIS/RTOS2/Include/ -I"/home/joakim-wennergren/Desktop/Smartwatch/Firmware/Bench/Drivers/lvgl" -O0 -ffunction-sections -fdata-sections -Wall -fstack-usage -fstack-usage -fcyclomatic-complexity -MMD -MP -MF"Drivers/lvgl/src/font/lv_font_montserrat_12.d" -MT"Drivers/lvgl/src/font/lv_font_montserrat_12.o" --specs=nano.specs -mfpu=fpv5-sp-d16 -mfloat-abi=hard -mthumb -o "Drivers/lvgl/src/font/lv_font_montserrat_12.o"
arm-none-eabi-gcc "../Drivers/lvgl/src/font/lv_font_montserrat_14.c" -mcpu=cortex-m33 -std=gnu11 -g3 -DDEBUG -DUSE_HAL_DRIVER -DSTM32U575xx -c -I../Core/Inc -I../Drivers/STM32U5xx_HAL_Driver/Inc -I../Drivers/STM32U5xx_HAL_Driver/Inc/Legacy -I../Drivers/CMSIS/Device/ST/STM32U5xx/Include -I../Drivers/CMSIS/Include -I../Middlewares/Third_Party/FreeRTOS/Source/include/ -I../Middlewares/Third_Party/FreeRTOS/Source/portable/GCC/ARM_CM33_NTZ/non_secure/ -I../Middlewares/Third_Party/FreeRTOS/Source/CMSIS_RTOS_V2/ -I../Middlewares/Third_Party/CMSIS/RTOS2/Include/ -I"/home/joakim-wennergren/Desktop/Smartwatch/Firmware/Bench/Drivers/lvgl" -O0 -ffunction-sections -fdata-sections -Wall -fstack-usage -fstack-usage -fcyclomatic-complexity -MMD -MP -MF"Drivers/lvgl/src/font/lv_font_montserrat_14.d" -MT"Drivers/lvgl/src/font/lv_font_montserrat_14.o" --specs=nano.specs -mfpu=fpv5-sp-d16 -mfloat-abi=hard -mthumb -o "Drivers/lvgl/src/font/lv_font_montserrat_14.o"
arm-none-eabi-gcc "../Drivers/lvgl/src/font/lv_font_montserrat_14_aligned.c" -mcpu=cortex-m33 -std=gnu11 -g3 -DDEBUG -DUSE_HAL_DRIVER -DSTM32U575xx -c -I../Core/Inc -I../Drivers/STM32U5xx_HAL_Driver/Inc -I../Drivers/STM32U5xx_HAL_Driver/Inc/Legacy -I../Drivers/CMSIS/Device/ST/STM32U5xx/Include -I../Drivers/CMSIS/Include -I../Middlewares/Third_Party/FreeRTOS/Source/include/ -I../Middlewares/Third_Party/FreeRTOS/Source/portable/GCC/ARM_CM33_NTZ/non_secure/ -I../Middlewares/Third_Party/FreeRTOS/Source/CMSIS_RTOS_V2/ -I../Middlewares/Third_Party/CMSIS/RTOS2/Include/ -I"/home/joakim-wennergren/Desktop/Smartwatch/Firmware/Bench/Drivers/lvgl" -O0 -ffunction-sections -fdata-sections -Wall -fstack-usage -fstack-usage -fcyclomatic-complexity -MMD -MP -MF"Drivers/lvgl/src/font/lv_font_montserrat_14_aligned.d" -MT"Drivers/lvgl/src/font/lv_font_montserrat_14_aligned.o" --specs=nano.specs -mfpu=fpv5-sp-d16 -mfloat-abi=hard -mthumb -o "Drivers/lvgl/src/font/lv_font_montserrat_14_aligned.o"
arm-none-eabi-gcc "../Drivers/lvgl/src/font/lv_font_montserrat_16.c" -mcpu=cortex-m33 -std=gnu11 -g3 -DDEBUG -DUSE_HAL_DRIVER -DSTM32U575xx -c -I../Core/Inc -I../Drivers/STM32U5xx_HAL_Driver/Inc -I../Drivers/STM32U5xx_HAL_Driver/Inc/Legacy -I../Drivers/CMSIS/Device/ST/STM32U5xx/Include -I../Drivers/CMSIS/Include -I../Middlewares/Third_Party/FreeRTOS/Source/include/ -I../Middlewares/Third_Party/FreeRTOS/Source/portable/GCC/ARM_CM33_NTZ/non_secure/ -I../Middlewares/Third_Party/FreeRTOS/Source/CMSIS_RTOS_V2/ -I../Middlewares/Third_Party/CMSIS/RTOS2/Include/ -I"/home/joakim-wennergren/Desktop/Smartwatch/Firmware/Bench/Drivers/lvgl" -O0 -ffunction-sections -fdata-sections -Wall -fstack-usage -fstack-usage -fcyclomatic-complexity -MMD -MP -MF"Drivers/lvgl/src/font/lv_font_montserrat_16.d" -MT"Drivers/lvgl/src/font/lv_font_montserrat_16.o" --specs=nano.specs -mfpu=fpv5-sp-d16 -mfloat-abi=hard -mthumb -o "Drivers/lvgl/src/font/lv_font_montserrat_16.o"
arm-none-eabi-gcc "../Drivers/lvgl/src/font/lv_font_montserrat_18.c" -mcpu=cortex-m33 -std=gnu11 -g3 -DDEBUG -DUSE_HAL_DRIVER -DSTM32U575xx -c -I../Core/Inc -I../Drivers/STM32U5xx_HAL_Driver/Inc -I../Drivers/STM32U5xx_HAL_Driver/Inc/Legacy -I../Drivers/CMSIS/Device/ST/STM32U5xx/Include -I../Drivers/CMSIS/Include -I../Middlewares/Third_Party/FreeRTOS/Source/include/ -I../Middlewares/Third_Party/FreeRTOS/Source/portable/GCC/ARM_CM33_NTZ/non_secure/ -I../Middlewares/Third_Party/FreeRTOS/Source/CMSIS_RTOS_V2/ -I../Middlewares/Third_Party/CMSIS/RTOS2/Include/ -I"/home/joakim-wennergren/Desktop/Smartwatch/Firmware/Bench/Drivers/lvgl" -O0 -ffunction-sections -fdata-sections -Wall -fstack-usage -fstack-usage -fcyclomatic-complexity -MMD -MP -MF"Drivers/lvgl/src/font/lv_font_montserrat_18.d" -MT"Drivers/lvgl/src/font/lv_font_montserrat_18.o" --specs=nano.specs -mfpu=fpv5-sp-d16 -mfloat-abi=hard -mthumb -o "Drivers/lvgl/src/font/lv_font_montserrat_18.o"
arm-none-eabi-gcc "../Drivers/lvgl/src/font/lv_font_montserrat_20.c" -mcpu=cortex-m33 -std=gnu11 -g3 -DDEBUG -DUSE_HAL_DRIVER -DSTM32U575xx -c -I../Core/Inc -I../Drivers/STM32U5xx_HAL_Driver/Inc -I../Drivers/STM32U5xx_HAL_Driver/Inc/Legacy -I../Drivers/CMSIS/Device/ST/STM32U5xx/Include -I../Drivers/CMSIS/Include -I../Middlewares/Third_Party/FreeRTOS/Source/include/ -I../Middlewares/Third_Party/FreeRTOS/Source/portable/GCC/ARM_CM33_NTZ/non_secure/ -I../Middlewares/Third_Party/FreeRTOS/Source/CMSIS_RTOS_V2/ -I../Middlewares/Third_Party/CMSIS/RTOS2/Include/ -I"/home/joakim-wennergren/Desktop/Smartwatch/Firmware/Bench/Drivers/lvgl" -O0 -ffunction-sections -fdata-sections -Wall -fstack-usage -fstack-usage -fcyclomatic-complexity -MMD -MP -MF"Drivers/lvgl/src/font/lv_font_montserrat_20.d" -MT"Drivers/lvgl/src/font/lv_font_montserrat_20.o" --specs=nano.specs -mfpu=fpv5-sp-d16 -mfloat-abi=hard -mthumb -o "Drivers/lvgl/src/font/lv_font_montserrat_20.o"
arm-none-eabi-gcc "../Drivers/lvgl/src/font/lv_font_montserrat_22.c" -mcpu=cortex-m33 -std=gnu11 -g3 -DDEBUG -DUSE_HAL_DRIVER -DSTM32U575xx -c -I../Core/Inc -I../Drivers/STM32U5xx_HAL_Driver/Inc -I../Drivers/STM32U5xx_HAL_Driver/Inc/Legacy -I../Drivers/CMSIS/Device/ST/STM32U5xx/Include -I../Drivers/CMSIS/Include -I../Middlewares/Third_Party/FreeRTOS/Source/include/ -I../Middlewares/Third_Party/FreeRTOS/Source/portable/GCC/ARM_CM33_NTZ/non_secure/ -I../Middlewares/Third_Party/FreeRTOS/Source/CMSIS_RTOS_V2/ -I../Middlewares/Third_Party/CMSIS/RTOS2/Include/ -I"/home/joakim-wennergren/Desktop/Smartwatch/Firmware/Bench/Drivers/lvgl" -O0 -ffunction-sections -fdata-sections -Wall -fstack-usage -fstack-usage -fcyclomatic-complexity -MMD -MP -MF"Drivers/lvgl/src/font/lv_font_montserrat_22.d" -MT"Drivers/lvgl/src/font/lv_font_montserrat_22.o" --specs=nano.specs -mfpu=fpv5-sp-d16 -mfloat-abi=hard -mthumb -o "Drivers/lvgl/src/font/lv_font_montserrat_22.o"
arm-none-eabi-gcc "../Drivers/lvgl/src/font/lv_font_montserrat_24.c" -mcpu=cortex-m33 -std=gnu11 -g3 -DDEBUG -DUSE_HAL_DRIVER -DSTM32U575xx -c -I../Core/Inc -I../Drivers/STM32U5xx_HAL_Driver/Inc -I../Drivers/STM32U5xx_HAL_Driver/Inc/Legacy -I../Drivers/CMSIS/Device/ST/STM32U5xx/Include -I../Drivers/CMSIS/Include -I../Middlewares/Third_Party/FreeRTOS/Source/include/ -I../Middlewares/Third_Party/FreeRTOS/Source/portable/GCC/ARM_CM33_NTZ/non_secure/ -I../Middlewares/Third_Party/FreeRTOS/Source/CMSIS_RTOS_V2/ -I../Middlewares/Third_Party/CMSIS/RTOS2/Include/ -I"/home/joakim-wennergren/Desktop/Smartwatch/Firmware/Bench/Drivers/lvgl" -O0 -ffunction-sections -fdata-sections -Wall -fstack-usage -fstack-usage -fcyclomatic-complexity -MMD -MP -MF"Drivers/lvgl/src/font/lv_font_montserrat_24.d" -MT"Drivers/lvgl/src/font/lv_font_montserrat_24.o" --specs=nano.specs -mfpu=fpv5-sp-d16 -mfloat-abi=hard -mthumb -o "Drivers/lvgl/src/font/lv_font_montserrat_24.o"
arm-none-eabi-gcc "../Drivers/lvgl/src/font/lv_font_montserrat_26.c" -mcpu=cortex-m33 -std=gnu11 -g3 -DDEBUG -DUSE_HAL_DRIVER -DSTM32U575xx -c -I../Core/Inc -I../Drivers/STM32U5xx_HAL_Driver/Inc -I../Drivers/STM32U5xx_HAL_Driver/Inc/Legacy -I../Drivers/CMSIS/Device/ST/STM32U5xx/Include -I../Drivers/CMSIS/Include -I../Middlewares/Third_Party/FreeRTOS/Source/include/ -I../Middlewares/Third_Party/FreeRTOS/Source/portable/GCC/ARM_CM33_NTZ/non_secure/ -I../Middlewares/Third_Party/FreeRTOS/Source/CMSIS_RTOS_V2/ -I../Middlewares/Third_Party/CMSIS/RTOS2/Include/ -I"/home/joakim-wennergren/Desktop/Smartwatch/Firmware/Bench/Drivers/lvgl" -O0 -ffunction-sections -fdata-sections -Wall -fstack-usage -fstack-usage -fcyclomatic-complexity -MMD -MP -MF"Drivers/lvgl/src/font/lv_font_montserrat_26.d" -MT"Drivers/lvgl/src/font/lv_font_montserrat_26.o" --specs=nano.specs -mfpu=fpv5-sp-d16 -mfloat-abi=hard -mthumb -o "Drivers/lvgl/src/font/lv_font_montserrat_26.o"
arm-none-eabi-gcc "../Drivers/lvgl/src/font/lv_font_montserrat_28.c" -mcpu=cortex-m33 -std=gnu11 -g3 -DDEBUG -DUSE_HAL_DRIVER -DSTM32U575xx -c -I../Core/Inc -I../Drivers/STM32U5xx_HAL_Driver/Inc -I../Drivers/STM32U5xx_HAL_Driver/Inc/Legacy -I../Drivers/CMSIS/Device/ST/STM32U5xx/Include -I../Drivers/CMSIS/Include -I../Middlewares/Third_Party/FreeRTOS/Source/include/ -I../Middlewares/Third_Party/FreeRTOS/Source/portable/GCC/ARM_CM33_NTZ/non_secure/ -I../Middlewares/Third_Party/FreeRTOS/Source/CMSIS_RTOS_V2/ -I../Middlewares/Third_Party/CMSIS/RTOS2/Include/ -I"/home/joakim-wennergren/Desktop/Smartwatch/Firmware/Bench/Drivers/lvgl" -O0 -ffunction-sections -fdata-sections -Wall -fstack-usage -fstack-usage -fcyclomatic-complexity -MMD -MP -MF"Drivers/lvgl/src/font/lv_font_montserrat_28.d" -MT"Drivers/lvgl/src/font/lv_font_montserrat_28.o" --specs=nano.specs -mfpu=fpv5-sp-d16 -mfloat-abi=hard -mthumb -o "Drivers/lvgl/src/font/lv_font_montserrat_28.o"
arm-none-eabi-gcc "../Drivers/lvgl/src/font/lv_font_montserrat_28_compressed.c" -mcpu=cortex-m33 -std=gnu11 -g3 -DDEBUG -DUSE_HAL_DRIVER -DSTM32U575xx -c -I../Core/Inc -I../Drivers/STM32U5xx_HAL_Driver/Inc -I../Drivers/STM32U5xx_HAL_Driver/Inc/Legacy -I../Drivers/CMSIS/Device/ST/STM32U5xx/Include -I../Drivers/CMSIS/Include -I../Middlewares/Third_Party/FreeRTOS/Source/include/ -I../Middlewares/Third_Party/FreeRTOS/Source/portable/GCC/ARM_CM33_NTZ/non_secure/ -I../Middlewares/Third_Party/FreeRTOS/Source/CMSIS_RTOS_V2/ -I../Middlewares/Third_Party/CMSIS/RTOS2/Include/ -I"/home/joakim-wennergren/Desktop/Smartwatch/Firmware/Bench/Drivers/lvgl" -O0 -ffunction-sections -fdata-sections -Wall -fstack-usage -fstack-usage -fcyclomatic-complexity -MMD -MP -MF"Drivers/lvgl/src/font/lv_font_montserrat_28_compressed.d" -MT"Drivers/lvgl/src/font/lv_font_montserrat_28_compressed.o" --specs=nano.specs -mfpu=fpv5-sp-d16 -mfloat-abi=hard -mthumb -o "Drivers/lvgl/src/font/lv_font_montserrat_28_compressed.o"
arm-none-eabi-gcc "../Drivers/lvgl/src/font/lv_font_montserrat_30.c" -mcpu=cortex-m33 -std=gnu11 -g3 -DDEBUG -DUSE_HAL_DRIVER -DSTM32U575xx -c -I../Core/Inc -I../Drivers/STM32U5xx_HAL_Driver/Inc -I../Drivers/STM32U5xx_HAL_Driver/Inc/Legacy -I../Drivers/CMSIS/Device/ST/STM32U5xx/Include -I../Drivers/CMSIS/Include -I../Middlewares/Third_Party/FreeRTOS/Source/include/ -I../Middlewares/Third_Party/FreeRTOS/Source/portable/GCC/ARM_CM33_NTZ/non_secure/ -I../Middlewares/Third_Party/FreeRTOS/Source/CMSIS_RTOS_V2/ -I../Middlewares/Third_Party/CMSIS/RTOS2/Include/ -I"/home/joakim-wennergren/Desktop/Smartwatch/Firmware/Bench/Drivers/lvgl" -O0 -ffunction-sections -fdata-sections -Wall -fstack-usage -fstack-usage -fcyclomatic-complexity -MMD -MP -MF"Drivers/lvgl/src/font/lv_font_montserrat_30.d" -MT"Drivers/lvgl/src/font/lv_font_montserrat_30.o" --specs=nano.specs -mfpu=fpv5-sp-d16 -mfloat-abi=hard -mthumb -o "Drivers/lvgl/src/font/lv_font_montserrat_30.o"
arm-none-eabi-gcc "../Drivers/lvgl/src/font/lv_font_montserrat_32.c" -mcpu=cortex-m33 -std=gnu11 -g3 -DDEBUG -DUSE_HAL_DRIVER -DSTM32U575xx -c -I../Core/Inc -I../Drivers/STM32U5xx_HAL_Driver/Inc -I../Drivers/STM32U5xx_HAL_Driver/Inc/Legacy -I../Drivers/CMSIS/Device/ST/STM32U5xx/Include -I../Drivers/CMSIS/Include -I../Middlewares/Third_Party/FreeRTOS/Source/include/ -I../Middlewares/Third_Party/FreeRTOS/Source/portable/GCC/ARM_CM33_NTZ/non_secure/ -I../Middlewares/Third_Party/FreeRTOS/Source/CMSIS_RTOS_V2/ -I../Middlewares/Third_Party/CMSIS/RTOS2/Include/ -I"/home/joakim-wennergren/Desktop/Smartwatch/Firmware/Bench/Drivers/lvgl" -O0 -ffunction-sections -fdata-sections -Wall -fstack-usage -fstack-usage -fcyclomatic-complexity -MMD -MP -MF"Drivers/lvgl/src/font/lv_font_montserrat_32.d" -MT"Drivers/lvgl/src/font/lv_font_montserrat_32.o" --specs=nano.specs -mfpu=fpv5-sp-d16 -mfloat-abi=hard -mthumb -o "Drivers/lvgl/src/font/lv_font_montserrat_32.o"
arm-none-eabi-gcc "../Drivers/lvgl/src/font/lv_font_montserrat_34.c" -mcpu=cortex-m33 -std=gnu11 -g3 -DDEBUG -DUSE_HAL_DRIVER -DSTM32U575xx -c -I../Core/Inc -I../Drivers/STM32U5xx_HAL_Driver/Inc -I../Drivers/STM32U5xx_HAL_Driver/Inc/Legacy -I../Drivers/CMSIS/Device/ST/STM32U5xx/Include -I../Drivers/CMSIS/Include -I../Middlewares/Third_Party/FreeRTOS/Source/include/ -I../Middlewares/Third_Party/FreeRTOS/Source/portable/GCC/ARM_CM33_NTZ/non_secure/ -I../Middlewares/Third_Party/FreeRTOS/Source/CMSIS_RTOS_V2/ -I../Middlewares/Third_Party/CMSIS/RTOS2/Include/ -I"/home/joakim-wennergren/Desktop/Smartwatch/Firmware/Bench/Drivers/lvgl" -O0 -ffunction-sections -fdata-sections -Wall -fstack-usage -fstack-usage -fcyclomatic-complexity -MMD -MP -MF"Drivers/lvgl/src/font/lv_font_montserrat_34.d" -MT"Drivers/lvgl/src/font/lv_font_montserrat_34.o" --specs=nano.specs -mfpu=fpv5-sp-d16 -mfloat-abi=hard -mthumb -o "Drivers/lvgl/src/font/lv_font_montserrat_34.o"
arm-none-eabi-gcc "../Drivers/lvgl/src/font/lv_font_montserrat_36.c" -mcpu=cortex-m33 -std=gnu11 -g3 -DDEBUG -DUSE_HAL_DRIVER -DSTM32U575xx -c -I../Core/Inc -I../Drivers/STM32U5xx_HAL_Driver/Inc -I../Drivers/STM32U5xx_HAL_Driver/Inc/Legacy -I../Drivers/CMSIS/Device/ST/STM32U5xx/Include -I../Drivers/CMSIS/Include -I../Middlewares/Third_Party/FreeRTOS/Source/include/ -I../Middlewares/Third_Party/FreeRTOS/Source/portable/GCC/ARM_CM33_NTZ/non_secure/ -I../Middlewares/Third_Party/FreeRTOS/Source/CMSIS_RTOS_V2/ -I../Middlewares/Third_Party/CMSIS/RTOS2/Include/ -I"/home/joakim-wennergren/Desktop/Smartwatch/Firmware/Bench/Drivers/lvgl" -O0 -ffunction-sections -fdata-sections -Wall -fstack-usage -fstack-usage -fcyclomatic-complexity -MMD -MP -MF"Drivers/lvgl/src/font/lv_font_montserrat_36.d" -MT"Drivers/lvgl/src/font/lv_font_montserrat_36.o" --specs=nano.specs -mfpu=fpv5-sp-d16 -mfloat-abi=hard -mthumb -o "Drivers/lvgl/src/font/lv_font_montserrat_36.o"
arm-none-eabi-gcc "../Drivers/lvgl/src/font/lv_font_montserrat_38.c" -mcpu=cortex-m33 -std=gnu11 -g3 -DDEBUG -DUSE_HAL_DRIVER -DSTM32U575xx -c -I../Core/Inc -I../Drivers/STM32U5xx_HAL_Driver/Inc -I../Drivers/STM32U5xx_HAL_Driver/Inc/Legacy -I../Drivers/CMSIS/Device/ST/STM32U5xx/Include -I../Drivers/CMSIS/Include -I../Middlewares/Third_Party/FreeRTOS/Source/include/ -I../Middlewares/Third_Party/FreeRTOS/Source/portable/GCC/ARM_CM33_NTZ/non_secure/ -I../Middlewares/Third_Party/FreeRTOS/Source/CMSIS_RTOS_V2/ -I../Middlewares/Third_Party/CMSIS/RTOS2/Include/ -I"/home/joakim-wennergren/Desktop/Smartwatch/Firmware/Bench/Drivers/lvgl" -O0 -ffunction-sections -fdata-sections -Wall -fstack-usage -fstack-usage -fcyclomatic-complexity -MMD -MP -MF"Drivers/lvgl/src/font/lv_font_montserrat_38.d" -MT"Drivers/lvgl/src/font/lv_font_montserrat_38.o" --specs=nano.specs -mfpu=fpv5-sp-d16 -mfloat-abi=hard -mthumb -o "Drivers/lvgl/src/font/lv_font_montserrat_38.o"
arm-none-eabi-gcc "../Drivers/lvgl/src/font/lv_font_montserrat_40.c" -mcpu=cortex-m33 -std=gnu11 -g3 -DDEBUG -DUSE_HAL_DRIVER -DSTM32U575xx -c -I../Core/Inc -I../Drivers/STM32U5xx_HAL_Driver/Inc -I../Drivers/STM32U5xx_HAL_Driver/Inc/Legacy -I../Drivers/CMSIS/Device/ST/STM32U5xx/Include -I../Drivers/CMSIS/Include -I../Middlewares/Third_Party/FreeRTOS/Source/include/ -I../Middlewares/Third_Party/FreeRTOS/Source/portable/GCC/ARM_CM33_NTZ/non_secure/ -I../Middlewares/Third_Party/FreeRTOS/Source/CMSIS_RTOS_V2/ -I../Middlewares/Third_Party/CMSIS/RTOS2/Include/ -I"/home/joakim-wennergren/Desktop/Smartwatch/Firmware/Bench/Drivers/lvgl" -O0 -ffunction-sections -fdata-sections -Wall -fstack-usage -fstack-usage -fcyclomatic-complexity -MMD -MP -MF"Drivers/lvgl/src/font/lv_font_montserrat_40.d" -MT"Drivers/lvgl/src/font/lv_font_montserrat_40.o" --specs=nano.specs -mfpu=fpv5-sp-d16 -mfloat-abi=hard -mthumb -o "Drivers/lvgl/src/font/lv_font_montserrat_40.o"
arm-none-eabi-gcc "../Drivers/lvgl/src/font/lv_font_montserrat_42.c" -mcpu=cortex-m33 -std=gnu11 -g3 -DDEBUG -DUSE_HAL_DRIVER -DSTM32U575xx -c -I../Core/Inc -I../Drivers/STM32U5xx_HAL_Driver/Inc -I../Drivers/STM32U5xx_HAL_Driver/Inc/Legacy -I../Drivers/CMSIS/Device/ST/STM32U5xx/Include -I../Drivers/CMSIS/Include -I../Middlewares/Third_Party/FreeRTOS/Source/include/ -I../Middlewares/Third_Party/FreeRTOS/Source/portable/GCC/ARM_CM33_NTZ/non_secure/ -I../Middlewares/Third_Party/FreeRTOS/Source/CMSIS_RTOS_V2/ -I../Middlewares/Third_Party/CMSIS/RTOS2/Include/ -I"/home/joakim-wennergren/Desktop/Smartwatch/Firmware/Bench/Drivers/lvgl" -O0 -ffunction-sections -fdata-sections -Wall -fstack-usage -fstack-usage -fcyclomatic-complexity -MMD -MP -MF"Drivers/lvgl/src/font/lv_font_montserrat_42.d" -MT"Drivers/lvgl/src/font/lv_font_montserrat_42.o" --specs=nano.specs -mfpu=fpv5-sp-d16 -mfloat-abi=hard -mthumb -o "Drivers/lvgl/src/font/lv_font_montserrat_42.o"
arm-none-eabi-gcc "../Drivers/lvgl/src/font/lv_font_montserrat_44.c" -mcpu=cortex-m33 -std=gnu11 -g3 -DDEBUG -DUSE_HAL_DRIVER -DSTM32U575xx -c -I../Core/Inc -I../Drivers/STM32U5xx_HAL_Driver/Inc -I../Drivers/STM32U5xx_HAL_Driver/Inc/Legacy -I../Drivers/CMSIS/Device/ST/STM32U5xx/Include -I../Drivers/CMSIS/Include -I../Middlewares/Third_Party/FreeRTOS/Source/include/ -I../Middlewares/Third_Party/FreeRTOS/Source/portable/GCC/ARM_CM33_NTZ/non_secure/ -I../Middlewares/Third_Party/FreeRTOS/Source/CMSIS_RTOS_V2/ -I../Middlewares/Third_Party/CMSIS/RTOS2/Include/ -I"/home/joakim-wennergren/Desktop/Smartwatch/Firmware/Bench/Drivers/lvgl" -O0 -ffunction-sections -fdata-sections -Wall -fstack-usage -fstack-usage -fcyclomatic-complexity -MMD -MP -MF"Drivers/lvgl/src/font/lv_font_montserrat_44.d" -MT"Drivers/lvgl/src/font/lv_font_montserrat_44.o" --specs=nano.specs -mfpu=fpv5-sp-d16 -mfloat-abi=hard -mthumb -o "Drivers/lvgl/src/font/lv_font_montserrat_44.o"
arm-none-eabi-gcc "../Drivers/lvgl/src/font/lv_font_montserrat_46.c" -mcpu=cortex-m33 -std=gnu11 -g3 -DDEBUG -DUSE_HAL_DRIVER -DSTM32U575xx -c -I../Core/Inc -I../Drivers/STM32U5xx_HAL_Driver/Inc -I../Drivers/STM32U5xx_HAL_Driver/Inc/Legacy -I../Drivers/CMSIS/Device/ST/STM32U5xx/Include -I../Drivers/CMSIS/Include -I../Middlewares/Third_Party/FreeRTOS/Source/include/ -I../Middlewares/Third_Party/FreeRTOS/Source/portable/GCC/ARM_CM33_NTZ/non_secure/ -I../Middlewares/Third_Party/FreeRTOS/Source/CMSIS_RTOS_V2/ -I../Middlewares/Third_Party/CMSIS/RTOS2/Include/ -I"/home/joakim-wennergren/Desktop/Smartwatch/Firmware/Bench/Drivers/lvgl" -O0 -ffunction-sections -fdata-sections -Wall -fstack-usage -fstack-usage -fcyclomatic-complexity -MMD -MP -MF"Drivers/lvgl/src/font/lv_font_montserrat_46.d" -MT"Drivers/lvgl/src/font/lv_font_montserrat_46.o" --specs=nano.specs -mfpu=fpv5-sp-d16 -mfloat-abi=hard -mthumb -o "Drivers/lvgl/src/font/lv_font_montserrat_46.o"
arm-none-eabi-gcc "../Drivers/lvgl/src/font/lv_font_montserrat_48.c" -mcpu=cortex-m33 -std=gnu11 -g3 -DDEBUG -DUSE_HAL_DRIVER -DSTM32U575xx -c -I../Core/Inc -I../Drivers/STM32U5xx_HAL_Driver/Inc -I../Drivers/STM32U5xx_HAL_Driver/Inc/Legacy -I../Drivers/CMSIS/Device/ST/STM32U5xx/Include -I../Drivers/CMSIS/Include -I../Middlewares/Third_Party/FreeRTOS/Source/include/ -I../Middlewares/Third_Party/FreeRTOS/Source/portable/GCC/ARM_CM33_NTZ/non_secure/ -I../Middlewares/Third_Party/FreeRTOS/Source/CMSIS_RTOS_V2/ -I../Middlewares/Third_Party/CMSIS/RTOS2/Include/ -I"/home/joakim-wennergren/Desktop/Smartwatch/Firmware/Bench/Drivers/lvgl" -O0 -ffunction-sections -fdata-sections -Wall -fstack-usage -fstack-usage -fcyclomatic-complexity -MMD -MP -MF"Drivers/lvgl/src/font/lv_font_montserrat_48.d" -MT"Drivers/lvgl/src/font/lv_font_montserrat_48.o" --specs=nano.specs -mfpu=fpv5-sp-d16 -mfloat-abi=hard -mthumb -o "Drivers/lvgl/src/font/lv_font_montserrat_48.o"
arm-none-eabi-gcc "../Drivers/lvgl/src/font/lv_font_montserrat_8.c" -mcpu=cortex-m33 -std=gnu11 -g3 -DDEBUG -DUSE_HAL_DRIVER -DSTM32U575xx -c -I../Core/Inc -I../Drivers/STM32U5xx_HAL_Driver/Inc -I../Drivers/STM32U5xx_HAL_Driver/Inc/Legacy -I../Drivers/CMSIS/Device/ST/STM32U5xx/Include -I../Drivers/CMSIS/Include -I../Middlewares/Third_Party/FreeRTOS/Source/include/ -I../Middlewares/Third_Party/FreeRTOS/Source/portable/GCC/ARM_CM33_NTZ/non_secure/ -I../Middlewares/Third_Party/FreeRTOS/Source/CMSIS_RTOS_V2/ -I../Middlewares/Third_Party/CMSIS/RTOS2/Include/ -I"/home/joakim-wennergren/Desktop/Smartwatch/Firmware/Bench/Drivers/lvgl" -O0 -ffunction-sections -fdata-sections -Wall -fstack-usage -fstack-usage -fcyclomatic-complexity -MMD -MP -MF"Drivers/lvgl/src/font/lv_font_montserrat_8.d" -MT"Drivers/lvgl/src/font/lv_font_montserrat_8.o" --specs=nano.specs -mfpu=fpv5-sp-d16 -mfloat-abi=hard -mthumb -o "Drivers/lvgl/src/font/lv_font_montserrat_8.o"
arm-none-eabi-gcc "../Drivers/lvgl/src/font/lv_font_simsun_14_cjk.c" -mcpu=cortex-m33 -std=gnu11 -g3 -DDEBUG -DUSE_HAL_DRIVER -DSTM32U575xx -c -I../Core/Inc -I../Drivers/STM32U5xx_HAL_Driver/Inc -I../Drivers/STM32U5xx_HAL_Driver/Inc/Legacy -I../Drivers/CMSIS/Device/ST/STM32U5xx/Include -I../Drivers/CMSIS/Include -I../Middlewares/Third_Party/FreeRTOS/Source/include/ -I../Middlewares/Third_Party/FreeRTOS/Source/portable/GCC/ARM_CM33_NTZ/non_secure/ -I../Middlewares/Third_Party/FreeRTOS/Source/CMSIS_RTOS_V2/ -I../Middlewares/Third_Party/CMSIS/RTOS2/Include/ -I"/home/joakim-wennergren/Desktop/Smartwatch/Firmware/Bench/Drivers/lvgl" -O0 -ffunction-sections -fdata-sections -Wall -fstack-usage -fstack-usage -fcyclomatic-complexity -MMD -MP -MF"Drivers/lvgl/src/font/lv_font_simsun_14_cjk.d" -MT"Drivers/lvgl/src/font/lv_font_simsun_14_cjk.o" --specs=nano.specs -mfpu=fpv5-sp-d16 -mfloat-abi=hard -mthumb -o "Drivers/lvgl/src/font/lv_font_simsun_14_cjk.o"
arm-none-eabi-gcc "../Drivers/lvgl/src/font/lv_font_simsun_16_cjk.c" -mcpu=cortex-m33 -std=gnu11 -g3 -DDEBUG -DUSE_HAL_DRIVER -DSTM32U575xx -c -I../Core/Inc -I../Drivers/STM32U5xx_HAL_Driver/Inc -I../Drivers/STM32U5xx_HAL_Driver/Inc/Legacy -I../Drivers/CMSIS/Device/ST/STM32U5xx/Include -I../Drivers/CMSIS/Include -I../Middlewares/Third_Party/FreeRTOS/Source/include/ -I../Middlewares/Third_Party/FreeRTOS/Source/portable/GCC/ARM_CM33_NTZ/non_secure/ -I../Middlewares/Third_Party/FreeRTOS/Source/CMSIS_RTOS_V2/ -I../Middlewares/Third_Party/CMSIS/RTOS2/Include/ -I"/home/joakim-wennergren/Desktop/Smartwatch/Firmware/Bench/Drivers/lvgl" -O0 -ffunction-sections -fdata-sections -Wall -fstack-usage -fstack-usage -fcyclomatic-complexity -MMD -MP -MF"Drivers/lvgl/src/font/lv_font_simsun_16_cjk.d" -MT"Drivers/lvgl/src/font/lv_font_simsun_16_cjk.o" --specs=nano.specs -mfpu=fpv5-sp-d16 -mfloat-abi=hard -mthumb -o "Drivers/lvgl/src/font/lv_font_simsun_16_cjk.o"
arm-none-eabi-gcc "../Drivers/lvgl/src/font/lv_font_source_han_sans_sc_14_cjk.c" -mcpu=cortex-m33 -std=gnu11 -g3 -DDEBUG -DUSE_HAL_DRIVER -DSTM32U575xx -c -I../Core/Inc -I../Drivers/STM32U5xx_HAL_Driver/Inc -I../Drivers/STM32U5xx_HAL_Driver/Inc/Legacy -I../Drivers/CMSIS/Device/ST/STM32U5xx/Include -I../Drivers/CMSIS/Include -I../Middlewares/Third_Party/FreeRTOS/Source/include/ -I../Middlewares/Third_Party/FreeRTOS/Source/portable/GCC/ARM_CM33_NTZ/non_secure/ -I../Middlewares/Third_Party/FreeRTOS/Source/CMSIS_RTOS_V2/ -I../Middlewares/Third_Party/CMSIS/RTOS2/Include/ -I"/home/joakim-wennergren/Desktop/Smartwatch/Firmware/Bench/Drivers/lvgl" -O0 -ffunction-sections -fdata-sections -Wall -fstack-usage -fstack-usage -fcyclomatic-complexity -MMD -MP -MF"Drivers/lvgl/src/font/lv_font_source_han_sans_sc_14_cjk.d" -MT"Drivers/lvgl/src/font/lv_font_source_han_sans_sc_14_cjk.o" --specs=nano.specs -mfpu=fpv5-sp-d16 -mfloat-abi=hard -mthumb -o "Drivers/lvgl/src/font/lv_font_source_han_sans_sc_14_cjk.o"
arm-none-eabi-gcc "../Drivers/lvgl/src/font/lv_font_source_han_sans_sc_16_cjk.c" -mcpu=cortex-m33 -std=gnu11 -g3 -DDEBUG -DUSE_HAL_DRIVER -DSTM32U575xx -c -I../Core/Inc -I../Drivers/STM32U5xx_HAL_Driver/Inc -I../Drivers/STM32U5xx_HAL_Driver/Inc/Legacy -I../Drivers/CMSIS/Device/ST/STM32U5xx/Include -I../Drivers/CMSIS/Include -I../Middlewares/Third_Party/FreeRTOS/Source/include/ -I../Middlewares/Third_Party/FreeRTOS/Source/portable/GCC/ARM_CM33_NTZ/non_secure/ -I../Middlewares/Third_Party/FreeRTOS/Source/CMSIS_RTOS_V2/ -I../Middlewares/Third_Party/CMSIS/RTOS2/Include/ -I"/home/joakim-wennergren/Desktop/Smartwatch/Firmware/Bench/Drivers/lvgl" -O0 -ffunction-sections -fdata-sections -Wall -fstack-usage -fstack-usage -fcyclomatic-complexity -MMD -MP -MF"Drivers/lvgl/src/font/lv_font_source_han_sans_sc_16_cjk.d" -MT"Drivers/lvgl/src/font/lv_font_source_han_sans_sc_16_cjk.o" --specs=nano.specs -mfpu=fpv5-sp-d16 -mfloat-abi=hard -mthumb -o "Drivers/lvgl/src/font/lv_font_source_han_sans_sc_16_cjk.o"
arm-none-eabi-gcc "../Drivers/lvgl/src/font/lv_font_unscii_16.c" -mcpu=cortex-m33 -std=gnu11 -g3 -DDEBUG -DUSE_HAL_DRIVER -DSTM32U575xx -c -I../Core/Inc -I../Drivers/STM32U5xx_HAL_Driver/Inc -I../Drivers/STM32U5xx_HAL_Driver/Inc/Legacy -I../Drivers/CMSIS/Device/ST/STM32U5xx/Include -I../Drivers/CMSIS/Include -I../Middlewares/Third_Party/FreeRTOS/Source/include/ -I../Middlewares/Third_Party/FreeRTOS/Source/portable/GCC/ARM_CM33_NTZ/non_secure/ -I../Middlewares/Third_Party/FreeRTOS/Source/CMSIS_RTOS_V2/ -I../Middlewares/Third_Party/CMSIS/RTOS2/Include/ -I"/home/joakim-wennergren/Desktop/Smartwatch/Firmware/Bench/Drivers/lvgl" -O0 -ffunction-sections -fdata-sections -Wall -fstack-usage -fstack-usage -fcyclomatic-complexity -MMD -MP -MF"Drivers/lvgl/src/font/lv_font_unscii_16.d" -MT"Drivers/lvgl/src/font/lv_font_unscii_16.o" --specs=nano.specs -mfpu=fpv5-sp-d16 -mfloat-abi=hard -mthumb -o "Drivers/lvgl/src/font/lv_font_unscii_16.o"
arm-none-eabi-gcc "../Drivers/lvgl/src/font/lv_font_unscii_8.c" -mcpu=cortex-m33 -std=gnu11 -g3 -DDEBUG -DUSE_HAL_DRIVER -DSTM32U575xx -c -I../Core/Inc -I../Drivers/STM32U5xx_HAL_Driver/Inc -I../Drivers/STM32U5xx_HAL_Driver/Inc/Legacy -I../Drivers/CMSIS/Device/ST/STM32U5xx/Include -I../Drivers/CMSIS/Include -I../Middlewares/Third_Party/FreeRTOS/Source/include/ -I../Middlewares/Third_Party/FreeRTOS/Source/portable/GCC/ARM_CM33_NTZ/non_secure/ -I../Middlewares/Third_Party/FreeRTOS/Source/CMSIS_RTOS_V2/ -I../Middlewares/Third_Party/CMSIS/RTOS2/Include/ -I"/home/joakim-wennergren/Desktop/Smartwatch/Firmware/Bench/Drivers/lvgl" -O0 -ffunction-sections -fdata-sections -Wall -fstack-usage -fstack-usage -fcyclomatic-complexity -MMD -MP -MF"Drivers/lvgl/src/font/lv_font_unscii_8.d" -MT"Drivers/lvgl/src/font/lv_font_unscii_8.o" --specs=nano.specs -mfpu=fpv5-sp-d16 -mfloat-abi=hard -mthumb -o "Drivers/lvgl/src/font/lv_font_unscii_8.o"
arm-none-eabi-gcc "../Drivers/lvgl/src/drivers/x11/lv_x11_display.c" -mcpu=cortex-m33 -std=gnu11 -g3 -DDEBUG -DUSE_HAL_DRIVER -DSTM32U575xx -c -I../Core/Inc -I../Drivers/STM32U5xx_HAL_Driver/Inc -I../Drivers/STM32U5xx_HAL_Driver/Inc/Legacy -I../Drivers/CMSIS/Device/ST/STM32U5xx/Include -I../Drivers/CMSIS/Include -I../Middlewares/Third_Party/FreeRTOS/Source/include/ -I../Middlewares/Third_Party/FreeRTOS/Source/portable/GCC/ARM_CM33_NTZ/non_secure/ -I../Middlewares/Third_Party/FreeRTOS/Source/CMSIS_RTOS_V2/ -I../Middlewares/Third_Party/CMSIS/RTOS2/Include/ -I"/home/joakim-wennergren/Desktop/Smartwatch/Firmware/Bench/Drivers/lvgl" -O0 -ffunction-sections -fdata-sections -Wall -fstack-usage -fstack-usage -fcyclomatic-complexity -MMD -MP -MF"Drivers/lvgl/src/drivers/x11/lv_x11_display.d" -MT"Drivers/lvgl/src/drivers/x11/lv_x11_display.o" --specs=nano.specs -mfpu=fpv5-sp-d16 -mfloat-abi=hard -mthumb -o "Drivers/lvgl/src/drivers/x11/lv_x11_display.o"
arm-none-eabi-gcc "../Drivers/lvgl/src/drivers/x11/lv_x11_input.c" -mcpu=cortex-m33 -std=gnu11 -g3 -DDEBUG -DUSE_HAL_DRIVER -DSTM32U575xx -c -I../Core/Inc -I../Drivers/STM32U5xx_HAL_Driver/Inc -I../Drivers/STM32U5xx_HAL_Driver/Inc/Legacy -I../Drivers/CMSIS/Device/ST/STM32U5xx/Include -I../Drivers/CMSIS/Include -I../Middlewares/Third_Party/FreeRTOS/Source/include/ -I../Middlewares/Third_Party/FreeRTOS/Source/portable/GCC/ARM_CM33_NTZ/non_secure/ -I../Middlewares/Third_Party/FreeRTOS/Source/CMSIS_RTOS_V2/ -I../Middlewares/Third_Party/CMSIS/RTOS2/Include/ -I"/home/joakim-wennergren/Desktop/Smartwatch/Firmware/Bench/Drivers/lvgl" -O0 -ffunction-sections -fdata-sections -Wall -fstack-usage -fstack-usage -fcyclomatic-complexity -MMD -MP -MF"Drivers/lvgl/src/drivers/x11/lv_x11_input.d" -MT"Drivers/lvgl/src/drivers/x11/lv_x11_input.o" --specs=nano.specs -mfpu=fpv5-sp-d16 -mfloat-abi=hard -mthumb -o "Drivers/lvgl/src/drivers/x11/lv_x11_input.o"
arm-none-eabi-gcc "../Drivers/lvgl/src/drivers/windows/lv_windows_context.c" -mcpu=cortex-m33 -std=gnu11 -g3 -DDEBUG -DUSE_HAL_DRIVER -DSTM32U575xx -c -I../Core/Inc -I../Drivers/STM32U5xx_HAL_Driver/Inc -I../Drivers/STM32U5xx_HAL_Driver/Inc/Legacy -I../Drivers/CMSIS/Device/ST/STM32U5xx/Include -I../Drivers/CMSIS/Include -I../Middlewares/Third_Party/FreeRTOS/Source/include/ -I../Middlewares/Third_Party/FreeRTOS/Source/portable/GCC/ARM_CM33_NTZ/non_secure/ -I../Middlewares/Third_Party/FreeRTOS/Source/CMSIS_RTOS_V2/ -I../Middlewares/Third_Party/CMSIS/RTOS2/Include/ -I"/home/joakim-wennergren/Desktop/Smartwatch/Firmware/Bench/Drivers/lvgl" -O0 -ffunction-sections -fdata-sections -Wall -fstack-usage -fstack-usage -fcyclomatic-complexity -MMD -MP -MF"Drivers/lvgl/src/drivers/windows/lv_windows_context.d" -MT"Drivers/lvgl/src/drivers/windows/lv_windows_context.o" --specs=nano.specs -mfpu=fpv5-sp-d16 -mfloat-abi=hard -mthumb -o "Drivers/lvgl/src/drivers/windows/lv_windows_context.o"
arm-none-eabi-gcc "../Drivers/lvgl/src/drivers/windows/lv_windows_display.c" -mcpu=cortex-m33 -std=gnu11 -g3 -DDEBUG -DUSE_HAL_DRIVER -DSTM32U575xx -c -I../Core/Inc -I../Drivers/STM32U5xx_HAL_Driver/Inc -I../Drivers/STM32U5xx_HAL_Driver/Inc/Legacy -I../Drivers/CMSIS/Device/ST/STM32U5xx/Include -I../Drivers/CMSIS/Include -I../Middlewares/Third_Party/FreeRTOS/Source/include/ -I../Middlewares/Third_Party/FreeRTOS/Source/portable/GCC/ARM_CM33_NTZ/non_secure/ -I../Middlewares/Third_Party/FreeRTOS/Source/CMSIS_RTOS_V2/ -I../Middlewares/Third_Party/CMSIS/RTOS2/Include/ -I"/home/joakim-wennergren/Desktop/Smartwatch/Firmware/Bench/Drivers/lvgl" -O0 -ffunction-sections -fdata-sections -Wall -fstack-usage -fstack-usage -fcyclomatic-complexity -MMD -MP -MF"Drivers/lvgl/src/drivers/windows/lv_windows_display.d" -MT"Drivers/lvgl/src/drivers/windows/lv_windows_display.o" --specs=nano.specs -mfpu=fpv5-sp-d16 -mfloat-abi=hard -mthumb -o "Drivers/lvgl/src/drivers/windows/lv_windows_display.o"
arm-none-eabi-gcc "../Drivers/lvgl/src/drivers/windows/lv_windows_input.c" -mcpu=cortex-m33 -std=gnu11 -g3 -DDEBUG -DUSE_HAL_DRIVER -DSTM32U575xx -c -I../Core/Inc -I../Drivers/STM32U5xx_HAL_Driver/Inc -I../Drivers/STM32U5xx_HAL_Driver/Inc/Legacy -I../Drivers/CMSIS/Device/ST/STM32U5xx/Include -I../Drivers/CMSIS/Include -I../Middlewares/Third_Party/FreeRTOS/Source/include/ -I../Middlewares/Third_Party/FreeRTOS/Source/portable/GCC/ARM_CM33_NTZ/non_secure/ -I../Middlewares/Third_Party/FreeRTOS/Source/CMSIS_RTOS_V2/ -I../Middlewares/Third_Party/CMSIS/RTOS2/Include/ -I"/home/joakim-wennergren/Desktop/Smartwatch/Firmware/Bench/Drivers/lvgl" -O0 -ffunction-sections -fdata-sections -Wall -fstack-usage -fstack-usage -fcyclomatic-complexity -MMD -MP -MF"Drivers/lvgl/src/drivers/windows/lv_windows_input.d" -MT"Drivers/lvgl/src/drivers/windows/lv_windows_input.o" --specs=nano.specs -mfpu=fpv5-sp-d16 -mfloat-abi=hard -mthumb -o "Drivers/lvgl/src/drivers/windows/lv_windows_input.o"
arm-none-eabi-gcc "../Drivers/lvgl/src/drivers/wayland/lv_wayland.c" -mcpu=cortex-m33 -std=gnu11 -g3 -DDEBUG -DUSE_HAL_DRIVER -DSTM32U575xx -c -I../Core/Inc -I../Drivers/STM32U5xx_HAL_Driver/Inc -I../Drivers/STM32U5xx_HAL_Driver/Inc/Legacy -I../Drivers/CMSIS/Device/ST/STM32U5xx/Include -I../Drivers/CMSIS/Include -I../Middlewares/Third_Party/FreeRTOS/Source/include/ -I../Middlewares/Third_Party/FreeRTOS/Source/portable/GCC/ARM_CM33_NTZ/non_secure/ -I../Middlewares/Third_Party/FreeRTOS/Source/CMSIS_RTOS_V2/ -I../Middlewares/Third_Party/CMSIS/RTOS2/Include/ -I"/home/joakim-wennergren/Desktop/Smartwatch/Firmware/Bench/Drivers/lvgl" -O0 -ffunction-sections -fdata-sections -Wall -fstack-usage -fstack-usage -fcyclomatic-complexity -MMD -MP -MF"Drivers/lvgl/src/drivers/wayland/lv_wayland.d" -MT"Drivers/lvgl/src/drivers/wayland/lv_wayland.o" --specs=nano.specs -mfpu=fpv5-sp-d16 -mfloat-abi=hard -mthumb -o "Drivers/lvgl/src/drivers/wayland/lv_wayland.o"
arm-none-eabi-gcc "../Drivers/lvgl/src/drivers/wayland/lv_wayland_smm.c" -mcpu=cortex-m33 -std=gnu11 -g3 -DDEBUG -DUSE_HAL_DRIVER -DSTM32U575xx -c -I../Core/Inc -I../Drivers/STM32U5xx_HAL_Driver/Inc -I../Drivers/STM32U5xx_HAL_Driver/Inc/Legacy -I../Drivers/CMSIS/Device/ST/STM32U5xx/Include -I../Drivers/CMSIS/Include -I../Middlewares/Third_Party/FreeRTOS/Source/include/ -I../Middlewares/Third_Party/FreeRTOS/Source/portable/GCC/ARM_CM33_NTZ/non_secure/ -I../Middlewares/Third_Party/FreeRTOS/Source/CMSIS_RTOS_V2/ -I../Middlewares/Third_Party/CMSIS/RTOS2/Include/ -I"/home/joakim-wennergren/Desktop/Smartwatch/Firmware/Bench/Drivers/lvgl" -O0 -ffunction-sections -fdata-sections -Wall -fstack-usage -fstack-usage -fcyclomatic-complexity -MMD -MP -MF"Drivers/lvgl/src/drivers/wayland/lv_wayland_smm.d" -MT"Drivers/lvgl/src/drivers/wayland/lv_wayland_smm.o" --specs=nano.specs -mfpu=fpv5-sp-d16 -mfloat-abi=hard -mthumb -o "Drivers/lvgl/src/drivers/wayland/lv_wayland_smm.o"
arm-none-eabi-gcc "../Drivers/lvgl/src/drivers/wayland/lv_wl_cache.c" -mcpu=cortex-m33 -std=gnu11 -g3 -DDEBUG -DUSE_HAL_DRIVER -DSTM32U575xx -c -I../Core/Inc -I../Drivers/STM32U5xx_HAL_Driver/Inc -I../Drivers/STM32U5xx_HAL_Driver/Inc/Legacy -I../Drivers/CMSIS/Device/ST/STM32U5xx/Include -I../Drivers/CMSIS/Include -I../Middlewares/Third_Party/FreeRTOS/Source/include/ -I../Middlewares/Third_Party/FreeRTOS/Source/portable/GCC/ARM_CM33_NTZ/non_secure/ -I../Middlewares/Third_Party/FreeRTOS/Source/CMSIS_RTOS_V2/ -I../Middlewares/Third_Party/CMSIS/RTOS2/Include/ -I"/home/joakim-wennergren/Desktop/Smartwatch/Firmware/Bench/Drivers/lvgl" -O0 -ffunction-sections -fdata-sections -Wall -fstack-usage -fstack-usage -fcyclomatic-complexity -MMD -MP -MF"Drivers/lvgl/src/drivers/wayland/lv_wl_cache.d" -MT"Drivers/lvgl/src/drivers/wayland/lv_wl_cache.o" --specs=nano.specs -mfpu=fpv5-sp-d16 -mfloat-abi=hard -mthumb -o "Drivers/lvgl/src/drivers/wayland/lv_wl_cache.o"
arm-none-eabi-gcc "../Drivers/lvgl/src/drivers/wayland/lv_wl_dmabuf.c" -mcpu=cortex-m33 -std=gnu11 -g3 -DDEBUG -DUSE_HAL_DRIVER -DSTM32U575xx -c -I../Core/Inc -I../Drivers/STM32U5xx_HAL_Driver/Inc -I../Drivers/STM32U5xx_HAL_Driver/Inc/Legacy -I../Drivers/CMSIS/Device/ST/STM32U5xx/Include -I../Drivers/CMSIS/Include -I../Middlewares/Third_Party/FreeRTOS/Source/include/ -I../Middlewares/Third_Party/FreeRTOS/Source/portable/GCC/ARM_CM33_NTZ/non_secure/ -I../Middlewares/Third_Party/FreeRTOS/Source/CMSIS_RTOS_V2/ -I../Middlewares/Third_Party/CMSIS/RTOS2/Include/ -I"/home/joakim-wennergren/Desktop/Smartwatch/Firmware/Bench/Drivers/lvgl" -O0 -ffunction-sections -fdata-sections -Wall -fstack-usage -fstack-usage -fcyclomatic-complexity -MMD -MP -MF"Drivers/lvgl/src/drivers/wayland/lv_wl_dmabuf.d" -MT"Drivers/lvgl/src/drivers/wayland/lv_wl_dmabuf.o" --specs=nano.specs -mfpu=fpv5-sp-d16 -mfloat-abi=hard -mthumb -o "Drivers/lvgl/src/drivers/wayland/lv_wl_dmabuf.o"
arm-none-eabi-gcc "../Drivers/lvgl/src/drivers/wayland/lv_wl_keyboard.c" -mcpu=cortex-m33 -std=gnu11 -g3 -DDEBUG -DUSE_HAL_DRIVER -DSTM32U575xx -c -I../Core/Inc -I../Drivers/STM32U5xx_HAL_Driver/Inc -I../Drivers/STM32U5xx_HAL_Driver/Inc/Legacy -I../Drivers/CMSIS/Device/ST/STM32U5xx/Include -I../Drivers/CMSIS/Include -I../Middlewares/Third_Party/FreeRTOS/Source/include/ -I../Middlewares/Third_Party/FreeRTOS/Source/portable/GCC/ARM_CM33_NTZ/non_secure/ -I../Middlewares/Third_Party/FreeRTOS/Source/CMSIS_RTOS_V2/ -I../Middlewares/Third_Party/CMSIS/RTOS2/Include/ -I"/home/joakim-wennergren/Desktop/Smartwatch/Firmware/Bench/Drivers/lvgl" -O0 -ffunction-sections -fdata-sections -Wall -fstack-usage -fstack-usage -fcyclomatic-complexity -MMD -MP -MF"Drivers/lvgl/src/drivers/wayland/lv_wl_keyboard.d" -MT"Drivers/lvgl/src/drivers/wayland/lv_wl_keyboard.o" --specs=nano.specs -mfpu=fpv5-sp-d16 -mfloat-abi=hard -mthumb -o "Drivers/lvgl/src/drivers/wayland/lv_wl_keyboard.o"
arm-none-eabi-gcc "../Drivers/lvgl/src/drivers/wayland/lv_wl_pointer.c" -mcpu=cortex-m33 -std=gnu11 -g3 -DDEBUG -DUSE_HAL_DRIVER -DSTM32U575xx -c -I../Core/Inc -I../Drivers/STM32U5xx_HAL_Driver/Inc -I../Drivers/STM32U5xx_HAL_Driver/Inc/Legacy -I../Drivers/CMSIS/Device/ST/STM32U5xx/Include -I../Drivers/CMSIS/Include -I../Middlewares/Third_Party/FreeRTOS/Source/include/ -I../Middlewares/Third_Party/FreeRTOS/Source/portable/GCC/ARM_CM33_NTZ/non_secure/ -I../Middlewares/Third_Party/FreeRTOS/Source/CMSIS_RTOS_V2/ -I../Middlewares/Third_Party/CMSIS/RTOS2/Include/ -I"/home/joakim-wennergren/Desktop/Smartwatch/Firmware/Bench/Drivers/lvgl" -O0 -ffunction-sections -fdata-sections -Wall -fstack-usage -fstack-usage -fcyclomatic-complexity -MMD -MP -MF"Drivers/lvgl/src/drivers/wayland/lv_wl_pointer.d" -MT"Drivers/lvgl/src/drivers/wayland/lv_wl_pointer.o" --specs=nano.specs -mfpu=fpv5-sp-d16 -mfloat-abi=hard -mthumb -o "Drivers/lvgl/src/drivers/wayland/lv_wl_pointer.o"
arm-none-eabi-gcc "../Drivers/lvgl/src/drivers/wayland/lv_wl_pointer_axis.c" -mcpu=cortex-m33 -std=gnu11 -g3 -DDEBUG -DUSE_HAL_DRIVER -DSTM32U575xx -c -I../Core/Inc -I../Drivers/STM32U5xx_HAL_Driver/Inc -I../Drivers/STM32U5xx_HAL_Driver/Inc/Legacy -I../Drivers/CMSIS/Device/ST/STM32U5xx/Include -I../Drivers/CMSIS/Include -I../Middlewares/Third_Party/FreeRTOS/Source/include/ -I../Middlewares/Third_Party/FreeRTOS/Source/portable/GCC/ARM_CM33_NTZ/non_secure/ -I../Middlewares/Third_Party/FreeRTOS/Source/CMSIS_RTOS_V2/ -I../Middlewares/Third_Party/CMSIS/RTOS2/Include/ -I"/home/joakim-wennergren/Desktop/Smartwatch/Firmware/Bench/Drivers/lvgl" -O0 -ffunction-sections -fdata-sections -Wall -fstack-usage -fstack-usage -fcyclomatic-complexity -MMD -MP -MF"Drivers/lvgl/src/drivers/wayland/lv_wl_pointer_axis.d" -MT"Drivers/lvgl/src/drivers/wayland/lv_wl_pointer_axis.o" --specs=nano.specs -mfpu=fpv5-sp-d16 -mfloat-abi=hard -mthumb -o "Drivers/lvgl/src/drivers/wayland/lv_wl_pointer_axis.o"
arm-none-eabi-gcc "../Drivers/lvgl/src/drivers/wayland/lv_wl_seat.c" -mcpu=cortex-m33 -std=gnu11 -g3 -DDEBUG -DUSE_HAL_DRIVER -DSTM32U575xx -c -I../Core/Inc -I../Drivers/STM32U5xx_HAL_Driver/Inc -I../Drivers/STM32U5xx_HAL_Driver/Inc/Legacy -I../Drivers/CMSIS/Device/ST/STM32U5xx/Include -I../Drivers/CMSIS/Include -I../Middlewares/Third_Party/FreeRTOS/Source/include/ -I../Middlewares/Third_Party/FreeRTOS/Source/portable/GCC/ARM_CM33_NTZ/non_secure/ -I../Middlewares/Third_Party/FreeRTOS/Source/CMSIS_RTOS_V2/ -I../Middlewares/Third_Party/CMSIS/RTOS2/Include/ -I"/home/joakim-wennergren/Desktop/Smartwatch/Firmware/Bench/Drivers/lvgl" -O0 -ffunction-sections -fdata-sections -Wall -fstack-usage -fstack-usage -fcyclomatic-complexity -MMD -MP -MF"Drivers/lvgl/src/drivers/wayland/lv_wl_seat.d" -MT"Drivers/lvgl/src/drivers/wayland/lv_wl_seat.o" --specs=nano.specs -mfpu=fpv5-sp-d16 -mfloat-abi=hard -mthumb -o "Drivers/lvgl/src/drivers/wayland/lv_wl_seat.o"
arm-none-eabi-gcc "../Drivers/lvgl/src/drivers/wayland/lv_wl_shell.c" -mcpu=cortex-m33 -std=gnu11 -g3 -DDEBUG -DUSE_HAL_DRIVER -DSTM32U575xx -c -I../Core/Inc -I../Drivers/STM32U5xx_HAL_Driver/Inc -I../Drivers/STM32U5xx_HAL_Driver/Inc/Legacy -I../Drivers/CMSIS/Device/ST/STM32U5xx/Include -I../Drivers/CMSIS/Include -I../Middlewares/Third_Party/FreeRTOS/Source/include/ -I../Middlewares/Third_Party/FreeRTOS/Source/portable/GCC/ARM_CM33_NTZ/non_secure/ -I../Middlewares/Third_Party/FreeRTOS/Source/CMSIS_RTOS_V2/ -I../Middlewares/Third_Party/CMSIS/RTOS2/Include/ -I"/home/joakim-wennergren/Desktop/Smartwatch/Firmware/Bench/Drivers/lvgl" -O0 -ffunction-sections -fdata-sections -Wall -fstack-usage -fstack-usage -fcyclomatic-complexity -MMD -MP -MF"Drivers/lvgl/src/drivers/wayland/lv_wl_shell.d" -MT"Drivers/lvgl/src/drivers/wayland/lv_wl_shell.o" --specs=nano.specs -mfpu=fpv5-sp-d16 -mfloat-abi=hard -mthumb -o "Drivers/lvgl/src/drivers/wayland/lv_wl_shell.o"
arm-none-eabi-gcc "../Drivers/lvgl/src/drivers/wayland/lv_wl_shm.c" -mcpu=cortex-m33 -std=gnu11 -g3 -DDEBUG -DUSE_HAL_DRIVER -DSTM32U575xx -c -I../Core/Inc -I../Drivers/STM32U5xx_HAL_Driver/Inc -I../Drivers/STM32U5xx_HAL_Driver/Inc/Legacy -I../Drivers/CMSIS/Device/ST/STM32U5xx/Include -I../Drivers/CMSIS/Include -I../Middlewares/Third_Party/FreeRTOS/Source/include/ -I../Middlewares/Third_Party/FreeRTOS/Source/portable/GCC/ARM_CM33_NTZ/non_secure/ -I../Middlewares/Third_Party/FreeRTOS/Source/CMSIS_RTOS_V2/ -I../Middlewares/Third_Party/CMSIS/RTOS2/Include/ -I"/home/joakim-wennergren/Desktop/Smartwatch/Firmware/Bench/Drivers/lvgl" -O0 -ffunction-sections -fdata-sections -Wall -fstack-usage -fstack-usage -fcyclomatic-complexity -MMD -MP -MF"Drivers/lvgl/src/drivers/wayland/lv_wl_shm.d" -MT"Drivers/lvgl/src/drivers/wayland/lv_wl_shm.o" --specs=nano.specs -mfpu=fpv5-sp-d16 -mfloat-abi=hard -mthumb -o "Drivers/lvgl/src/drivers/wayland/lv_wl_shm.o"
arm-none-eabi-gcc "../Drivers/lvgl/src/drivers/wayland/lv_wl_touch.c" -mcpu=cortex-m33 -std=gnu11 -g3 -DDEBUG -DUSE_HAL_DRIVER -DSTM32U575xx -c -I../Core/Inc -I../Drivers/STM32U5xx_HAL_Driver/Inc -I../Drivers/STM32U5xx_HAL_Driver/Inc/Legacy -I../Drivers/CMSIS/Device/ST/STM32U5xx/Include -I../Drivers/CMSIS/Include -I../Middlewares/Third_Party/FreeRTOS/Source/include/ -I../Middlewares/Third_Party/FreeRTOS/Source/portable/GCC/ARM_CM33_NTZ/non_secure/ -I../Middlewares/Third_Party/FreeRTOS/Source/CMSIS_RTOS_V2/ -I../Middlewares/Third_Party/CMSIS/RTOS2/Include/ -I"/home/joakim-wennergren/Desktop/Smartwatch/Firmware/Bench/Drivers/lvgl" -O0 -ffunction-sections -fdata-sections -Wall -fstack-usage -fstack-usage -fcyclomatic-complexity -MMD -MP -MF"Drivers/lvgl/src/drivers/wayland/lv_wl_touch.d" -MT"Drivers/lvgl/src/drivers/wayland/lv_wl_touch.o" --specs=nano.specs -mfpu=fpv5-sp-d16 -mfloat-abi=hard -mthumb -o "Drivers/lvgl/src/drivers/wayland/lv_wl_touch.o"
arm-none-eabi-gcc "../Drivers/lvgl/src/drivers/wayland/lv_wl_window.c" -mcpu=cortex-m33 -std=gnu11 -g3 -DDEBUG -DUSE_HAL_DRIVER -DSTM32U575xx -c -I../Core/Inc -I../Drivers/STM32U5xx_HAL_Driver/Inc -I../Drivers/STM32U5xx_HAL_Driver/Inc/Legacy -I../Drivers/CMSIS/Device/ST/STM32U5xx/Include -I../Drivers/CMSIS/Include -I../Middlewares/Third_Party/FreeRTOS/Source/include/ -I../Middlewares/Third_Party/FreeRTOS/Source/portable/GCC/ARM_CM33_NTZ/non_secure/ -I../Middlewares/Third_Party/FreeRTOS/Source/CMSIS_RTOS_V2/ -I../Middlewares/Third_Party/CMSIS/RTOS2/Include/ -I"/home/joakim-wennergren/Desktop/Smartwatch/Firmware/Bench/Drivers/lvgl" -O0 -ffunction-sections -fdata-sections -Wall -fstack-usage -fstack-usage -fcyclomatic-complexity -MMD -MP -MF"Drivers/lvgl/src/drivers/wayland/lv_wl_window.d" -MT"Drivers/lvgl/src/drivers/wayland/lv_wl_window.o" --specs=nano.specs -mfpu=fpv5-sp-d16 -mfloat-abi=hard -mthumb -o "Drivers/lvgl/src/drivers/wayland/lv_wl_window.o"
arm-none-eabi-gcc "../Drivers/lvgl/src/drivers/wayland/lv_wl_window_decorations.c" -mcpu=cortex-m33 -std=gnu11 -g3 -DDEBUG -DUSE_HAL_DRIVER -DSTM32U575xx -c -I../Core/Inc -I../Drivers/STM32U5xx_HAL_Driver/Inc -I../Drivers/STM32U5xx_HAL_Driver/Inc/Legacy -I../Drivers/CMSIS/Device/ST/STM32U5xx/Include -I../Drivers/CMSIS/Include -I../Middlewares/Third_Party/FreeRTOS/Source/include/ -I../Middlewares/Third_Party/FreeRTOS/Source/portable/GCC/ARM_CM33_NTZ/non_secure/ -I../Middlewares/Third_Party/FreeRTOS/Source/CMSIS_RTOS_V2/ -I../Middlewares/Third_Party/CMSIS/RTOS2/Include/ -I"/home/joakim-wennergren/Desktop/Smartwatch/Firmware/Bench/Drivers/lvgl" -O0 -ffunction-sections -fdata-sections -Wall -fstack-usage -fstack-usage -fcyclomatic-complexity -MMD -MP -MF"Drivers/lvgl/src/drivers/wayland/lv_wl_window_decorations.d" -MT"Drivers/lvgl/src/drivers/wayland/lv_wl_window_decorations.o" --specs=nano.specs -mfpu=fpv5-sp-d16 -mfloat-abi=hard -mthumb -o "Drivers/lvgl/src/drivers/wayland/lv_wl_window_decorations.o"
arm-none-eabi-gcc "../Drivers/lvgl/src/drivers/wayland/lv_wl_xdg_shell.c" -mcpu=cortex-m33 -std=gnu11 -g3 -DDEBUG -DUSE_HAL_DRIVER -DSTM32U575xx -c -I../Core/Inc -I../Drivers/STM32U5xx_HAL_Driver/Inc -I../Drivers/STM32U5xx_HAL_Driver/Inc/Legacy -I../Drivers/CMSIS/Device/ST/STM32U5xx/Include -I../Drivers/CMSIS/Include -I../Middlewares/Third_Party/FreeRTOS/Source/include/ -I../Middlewares/Third_Party/FreeRTOS/Source/portable/GCC/ARM_CM33_NTZ/non_secure/ -I../Middlewares/Third_Party/FreeRTOS/Source/CMSIS_RTOS_V2/ -I../Middlewares/Third_Party/CMSIS/RTOS2/Include/ -I"/home/joakim-wennergren/Desktop/Smartwatch/Firmware/Bench/Drivers/lvgl" -O0 -ffunction-sections -fdata-sections -Wall -fstack-usage -fstack-usage -fcyclomatic-complexity -MMD -MP -MF"Drivers/lvgl/src/drivers/wayland/lv_wl_xdg_shell.d" -MT"Drivers/lvgl/src/drivers/wayland/lv_wl_xdg_shell.o" --specs=nano.specs -mfpu=fpv5-sp-d16 -mfloat-abi=hard -mthumb -o "Drivers/lvgl/src/drivers/wayland/lv_wl_xdg_shell.o"
arm-none-eabi-gcc "../Drivers/lvgl/src/drivers/uefi/lv_uefi_context.c" -mcpu=cortex-m33 -std=gnu11 -g3 -DDEBUG -DUSE_HAL_DRIVER -DSTM32U575xx -c -I../Core/Inc -I../Drivers/STM32U5xx_HAL_Driver/Inc -I../Drivers/STM32U5xx_HAL_Driver/Inc/Legacy -I../Drivers/CMSIS/Device/ST/STM32U5xx/Include -I../Drivers/CMSIS/Include -I../Middlewares/Third_Party/FreeRTOS/Source/include/ -I../Middlewares/Third_Party/FreeRTOS/Source/portable/GCC/ARM_CM33_NTZ/non_secure/ -I../Middlewares/Third_Party/FreeRTOS/Source/CMSIS_RTOS_V2/ -I../Middlewares/Third_Party/CMSIS/RTOS2/Include/ -I"/home/joakim-wennergren/Desktop/Smartwatch/Firmware/Bench/Drivers/lvgl" -O0 -ffunction-sections -fdata-sections -Wall -fstack-usage -fstack-usage -fcyclomatic-complexity -MMD -MP -MF"Drivers/lvgl/src/drivers/uefi/lv_uefi_context.d" -MT"Drivers/lvgl/src/drivers/uefi/lv_uefi_context.o" --specs=nano.specs -mfpu=fpv5-sp-d16 -mfloat-abi=hard -mthumb -o "Drivers/lvgl/src/drivers/uefi/lv_uefi_context.o"
arm-none-eabi-gcc "../Drivers/lvgl/src/drivers/uefi/lv_uefi_display.c" -mcpu=cortex-m33 -std=gnu11 -g3 -DDEBUG -DUSE_HAL_DRIVER -DSTM32U575xx -c -I../Core/Inc -I../Drivers/STM32U5xx_HAL_Driver/Inc -I../Drivers/STM32U5xx_HAL_Driver/Inc/Legacy -I../Drivers/CMSIS/Device/ST/STM32U5xx/Include -I../Drivers/CMSIS/Include -I../Middlewares/Third_Party/FreeRTOS/Source/include/ -I../Middlewares/Third_Party/FreeRTOS/Source/portable/GCC/ARM_CM33_NTZ/non_secure/ -I../Middlewares/Third_Party/FreeRTOS/Source/CMSIS_RTOS_V2/ -I../Middlewares/Third_Party/CMSIS/RTOS2/Include/ -I"/home/joakim-wennergren/Desktop/Smartwatch/Firmware/Bench/Drivers/lvgl" -O0 -ffunction-sections -fdata-sections -Wall -fstack-usage -fstack-usage -fcyclomatic-complexity -MMD -MP -MF"Drivers/lvgl/src/drivers/uefi/lv_uefi_display.d" -MT"Drivers/lvgl/src/drivers/uefi/lv_uefi_display.o" --specs=nano.specs -mfpu=fpv5-sp-d16 -mfloat-abi=hard -mthumb -o "Drivers/lvgl/src/drivers/uefi/lv_uefi_display.o"
arm-none-eabi-gcc "../Drivers/lvgl/src/drivers/uefi/lv_uefi_indev_keyboard.c" -mcpu=cortex-m33 -std=gnu11 -g3 -DDEBUG -DUSE_HAL_DRIVER -DSTM32U575xx -c -I../Core/Inc -I../Drivers/STM32U5xx_HAL_Driver/Inc -I../Drivers/STM32U5xx_HAL_Driver/Inc/Legacy -I../Drivers/CMSIS/Device/ST/STM32U5xx/Include -I../Drivers/CMSIS/Include -I../Middlewares/Third_Party/FreeRTOS/Source/include/ -I../Middlewares/Third_Party/FreeRTOS/Source/portable/GCC/ARM_CM33_NTZ/non_secure/ -I../Middlewares/Third_Party/FreeRTOS/Source/CMSIS_RTOS_V2/ -I../Middlewares/Third_Party/CMSIS/RTOS2/Include/ -I"/home/joakim-wennergren/Desktop/Smartwatch/Firmware/Bench/Drivers/lvgl" -O0 -ffunction-sections -fdata-sections -Wall -fstack-usage -fstack-usage -fcyclomatic-complexity -MMD -MP -MF"Drivers/lvgl/src/drivers/uefi/lv_uefi_indev_keyboard.d" -MT"Drivers/lvgl/src/drivers/uefi/lv_uefi_indev_keyboard.o" --specs=nano.specs -mfpu=fpv5-sp-d16 -mfloat-abi=hard -mthumb -o "Drivers/lvgl/src/drivers/uefi/lv_uefi_indev_keyboard.o"
arm-none-eabi-gcc "../Drivers/lvgl/src/drivers/uefi/lv_uefi_indev_pointer.c" -mcpu=cortex-m33 -std=gnu11 -g3 -DDEBUG -DUSE_HAL_DRIVER -DSTM32U575xx -c -I../Core/Inc -I../Drivers/STM32U5xx_HAL_Driver/Inc -I../Drivers/STM32U5xx_HAL_Driver/Inc/Legacy -I../Drivers/CMSIS/Device/ST/STM32U5xx/Include -I../Drivers/CMSIS/Include -I../Middlewares/Third_Party/FreeRTOS/Source/include/ -I../Middlewares/Third_Party/FreeRTOS/Source/portable/GCC/ARM_CM33_NTZ/non_secure/ -I../Middlewares/Third_Party/FreeRTOS/Source/CMSIS_RTOS_V2/ -I../Middlewares/Third_Party/CMSIS/RTOS2/Include/ -I"/home/joakim-wennergren/Desktop/Smartwatch/Firmware/Bench/Drivers/lvgl" -O0 -ffunction-sections -fdata-sections -Wall -fstack-usage -fstack-usage -fcyclomatic-complexity -MMD -MP -MF"Drivers/lvgl/src/drivers/uefi/lv_uefi_indev_pointer.d" -MT"Drivers/lvgl/src/drivers/uefi/lv_uefi_indev_pointer.o" --specs=nano.specs -mfpu=fpv5-sp-d16 -mfloat-abi=hard -mthumb -o "Drivers/lvgl/src/drivers/uefi/lv_uefi_indev_pointer.o"
arm-none-eabi-gcc "../Drivers/lvgl/src/drivers/uefi/lv_uefi_indev_touch.c" -mcpu=cortex-m33 -std=gnu11 -g3 -DDEBUG -DUSE_HAL_DRIVER -DSTM32U575xx -c -I../Core/Inc -I../Drivers/STM32U5xx_HAL_Driver/Inc -I../Drivers/STM32U5xx_HAL_Driver/Inc/Legacy -I../Drivers/CMSIS/Device/ST/STM32U5xx/Include -I../Drivers/CMSIS/Include -I../Middlewares/Third_Party/FreeRTOS/Source/include/ -I../Middlewares/Third_Party/FreeRTOS/Source/portable/GCC/ARM_CM33_NTZ/non_secure/ -I../Middlewares/Third_Party/FreeRTOS/Source/CMSIS_RTOS_V2/ -I../Middlewares/Third_Party/CMSIS/RTOS2/Include/ -I"/home/joakim-wennergren/Desktop/Smartwatch/Firmware/Bench/Drivers/lvgl" -O0 -ffunction-sections -fdata-sections -Wall -fstack-usage -fstack-usage -fcyclomatic-complexity -MMD -MP -MF"Drivers/lvgl/src/drivers/uefi/lv_uefi_indev_touch.d" -MT"Drivers/lvgl/src/drivers/uefi/lv_uefi_indev_touch.o" --specs=nano.specs -mfpu=fpv5-sp-d16 -mfloat-abi=hard -mthumb -o "Drivers/lvgl/src/drivers/uefi/lv_uefi_indev_touch.o"
arm-none-eabi-gcc "../Drivers/lvgl/src/drivers/uefi/lv_uefi_private.c" -mcpu=cortex-m33 -std=gnu11 -g3 -DDEBUG -DUSE_HAL_DRIVER -DSTM32U575xx -c -I../Core/Inc -I../Drivers/STM32U5xx_HAL_Driver/Inc -I../Drivers/STM32U5xx_HAL_Driver/Inc/Legacy -I../Drivers/CMSIS/Device/ST/STM32U5xx/Include -I../Drivers/CMSIS/Include -I../Middlewares/Third_Party/FreeRTOS/Source/include/ -I../Middlewares/Third_Party/FreeRTOS/Source/portable/GCC/ARM_CM33_NTZ/non_secure/ -I../Middlewares/Third_Party/FreeRTOS/Source/CMSIS_RTOS_V2/ -I../Middlewares/Third_Party/CMSIS/RTOS2/Include/ -I"/home/joakim-wennergren/Desktop/Smartwatch/Firmware/Bench/Drivers/lvgl" -O0 -ffunction-sections -fdata-sections -Wall -fstack-usage -fstack-usage -fcyclomatic-complexity -MMD -MP -MF"Drivers/lvgl/src/drivers/uefi/lv_uefi_private.d" -MT"Drivers/lvgl/src/drivers/uefi/lv_uefi_private.o" --specs=nano.specs -mfpu=fpv5-sp-d16 -mfloat-abi=hard -mthumb -o "Drivers/lvgl/src/drivers/uefi/lv_uefi_private.o"
arm-none-eabi-gcc "../Drivers/lvgl/src/drivers/sdl/lv_sdl_keyboard.c" -mcpu=cortex-m33 -std=gnu11 -g3 -DDEBUG -DUSE_HAL_DRIVER -DSTM32U575xx -c -I../Core/Inc -I../Drivers/STM32U5xx_HAL_Driver/Inc -I../Drivers/STM32U5xx_HAL_Driver/Inc/Legacy -I../Drivers/CMSIS/Device/ST/STM32U5xx/Include -I../Drivers/CMSIS/Include -I../Middlewares/Third_Party/FreeRTOS/Source/include/ -I../Middlewares/Third_Party/FreeRTOS/Source/portable/GCC/ARM_CM33_NTZ/non_secure/ -I../Middlewares/Third_Party/FreeRTOS/Source/CMSIS_RTOS_V2/ -I../Middlewares/Third_Party/CMSIS/RTOS2/Include/ -I"/home/joakim-wennergren/Desktop/Smartwatch/Firmware/Bench/Drivers/lvgl" -O0 -ffunction-sections -fdata-sections -Wall -fstack-usage -fstack-usage -fcyclomatic-complexity -MMD -MP -MF"Drivers/lvgl/src/drivers/sdl/lv_sdl_keyboard.d" -MT"Drivers/lvgl/src/drivers/sdl/lv_sdl_keyboard.o" --specs=nano.specs -mfpu=fpv5-sp-d16 -mfloat-abi=hard -mthumb -o "Drivers/lvgl/src/drivers/sdl/lv_sdl_keyboard.o"
arm-none-eabi-gcc "../Drivers/lvgl/src/drivers/sdl/lv_sdl_mouse.c" -mcpu=cortex-m33 -std=gnu11 -g3 -DDEBUG -DUSE_HAL_DRIVER -DSTM32U575xx -c -I../Core/Inc -I../Drivers/STM32U5xx_HAL_Driver/Inc -I../Drivers/STM32U5xx_HAL_Driver/Inc/Legacy -I../Drivers/CMSIS/Device/ST/STM32U5xx/Include -I../Drivers/CMSIS/Include -I../Middlewares/Third_Party/FreeRTOS/Source/include/ -I../Middlewares/Third_Party/FreeRTOS/Source/portable/GCC/ARM_CM33_NTZ/non_secure/ -I../Middlewares/Third_Party/FreeRTOS/Source/CMSIS_RTOS_V2/ -I../Middlewares/Third_Party/CMSIS/RTOS2/Include/ -I"/home/joakim-wennergren/Desktop/Smartwatch/Firmware/Bench/Drivers/lvgl" -O0 -ffunction-sections -fdata-sections -Wall -fstack-usage -fstack-usage -fcyclomatic-complexity -MMD -MP -MF"Drivers/lvgl/src/drivers/sdl/lv_sdl_mouse.d" -MT"Drivers/lvgl/src/drivers/sdl/lv_sdl_mouse.o" --specs=nano.specs -mfpu=fpv5-sp-d16 -mfloat-abi=hard -mthumb -o "Drivers/lvgl/src/drivers/sdl/lv_sdl_mouse.o"
arm-none-eabi-gcc "../Drivers/lvgl/src/drivers/sdl/lv_sdl_mousewheel.c" -mcpu=cortex-m33 -std=gnu11 -g3 -DDEBUG -DUSE_HAL_DRIVER -DSTM32U575xx -c -I../Core/Inc -I../Drivers/STM32U5xx_HAL_Driver/Inc -I../Drivers/STM32U5xx_HAL_Driver/Inc/Legacy -I../Drivers/CMSIS/Device/ST/STM32U5xx/Include -I../Drivers/CMSIS/Include -I../Middlewares/Third_Party/FreeRTOS/Source/include/ -I../Middlewares/Third_Party/FreeRTOS/Source/portable/GCC/ARM_CM33_NTZ/non_secure/ -I../Middlewares/Third_Party/FreeRTOS/Source/CMSIS_RTOS_V2/ -I../Middlewares/Third_Party/CMSIS/RTOS2/Include/ -I"/home/joakim-wennergren/Desktop/Smartwatch/Firmware/Bench/Drivers/lvgl" -O0 -ffunction-sections -fdata-sections -Wall -fstack-usage -fstack-usage -fcyclomatic-complexity -MMD -MP -MF"Drivers/lvgl/src/drivers/sdl/lv_sdl_mousewheel.d" -MT"Drivers/lvgl/src/drivers/sdl/lv_sdl_mousewheel.o" --specs=nano.specs -mfpu=fpv5-sp-d16 -mfloat-abi=hard -mthumb -o "Drivers/lvgl/src/drivers/sdl/lv_sdl_mousewheel.o"
arm-none-eabi-gcc "../Drivers/lvgl/src/drivers/sdl/lv_sdl_window.c" -mcpu=cortex-m33 -std=gnu11 -g3 -DDEBUG -DUSE_HAL_DRIVER -DSTM32U575xx -c -I../Core/Inc -I../Drivers/STM32U5xx_HAL_Driver/Inc -I../Drivers/STM32U5xx_HAL_Driver/Inc/Legacy -I../Drivers/CMSIS/Device/ST/STM32U5xx/Include -I../Drivers/CMSIS/Include -I../Middlewares/Third_Party/FreeRTOS/Source/include/ -I../Middlewares/Third_Party/FreeRTOS/Source/portable/GCC/ARM_CM33_NTZ/non_secure/ -I../Middlewares/Third_Party/FreeRTOS/Source/CMSIS_RTOS_V2/ -I../Middlewares/Third_Party/CMSIS/RTOS2/Include/ -I"/home/joakim-wennergren/Desktop/Smartwatch/Firmware/Bench/Drivers/lvgl" -O0 -ffunction-sections -fdata-sections -Wall -fstack-usage -fstack-usage -fcyclomatic-complexity -MMD -MP -MF"Drivers/lvgl/src/drivers/sdl/lv_sdl_window.d" -MT"Drivers/lvgl/src/drivers/sdl/lv_sdl_window.o" --specs=nano.specs -mfpu=fpv5-sp-d16 -mfloat-abi=hard -mthumb -o "Drivers/lvgl/src/drivers/sdl/lv_sdl_window.o"
arm-none-eabi-gcc "../Drivers/lvgl/src/drivers/qnx/lv_qnx.c" -mcpu=cortex-m33 -std=gnu11 -g3 -DDEBUG -DUSE_HAL_DRIVER -DSTM32U575xx -c -I../Core/Inc -I../Drivers/STM32U5xx_HAL_Driver/Inc -I../Drivers/STM32U5xx_HAL_Driver/Inc/Legacy -I../Drivers/CMSIS/Device/ST/STM32U5xx/Include -I../Drivers/CMSIS/Include -I../Middlewares/Third_Party/FreeRTOS/Source/include/ -I../Middlewares/Third_Party/FreeRTOS/Source/portable/GCC/ARM_CM33_NTZ/non_secure/ -I../Middlewares/Third_Party/FreeRTOS/Source/CMSIS_RTOS_V2/ -I../Middlewares/Third_Party/CMSIS/RTOS2/Include/ -I"/home/joakim-wennergren/Desktop/Smartwatch/Firmware/Bench/Drivers/lvgl" -O0 -ffunction-sections -fdata-sections -Wall -fstack-usage -fstack-usage -fcyclomatic-complexity -MMD -MP -MF"Drivers/lvgl/src/drivers/qnx/lv_qnx.d" -MT"Drivers/lvgl/src/drivers/qnx/lv_qnx.o" --specs=nano.specs -mfpu=fpv5-sp-d16 -mfloat-abi=hard -mthumb -o "Drivers/lvgl/src/drivers/qnx/lv_qnx.o"
arm-none-eabi-gcc "../Drivers/lvgl/src/drivers/nuttx/lv_nuttx_cache.c" -mcpu=cortex-m33 -std=gnu11 -g3 -DDEBUG -DUSE_HAL_DRIVER -DSTM32U575xx -c -I../Core/Inc -I../Drivers/STM32U5xx_HAL_Driver/Inc -I../Drivers/STM32U5xx_HAL_Driver/Inc/Legacy -I../Drivers/CMSIS/Device/ST/STM32U5xx/Include -I../Drivers/CMSIS/Include -I../Middlewares/Third_Party/FreeRTOS/Source/include/ -I../Middlewares/Third_Party/FreeRTOS/Source/portable/GCC/ARM_CM33_NTZ/non_secure/ -I../Middlewares/Third_Party/FreeRTOS/Source/CMSIS_RTOS_V2/ -I../Middlewares/Third_Party/CMSIS/RTOS2/Include/ -I"/home/joakim-wennergren/Desktop/Smartwatch/Firmware/Bench/Drivers/lvgl" -O0 -ffunction-sections -fdata-sections -Wall -fstack-usage -fstack-usage -fcyclomatic-complexity -MMD -MP -MF"Drivers/lvgl/src/drivers/nuttx/lv_nuttx_cache.d" -MT"Drivers/lvgl/src/drivers/nuttx/lv_nuttx_cache.o" --specs=nano.specs -mfpu=fpv5-sp-d16 -mfloat-abi=hard -mthumb -o "Drivers/lvgl/src/drivers/nuttx/lv_nuttx_cache.o"
arm-none-eabi-gcc "../Drivers/lvgl/src/drivers/nuttx/lv_nuttx_entry.c" -mcpu=cortex-m33 -std=gnu11 -g3 -DDEBUG -DUSE_HAL_DRIVER -DSTM32U575xx -c -I../Core/Inc -I../Drivers/STM32U5xx_HAL_Driver/Inc -I../Drivers/STM32U5xx_HAL_Driver/Inc/Legacy -I../Drivers/CMSIS/Device/ST/STM32U5xx/Include -I../Drivers/CMSIS/Include -I../Middlewares/Third_Party/FreeRTOS/Source/include/ -I../Middlewares/Third_Party/FreeRTOS/Source/portable/GCC/ARM_CM33_NTZ/non_secure/ -I../Middlewares/Third_Party/FreeRTOS/Source/CMSIS_RTOS_V2/ -I../Middlewares/Third_Party/CMSIS/RTOS2/Include/ -I"/home/joakim-wennergren/Desktop/Smartwatch/Firmware/Bench/Drivers/lvgl" -O0 -ffunction-sections -fdata-sections -Wall -fstack-usage -fstack-usage -fcyclomatic-complexity -MMD -MP -MF"Drivers/lvgl/src/drivers/nuttx/lv_nuttx_entry.d" -MT"Drivers/lvgl/src/drivers/nuttx/lv_nuttx_entry.o" --specs=nano.specs -mfpu=fpv5-sp-d16 -mfloat-abi=hard -mthumb -o "Drivers/lvgl/src/drivers/nuttx/lv_nuttx_entry.o"
arm-none-eabi-gcc "../Drivers/lvgl/src/drivers/nuttx/lv_nuttx_fbdev.c" -mcpu=cortex-m33 -std=gnu11 -g3 -DDEBUG -DUSE_HAL_DRIVER -DSTM32U575xx -c -I../Core/Inc -I../Drivers/STM32U5xx_HAL_Driver/Inc -I../Drivers/STM32U5xx_HAL_Driver/Inc/Legacy -I../Drivers/CMSIS/Device/ST/STM32U5xx/Include -I../Drivers/CMSIS/Include -I../Middlewares/Third_Party/FreeRTOS/Source/include/ -I../Middlewares/Third_Party/FreeRTOS/Source/portable/GCC/ARM_CM33_NTZ/non_secure/ -I../Middlewares/Third_Party/FreeRTOS/Source/CMSIS_RTOS_V2/ -I../Middlewares/Third_Party/CMSIS/RTOS2/Include/ -I"/home/joakim-wennergren/Desktop/Smartwatch/Firmware/Bench/Drivers/lvgl" -O0 -ffunction-sections -fdata-sections -Wall -fstack-usage -fstack-usage -fcyclomatic-complexity -MMD -MP -MF"Drivers/lvgl/src/drivers/nuttx/lv_nuttx_fbdev.d" -MT"Drivers/lvgl/src/drivers/nuttx/lv_nuttx_fbdev.o" --specs=nano.specs -mfpu=fpv5-sp-d16 -mfloat-abi=hard -mthumb -o "Drivers/lvgl/src/drivers/nuttx/lv_nuttx_fbdev.o"
arm-none-eabi-gcc "../Drivers/lvgl/src/drivers/nuttx/lv_nuttx_image_cache.c" -mcpu=cortex-m33 -std=gnu11 -g3 -DDEBUG -DUSE_HAL_DRIVER -DSTM32U575xx -c -I../Core/Inc -I../Drivers/STM32U5xx_HAL_Driver/Inc -I../Drivers/STM32U5xx_HAL_Driver/Inc/Legacy -I../Drivers/CMSIS/Device/ST/STM32U5xx/Include -I../Drivers/CMSIS/Include -I../Middlewares/Third_Party/FreeRTOS/Source/include/ -I../Middlewares/Third_Party/FreeRTOS/Source/portable/GCC/ARM_CM33_NTZ/non_secure/ -I../Middlewares/Third_Party/FreeRTOS/Source/CMSIS_RTOS_V2/ -I../Middlewares/Third_Party/CMSIS/RTOS2/Include/ -I"/home/joakim-wennergren/Desktop/Smartwatch/Firmware/Bench/Drivers/lvgl" -O0 -ffunction-sections -fdata-sections -Wall -fstack-usage -fstack-usage -fcyclomatic-complexity -MMD -MP -MF"Drivers/lvgl/src/drivers/nuttx/lv_nuttx_image_cache.d" -MT"Drivers/lvgl/src/drivers/nuttx/lv_nuttx_image_cache.o" --specs=nano.specs -mfpu=fpv5-sp-d16 -mfloat-abi=hard -mthumb -o "Drivers/lvgl/src/drivers/nuttx/lv_nuttx_image_cache.o"
arm-none-eabi-gcc "../Drivers/lvgl/src/drivers/nuttx/lv_nuttx_lcd.c" -mcpu=cortex-m33 -std=gnu11 -g3 -DDEBUG -DUSE_HAL_DRIVER -DSTM32U575xx -c -I../Core/Inc -I../Drivers/STM32U5xx_HAL_Driver/Inc -I../Drivers/STM32U5xx_HAL_Driver/Inc/Legacy -I../Drivers/CMSIS/Device/ST/STM32U5xx/Include -I../Drivers/CMSIS/Include -I../Middlewares/Third_Party/FreeRTOS/Source/include/ -I../Middlewares/Third_Party/FreeRTOS/Source/portable/GCC/ARM_CM33_NTZ/non_secure/ -I../Middlewares/Third_Party/FreeRTOS/Source/CMSIS_RTOS_V2/ -I../Middlewares/Third_Party/CMSIS/RTOS2/Include/ -I"/home/joakim-wennergren/Desktop/Smartwatch/Firmware/Bench/Drivers/lvgl" -O0 -ffunction-sections -fdata-sections -Wall -fstack-usage -fstack-usage -fcyclomatic-complexity -MMD -MP -MF"Drivers/lvgl/src/drivers/nuttx/lv_nuttx_lcd.d" -MT"Drivers/lvgl/src/drivers/nuttx/lv_nuttx_lcd.o" --specs=nano.specs -mfpu=fpv5-sp-d16 -mfloat-abi=hard -mthumb -o "Drivers/lvgl/src/drivers/nuttx/lv_nuttx_lcd.o"
arm-none-eabi-gcc "../Drivers/lvgl/src/drivers/nuttx/lv_nuttx_libuv.c" -mcpu=cortex-m33 -std=gnu11 -g3 -DDEBUG -DUSE_HAL_DRIVER -DSTM32U575xx -c -I../Core/Inc -I../Drivers/STM32U5xx_HAL_Driver/Inc -I../Drivers/STM32U5xx_HAL_Driver/Inc/Legacy -I../Drivers/CMSIS/Device/ST/STM32U5xx/Include -I../Drivers/CMSIS/Include -I../Middlewares/Third_Party/FreeRTOS/Source/include/ -I../Middlewares/Third_Party/FreeRTOS/Source/portable/GCC/ARM_CM33_NTZ/non_secure/ -I../Middlewares/Third_Party/FreeRTOS/Source/CMSIS_RTOS_V2/ -I../Middlewares/Third_Party/CMSIS/RTOS2/Include/ -I"/home/joakim-wennergren/Desktop/Smartwatch/Firmware/Bench/Drivers/lvgl" -O0 -ffunction-sections -fdata-sections -Wall -fstack-usage -fstack-usage -fcyclomatic-complexity -MMD -MP -MF"Drivers/lvgl/src/drivers/nuttx/lv_nuttx_libuv.d" -MT"Drivers/lvgl/src/drivers/nuttx/lv_nuttx_libuv.o" --specs=nano.specs -mfpu=fpv5-sp-d16 -mfloat-abi=hard -mthumb -o "Drivers/lvgl/src/drivers/nuttx/lv_nuttx_libuv.o"
arm-none-eabi-gcc "../Drivers/lvgl/src/drivers/nuttx/lv_nuttx_profiler.c" -mcpu=cortex-m33 -std=gnu11 -g3 -DDEBUG -DUSE_HAL_DRIVER -DSTM32U575xx -c -I../Core/Inc -I../Drivers/STM32U5xx_HAL_Driver/Inc -I../Drivers/STM32U5xx_HAL_Driver/Inc/Legacy -I../Drivers/CMSIS/Device/ST/STM32U5xx/Include -I../Drivers/CMSIS/Include -I../Middlewares/Third_Party/FreeRTOS/Source/include/ -I../Middlewares/Third_Party/FreeRTOS/Source/portable/GCC/ARM_CM33_NTZ/non_secure/ -I../Middlewares/Third_Party/FreeRTOS/Source/CMSIS_RTOS_V2/ -I../Middlewares/Third_Party/CMSIS/RTOS2/Include/ -I"/home/joakim-wennergren/Desktop/Smartwatch/Firmware/Bench/Drivers/lvgl" -O0 -ffunction-sections -fdata-sections -Wall -fstack-usage -fstack-usage -fcyclomatic-complexity -MMD -MP -MF"Drivers/lvgl/src/drivers/nuttx/lv_nuttx_profiler.d" -MT"Drivers/lvgl/src/drivers/nuttx/lv_nuttx_profiler.o" --specs=nano.specs -mfpu=fpv5-sp-d16 -mfloat-abi=hard -mthumb -o "Drivers/lvgl/src/drivers/nuttx/lv_nuttx_profiler.o"
arm-none-eabi-gcc "../Drivers/lvgl/src/drivers/nuttx/lv_nuttx_touchscreen.c" -mcpu=cortex-m33 -std=gnu11 -g3 -DDEBUG -DUSE_HAL_DRIVER -DSTM32U575xx -c -I../Core/Inc -I../Drivers/STM32U5xx_HAL_Driver/Inc -I../Drivers/STM32U5xx_HAL_Driver/Inc/Legacy -I../Drivers/CMSIS/Device/ST/STM32U5xx/Include -I../Drivers/CMSIS/Include -I../Middlewares/Third_Party/FreeRTOS/Source/include/ -I../Middlewares/Third_Party/FreeRTOS/Source/portable/GCC/ARM_CM33_NTZ/non_secure/ -I../Middlewares/Third_Party/FreeRTOS/Source/CMSIS_RTOS_V2/ -I../Middlewares/Third_Party/CMSIS/RTOS2/Include/ -I"/home/joakim-wennergren/Desktop/Smartwatch/Firmware/Bench/Drivers/lvgl" -O0 -ffunction-sections -fdata-sections -Wall -fstack-usage -fstack-usage -fcyclomatic-complexity -MMD -MP -MF"Drivers/lvgl/src/drivers/nuttx/lv_nuttx_touchscreen.d" -MT"Drivers/lvgl/src/drivers/nuttx/lv_nuttx_touchscreen.o" --specs=nano.specs -mfpu=fpv5-sp-d16 -mfloat-abi=hard -mthumb -o "Drivers/lvgl/src/drivers/nuttx/lv_nuttx_touchscreen.o"
arm-none-eabi-gcc "../Drivers/lvgl/src/drivers/libinput/lv_libinput.c" -mcpu=cortex-m33 -std=gnu11 -g3 -DDEBUG -DUSE_HAL_DRIVER -DSTM32U575xx -c -I../Core/Inc -I../Drivers/STM32U5xx_HAL_Driver/Inc -I../Drivers/STM32U5xx_HAL_Driver/Inc/Legacy -I../Drivers/CMSIS/Device/ST/STM32U5xx/Include -I../Drivers/CMSIS/Include -I../Middlewares/Third_Party/FreeRTOS/Source/include/ -I../Middlewares/Third_Party/FreeRTOS/Source/portable/GCC/ARM_CM33_NTZ/non_secure/ -I../Middlewares/Third_Party/FreeRTOS/Source/CMSIS_RTOS_V2/ -I../Middlewares/Third_Party/CMSIS/RTOS2/Include/ -I"/home/joakim-wennergren/Desktop/Smartwatch/Firmware/Bench/Drivers/lvgl" -O0 -ffunction-sections -fdata-sections -Wall -fstack-usage -fstack-usage -fcyclomatic-complexity -MMD -MP -MF"Drivers/lvgl/src/drivers/libinput/lv_libinput.d" -MT"Drivers/lvgl/src/drivers/libinput/lv_libinput.o" --specs=nano.specs -mfpu=fpv5-sp-d16 -mfloat-abi=hard -mthumb -o "Drivers/lvgl/src/drivers/libinput/lv_libinput.o"
arm-none-eabi-gcc "../Drivers/lvgl/src/drivers/libinput/lv_xkb.c" -mcpu=cortex-m33 -std=gnu11 -g3 -DDEBUG -DUSE_HAL_DRIVER -DSTM32U575xx -c -I../Core/Inc -I../Drivers/STM32U5xx_HAL_Driver/Inc -I../Drivers/STM32U5xx_HAL_Driver/Inc/Legacy -I../Drivers/CMSIS/Device/ST/STM32U5xx/Include -I../Drivers/CMSIS/Include -I../Middlewares/Third_Party/FreeRTOS/Source/include/ -I../Middlewares/Third_Party/FreeRTOS/Source/portable/GCC/ARM_CM33_NTZ/non_secure/ -I../Middlewares/Third_Party/FreeRTOS/Source/CMSIS_RTOS_V2/ -I../Middlewares/Third_Party/CMSIS/RTOS2/Include/ -I"/home/joakim-wennergren/Desktop/Smartwatch/Firmware/Bench/Drivers/lvgl" -O0 -ffunction-sections -fdata-sections -Wall -fstack-usage -fstack-usage -fcyclomatic-complexity -MMD -MP -MF"Drivers/lvgl/src/drivers/libinput/lv_xkb.d" -MT"Drivers/lvgl/src/drivers/libinput/lv_xkb.o" --specs=nano.specs -mfpu=fpv5-sp-d16 -mfloat-abi=hard -mthumb -o "Drivers/lvgl/src/drivers/libinput/lv_xkb.o"
arm-none-eabi-gcc "../Drivers/lvgl/src/drivers/glfw/lv_glfw_window.c" -mcpu=cortex-m33 -std=gnu11 -g3 -DDEBUG -DUSE_HAL_DRIVER -DSTM32U575xx -c -I../Core/Inc -I../Drivers/STM32U5xx_HAL_Driver/Inc -I../Drivers/STM32U5xx_HAL_Driver/Inc/Legacy -I../Drivers/CMSIS/Device/ST/STM32U5xx/Include -I../Drivers/CMSIS/Include -I../Middlewares/Third_Party/FreeRTOS/Source/include/ -I../Middlewares/Third_Party/FreeRTOS/Source/portable/GCC/ARM_CM33_NTZ/non_secure/ -I../Middlewares/Third_Party/FreeRTOS/Source/CMSIS_RTOS_V2/ -I../Middlewares/Third_Party/CMSIS/RTOS2/Include/ -I"/home/joakim-wennergren/Desktop/Smartwatch/Firmware/Bench/Drivers/lvgl" -O0 -ffunction-sections -fdata-sections -Wall -fstack-usage -fstack-usage -fcyclomatic-complexity -MMD -MP -MF"Drivers/lvgl/src/drivers/glfw/lv_glfw_window.d" -MT"Drivers/lvgl/src/drivers/glfw/lv_glfw_window.o" --specs=nano.specs -mfpu=fpv5-sp-d16 -mfloat-abi=hard -mthumb -o "Drivers/lvgl/src/drivers/glfw/lv_glfw_window.o"
arm-none-eabi-gcc "../Drivers/lvgl/src/drivers/glfw/lv_opengles_debug.c" -mcpu=cortex-m33 -std=gnu11 -g3 -DDEBUG -DUSE_HAL_DRIVER -DSTM32U575xx -c -I../Core/Inc -I../Drivers/STM32U5xx_HAL_Driver/Inc -I../Drivers/STM32U5xx_HAL_Driver/Inc/Legacy -I../Drivers/CMSIS/Device/ST/STM32U5xx/Include -I../Drivers/CMSIS/Include -I../Middlewares/Third_Party/FreeRTOS/Source/include/ -I../Middlewares/Third_Party/FreeRTOS/Source/portable/GCC/ARM_CM33_NTZ/non_secure/ -I../Middlewares/Third_Party/FreeRTOS/Source/CMSIS_RTOS_V2/ -I../Middlewares/Third_Party/CMSIS/RTOS2/Include/ -I"/home/joakim-wennergren/Desktop/Smartwatch/Firmware/Bench/Drivers/lvgl" -O0 -ffunction-sections -fdata-sections -Wall -fstack-usage -fstack-usage -fcyclomatic-complexity -MMD -MP -MF"Drivers/lvgl/src/drivers/glfw/lv_opengles_debug.d" -MT"Drivers/lvgl/src/drivers/glfw/lv_opengles_debug.o" --specs=nano.specs -mfpu=fpv5-sp-d16 -mfloat-abi=hard -mthumb -o "Drivers/lvgl/src/drivers/glfw/lv_opengles_debug.o"
arm-none-eabi-gcc "../Drivers/lvgl/src/drivers/glfw/lv_opengles_driver.c" -mcpu=cortex-m33 -std=gnu11 -g3 -DDEBUG -DUSE_HAL_DRIVER -DSTM32U575xx -c -I../Core/Inc -I../Drivers/STM32U5xx_HAL_Driver/Inc -I../Drivers/STM32U5xx_HAL_Driver/Inc/Legacy -I../Drivers/CMSIS/Device/ST/STM32U5xx/Include -I../Drivers/CMSIS/Include -I../Middlewares/Third_Party/FreeRTOS/Source/include/ -I../Middlewares/Third_Party/FreeRTOS/Source/portable/GCC/ARM_CM33_NTZ/non_secure/ -I../Middlewares/Third_Party/FreeRTOS/Source/CMSIS_RTOS_V2/ -I../Middlewares/Third_Party/CMSIS/RTOS2/Include/ -I"/home/joakim-wennergren/Desktop/Smartwatch/Firmware/Bench/Drivers/lvgl" -O0 -ffunction-sections -fdata-sections -Wall -fstack-usage -fstack-usage -fcyclomatic-complexity -MMD -MP -MF"Drivers/lvgl/src/drivers/glfw/lv_opengles_driver.d" -MT"Drivers/lvgl/src/drivers/glfw/lv_opengles_driver.o" --specs=nano.specs -mfpu=fpv5-sp-d16 -mfloat-abi=hard -mthumb -o "Drivers/lvgl/src/drivers/glfw/lv_opengles_driver.o"
arm-none-eabi-gcc "../Drivers/lvgl/src/drivers/glfw/lv_opengles_texture.c" -mcpu=cortex-m33 -std=gnu11 -g3 -DDEBUG -DUSE_HAL_DRIVER -DSTM32U575xx -c -I../Core/Inc -I../Drivers/STM32U5xx_HAL_Driver/Inc -I../Drivers/STM32U5xx_HAL_Driver/Inc/Legacy -I../Drivers/CMSIS/Device/ST/STM32U5xx/Include -I../Drivers/CMSIS/Include -I../Middlewares/Third_Party/FreeRTOS/Source/include/ -I../Middlewares/Third_Party/FreeRTOS/Source/portable/GCC/ARM_CM33_NTZ/non_secure/ -I../Middlewares/Third_Party/FreeRTOS/Source/CMSIS_RTOS_V2/ -I../Middlewares/Third_Party/CMSIS/RTOS2/Include/ -I"/home/joakim-wennergren/Desktop/Smartwatch/Firmware/Bench/Drivers/lvgl" -O0 -ffunction-sections -fdata-sections -Wall -fstack-usage -fstack-usage -fcyclomatic-complexity -MMD -MP -MF"Drivers/lvgl/src/drivers/glfw/lv_opengles_texture.d" -MT"Drivers/lvgl/src/drivers/glfw/lv_opengles_texture.o" --specs=nano.specs -mfpu=fpv5-sp-d16 -mfloat-abi=hard -mthumb -o "Drivers/lvgl/src/drivers/glfw/lv_opengles_texture.o"
arm-none-eabi-gcc "../Drivers/lvgl/src/drivers/evdev/lv_evdev.c" -mcpu=cortex-m33 -std=gnu11 -g3 -DDEBUG -DUSE_HAL_DRIVER -DSTM32U575xx -c -I../Core/Inc -I../Drivers/STM32U5xx_HAL_Driver/Inc -I../Drivers/STM32U5xx_HAL_Driver/Inc/Legacy -I../Drivers/CMSIS/Device/ST/STM32U5xx/Include -I../Drivers/CMSIS/Include -I../Middlewares/Third_Party/FreeRTOS/Source/include/ -I../Middlewares/Third_Party/FreeRTOS/Source/portable/GCC/ARM_CM33_NTZ/non_secure/ -I../Middlewares/Third_Party/FreeRTOS/Source/CMSIS_RTOS_V2/ -I../Middlewares/Third_Party/CMSIS/RTOS2/Include/ -I"/home/joakim-wennergren/Desktop/Smartwatch/Firmware/Bench/Drivers/lvgl" -O0 -ffunction-sections -fdata-sections -Wall -fstack-usage -fstack-usage -fcyclomatic-complexity -MMD -MP -MF"Drivers/lvgl/src/drivers/evdev/lv_evdev.d" -MT"Drivers/lvgl/src/drivers/evdev/lv_evdev.o" --specs=nano.specs -mfpu=fpv5-sp-d16 -mfloat-abi=hard -mthumb -o "Drivers/lvgl/src/drivers/evdev/lv_evdev.o"
arm-none-eabi-gcc "../Drivers/lvgl/src/drivers/display/st_ltdc/lv_st_ltdc.c" -mcpu=cortex-m33 -std=gnu11 -g3 -DDEBUG -DUSE_HAL_DRIVER -DSTM32U575xx -c -I../Core/Inc -I../Drivers/STM32U5xx_HAL_Driver/Inc -I../Drivers/STM32U5xx_HAL_Driver/Inc/Legacy -I../Drivers/CMSIS/Device/ST/STM32U5xx/Include -I../Drivers/CMSIS/Include -I../Middlewares/Third_Party/FreeRTOS/Source/include/ -I../Middlewares/Third_Party/FreeRTOS/Source/portable/GCC/ARM_CM33_NTZ/non_secure/ -I../Middlewares/Third_Party/FreeRTOS/Source/CMSIS_RTOS_V2/ -I../Middlewares/Third_Party/CMSIS/RTOS2/Include/ -I"/home/joakim-wennergren/Desktop/Smartwatch/Firmware/Bench/Drivers/lvgl" -O0 -ffunction-sections -fdata-sections -Wall -fstack-usage -fstack-usage -fcyclomatic-complexity -MMD -MP -MF"Drivers/lvgl/src/drivers/display/st_ltdc/lv_st_ltdc.d" -MT"Drivers/lvgl/src/drivers/display/st_ltdc/lv_st_ltdc.o" --specs=nano.specs -mfpu=fpv5-sp-d16 -mfloat-abi=hard -mthumb -o "Drivers/lvgl/src/drivers/display/st_ltdc/lv_st_ltdc.o"
arm-none-eabi-gcc "../Drivers/lvgl/src/drivers/display/st7796/lv_st7796.c" -mcpu=cortex-m33 -std=gnu11 -g3 -DDEBUG -DUSE_HAL_DRIVER -DSTM32U575xx -c -I../Core/Inc -I../Drivers/STM32U5xx_HAL_Driver/Inc -I../Drivers/STM32U5xx_HAL_Driver/Inc/Legacy -I../Drivers/CMSIS/Device/ST/STM32U5xx/Include -I../Drivers/CMSIS/Include -I../Middlewares/Third_Party/FreeRTOS/Source/include/ -I../Middlewares/Third_Party/FreeRTOS/Source/portable/GCC/ARM_CM33_NTZ/non_secure/ -I../Middlewares/Third_Party/FreeRTOS/Source/CMSIS_RTOS_V2/ -I../Middlewares/Third_Party/CMSIS/RTOS2/Include/ -I"/home/joakim-wennergren/Desktop/Smartwatch/Firmware/Bench/Drivers/lvgl" -O0 -ffunction-sections -fdata-sections -Wall -fstack-usage -fstack-usage -fcyclomatic-complexity -MMD -MP -MF"Drivers/lvgl/src/drivers/display/st7796/lv_st7796.d" -MT"Drivers/lvgl/src/drivers/display/st7796/lv_st7796.o" --specs=nano.specs -mfpu=fpv5-sp-d16 -mfloat-abi=hard -mthumb -o "Drivers/lvgl/src/drivers/display/st7796/lv_st7796.o"
arm-none-eabi-gcc "../Drivers/lvgl/src/drivers/display/st7789/lv_st7789.c" -mcpu=cortex-m33 -std=gnu11 -g3 -DDEBUG -DUSE_HAL_DRIVER -DSTM32U575xx -c -I../Core/Inc -I../Drivers/STM32U5xx_HAL_Driver/Inc -I../Drivers/STM32U5xx_HAL_Driver/Inc/Legacy -I../Drivers/CMSIS/Device/ST/STM32U5xx/Include -I../Drivers/CMSIS/Include -I../Middlewares/Third_Party/FreeRTOS/Source/include/ -I../Middlewares/Third_Party/FreeRTOS/Source/portable/GCC/ARM_CM33_NTZ/non_secure/ -I../Middlewares/Third_Party/FreeRTOS/Source/CMSIS_RTOS_V2/ -I../Middlewares/Third_Party/CMSIS/RTOS2/Include/ -I"/home/joakim-wennergren/Desktop/Smartwatch/Firmware/Bench/Drivers/lvgl" -O0 -ffunction-sections -fdata-sections -Wall -fstack-usage -fstack-usage -fcyclomatic-complexity -MMD -MP -MF"Drivers/lvgl/src/drivers/display/st7789/lv_st7789.d" -MT"Drivers/lvgl/src/drivers/display/st7789/lv_st7789.o" --specs=nano.specs -mfpu=fpv5-sp-d16 -mfloat-abi=hard -mthumb -o "Drivers/lvgl/src/drivers/display/st7789/lv_st7789.o"
arm-none-eabi-gcc "../Drivers/lvgl/src/drivers/display/st7735/lv_st7735.c" -mcpu=cortex-m33 -std=gnu11 -g3 -DDEBUG -DUSE_HAL_DRIVER -DSTM32U575xx -c -I../Core/Inc -I../Drivers/STM32U5xx_HAL_Driver/Inc -I../Drivers/STM32U5xx_HAL_Driver/Inc/Legacy -I../Drivers/CMSIS/Device/ST/STM32U5xx/Include -I../Drivers/CMSIS/Include -I../Middlewares/Third_Party/FreeRTOS/Source/include/ -I../Middlewares/Third_Party/FreeRTOS/Source/portable/GCC/ARM_CM33_NTZ/non_secure/ -I../Middlewares/Third_Party/FreeRTOS/Source/CMSIS_RTOS_V2/ -I../Middlewares/Third_Party/CMSIS/RTOS2/Include/ -I"/home/joakim-wennergren/Desktop/Smartwatch/Firmware/Bench/Drivers/lvgl" -O0 -ffunction-sections -fdata-sections -Wall -fstack-usage -fstack-usage -fcyclomatic-complexity -MMD -MP -MF"Drivers/lvgl/src/drivers/display/st7735/lv_st7735.d" -MT"Drivers/lvgl/src/drivers/display/st7735/lv_st7735.o" --specs=nano.specs -mfpu=fpv5-sp-d16 -mfloat-abi=hard -mthumb -o "Drivers/lvgl/src/drivers/display/st7735/lv_st7735.o"
arm-none-eabi-gcc "../Drivers/lvgl/src/drivers/display/renesas_glcdc/lv_renesas_glcdc.c" -mcpu=cortex-m33 -std=gnu11 -g3 -DDEBUG -DUSE_HAL_DRIVER -DSTM32U575xx -c -I../Core/Inc -I../Drivers/STM32U5xx_HAL_Driver/Inc -I../Drivers/STM32U5xx_HAL_Driver/Inc/Legacy -I../Drivers/CMSIS/Device/ST/STM32U5xx/Include -I../Drivers/CMSIS/Include -I../Middlewares/Third_Party/FreeRTOS/Source/include/ -I../Middlewares/Third_Party/FreeRTOS/Source/portable/GCC/ARM_CM33_NTZ/non_secure/ -I../Middlewares/Third_Party/FreeRTOS/Source/CMSIS_RTOS_V2/ -I../Middlewares/Third_Party/CMSIS/RTOS2/Include/ -I"/home/joakim-wennergren/Desktop/Smartwatch/Firmware/Bench/Drivers/lvgl" -O0 -ffunction-sections -fdata-sections -Wall -fstack-usage -fstack-usage -fcyclomatic-complexity -MMD -MP -MF"Drivers/lvgl/src/drivers/display/renesas_glcdc/lv_renesas_glcdc.d" -MT"Drivers/lvgl/src/drivers/display/renesas_glcdc/lv_renesas_glcdc.o" --specs=nano.specs -mfpu=fpv5-sp-d16 -mfloat-abi=hard -mthumb -o "Drivers/lvgl/src/drivers/display/renesas_glcdc/lv_renesas_glcdc.o"
arm-none-eabi-gcc "../Drivers/lvgl/src/drivers/display/lcd/lv_lcd_generic_mipi.c" -mcpu=cortex-m33 -std=gnu11 -g3 -DDEBUG -DUSE_HAL_DRIVER -DSTM32U575xx -c -I../Core/Inc -I../Drivers/STM32U5xx_HAL_Driver/Inc -I../Drivers/STM32U5xx_HAL_Driver/Inc/Legacy -I../Drivers/CMSIS/Device/ST/STM32U5xx/Include -I../Drivers/CMSIS/Include -I../Middlewares/Third_Party/FreeRTOS/Source/include/ -I../Middlewares/Third_Party/FreeRTOS/Source/portable/GCC/ARM_CM33_NTZ/non_secure/ -I../Middlewares/Third_Party/FreeRTOS/Source/CMSIS_RTOS_V2/ -I../Middlewares/Third_Party/CMSIS/RTOS2/Include/ -I"/home/joakim-wennergren/Desktop/Smartwatch/Firmware/Bench/Drivers/lvgl" -O0 -ffunction-sections -fdata-sections -Wall -fstack-usage -fstack-usage -fcyclomatic-complexity -MMD -MP -MF"Drivers/lvgl/src/drivers/display/lcd/lv_lcd_generic_mipi.d" -MT"Drivers/lvgl/src/drivers/display/lcd/lv_lcd_generic_mipi.o" --specs=nano.specs -mfpu=fpv5-sp-d16 -mfloat-abi=hard -mthumb -o "Drivers/lvgl/src/drivers/display/lcd/lv_lcd_generic_mipi.o"
arm-none-eabi-gcc "../Drivers/lvgl/src/drivers/display/ili9341/lv_ili9341.c" -mcpu=cortex-m33 -std=gnu11 -g3 -DDEBUG -DUSE_HAL_DRIVER -DSTM32U575xx -c -I../Core/Inc -I../Drivers/STM32U5xx_HAL_Driver/Inc -I../Drivers/STM32U5xx_HAL_Driver/Inc/Legacy -I../Drivers/CMSIS/Device/ST/STM32U5xx/Include -I../Drivers/CMSIS/Include -I../Middlewares/Third_Party/FreeRTOS/Source/include/ -I../Middlewares/Third_Party/FreeRTOS/Source/portable/GCC/ARM_CM33_NTZ/non_secure/ -I../Middlewares/Third_Party/FreeRTOS/Source/CMSIS_RTOS_V2/ -I../Middlewares/Third_Party/CMSIS/RTOS2/Include/ -I"/home/joakim-wennergren/Desktop/Smartwatch/Firmware/Bench/Drivers/lvgl" -O0 -ffunction-sections -fdata-sections -Wall -fstack-usage -fstack-usage -fcyclomatic-complexity -MMD -MP -MF"Drivers/lvgl/src/drivers/display/ili9341/lv_ili9341.d" -MT"Drivers/lvgl/src/drivers/display/ili9341/lv_ili9341.o" --specs=nano.specs -mfpu=fpv5-sp-d16 -mfloat-abi=hard -mthumb -o "Drivers/lvgl/src/drivers/display/ili9341/lv_ili9341.o"
arm-none-eabi-gcc "../Drivers/lvgl/src/drivers/display/ft81x/lv_ft81x.c" -mcpu=cortex-m33 -std=gnu11 -g3 -DDEBUG -DUSE_HAL_DRIVER -DSTM32U575xx -c -I../Core/Inc -I../Drivers/STM32U5xx_HAL_Driver/Inc -I../Drivers/STM32U5xx_HAL_Driver/Inc/Legacy -I../Drivers/CMSIS/Device/ST/STM32U5xx/Include -I../Drivers/CMSIS/Include -I../Middlewares/Third_Party/FreeRTOS/Source/include/ -I../Middlewares/Third_Party/FreeRTOS/Source/portable/GCC/ARM_CM33_NTZ/non_secure/ -I../Middlewares/Third_Party/FreeRTOS/Source/CMSIS_RTOS_V2/ -I../Middlewares/Third_Party/CMSIS/RTOS2/Include/ -I"/home/joakim-wennergren/Desktop/Smartwatch/Firmware/Bench/Drivers/lvgl" -O0 -ffunction-sections -fdata-sections -Wall -fstack-usage -fstack-usage -fcyclomatic-complexity -MMD -MP -MF"Drivers/lvgl/src/drivers/display/ft81x/lv_ft81x.d" -MT"Drivers/lvgl/src/drivers/display/ft81x/lv_ft81x.o" --specs=nano.specs -mfpu=fpv5-sp-d16 -mfloat-abi=hard -mthumb -o "Drivers/lvgl/src/drivers/display/ft81x/lv_ft81x.o"
arm-none-eabi-gcc "../Drivers/lvgl/src/drivers/display/fb/lv_linux_fbdev.c" -mcpu=cortex-m33 -std=gnu11 -g3 -DDEBUG -DUSE_HAL_DRIVER -DSTM32U575xx -c -I../Core/Inc -I../Drivers/STM32U5xx_HAL_Driver/Inc -I../Drivers/STM32U5xx_HAL_Driver/Inc/Legacy -I../Drivers/CMSIS/Device/ST/STM32U5xx/Include -I../Drivers/CMSIS/Include -I../Middlewares/Third_Party/FreeRTOS/Source/include/ -I../Middlewares/Third_Party/FreeRTOS/Source/portable/GCC/ARM_CM33_NTZ/non_secure/ -I../Middlewares/Third_Party/FreeRTOS/Source/CMSIS_RTOS_V2/ -I../Middlewares/Third_Party/CMSIS/RTOS2/Include/ -I"/home/joakim-wennergren/Desktop/Smartwatch/Firmware/Bench/Drivers/lvgl" -O0 -ffunction-sections -fdata-sections -Wall -fstack-usage -fstack-usage -fcyclomatic-complexity -MMD -MP -MF"Drivers/lvgl/src/drivers/display/fb/lv_linux_fbdev.d" -MT"Drivers/lvgl/src/drivers/display/fb/lv_linux_fbdev.o" --specs=nano.specs -mfpu=fpv5-sp-d16 -mfloat-abi=hard -mthumb -o "Drivers/lvgl/src/drivers/display/fb/lv_linux_fbdev.o"
arm-none-eabi-gcc "../Drivers/lvgl/src/drivers/display/drm/lv_linux_drm.c" -mcpu=cortex-m33 -std=gnu11 -g3 -DDEBUG -DUSE_HAL_DRIVER -DSTM32U575xx -c -I../Core/Inc -I../Drivers/STM32U5xx_HAL_Driver/Inc -I../Drivers/STM32U5xx_HAL_Driver/Inc/Legacy -I../Drivers/CMSIS/Device/ST/STM32U5xx/Include -I../Drivers/CMSIS/Include -I../Middlewares/Third_Party/FreeRTOS/Source/include/ -I../Middlewares/Third_Party/FreeRTOS/Source/portable/GCC/ARM_CM33_NTZ/non_secure/ -I../Middlewares/Third_Party/FreeRTOS/Source/CMSIS_RTOS_V2/ -I../Middlewares/Third_Party/CMSIS/RTOS2/Include/ -I"/home/joakim-wennergren/Desktop/Smartwatch/Firmware/Bench/Drivers/lvgl" -O0 -ffunction-sections -fdata-sections -Wall -fstack-usage -fstack-usage -fcyclomatic-complexity -MMD -MP -MF"Drivers/lvgl/src/drivers/display/drm/lv_linux_drm.d" -MT"Drivers/lvgl/src/drivers/display/drm/lv_linux_drm.o" --specs=nano.specs -mfpu=fpv5-sp-d16 -mfloat-abi=hard -mthumb -o "Drivers/lvgl/src/drivers/display/drm/lv_linux_drm.o"
arm-none-eabi-gcc "../Drivers/lvgl/src/draw/vg_lite/lv_draw_buf_vg_lite.c" -mcpu=cortex-m33 -std=gnu11 -g3 -DDEBUG -DUSE_HAL_DRIVER -DSTM32U575xx -c -I../Core/Inc -I../Drivers/STM32U5xx_HAL_Driver/Inc -I../Drivers/STM32U5xx_HAL_Driver/Inc/Legacy -I../Drivers/CMSIS/Device/ST/STM32U5xx/Include -I../Drivers/CMSIS/Include -I../Middlewares/Third_Party/FreeRTOS/Source/include/ -I../Middlewares/Third_Party/FreeRTOS/Source/portable/GCC/ARM_CM33_NTZ/non_secure/ -I../Middlewares/Third_Party/FreeRTOS/Source/CMSIS_RTOS_V2/ -I../Middlewares/Third_Party/CMSIS/RTOS2/Include/ -I"/home/joakim-wennergren/Desktop/Smartwatch/Firmware/Bench/Drivers/lvgl" -O0 -ffunction-sections -fdata-sections -Wall -fstack-usage -fstack-usage -fcyclomatic-complexity -MMD -MP -MF"Drivers/lvgl/src/draw/vg_lite/lv_draw_buf_vg_lite.d" -MT"Drivers/lvgl/src/draw/vg_lite/lv_draw_buf_vg_lite.o" --specs=nano.specs -mfpu=fpv5-sp-d16 -mfloat-abi=hard -mthumb -o "Drivers/lvgl/src/draw/vg_lite/lv_draw_buf_vg_lite.o"
arm-none-eabi-gcc "../Drivers/lvgl/src/draw/vg_lite/lv_draw_vg_lite.c" -mcpu=cortex-m33 -std=gnu11 -g3 -DDEBUG -DUSE_HAL_DRIVER -DSTM32U575xx -c -I../Core/Inc -I../Drivers/STM32U5xx_HAL_Driver/Inc -I../Drivers/STM32U5xx_HAL_Driver/Inc/Legacy -I../Drivers/CMSIS/Device/ST/STM32U5xx/Include -I../Drivers/CMSIS/Include -I../Middlewares/Third_Party/FreeRTOS/Source/include/ -I../Middlewares/Third_Party/FreeRTOS/Source/portable/GCC/ARM_CM33_NTZ/non_secure/ -I../Middlewares/Third_Party/FreeRTOS/Source/CMSIS_RTOS_V2/ -I../Middlewares/Third_Party/CMSIS/RTOS2/Include/ -I"/home/joakim-wennergren/Desktop/Smartwatch/Firmware/Bench/Drivers/lvgl" -O0 -ffunction-sections -fdata-sections -Wall -fstack-usage -fstack-usage -fcyclomatic-complexity -MMD -MP -MF"Drivers/lvgl/src/draw/vg_lite/lv_draw_vg_lite.d" -MT"Drivers/lvgl/src/draw/vg_lite/lv_draw_vg_lite.o" --specs=nano.specs -mfpu=fpv5-sp-d16 -mfloat-abi=hard -mthumb -o "Drivers/lvgl/src/draw/vg_lite/lv_draw_vg_lite.o"
arm-none-eabi-gcc "../Drivers/lvgl/src/draw/vg_lite/lv_draw_vg_lite_arc.c" -mcpu=cortex-m33 -std=gnu11 -g3 -DDEBUG -DUSE_HAL_DRIVER -DSTM32U575xx -c -I../Core/Inc -I../Drivers/STM32U5xx_HAL_Driver/Inc -I../Drivers/STM32U5xx_HAL_Driver/Inc/Legacy -I../Drivers/CMSIS/Device/ST/STM32U5xx/Include -I../Drivers/CMSIS/Include -I../Middlewares/Third_Party/FreeRTOS/Source/include/ -I../Middlewares/Third_Party/FreeRTOS/Source/portable/GCC/ARM_CM33_NTZ/non_secure/ -I../Middlewares/Third_Party/FreeRTOS/Source/CMSIS_RTOS_V2/ -I../Middlewares/Third_Party/CMSIS/RTOS2/Include/ -I"/home/joakim-wennergren/Desktop/Smartwatch/Firmware/Bench/Drivers/lvgl" -O0 -ffunction-sections -fdata-sections -Wall -fstack-usage -fstack-usage -fcyclomatic-complexity -MMD -MP -MF"Drivers/lvgl/src/draw/vg_lite/lv_draw_vg_lite_arc.d" -MT"Drivers/lvgl/src/draw/vg_lite/lv_draw_vg_lite_arc.o" --specs=nano.specs -mfpu=fpv5-sp-d16 -mfloat-abi=hard -mthumb -o "Drivers/lvgl/src/draw/vg_lite/lv_draw_vg_lite_arc.o"
arm-none-eabi-gcc "../Drivers/lvgl/src/draw/vg_lite/lv_draw_vg_lite_border.c" -mcpu=cortex-m33 -std=gnu11 -g3 -DDEBUG -DUSE_HAL_DRIVER -DSTM32U575xx -c -I../Core/Inc -I../Drivers/STM32U5xx_HAL_Driver/Inc -I../Drivers/STM32U5xx_HAL_Driver/Inc/Legacy -I../Drivers/CMSIS/Device/ST/STM32U5xx/Include -I../Drivers/CMSIS/Include -I../Middlewares/Third_Party/FreeRTOS/Source/include/ -I../Middlewares/Third_Party/FreeRTOS/Source/portable/GCC/ARM_CM33_NTZ/non_secure/ -I../Middlewares/Third_Party/FreeRTOS/Source/CMSIS_RTOS_V2/ -I../Middlewares/Third_Party/CMSIS/RTOS2/Include/ -I"/home/joakim-wennergren/Desktop/Smartwatch/Firmware/Bench/Drivers/lvgl" -O0 -ffunction-sections -fdata-sections -Wall -fstack-usage -fstack-usage -fcyclomatic-complexity -MMD -MP -MF"Drivers/lvgl/src/draw/vg_lite/lv_draw_vg_lite_border.d" -MT"Drivers/lvgl/src/draw/vg_lite/lv_draw_vg_lite_border.o" --specs=nano.specs -mfpu=fpv5-sp-d16 -mfloat-abi=hard -mthumb -o "Drivers/lvgl/src/draw/vg_lite/lv_draw_vg_lite_border.o"
arm-none-eabi-gcc "../Drivers/lvgl/src/draw/vg_lite/lv_draw_vg_lite_box_shadow.c" -mcpu=cortex-m33 -std=gnu11 -g3 -DDEBUG -DUSE_HAL_DRIVER -DSTM32U575xx -c -I../Core/Inc -I../Drivers/STM32U5xx_HAL_Driver/Inc -I../Drivers/STM32U5xx_HAL_Driver/Inc/Legacy -I../Drivers/CMSIS/Device/ST/STM32U5xx/Include -I../Drivers/CMSIS/Include -I../Middlewares/Third_Party/FreeRTOS/Source/include/ -I../Middlewares/Third_Party/FreeRTOS/Source/portable/GCC/ARM_CM33_NTZ/non_secure/ -I../Middlewares/Third_Party/FreeRTOS/Source/CMSIS_RTOS_V2/ -I../Middlewares/Third_Party/CMSIS/RTOS2/Include/ -I"/home/joakim-wennergren/Desktop/Smartwatch/Firmware/Bench/Drivers/lvgl" -O0 -ffunction-sections -fdata-sections -Wall -fstack-usage -fstack-usage -fcyclomatic-complexity -MMD -MP -MF"Drivers/lvgl/src/draw/vg_lite/lv_draw_vg_lite_box_shadow.d" -MT"Drivers/lvgl/src/draw/vg_lite/lv_draw_vg_lite_box_shadow.o" --specs=nano.specs -mfpu=fpv5-sp-d16 -mfloat-abi=hard -mthumb -o "Drivers/lvgl/src/draw/vg_lite/lv_draw_vg_lite_box_shadow.o"
arm-none-eabi-gcc "../Drivers/lvgl/src/draw/vg_lite/lv_draw_vg_lite_fill.c" -mcpu=cortex-m33 -std=gnu11 -g3 -DDEBUG -DUSE_HAL_DRIVER -DSTM32U575xx -c -I../Core/Inc -I../Drivers/STM32U5xx_HAL_Driver/Inc -I../Drivers/STM32U5xx_HAL_Driver/Inc/Legacy -I../Drivers/CMSIS/Device/ST/STM32U5xx/Include -I../Drivers/CMSIS/Include -I../Middlewares/Third_Party/FreeRTOS/Source/include/ -I../Middlewares/Third_Party/FreeRTOS/Source/portable/GCC/ARM_CM33_NTZ/non_secure/ -I../Middlewares/Third_Party/FreeRTOS/Source/CMSIS_RTOS_V2/ -I../Middlewares/Third_Party/CMSIS/RTOS2/Include/ -I"/home/joakim-wennergren/Desktop/Smartwatch/Firmware/Bench/Drivers/lvgl" -O0 -ffunction-sections -fdata-sections -Wall -fstack-usage -fstack-usage -fcyclomatic-complexity -MMD -MP -MF"Drivers/lvgl/src/draw/vg_lite/lv_draw_vg_lite_fill.d" -MT"Drivers/lvgl/src/draw/vg_lite/lv_draw_vg_lite_fill.o" --specs=nano.specs -mfpu=fpv5-sp-d16 -mfloat-abi=hard -mthumb -o "Drivers/lvgl/src/draw/vg_lite/lv_draw_vg_lite_fill.o"
arm-none-eabi-gcc "../Drivers/lvgl/src/draw/vg_lite/lv_draw_vg_lite_img.c" -mcpu=cortex-m33 -std=gnu11 -g3 -DDEBUG -DUSE_HAL_DRIVER -DSTM32U575xx -c -I../Core/Inc -I../Drivers/STM32U5xx_HAL_Driver/Inc -I../Drivers/STM32U5xx_HAL_Driver/Inc/Legacy -I../Drivers/CMSIS/Device/ST/STM32U5xx/Include -I../Drivers/CMSIS/Include -I../Middlewares/Third_Party/FreeRTOS/Source/include/ -I../Middlewares/Third_Party/FreeRTOS/Source/portable/GCC/ARM_CM33_NTZ/non_secure/ -I../Middlewares/Third_Party/FreeRTOS/Source/CMSIS_RTOS_V2/ -I../Middlewares/Third_Party/CMSIS/RTOS2/Include/ -I"/home/joakim-wennergren/Desktop/Smartwatch/Firmware/Bench/Drivers/lvgl" -O0 -ffunction-sections -fdata-sections -Wall -fstack-usage -fstack-usage -fcyclomatic-complexity -MMD -MP -MF"Drivers/lvgl/src/draw/vg_lite/lv_draw_vg_lite_img.d" -MT"Drivers/lvgl/src/draw/vg_lite/lv_draw_vg_lite_img.o" --specs=nano.specs -mfpu=fpv5-sp-d16 -mfloat-abi=hard -mthumb -o "Drivers/lvgl/src/draw/vg_lite/lv_draw_vg_lite_img.o"
arm-none-eabi-gcc "../Drivers/lvgl/src/draw/vg_lite/lv_draw_vg_lite_label.c" -mcpu=cortex-m33 -std=gnu11 -g3 -DDEBUG -DUSE_HAL_DRIVER -DSTM32U575xx -c -I../Core/Inc -I../Drivers/STM32U5xx_HAL_Driver/Inc -I../Drivers/STM32U5xx_HAL_Driver/Inc/Legacy -I../Drivers/CMSIS/Device/ST/STM32U5xx/Include -I../Drivers/CMSIS/Include -I../Middlewares/Third_Party/FreeRTOS/Source/include/ -I../Middlewares/Third_Party/FreeRTOS/Source/portable/GCC/ARM_CM33_NTZ/non_secure/ -I../Middlewares/Third_Party/FreeRTOS/Source/CMSIS_RTOS_V2/ -I../Middlewares/Third_Party/CMSIS/RTOS2/Include/ -I"/home/joakim-wennergren/Desktop/Smartwatch/Firmware/Bench/Drivers/lvgl" -O0 -ffunction-sections -fdata-sections -Wall -fstack-usage -fstack-usage -fcyclomatic-complexity -MMD -MP -MF"Drivers/lvgl/src/draw/vg_lite/lv_draw_vg_lite_label.d" -MT"Drivers/lvgl/src/draw/vg_lite/lv_draw_vg_lite_label.o" --specs=nano.specs -mfpu=fpv5-sp-d16 -mfloat-abi=hard -mthumb -o "Drivers/lvgl/src/draw/vg_lite/lv_draw_vg_lite_label.o"
arm-none-eabi-gcc "../Drivers/lvgl/src/draw/vg_lite/lv_draw_vg_lite_layer.c" -mcpu=cortex-m33 -std=gnu11 -g3 -DDEBUG -DUSE_HAL_DRIVER -DSTM32U575xx -c -I../Core/Inc -I../Drivers/STM32U5xx_HAL_Driver/Inc -I../Drivers/STM32U5xx_HAL_Driver/Inc/Legacy -I../Drivers/CMSIS/Device/ST/STM32U5xx/Include -I../Drivers/CMSIS/Include -I../Middlewares/Third_Party/FreeRTOS/Source/include/ -I../Middlewares/Third_Party/FreeRTOS/Source/portable/GCC/ARM_CM33_NTZ/non_secure/ -I../Middlewares/Third_Party/FreeRTOS/Source/CMSIS_RTOS_V2/ -I../Middlewares/Third_Party/CMSIS/RTOS2/Include/ -I"/home/joakim-wennergren/Desktop/Smartwatch/Firmware/Bench/Drivers/lvgl" -O0 -ffunction-sections -fdata-sections -Wall -fstack-usage -fstack-usage -fcyclomatic-complexity -MMD -MP -MF"Drivers/lvgl/src/draw/vg_lite/lv_draw_vg_lite_layer.d" -MT"Drivers/lvgl/src/draw/vg_lite/lv_draw_vg_lite_layer.o" --specs=nano.specs -mfpu=fpv5-sp-d16 -mfloat-abi=hard -mthumb -o "Drivers/lvgl/src/draw/vg_lite/lv_draw_vg_lite_layer.o"
arm-none-eabi-gcc "../Drivers/lvgl/src/draw/vg_lite/lv_draw_vg_lite_line.c" -mcpu=cortex-m33 -std=gnu11 -g3 -DDEBUG -DUSE_HAL_DRIVER -DSTM32U575xx -c -I../Core/Inc -I../Drivers/STM32U5xx_HAL_Driver/Inc -I../Drivers/STM32U5xx_HAL_Driver/Inc/Legacy -I../Drivers/CMSIS/Device/ST/STM32U5xx/Include -I../Drivers/CMSIS/Include -I../Middlewares/Third_Party/FreeRTOS/Source/include/ -I../Middlewares/Third_Party/FreeRTOS/Source/portable/GCC/ARM_CM33_NTZ/non_secure/ -I../Middlewares/Third_Party/FreeRTOS/Source/CMSIS_RTOS_V2/ -I../Middlewares/Third_Party/CMSIS/RTOS2/Include/ -I"/home/joakim-wennergren/Desktop/Smartwatch/Firmware/Bench/Drivers/lvgl" -O0 -ffunction-sections -fdata-sections -Wall -fstack-usage -fstack-usage -fcyclomatic-complexity -MMD -MP -MF"Drivers/lvgl/src/draw/vg_lite/lv_draw_vg_lite_line.d" -MT"Drivers/lvgl/src/draw/vg_lite/lv_draw_vg_lite_line.o" --specs=nano.specs -mfpu=fpv5-sp-d16 -mfloat-abi=hard -mthumb -o "Drivers/lvgl/src/draw/vg_lite/lv_draw_vg_lite_line.o"
arm-none-eabi-gcc "../Drivers/lvgl/src/draw/vg_lite/lv_draw_vg_lite_mask_rect.c" -mcpu=cortex-m33 -std=gnu11 -g3 -DDEBUG -DUSE_HAL_DRIVER -DSTM32U575xx -c -I../Core/Inc -I../Drivers/STM32U5xx_HAL_Driver/Inc -I../Drivers/STM32U5xx_HAL_Driver/Inc/Legacy -I../Drivers/CMSIS/Device/ST/STM32U5xx/Include -I../Drivers/CMSIS/Include -I../Middlewares/Third_Party/FreeRTOS/Source/include/ -I../Middlewares/Third_Party/FreeRTOS/Source/portable/GCC/ARM_CM33_NTZ/non_secure/ -I../Middlewares/Third_Party/FreeRTOS/Source/CMSIS_RTOS_V2/ -I../Middlewares/Third_Party/CMSIS/RTOS2/Include/ -I"/home/joakim-wennergren/Desktop/Smartwatch/Firmware/Bench/Drivers/lvgl" -O0 -ffunction-sections -fdata-sections -Wall -fstack-usage -fstack-usage -fcyclomatic-complexity -MMD -MP -MF"Drivers/lvgl/src/draw/vg_lite/lv_draw_vg_lite_mask_rect.d" -MT"Drivers/lvgl/src/draw/vg_lite/lv_draw_vg_lite_mask_rect.o" --specs=nano.specs -mfpu=fpv5-sp-d16 -mfloat-abi=hard -mthumb -o "Drivers/lvgl/src/draw/vg_lite/lv_draw_vg_lite_mask_rect.o"
arm-none-eabi-gcc "../Drivers/lvgl/src/draw/vg_lite/lv_draw_vg_lite_triangle.c" -mcpu=cortex-m33 -std=gnu11 -g3 -DDEBUG -DUSE_HAL_DRIVER -DSTM32U575xx -c -I../Core/Inc -I../Drivers/STM32U5xx_HAL_Driver/Inc -I../Drivers/STM32U5xx_HAL_Driver/Inc/Legacy -I../Drivers/CMSIS/Device/ST/STM32U5xx/Include -I../Drivers/CMSIS/Include -I../Middlewares/Third_Party/FreeRTOS/Source/include/ -I../Middlewares/Third_Party/FreeRTOS/Source/portable/GCC/ARM_CM33_NTZ/non_secure/ -I../Middlewares/Third_Party/FreeRTOS/Source/CMSIS_RTOS_V2/ -I../Middlewares/Third_Party/CMSIS/RTOS2/Include/ -I"/home/joakim-wennergren/Desktop/Smartwatch/Firmware/Bench/Drivers/lvgl" -O0 -ffunction-sections -fdata-sections -Wall -fstack-usage -fstack-usage -fcyclomatic-complexity -MMD -MP -MF"Drivers/lvgl/src/draw/vg_lite/lv_draw_vg_lite_triangle.d" -MT"Drivers/lvgl/src/draw/vg_lite/lv_draw_vg_lite_triangle.o" --specs=nano.specs -mfpu=fpv5-sp-d16 -mfloat-abi=hard -mthumb -o "Drivers/lvgl/src/draw/vg_lite/lv_draw_vg_lite_triangle.o"
arm-none-eabi-gcc "../Drivers/lvgl/src/draw/vg_lite/lv_draw_vg_lite_vector.c" -mcpu=cortex-m33 -std=gnu11 -g3 -DDEBUG -DUSE_HAL_DRIVER -DSTM32U575xx -c -I../Core/Inc -I../Drivers/STM32U5xx_HAL_Driver/Inc -I../Drivers/STM32U5xx_HAL_Driver/Inc/Legacy -I../Drivers/CMSIS/Device/ST/STM32U5xx/Include -I../Drivers/CMSIS/Include -I../Middlewares/Third_Party/FreeRTOS/Source/include/ -I../Middlewares/Third_Party/FreeRTOS/Source/portable/GCC/ARM_CM33_NTZ/non_secure/ -I../Middlewares/Third_Party/FreeRTOS/Source/CMSIS_RTOS_V2/ -I../Middlewares/Third_Party/CMSIS/RTOS2/Include/ -I"/home/joakim-wennergren/Desktop/Smartwatch/Firmware/Bench/Drivers/lvgl" -O0 -ffunction-sections -fdata-sections -Wall -fstack-usage -fstack-usage -fcyclomatic-complexity -MMD -MP -MF"Drivers/lvgl/src/draw/vg_lite/lv_draw_vg_lite_vector.d" -MT"Drivers/lvgl/src/draw/vg_lite/lv_draw_vg_lite_vector.o" --specs=nano.specs -mfpu=fpv5-sp-d16 -mfloat-abi=hard -mthumb -o "Drivers/lvgl/src/draw/vg_lite/lv_draw_vg_lite_vector.o"
arm-none-eabi-gcc "../Drivers/lvgl/src/draw/vg_lite/lv_vg_lite_decoder.c" -mcpu=cortex-m33 -std=gnu11 -g3 -DDEBUG -DUSE_HAL_DRIVER -DSTM32U575xx -c -I../Core/Inc -I../Drivers/STM32U5xx_HAL_Driver/Inc -I../Drivers/STM32U5xx_HAL_Driver/Inc/Legacy -I../Drivers/CMSIS/Device/ST/STM32U5xx/Include -I../Drivers/CMSIS/Include -I../Middlewares/Third_Party/FreeRTOS/Source/include/ -I../Middlewares/Third_Party/FreeRTOS/Source/portable/GCC/ARM_CM33_NTZ/non_secure/ -I../Middlewares/Third_Party/FreeRTOS/Source/CMSIS_RTOS_V2/ -I../Middlewares/Third_Party/CMSIS/RTOS2/Include/ -I"/home/joakim-wennergren/Desktop/Smartwatch/Firmware/Bench/Drivers/lvgl" -O0 -ffunction-sections -fdata-sections -Wall -fstack-usage -fstack-usage -fcyclomatic-complexity -MMD -MP -MF"Drivers/lvgl/src/draw/vg_lite/lv_vg_lite_decoder.d" -MT"Drivers/lvgl/src/draw/vg_lite/lv_vg_lite_decoder.o" --specs=nano.specs -mfpu=fpv5-sp-d16 -mfloat-abi=hard -mthumb -o "Drivers/lvgl/src/draw/vg_lite/lv_vg_lite_decoder.o"
arm-none-eabi-gcc "../Drivers/lvgl/src/draw/vg_lite/lv_vg_lite_grad.c" -mcpu=cortex-m33 -std=gnu11 -g3 -DDEBUG -DUSE_HAL_DRIVER -DSTM32U575xx -c -I../Core/Inc -I../Drivers/STM32U5xx_HAL_Driver/Inc -I../Drivers/STM32U5xx_HAL_Driver/Inc/Legacy -I../Drivers/CMSIS/Device/ST/STM32U5xx/Include -I../Drivers/CMSIS/Include -I../Middlewares/Third_Party/FreeRTOS/Source/include/ -I../Middlewares/Third_Party/FreeRTOS/Source/portable/GCC/ARM_CM33_NTZ/non_secure/ -I../Middlewares/Third_Party/FreeRTOS/Source/CMSIS_RTOS_V2/ -I../Middlewares/Third_Party/CMSIS/RTOS2/Include/ -I"/home/joakim-wennergren/Desktop/Smartwatch/Firmware/Bench/Drivers/lvgl" -O0 -ffunction-sections -fdata-sections -Wall -fstack-usage -fstack-usage -fcyclomatic-complexity -MMD -MP -MF"Drivers/lvgl/src/draw/vg_lite/lv_vg_lite_grad.d" -MT"Drivers/lvgl/src/draw/vg_lite/lv_vg_lite_grad.o" --specs=nano.specs -mfpu=fpv5-sp-d16 -mfloat-abi=hard -mthumb -o "Drivers/lvgl/src/draw/vg_lite/lv_vg_lite_grad.o"
arm-none-eabi-gcc "../Drivers/lvgl/src/draw/vg_lite/lv_vg_lite_math.c" -mcpu=cortex-m33 -std=gnu11 -g3 -DDEBUG -DUSE_HAL_DRIVER -DSTM32U575xx -c -I../Core/Inc -I../Drivers/STM32U5xx_HAL_Driver/Inc -I../Drivers/STM32U5xx_HAL_Driver/Inc/Legacy -I../Drivers/CMSIS/Device/ST/STM32U5xx/Include -I../Drivers/CMSIS/Include -I../Middlewares/Third_Party/FreeRTOS/Source/include/ -I../Middlewares/Third_Party/FreeRTOS/Source/portable/GCC/ARM_CM33_NTZ/non_secure/ -I../Middlewares/Third_Party/FreeRTOS/Source/CMSIS_RTOS_V2/ -I../Middlewares/Third_Party/CMSIS/RTOS2/Include/ -I"/home/joakim-wennergren/Desktop/Smartwatch/Firmware/Bench/Drivers/lvgl" -O0 -ffunction-sections -fdata-sections -Wall -fstack-usage -fstack-usage -fcyclomatic-complexity -MMD -MP -MF"Drivers/lvgl/src/draw/vg_lite/lv_vg_lite_math.d" -MT"Drivers/lvgl/src/draw/vg_lite/lv_vg_lite_math.o" --specs=nano.specs -mfpu=fpv5-sp-d16 -mfloat-abi=hard -mthumb -o "Drivers/lvgl/src/draw/vg_lite/lv_vg_lite_math.o"
arm-none-eabi-gcc "../Drivers/lvgl/src/draw/vg_lite/lv_vg_lite_path.c" -mcpu=cortex-m33 -std=gnu11 -g3 -DDEBUG -DUSE_HAL_DRIVER -DSTM32U575xx -c -I../Core/Inc -I../Drivers/STM32U5xx_HAL_Driver/Inc -I../Drivers/STM32U5xx_HAL_Driver/Inc/Legacy -I../Drivers/CMSIS/Device/ST/STM32U5xx/Include -I../Drivers/CMSIS/Include -I../Middlewares/Third_Party/FreeRTOS/Source/include/ -I../Middlewares/Third_Party/FreeRTOS/Source/portable/GCC/ARM_CM33_NTZ/non_secure/ -I../Middlewares/Third_Party/FreeRTOS/Source/CMSIS_RTOS_V2/ -I../Middlewares/Third_Party/CMSIS/RTOS2/Include/ -I"/home/joakim-wennergren/Desktop/Smartwatch/Firmware/Bench/Drivers/lvgl" -O0 -ffunction-sections -fdata-sections -Wall -fstack-usage -fstack-usage -fcyclomatic-complexity -MMD -MP -MF"Drivers/lvgl/src/draw/vg_lite/lv_vg_lite_path.d" -MT"Drivers/lvgl/src/draw/vg_lite/lv_vg_lite_path.o" --specs=nano.specs -mfpu=fpv5-sp-d16 -mfloat-abi=hard -mthumb -o "Drivers/lvgl/src/draw/vg_lite/lv_vg_lite_path.o"
arm-none-eabi-gcc "../Drivers/lvgl/src/draw/vg_lite/lv_vg_lite_pending.c" -mcpu=cortex-m33 -std=gnu11 -g3 -DDEBUG -DUSE_HAL_DRIVER -DSTM32U575xx -c -I../Core/Inc -I../Drivers/STM32U5xx_HAL_Driver/Inc -I../Drivers/STM32U5xx_HAL_Driver/Inc/Legacy -I../Drivers/CMSIS/Device/ST/STM32U5xx/Include -I../Drivers/CMSIS/Include -I../Middlewares/Third_Party/FreeRTOS/Source/include/ -I../Middlewares/Third_Party/FreeRTOS/Source/portable/GCC/ARM_CM33_NTZ/non_secure/ -I../Middlewares/Third_Party/FreeRTOS/Source/CMSIS_RTOS_V2/ -I../Middlewares/Third_Party/CMSIS/RTOS2/Include/ -I"/home/joakim-wennergren/Desktop/Smartwatch/Firmware/Bench/Drivers/lvgl" -O0 -ffunction-sections -fdata-sections -Wall -fstack-usage -fstack-usage -fcyclomatic-complexity -MMD -MP -MF"Drivers/lvgl/src/draw/vg_lite/lv_vg_lite_pending.d" -MT"Drivers/lvgl/src/draw/vg_lite/lv_vg_lite_pending.o" --specs=nano.specs -mfpu=fpv5-sp-d16 -mfloat-abi=hard -mthumb -o "Drivers/lvgl/src/draw/vg_lite/lv_vg_lite_pending.o"
arm-none-eabi-gcc "../Drivers/lvgl/src/draw/vg_lite/lv_vg_lite_stroke.c" -mcpu=cortex-m33 -std=gnu11 -g3 -DDEBUG -DUSE_HAL_DRIVER -DSTM32U575xx -c -I../Core/Inc -I../Drivers/STM32U5xx_HAL_Driver/Inc -I../Drivers/STM32U5xx_HAL_Driver/Inc/Legacy -I../Drivers/CMSIS/Device/ST/STM32U5xx/Include -I../Drivers/CMSIS/Include -I../Middlewares/Third_Party/FreeRTOS/Source/include/ -I../Middlewares/Third_Party/FreeRTOS/Source/portable/GCC/ARM_CM33_NTZ/non_secure/ -I../Middlewares/Third_Party/FreeRTOS/Source/CMSIS_RTOS_V2/ -I../Middlewares/Third_Party/CMSIS/RTOS2/Include/ -I"/home/joakim-wennergren/Desktop/Smartwatch/Firmware/Bench/Drivers/lvgl" -O0 -ffunction-sections -fdata-sections -Wall -fstack-usage -fstack-usage -fcyclomatic-complexity -MMD -MP -MF"Drivers/lvgl/src/draw/vg_lite/lv_vg_lite_stroke.d" -MT"Drivers/lvgl/src/draw/vg_lite/lv_vg_lite_stroke.o" --specs=nano.specs -mfpu=fpv5-sp-d16 -mfloat-abi=hard -mthumb -o "Drivers/lvgl/src/draw/vg_lite/lv_vg_lite_stroke.o"
arm-none-eabi-gcc "../Drivers/lvgl/src/draw/vg_lite/lv_vg_lite_utils.c" -mcpu=cortex-m33 -std=gnu11 -g3 -DDEBUG -DUSE_HAL_DRIVER -DSTM32U575xx -c -I../Core/Inc -I../Drivers/STM32U5xx_HAL_Driver/Inc -I../Drivers/STM32U5xx_HAL_Driver/Inc/Legacy -I../Drivers/CMSIS/Device/ST/STM32U5xx/Include -I../Drivers/CMSIS/Include -I../Middlewares/Third_Party/FreeRTOS/Source/include/ -I../Middlewares/Third_Party/FreeRTOS/Source/portable/GCC/ARM_CM33_NTZ/non_secure/ -I../Middlewares/Third_Party/FreeRTOS/Source/CMSIS_RTOS_V2/ -I../Middlewares/Third_Party/CMSIS/RTOS2/Include/ -I"/home/joakim-wennergren/Desktop/Smartwatch/Firmware/Bench/Drivers/lvgl" -O0 -ffunction-sections -fdata-sections -Wall -fstack-usage -fstack-usage -fcyclomatic-complexity -MMD -MP -MF"Drivers/lvgl/src/draw/vg_lite/lv_vg_lite_utils.d" -MT"Drivers/lvgl/src/draw/vg_lite/lv_vg_lite_utils.o" --specs=nano.specs -mfpu=fpv5-sp-d16 -mfloat-abi=hard -mthumb -o "Drivers/lvgl/src/draw/vg_lite/lv_vg_lite_utils.o"
arm-none-eabi-gcc -mcpu=cortex-m33 -g3 -DDEBUG -c -I../Core/Inc -I../Drivers/STM32U5xx_HAL_Driver/Inc -I../Drivers/STM32U5xx_HAL_Driver/Inc/Legacy -I../Drivers/BSP/STM32U5xx_Nucleo -I../Drivers/CMSIS/Device/ST/STM32U5xx/Include -I../Drivers/CMSIS/Include -I../Middlewares/Third_Party/FreeRTOS/Source/include/ -I../Middlewares/Third_Party/FreeRTOS/Source/portable/GCC/ARM_CM33_NTZ/non_secure/ -I../Middlewares/Third_Party/FreeRTOS/Source/CMSIS_RTOS_V2/ -I../Middlewares/Third_Party/CMSIS/RTOS2/Include/ -I"/home/joakim-wennergren/Desktop/Smartwatch/Firmware/Bench/Drivers/lvgl" -x assembler-with-cpp -MMD -MP -MF"Drivers/lvgl/src/draw/sw/blend/neon/lv_blend_neon.d" -MT"Drivers/lvgl/src/draw/sw/blend/neon/lv_blend_neon.o" --specs=nano.specs -mfpu=fpv5-sp-d16 -mfloat-abi=hard -mthumb -o "Drivers/lvgl/src/draw/sw/blend/neon/lv_blend_neon.o" "../Drivers/lvgl/src/draw/sw/blend/neon/lv_blend_neon.S"
arm-none-eabi-gcc -mcpu=cortex-m33 -g3 -DDEBUG -c -I../Core/Inc -I../Drivers/STM32U5xx_HAL_Driver/Inc -I../Drivers/STM32U5xx_HAL_Driver/Inc/Legacy -I../Drivers/BSP/STM32U5xx_Nucleo -I../Drivers/CMSIS/Device/ST/STM32U5xx/Include -I../Drivers/CMSIS/Include -I../Middlewares/Third_Party/FreeRTOS/Source/include/ -I../Middlewares/Third_Party/FreeRTOS/Source/portable/GCC/ARM_CM33_NTZ/non_secure/ -I../Middlewares/Third_Party/FreeRTOS/Source/CMSIS_RTOS_V2/ -I../Middlewares/Third_Party/CMSIS/RTOS2/Include/ -I"/home/joakim-wennergren/Desktop/Smartwatch/Firmware/Bench/Drivers/lvgl" -x assembler-with-cpp -MMD -MP -MF"Drivers/lvgl/src/draw/sw/blend/helium/lv_blend_helium.d" -MT"Drivers/lvgl/src/draw/sw/blend/helium/lv_blend_helium.o" --specs=nano.specs -mfpu=fpv5-sp-d16 -mfloat-abi=hard -mthumb -o "Drivers/lvgl/src/draw/sw/blend/helium/lv_blend_helium.o" "../Drivers/lvgl/src/draw/sw/blend/helium/lv_blend_helium.S"
arm-none-eabi-gcc "../Drivers/lvgl/src/draw/sw/blend/lv_draw_sw_blend.c" -mcpu=cortex-m33 -std=gnu11 -g3 -DDEBUG -DUSE_HAL_DRIVER -DSTM32U575xx -c -I../Core/Inc -I../Drivers/STM32U5xx_HAL_Driver/Inc -I../Drivers/STM32U5xx_HAL_Driver/Inc/Legacy -I../Drivers/CMSIS/Device/ST/STM32U5xx/Include -I../Drivers/CMSIS/Include -I../Middlewares/Third_Party/FreeRTOS/Source/include/ -I../Middlewares/Third_Party/FreeRTOS/Source/portable/GCC/ARM_CM33_NTZ/non_secure/ -I../Middlewares/Third_Party/FreeRTOS/Source/CMSIS_RTOS_V2/ -I../Middlewares/Third_Party/CMSIS/RTOS2/Include/ -I"/home/joakim-wennergren/Desktop/Smartwatch/Firmware/Bench/Drivers/lvgl" -O0 -ffunction-sections -fdata-sections -Wall -fstack-usage -fstack-usage -fcyclomatic-complexity -MMD -MP -MF"Drivers/lvgl/src/draw/sw/blend/lv_draw_sw_blend.d" -MT"Drivers/lvgl/src/draw/sw/blend/lv_draw_sw_blend.o" --specs=nano.specs -mfpu=fpv5-sp-d16 -mfloat-abi=hard -mthumb -o "Drivers/lvgl/src/draw/sw/blend/lv_draw_sw_blend.o"
arm-none-eabi-gcc "../Drivers/lvgl/src/draw/sw/blend/lv_draw_sw_blend_to_al88.c" -mcpu=cortex-m33 -std=gnu11 -g3 -DDEBUG -DUSE_HAL_DRIVER -DSTM32U575xx -c -I../Core/Inc -I../Drivers/STM32U5xx_HAL_Driver/Inc -I../Drivers/STM32U5xx_HAL_Driver/Inc/Legacy -I../Drivers/CMSIS/Device/ST/STM32U5xx/Include -I../Drivers/CMSIS/Include -I../Middlewares/Third_Party/FreeRTOS/Source/include/ -I../Middlewares/Third_Party/FreeRTOS/Source/portable/GCC/ARM_CM33_NTZ/non_secure/ -I../Middlewares/Third_Party/FreeRTOS/Source/CMSIS_RTOS_V2/ -I../Middlewares/Third_Party/CMSIS/RTOS2/Include/ -I"/home/joakim-wennergren/Desktop/Smartwatch/Firmware/Bench/Drivers/lvgl" -O0 -ffunction-sections -fdata-sections -Wall -fstack-usage -fstack-usage -fcyclomatic-complexity -MMD -MP -MF"Drivers/lvgl/src/draw/sw/blend/lv_draw_sw_blend_to_al88.d" -MT"Drivers/lvgl/src/draw/sw/blend/lv_draw_sw_blend_to_al88.o" --specs=nano.specs -mfpu=fpv5-sp-d16 -mfloat-abi=hard -mthumb -o "Drivers/lvgl/src/draw/sw/blend/lv_draw_sw_blend_to_al88.o"
arm-none-eabi-gcc "../Drivers/lvgl/src/draw/sw/blend/lv_draw_sw_blend_to_argb8888.c" -mcpu=cortex-m33 -std=gnu11 -g3 -DDEBUG -DUSE_HAL_DRIVER -DSTM32U575xx -c -I../Core/Inc -I../Drivers/STM32U5xx_HAL_Driver/Inc -I../Drivers/STM32U5xx_HAL_Driver/Inc/Legacy -I../Drivers/CMSIS/Device/ST/STM32U5xx/Include -I../Drivers/CMSIS/Include -I../Middlewares/Third_Party/FreeRTOS/Source/include/ -I../Middlewares/Third_Party/FreeRTOS/Source/portable/GCC/ARM_CM33_NTZ/non_secure/ -I../Middlewares/Third_Party/FreeRTOS/Source/CMSIS_RTOS_V2/ -I../Middlewares/Third_Party/CMSIS/RTOS2/Include/ -I"/home/joakim-wennergren/Desktop/Smartwatch/Firmware/Bench/Drivers/lvgl" -O0 -ffunction-sections -fdata-sections -Wall -fstack-usage -fstack-usage -fcyclomatic-complexity -MMD -MP -MF"Drivers/lvgl/src/draw/sw/blend/lv_draw_sw_blend_to_argb8888.d" -MT"Drivers/lvgl/src/draw/sw/blend/lv_draw_sw_blend_to_argb8888.o" --specs=nano.specs -mfpu=fpv5-sp-d16 -mfloat-abi=hard -mthumb -o "Drivers/lvgl/src/draw/sw/blend/lv_draw_sw_blend_to_argb8888.o"
arm-none-eabi-gcc "../Drivers/lvgl/src/draw/sw/blend/lv_draw_sw_blend_to_argb8888_premultiplied.c" -mcpu=cortex-m33 -std=gnu11 -g3 -DDEBUG -DUSE_HAL_DRIVER -DSTM32U575xx -c -I../Core/Inc -I../Drivers/STM32U5xx_HAL_Driver/Inc -I../Drivers/STM32U5xx_HAL_Driver/Inc/Legacy -I../Drivers/CMSIS/Device/ST/STM32U5xx/Include -I../Drivers/CMSIS/Include -I../Middlewares/Third_Party/FreeRTOS/Source/include/ -I../Middlewares/Third_Party/FreeRTOS/Source/portable/GCC/ARM_CM33_NTZ/non_secure/ -I../Middlewares/Third_Party/FreeRTOS/Source/CMSIS_RTOS_V2/ -I../Middlewares/Third_Party/CMSIS/RTOS2/Include/ -I"/home/joakim-wennergren/Desktop/Smartwatch/Firmware/Bench/Drivers/lvgl" -O0 -ffunction-sections -fdata-sections -Wall -fstack-usage -fstack-usage -fcyclomatic-complexity -MMD -MP -MF"Drivers/lvgl/src/draw/sw/blend/lv_draw_sw_blend_to_argb8888_premultiplied.d" -MT"Drivers/lvgl/src/draw/sw/blend/lv_draw_sw_blend_to_argb8888_premultiplied.o" --specs=nano.specs -mfpu=fpv5-sp-d16 -mfloat-abi=hard -mthumb -o "Drivers/lvgl/src/draw/sw/blend/lv_draw_sw_blend_to_argb8888_premultiplied.o"
arm-none-eabi-gcc "../Drivers/lvgl/src/draw/sw/blend/lv_draw_sw_blend_to_i1.c" -mcpu=cortex-m33 -std=gnu11 -g3 -DDEBUG -DUSE_HAL_DRIVER -DSTM32U575xx -c -I../Core/Inc -I../Drivers/STM32U5xx_HAL_Driver/Inc -I../Drivers/STM32U5xx_HAL_Driver/Inc/Legacy -I../Drivers/CMSIS/Device/ST/STM32U5xx/Include -I../Drivers/CMSIS/Include -I../Middlewares/Third_Party/FreeRTOS/Source/include/ -I../Middlewares/Third_Party/FreeRTOS/Source/portable/GCC/ARM_CM33_NTZ/non_secure/ -I../Middlewares/Third_Party/FreeRTOS/Source/CMSIS_RTOS_V2/ -I../Middlewares/Third_Party/CMSIS/RTOS2/Include/ -I"/home/joakim-wennergren/Desktop/Smartwatch/Firmware/Bench/Drivers/lvgl" -O0 -ffunction-sections -fdata-sections -Wall -fstack-usage -fstack-usage -fcyclomatic-complexity -MMD -MP -MF"Drivers/lvgl/src/draw/sw/blend/lv_draw_sw_blend_to_i1.d" -MT"Drivers/lvgl/src/draw/sw/blend/lv_draw_sw_blend_to_i1.o" --specs=nano.specs -mfpu=fpv5-sp-d16 -mfloat-abi=hard -mthumb -o "Drivers/lvgl/src/draw/sw/blend/lv_draw_sw_blend_to_i1.o"
arm-none-eabi-gcc "../Drivers/lvgl/src/draw/sw/blend/lv_draw_sw_blend_to_l8.c" -mcpu=cortex-m33 -std=gnu11 -g3 -DDEBUG -DUSE_HAL_DRIVER -DSTM32U575xx -c -I../Core/Inc -I../Drivers/STM32U5xx_HAL_Driver/Inc -I../Drivers/STM32U5xx_HAL_Driver/Inc/Legacy -I../Drivers/CMSIS/Device/ST/STM32U5xx/Include -I../Drivers/CMSIS/Include -I../Middlewares/Third_Party/FreeRTOS/Source/include/ -I../Middlewares/Third_Party/FreeRTOS/Source/portable/GCC/ARM_CM33_NTZ/non_secure/ -I../Middlewares/Third_Party/FreeRTOS/Source/CMSIS_RTOS_V2/ -I../Middlewares/Third_Party/CMSIS/RTOS2/Include/ -I"/home/joakim-wennergren/Desktop/Smartwatch/Firmware/Bench/Drivers/lvgl" -O0 -ffunction-sections -fdata-sections -Wall -fstack-usage -fstack-usage -fcyclomatic-complexity -MMD -MP -MF"Drivers/lvgl/src/draw/sw/blend/lv_draw_sw_blend_to_l8.d" -MT"Drivers/lvgl/src/draw/sw/blend/lv_draw_sw_blend_to_l8.o" --specs=nano.specs -mfpu=fpv5-sp-d16 -mfloat-abi=hard -mthumb -o "Drivers/lvgl/src/draw/sw/blend/lv_draw_sw_blend_to_l8.o"
arm-none-eabi-gcc "../Drivers/lvgl/src/draw/sw/blend/lv_draw_sw_blend_to_rgb565.c" -mcpu=cortex-m33 -std=gnu11 -g3 -DDEBUG -DUSE_HAL_DRIVER -DSTM32U575xx -c -I../Core/Inc -I../Drivers/STM32U5xx_HAL_Driver/Inc -I../Drivers/STM32U5xx_HAL_Driver/Inc/Legacy -I../Drivers/CMSIS/Device/ST/STM32U5xx/Include -I../Drivers/CMSIS/Include -I../Middlewares/Third_Party/FreeRTOS/Source/include/ -I../Middlewares/Third_Party/FreeRTOS/Source/portable/GCC/ARM_CM33_NTZ/non_secure/ -I../Middlewares/Third_Party/FreeRTOS/Source/CMSIS_RTOS_V2/ -I../Middlewares/Third_Party/CMSIS/RTOS2/Include/ -I"/home/joakim-wennergren/Desktop/Smartwatch/Firmware/Bench/Drivers/lvgl" -O0 -ffunction-sections -fdata-sections -Wall -fstack-usage -fstack-usage -fcyclomatic-complexity -MMD -MP -MF"Drivers/lvgl/src/draw/sw/blend/lv_draw_sw_blend_to_rgb565.d" -MT"Drivers/lvgl/src/draw/sw/blend/lv_draw_sw_blend_to_rgb565.o" --specs=nano.specs -mfpu=fpv5-sp-d16 -mfloat-abi=hard -mthumb -o "Drivers/lvgl/src/draw/sw/blend/lv_draw_sw_blend_to_rgb565.o"
arm-none-eabi-gcc "../Drivers/lvgl/src/draw/sw/blend/lv_draw_sw_blend_to_rgb565_swapped.c" -mcpu=cortex-m33 -std=gnu11 -g3 -DDEBUG -DUSE_HAL_DRIVER -DSTM32U575xx -c -I../Core/Inc -I../Drivers/STM32U5xx_HAL_Driver/Inc -I../Drivers/STM32U5xx_HAL_Driver/Inc/Legacy -I../Drivers/CMSIS/Device/ST/STM32U5xx/Include -I../Drivers/CMSIS/Include -I../Middlewares/Third_Party/FreeRTOS/Source/include/ -I../Middlewares/Third_Party/FreeRTOS/Source/portable/GCC/ARM_CM33_NTZ/non_secure/ -I../Middlewares/Third_Party/FreeRTOS/Source/CMSIS_RTOS_V2/ -I../Middlewares/Third_Party/CMSIS/RTOS2/Include/ -I"/home/joakim-wennergren/Desktop/Smartwatch/Firmware/Bench/Drivers/lvgl" -O0 -ffunction-sections -fdata-sections -Wall -fstack-usage -fstack-usage -fcyclomatic-complexity -MMD -MP -MF"Drivers/lvgl/src/draw/sw/blend/lv_draw_sw_blend_to_rgb565_swapped.d" -MT"Drivers/lvgl/src/draw/sw/blend/lv_draw_sw_blend_to_rgb565_swapped.o" --specs=nano.specs -mfpu=fpv5-sp-d16 -mfloat-abi=hard -mthumb -o "Drivers/lvgl/src/draw/sw/blend/lv_draw_sw_blend_to_rgb565_swapped.o"
arm-none-eabi-gcc "../Drivers/lvgl/src/draw/sw/blend/lv_draw_sw_blend_to_rgb888.c" -mcpu=cortex-m33 -std=gnu11 -g3 -DDEBUG -DUSE_HAL_DRIVER -DSTM32U575xx -c -I../Core/Inc -I../Drivers/STM32U5xx_HAL_Driver/Inc -I../Drivers/STM32U5xx_HAL_Driver/Inc/Legacy -I../Drivers/CMSIS/Device/ST/STM32U5xx/Include -I../Drivers/CMSIS/Include -I../Middlewares/Third_Party/FreeRTOS/Source/include/ -I../Middlewares/Third_Party/FreeRTOS/Source/portable/GCC/ARM_CM33_NTZ/non_secure/ -I../Middlewares/Third_Party/FreeRTOS/Source/CMSIS_RTOS_V2/ -I../Middlewares/Third_Party/CMSIS/RTOS2/Include/ -I"/home/joakim-wennergren/Desktop/Smartwatch/Firmware/Bench/Drivers/lvgl" -O0 -ffunction-sections -fdata-sections -Wall -fstack-usage -fstack-usage -fcyclomatic-complexity -MMD -MP -MF"Drivers/lvgl/src/draw/sw/blend/lv_draw_sw_blend_to_rgb888.d" -MT"Drivers/lvgl/src/draw/sw/blend/lv_draw_sw_blend_to_rgb888.o" --specs=nano.specs -mfpu=fpv5-sp-d16 -mfloat-abi=hard -mthumb -o "Drivers/lvgl/src/draw/sw/blend/lv_draw_sw_blend_to_rgb888.o"
arm-none-eabi-gcc "../Drivers/lvgl/src/draw/sw/lv_draw_sw.c" -mcpu=cortex-m33 -std=gnu11 -g3 -DDEBUG -DUSE_HAL_DRIVER -DSTM32U575xx -c -I../Core/Inc -I../Drivers/STM32U5xx_HAL_Driver/Inc -I../Drivers/STM32U5xx_HAL_Driver/Inc/Legacy -I../Drivers/CMSIS/Device/ST/STM32U5xx/Include -I../Drivers/CMSIS/Include -I../Middlewares/Third_Party/FreeRTOS/Source/include/ -I../Middlewares/Third_Party/FreeRTOS/Source/portable/GCC/ARM_CM33_NTZ/non_secure/ -I../Middlewares/Third_Party/FreeRTOS/Source/CMSIS_RTOS_V2/ -I../Middlewares/Third_Party/CMSIS/RTOS2/Include/ -I"/home/joakim-wennergren/Desktop/Smartwatch/Firmware/Bench/Drivers/lvgl" -O0 -ffunction-sections -fdata-sections -Wall -fstack-usage -fstack-usage -fcyclomatic-complexity -MMD -MP -MF"Drivers/lvgl/src/draw/sw/lv_draw_sw.d" -MT"Drivers/lvgl/src/draw/sw/lv_draw_sw.o" --specs=nano.specs -mfpu=fpv5-sp-d16 -mfloat-abi=hard -mthumb -o "Drivers/lvgl/src/draw/sw/lv_draw_sw.o"
arm-none-eabi-gcc "../Drivers/lvgl/src/draw/sw/lv_draw_sw_arc.c" -mcpu=cortex-m33 -std=gnu11 -g3 -DDEBUG -DUSE_HAL_DRIVER -DSTM32U575xx -c -I../Core/Inc -I../Drivers/STM32U5xx_HAL_Driver/Inc -I../Drivers/STM32U5xx_HAL_Driver/Inc/Legacy -I../Drivers/CMSIS/Device/ST/STM32U5xx/Include -I../Drivers/CMSIS/Include -I../Middlewares/Third_Party/FreeRTOS/Source/include/ -I../Middlewares/Third_Party/FreeRTOS/Source/portable/GCC/ARM_CM33_NTZ/non_secure/ -I../Middlewares/Third_Party/FreeRTOS/Source/CMSIS_RTOS_V2/ -I../Middlewares/Third_Party/CMSIS/RTOS2/Include/ -I"/home/joakim-wennergren/Desktop/Smartwatch/Firmware/Bench/Drivers/lvgl" -O0 -ffunction-sections -fdata-sections -Wall -fstack-usage -fstack-usage -fcyclomatic-complexity -MMD -MP -MF"Drivers/lvgl/src/draw/sw/lv_draw_sw_arc.d" -MT"Drivers/lvgl/src/draw/sw/lv_draw_sw_arc.o" --specs=nano.specs -mfpu=fpv5-sp-d16 -mfloat-abi=hard -mthumb -o "Drivers/lvgl/src/draw/sw/lv_draw_sw_arc.o"
arm-none-eabi-gcc "../Drivers/lvgl/src/draw/sw/lv_draw_sw_border.c" -mcpu=cortex-m33 -std=gnu11 -g3 -DDEBUG -DUSE_HAL_DRIVER -DSTM32U575xx -c -I../Core/Inc -I../Drivers/STM32U5xx_HAL_Driver/Inc -I../Drivers/STM32U5xx_HAL_Driver/Inc/Legacy -I../Drivers/CMSIS/Device/ST/STM32U5xx/Include -I../Drivers/CMSIS/Include -I../Middlewares/Third_Party/FreeRTOS/Source/include/ -I../Middlewares/Third_Party/FreeRTOS/Source/portable/GCC/ARM_CM33_NTZ/non_secure/ -I../Middlewares/Third_Party/FreeRTOS/Source/CMSIS_RTOS_V2/ -I../Middlewares/Third_Party/CMSIS/RTOS2/Include/ -I"/home/joakim-wennergren/Desktop/Smartwatch/Firmware/Bench/Drivers/lvgl" -O0 -ffunction-sections -fdata-sections -Wall -fstack-usage -fstack-usage -fcyclomatic-complexity -MMD -MP -MF"Drivers/lvgl/src/draw/sw/lv_draw_sw_border.d" -MT"Drivers/lvgl/src/draw/sw/lv_draw_sw_border.o" --specs=nano.specs -mfpu=fpv5-sp-d16 -mfloat-abi=hard -mthumb -o "Drivers/lvgl/src/draw/sw/lv_draw_sw_border.o"
arm-none-eabi-gcc "../Drivers/lvgl/src/draw/sw/lv_draw_sw_box_shadow.c" -mcpu=cortex-m33 -std=gnu11 -g3 -DDEBUG -DUSE_HAL_DRIVER -DSTM32U575xx -c -I../Core/Inc -I../Drivers/STM32U5xx_HAL_Driver/Inc -I../Drivers/STM32U5xx_HAL_Driver/Inc/Legacy -I../Drivers/CMSIS/Device/ST/STM32U5xx/Include -I../Drivers/CMSIS/Include -I../Middlewares/Third_Party/FreeRTOS/Source/include/ -I../Middlewares/Third_Party/FreeRTOS/Source/portable/GCC/ARM_CM33_NTZ/non_secure/ -I../Middlewares/Third_Party/FreeRTOS/Source/CMSIS_RTOS_V2/ -I../Middlewares/Third_Party/CMSIS/RTOS2/Include/ -I"/home/joakim-wennergren/Desktop/Smartwatch/Firmware/Bench/Drivers/lvgl" -O0 -ffunction-sections -fdata-sections -Wall -fstack-usage -fstack-usage -fcyclomatic-complexity -MMD -MP -MF"Drivers/lvgl/src/draw/sw/lv_draw_sw_box_shadow.d" -MT"Drivers/lvgl/src/draw/sw/lv_draw_sw_box_shadow.o" --specs=nano.specs -mfpu=fpv5-sp-d16 -mfloat-abi=hard -mthumb -o "Drivers/lvgl/src/draw/sw/lv_draw_sw_box_shadow.o"
arm-none-eabi-gcc "../Drivers/lvgl/src/draw/sw/lv_draw_sw_fill.c" -mcpu=cortex-m33 -std=gnu11 -g3 -DDEBUG -DUSE_HAL_DRIVER -DSTM32U575xx -c -I../Core/Inc -I../Drivers/STM32U5xx_HAL_Driver/Inc -I../Drivers/STM32U5xx_HAL_Driver/Inc/Legacy -I../Drivers/CMSIS/Device/ST/STM32U5xx/Include -I../Drivers/CMSIS/Include -I../Middlewares/Third_Party/FreeRTOS/Source/include/ -I../Middlewares/Third_Party/FreeRTOS/Source/portable/GCC/ARM_CM33_NTZ/non_secure/ -I../Middlewares/Third_Party/FreeRTOS/Source/CMSIS_RTOS_V2/ -I../Middlewares/Third_Party/CMSIS/RTOS2/Include/ -I"/home/joakim-wennergren/Desktop/Smartwatch/Firmware/Bench/Drivers/lvgl" -O0 -ffunction-sections -fdata-sections -Wall -fstack-usage -fstack-usage -fcyclomatic-complexity -MMD -MP -MF"Drivers/lvgl/src/draw/sw/lv_draw_sw_fill.d" -MT"Drivers/lvgl/src/draw/sw/lv_draw_sw_fill.o" --specs=nano.specs -mfpu=fpv5-sp-d16 -mfloat-abi=hard -mthumb -o "Drivers/lvgl/src/draw/sw/lv_draw_sw_fill.o"
arm-none-eabi-gcc "../Drivers/lvgl/src/draw/sw/lv_draw_sw_grad.c" -mcpu=cortex-m33 -std=gnu11 -g3 -DDEBUG -DUSE_HAL_DRIVER -DSTM32U575xx -c -I../Core/Inc -I../Drivers/STM32U5xx_HAL_Driver/Inc -I../Drivers/STM32U5xx_HAL_Driver/Inc/Legacy -I../Drivers/CMSIS/Device/ST/STM32U5xx/Include -I../Drivers/CMSIS/Include -I../Middlewares/Third_Party/FreeRTOS/Source/include/ -I../Middlewares/Third_Party/FreeRTOS/Source/portable/GCC/ARM_CM33_NTZ/non_secure/ -I../Middlewares/Third_Party/FreeRTOS/Source/CMSIS_RTOS_V2/ -I../Middlewares/Third_Party/CMSIS/RTOS2/Include/ -I"/home/joakim-wennergren/Desktop/Smartwatch/Firmware/Bench/Drivers/lvgl" -O0 -ffunction-sections -fdata-sections -Wall -fstack-usage -fstack-usage -fcyclomatic-complexity -MMD -MP -MF"Drivers/lvgl/src/draw/sw/lv_draw_sw_grad.d" -MT"Drivers/lvgl/src/draw/sw/lv_draw_sw_grad.o" --specs=nano.specs -mfpu=fpv5-sp-d16 -mfloat-abi=hard -mthumb -o "Drivers/lvgl/src/draw/sw/lv_draw_sw_grad.o"
arm-none-eabi-gcc "../Drivers/lvgl/src/draw/sw/lv_draw_sw_img.c" -mcpu=cortex-m33 -std=gnu11 -g3 -DDEBUG -DUSE_HAL_DRIVER -DSTM32U575xx -c -I../Core/Inc -I../Drivers/STM32U5xx_HAL_Driver/Inc -I../Drivers/STM32U5xx_HAL_Driver/Inc/Legacy -I../Drivers/CMSIS/Device/ST/STM32U5xx/Include -I../Drivers/CMSIS/Include -I../Middlewares/Third_Party/FreeRTOS/Source/include/ -I../Middlewares/Third_Party/FreeRTOS/Source/portable/GCC/ARM_CM33_NTZ/non_secure/ -I../Middlewares/Third_Party/FreeRTOS/Source/CMSIS_RTOS_V2/ -I../Middlewares/Third_Party/CMSIS/RTOS2/Include/ -I"/home/joakim-wennergren/Desktop/Smartwatch/Firmware/Bench/Drivers/lvgl" -O0 -ffunction-sections -fdata-sections -Wall -fstack-usage -fstack-usage -fcyclomatic-complexity -MMD -MP -MF"Drivers/lvgl/src/draw/sw/lv_draw_sw_img.d" -MT"Drivers/lvgl/src/draw/sw/lv_draw_sw_img.o" --specs=nano.specs -mfpu=fpv5-sp-d16 -mfloat-abi=hard -mthumb -o "Drivers/lvgl/src/draw/sw/lv_draw_sw_img.o"
arm-none-eabi-gcc "../Drivers/lvgl/src/draw/sw/lv_draw_sw_letter.c" -mcpu=cortex-m33 -std=gnu11 -g3 -DDEBUG -DUSE_HAL_DRIVER -DSTM32U575xx -c -I../Core/Inc -I../Drivers/STM32U5xx_HAL_Driver/Inc -I../Drivers/STM32U5xx_HAL_Driver/Inc/Legacy -I../Drivers/CMSIS/Device/ST/STM32U5xx/Include -I../Drivers/CMSIS/Include -I../Middlewares/Third_Party/FreeRTOS/Source/include/ -I../Middlewares/Third_Party/FreeRTOS/Source/portable/GCC/ARM_CM33_NTZ/non_secure/ -I../Middlewares/Third_Party/FreeRTOS/Source/CMSIS_RTOS_V2/ -I../Middlewares/Third_Party/CMSIS/RTOS2/Include/ -I"/home/joakim-wennergren/Desktop/Smartwatch/Firmware/Bench/Drivers/lvgl" -O0 -ffunction-sections -fdata-sections -Wall -fstack-usage -fstack-usage -fcyclomatic-complexity -MMD -MP -MF"Drivers/lvgl/src/draw/sw/lv_draw_sw_letter.d" -MT"Drivers/lvgl/src/draw/sw/lv_draw_sw_letter.o" --specs=nano.specs -mfpu=fpv5-sp-d16 -mfloat-abi=hard -mthumb -o "Drivers/lvgl/src/draw/sw/lv_draw_sw_letter.o"
arm-none-eabi-gcc "../Drivers/lvgl/src/draw/sw/lv_draw_sw_line.c" -mcpu=cortex-m33 -std=gnu11 -g3 -DDEBUG -DUSE_HAL_DRIVER -DSTM32U575xx -c -I../Core/Inc -I../Drivers/STM32U5xx_HAL_Driver/Inc -I../Drivers/STM32U5xx_HAL_Driver/Inc/Legacy -I../Drivers/CMSIS/Device/ST/STM32U5xx/Include -I../Drivers/CMSIS/Include -I../Middlewares/Third_Party/FreeRTOS/Source/include/ -I../Middlewares/Third_Party/FreeRTOS/Source/portable/GCC/ARM_CM33_NTZ/non_secure/ -I../Middlewares/Third_Party/FreeRTOS/Source/CMSIS_RTOS_V2/ -I../Middlewares/Third_Party/CMSIS/RTOS2/Include/ -I"/home/joakim-wennergren/Desktop/Smartwatch/Firmware/Bench/Drivers/lvgl" -O0 -ffunction-sections -fdata-sections -Wall -fstack-usage -fstack-usage -fcyclomatic-complexity -MMD -MP -MF"Drivers/lvgl/src/draw/sw/lv_draw_sw_line.d" -MT"Drivers/lvgl/src/draw/sw/lv_draw_sw_line.o" --specs=nano.specs -mfpu=fpv5-sp-d16 -mfloat-abi=hard -mthumb -o "Drivers/lvgl/src/draw/sw/lv_draw_sw_line.o"
arm-none-eabi-gcc "../Drivers/lvgl/src/draw/sw/lv_draw_sw_mask.c" -mcpu=cortex-m33 -std=gnu11 -g3 -DDEBUG -DUSE_HAL_DRIVER -DSTM32U575xx -c -I../Core/Inc -I../Drivers/STM32U5xx_HAL_Driver/Inc -I../Drivers/STM32U5xx_HAL_Driver/Inc/Legacy -I../Drivers/CMSIS/Device/ST/STM32U5xx/Include -I../Drivers/CMSIS/Include -I../Middlewares/Third_Party/FreeRTOS/Source/include/ -I../Middlewares/Third_Party/FreeRTOS/Source/portable/GCC/ARM_CM33_NTZ/non_secure/ -I../Middlewares/Third_Party/FreeRTOS/Source/CMSIS_RTOS_V2/ -I../Middlewares/Third_Party/CMSIS/RTOS2/Include/ -I"/home/joakim-wennergren/Desktop/Smartwatch/Firmware/Bench/Drivers/lvgl" -O0 -ffunction-sections -fdata-sections -Wall -fstack-usage -fstack-usage -fcyclomatic-complexity -MMD -MP -MF"Drivers/lvgl/src/draw/sw/lv_draw_sw_mask.d" -MT"Drivers/lvgl/src/draw/sw/lv_draw_sw_mask.o" --specs=nano.specs -mfpu=fpv5-sp-d16 -mfloat-abi=hard -mthumb -o "Drivers/lvgl/src/draw/sw/lv_draw_sw_mask.o"
arm-none-eabi-gcc "../Drivers/lvgl/src/draw/sw/lv_draw_sw_mask_rect.c" -mcpu=cortex-m33 -std=gnu11 -g3 -DDEBUG -DUSE_HAL_DRIVER -DSTM32U575xx -c -I../Core/Inc -I../Drivers/STM32U5xx_HAL_Driver/Inc -I../Drivers/STM32U5xx_HAL_Driver/Inc/Legacy -I../Drivers/CMSIS/Device/ST/STM32U5xx/Include -I../Drivers/CMSIS/Include -I../Middlewares/Third_Party/FreeRTOS/Source/include/ -I../Middlewares/Third_Party/FreeRTOS/Source/portable/GCC/ARM_CM33_NTZ/non_secure/ -I../Middlewares/Third_Party/FreeRTOS/Source/CMSIS_RTOS_V2/ -I../Middlewares/Third_Party/CMSIS/RTOS2/Include/ -I"/home/joakim-wennergren/Desktop/Smartwatch/Firmware/Bench/Drivers/lvgl" -O0 -ffunction-sections -fdata-sections -Wall -fstack-usage -fstack-usage -fcyclomatic-complexity -MMD -MP -MF"Drivers/lvgl/src/draw/sw/lv_draw_sw_mask_rect.d" -MT"Drivers/lvgl/src/draw/sw/lv_draw_sw_mask_rect.o" --specs=nano.specs -mfpu=fpv5-sp-d16 -mfloat-abi=hard -mthumb -o "Drivers/lvgl/src/draw/sw/lv_draw_sw_mask_rect.o"
arm-none-eabi-gcc "../Drivers/lvgl/src/draw/sw/lv_draw_sw_transform.c" -mcpu=cortex-m33 -std=gnu11 -g3 -DDEBUG -DUSE_HAL_DRIVER -DSTM32U575xx -c -I../Core/Inc -I../Drivers/STM32U5xx_HAL_Driver/Inc -I../Drivers/STM32U5xx_HAL_Driver/Inc/Legacy -I../Drivers/CMSIS/Device/ST/STM32U5xx/Include -I../Drivers/CMSIS/Include -I../Middlewares/Third_Party/FreeRTOS/Source/include/ -I../Middlewares/Third_Party/FreeRTOS/Source/portable/GCC/ARM_CM33_NTZ/non_secure/ -I../Middlewares/Third_Party/FreeRTOS/Source/CMSIS_RTOS_V2/ -I../Middlewares/Third_Party/CMSIS/RTOS2/Include/ -I"/home/joakim-wennergren/Desktop/Smartwatch/Firmware/Bench/Drivers/lvgl" -O0 -ffunction-sections -fdata-sections -Wall -fstack-usage -fstack-usage -fcyclomatic-complexity -MMD -MP -MF"Drivers/lvgl/src/draw/sw/lv_draw_sw_transform.d" -MT"Drivers/lvgl/src/draw/sw/lv_draw_sw_transform.o" --specs=nano.specs -mfpu=fpv5-sp-d16 -mfloat-abi=hard -mthumb -o "Drivers/lvgl/src/draw/sw/lv_draw_sw_transform.o"
arm-none-eabi-gcc "../Drivers/lvgl/src/draw/sw/lv_draw_sw_triangle.c" -mcpu=cortex-m33 -std=gnu11 -g3 -DDEBUG -DUSE_HAL_DRIVER -DSTM32U575xx -c -I../Core/Inc -I../Drivers/STM32U5xx_HAL_Driver/Inc -I../Drivers/STM32U5xx_HAL_Driver/Inc/Legacy -I../Drivers/CMSIS/Device/ST/STM32U5xx/Include -I../Drivers/CMSIS/Include -I../Middlewares/Third_Party/FreeRTOS/Source/include/ -I../Middlewares/Third_Party/FreeRTOS/Source/portable/GCC/ARM_CM33_NTZ/non_secure/ -I../Middlewares/Third_Party/FreeRTOS/Source/CMSIS_RTOS_V2/ -I../Middlewares/Third_Party/CMSIS/RTOS2/Include/ -I"/home/joakim-wennergren/Desktop/Smartwatch/Firmware/Bench/Drivers/lvgl" -O0 -ffunction-sections -fdata-sections -Wall -fstack-usage -fstack-usage -fcyclomatic-complexity -MMD -MP -MF"Drivers/lvgl/src/draw/sw/lv_draw_sw_triangle.d" -MT"Drivers/lvgl/src/draw/sw/lv_draw_sw_triangle.o" --specs=nano.specs -mfpu=fpv5-sp-d16 -mfloat-abi=hard -mthumb -o "Drivers/lvgl/src/draw/sw/lv_draw_sw_triangle.o"
arm-none-eabi-gcc "../Drivers/lvgl/src/draw/sw/lv_draw_sw_utils.c" -mcpu=cortex-m33 -std=gnu11 -g3 -DDEBUG -DUSE_HAL_DRIVER -DSTM32U575xx -c -I../Core/Inc -I../Drivers/STM32U5xx_HAL_Driver/Inc -I../Drivers/STM32U5xx_HAL_Driver/Inc/Legacy -I../Drivers/CMSIS/Device/ST/STM32U5xx/Include -I../Drivers/CMSIS/Include -I../Middlewares/Third_Party/FreeRTOS/Source/include/ -I../Middlewares/Third_Party/FreeRTOS/Source/portable/GCC/ARM_CM33_NTZ/non_secure/ -I../Middlewares/Third_Party/FreeRTOS/Source/CMSIS_RTOS_V2/ -I../Middlewares/Third_Party/CMSIS/RTOS2/Include/ -I"/home/joakim-wennergren/Desktop/Smartwatch/Firmware/Bench/Drivers/lvgl" -O0 -ffunction-sections -fdata-sections -Wall -fstack-usage -fstack-usage -fcyclomatic-complexity -MMD -MP -MF"Drivers/lvgl/src/draw/sw/lv_draw_sw_utils.d" -MT"Drivers/lvgl/src/draw/sw/lv_draw_sw_utils.o" --specs=nano.specs -mfpu=fpv5-sp-d16 -mfloat-abi=hard -mthumb -o "Drivers/lvgl/src/draw/sw/lv_draw_sw_utils.o"
arm-none-eabi-gcc "../Drivers/lvgl/src/draw/sw/lv_draw_sw_vector.c" -mcpu=cortex-m33 -std=gnu11 -g3 -DDEBUG -DUSE_HAL_DRIVER -DSTM32U575xx -c -I../Core/Inc -I../Drivers/STM32U5xx_HAL_Driver/Inc -I../Drivers/STM32U5xx_HAL_Driver/Inc/Legacy -I../Drivers/CMSIS/Device/ST/STM32U5xx/Include -I../Drivers/CMSIS/Include -I../Middlewares/Third_Party/FreeRTOS/Source/include/ -I../Middlewares/Third_Party/FreeRTOS/Source/portable/GCC/ARM_CM33_NTZ/non_secure/ -I../Middlewares/Third_Party/FreeRTOS/Source/CMSIS_RTOS_V2/ -I../Middlewares/Third_Party/CMSIS/RTOS2/Include/ -I"/home/joakim-wennergren/Desktop/Smartwatch/Firmware/Bench/Drivers/lvgl" -O0 -ffunction-sections -fdata-sections -Wall -fstack-usage -fstack-usage -fcyclomatic-complexity -MMD -MP -MF"Drivers/lvgl/src/draw/sw/lv_draw_sw_vector.d" -MT"Drivers/lvgl/src/draw/sw/lv_draw_sw_vector.o" --specs=nano.specs -mfpu=fpv5-sp-d16 -mfloat-abi=hard -mthumb -o "Drivers/lvgl/src/draw/sw/lv_draw_sw_vector.o"
arm-none-eabi-gcc "../Drivers/lvgl/src/draw/sdl/lv_draw_sdl.c" -mcpu=cortex-m33 -std=gnu11 -g3 -DDEBUG -DUSE_HAL_DRIVER -DSTM32U575xx -c -I../Core/Inc -I../Drivers/STM32U5xx_HAL_Driver/Inc -I../Drivers/STM32U5xx_HAL_Driver/Inc/Legacy -I../Drivers/CMSIS/Device/ST/STM32U5xx/Include -I../Drivers/CMSIS/Include -I../Middlewares/Third_Party/FreeRTOS/Source/include/ -I../Middlewares/Third_Party/FreeRTOS/Source/portable/GCC/ARM_CM33_NTZ/non_secure/ -I../Middlewares/Third_Party/FreeRTOS/Source/CMSIS_RTOS_V2/ -I../Middlewares/Third_Party/CMSIS/RTOS2/Include/ -I"/home/joakim-wennergren/Desktop/Smartwatch/Firmware/Bench/Drivers/lvgl" -O0 -ffunction-sections -fdata-sections -Wall -fstack-usage -fstack-usage -fcyclomatic-complexity -MMD -MP -MF"Drivers/lvgl/src/draw/sdl/lv_draw_sdl.d" -MT"Drivers/lvgl/src/draw/sdl/lv_draw_sdl.o" --specs=nano.specs -mfpu=fpv5-sp-d16 -mfloat-abi=hard -mthumb -o "Drivers/lvgl/src/draw/sdl/lv_draw_sdl.o"
arm-none-eabi-gcc "../Drivers/lvgl/src/draw/renesas/dave2d/lv_draw_dave2d.c" -mcpu=cortex-m33 -std=gnu11 -g3 -DDEBUG -DUSE_HAL_DRIVER -DSTM32U575xx -c -I../Core/Inc -I../Drivers/STM32U5xx_HAL_Driver/Inc -I../Drivers/STM32U5xx_HAL_Driver/Inc/Legacy -I../Drivers/CMSIS/Device/ST/STM32U5xx/Include -I../Drivers/CMSIS/Include -I../Middlewares/Third_Party/FreeRTOS/Source/include/ -I../Middlewares/Third_Party/FreeRTOS/Source/portable/GCC/ARM_CM33_NTZ/non_secure/ -I../Middlewares/Third_Party/FreeRTOS/Source/CMSIS_RTOS_V2/ -I../Middlewares/Third_Party/CMSIS/RTOS2/Include/ -I"/home/joakim-wennergren/Desktop/Smartwatch/Firmware/Bench/Drivers/lvgl" -O0 -ffunction-sections -fdata-sections -Wall -fstack-usage -fstack-usage -fcyclomatic-complexity -MMD -MP -MF"Drivers/lvgl/src/draw/renesas/dave2d/lv_draw_dave2d.d" -MT"Drivers/lvgl/src/draw/renesas/dave2d/lv_draw_dave2d.o" --specs=nano.specs -mfpu=fpv5-sp-d16 -mfloat-abi=hard -mthumb -o "Drivers/lvgl/src/draw/renesas/dave2d/lv_draw_dave2d.o"
arm-none-eabi-gcc "../Drivers/lvgl/src/draw/renesas/dave2d/lv_draw_dave2d_arc.c" -mcpu=cortex-m33 -std=gnu11 -g3 -DDEBUG -DUSE_HAL_DRIVER -DSTM32U575xx -c -I../Core/Inc -I../Drivers/STM32U5xx_HAL_Driver/Inc -I../Drivers/STM32U5xx_HAL_Driver/Inc/Legacy -I../Drivers/CMSIS/Device/ST/STM32U5xx/Include -I../Drivers/CMSIS/Include -I../Middlewares/Third_Party/FreeRTOS/Source/include/ -I../Middlewares/Third_Party/FreeRTOS/Source/portable/GCC/ARM_CM33_NTZ/non_secure/ -I../Middlewares/Third_Party/FreeRTOS/Source/CMSIS_RTOS_V2/ -I../Middlewares/Third_Party/CMSIS/RTOS2/Include/ -I"/home/joakim-wennergren/Desktop/Smartwatch/Firmware/Bench/Drivers/lvgl" -O0 -ffunction-sections -fdata-sections -Wall -fstack-usage -fstack-usage -fcyclomatic-complexity -MMD -MP -MF"Drivers/lvgl/src/draw/renesas/dave2d/lv_draw_dave2d_arc.d" -MT"Drivers/lvgl/src/draw/renesas/dave2d/lv_draw_dave2d_arc.o" --specs=nano.specs -mfpu=fpv5-sp-d16 -mfloat-abi=hard -mthumb -o "Drivers/lvgl/src/draw/renesas/dave2d/lv_draw_dave2d_arc.o"
arm-none-eabi-gcc "../Drivers/lvgl/src/draw/renesas/dave2d/lv_draw_dave2d_border.c" -mcpu=cortex-m33 -std=gnu11 -g3 -DDEBUG -DUSE_HAL_DRIVER -DSTM32U575xx -c -I../Core/Inc -I../Drivers/STM32U5xx_HAL_Driver/Inc -I../Drivers/STM32U5xx_HAL_Driver/Inc/Legacy -I../Drivers/CMSIS/Device/ST/STM32U5xx/Include -I../Drivers/CMSIS/Include -I../Middlewares/Third_Party/FreeRTOS/Source/include/ -I../Middlewares/Third_Party/FreeRTOS/Source/portable/GCC/ARM_CM33_NTZ/non_secure/ -I../Middlewares/Third_Party/FreeRTOS/Source/CMSIS_RTOS_V2/ -I../Middlewares/Third_Party/CMSIS/RTOS2/Include/ -I"/home/joakim-wennergren/Desktop/Smartwatch/Firmware/Bench/Drivers/lvgl" -O0 -ffunction-sections -fdata-sections -Wall -fstack-usage -fstack-usage -fcyclomatic-complexity -MMD -MP -MF"Drivers/lvgl/src/draw/renesas/dave2d/lv_draw_dave2d_border.d" -MT"Drivers/lvgl/src/draw/renesas/dave2d/lv_draw_dave2d_border.o" --specs=nano.specs -mfpu=fpv5-sp-d16 -mfloat-abi=hard -mthumb -o "Drivers/lvgl/src/draw/renesas/dave2d/lv_draw_dave2d_border.o"
arm-none-eabi-gcc "../Drivers/lvgl/src/draw/renesas/dave2d/lv_draw_dave2d_fill.c" -mcpu=cortex-m33 -std=gnu11 -g3 -DDEBUG -DUSE_HAL_DRIVER -DSTM32U575xx -c -I../Core/Inc -I../Drivers/STM32U5xx_HAL_Driver/Inc -I../Drivers/STM32U5xx_HAL_Driver/Inc/Legacy -I../Drivers/CMSIS/Device/ST/STM32U5xx/Include -I../Drivers/CMSIS/Include -I../Middlewares/Third_Party/FreeRTOS/Source/include/ -I../Middlewares/Third_Party/FreeRTOS/Source/portable/GCC/ARM_CM33_NTZ/non_secure/ -I../Middlewares/Third_Party/FreeRTOS/Source/CMSIS_RTOS_V2/ -I../Middlewares/Third_Party/CMSIS/RTOS2/Include/ -I"/home/joakim-wennergren/Desktop/Smartwatch/Firmware/Bench/Drivers/lvgl" -O0 -ffunction-sections -fdata-sections -Wall -fstack-usage -fstack-usage -fcyclomatic-complexity -MMD -MP -MF"Drivers/lvgl/src/draw/renesas/dave2d/lv_draw_dave2d_fill.d" -MT"Drivers/lvgl/src/draw/renesas/dave2d/lv_draw_dave2d_fill.o" --specs=nano.specs -mfpu=fpv5-sp-d16 -mfloat-abi=hard -mthumb -o "Drivers/lvgl/src/draw/renesas/dave2d/lv_draw_dave2d_fill.o"
arm-none-eabi-gcc "../Drivers/lvgl/src/draw/renesas/dave2d/lv_draw_dave2d_image.c" -mcpu=cortex-m33 -std=gnu11 -g3 -DDEBUG -DUSE_HAL_DRIVER -DSTM32U575xx -c -I../Core/Inc -I../Drivers/STM32U5xx_HAL_Driver/Inc -I../Drivers/STM32U5xx_HAL_Driver/Inc/Legacy -I../Drivers/CMSIS/Device/ST/STM32U5xx/Include -I../Drivers/CMSIS/Include -I../Middlewares/Third_Party/FreeRTOS/Source/include/ -I../Middlewares/Third_Party/FreeRTOS/Source/portable/GCC/ARM_CM33_NTZ/non_secure/ -I../Middlewares/Third_Party/FreeRTOS/Source/CMSIS_RTOS_V2/ -I../Middlewares/Third_Party/CMSIS/RTOS2/Include/ -I"/home/joakim-wennergren/Desktop/Smartwatch/Firmware/Bench/Drivers/lvgl" -O0 -ffunction-sections -fdata-sections -Wall -fstack-usage -fstack-usage -fcyclomatic-complexity -MMD -MP -MF"Drivers/lvgl/src/draw/renesas/dave2d/lv_draw_dave2d_image.d" -MT"Drivers/lvgl/src/draw/renesas/dave2d/lv_draw_dave2d_image.o" --specs=nano.specs -mfpu=fpv5-sp-d16 -mfloat-abi=hard -mthumb -o "Drivers/lvgl/src/draw/renesas/dave2d/lv_draw_dave2d_image.o"
arm-none-eabi-gcc "../Drivers/lvgl/src/draw/renesas/dave2d/lv_draw_dave2d_label.c" -mcpu=cortex-m33 -std=gnu11 -g3 -DDEBUG -DUSE_HAL_DRIVER -DSTM32U575xx -c -I../Core/Inc -I../Drivers/STM32U5xx_HAL_Driver/Inc -I../Drivers/STM32U5xx_HAL_Driver/Inc/Legacy -I../Drivers/CMSIS/Device/ST/STM32U5xx/Include -I../Drivers/CMSIS/Include -I../Middlewares/Third_Party/FreeRTOS/Source/include/ -I../Middlewares/Third_Party/FreeRTOS/Source/portable/GCC/ARM_CM33_NTZ/non_secure/ -I../Middlewares/Third_Party/FreeRTOS/Source/CMSIS_RTOS_V2/ -I../Middlewares/Third_Party/CMSIS/RTOS2/Include/ -I"/home/joakim-wennergren/Desktop/Smartwatch/Firmware/Bench/Drivers/lvgl" -O0 -ffunction-sections -fdata-sections -Wall -fstack-usage -fstack-usage -fcyclomatic-complexity -MMD -MP -MF"Drivers/lvgl/src/draw/renesas/dave2d/lv_draw_dave2d_label.d" -MT"Drivers/lvgl/src/draw/renesas/dave2d/lv_draw_dave2d_label.o" --specs=nano.specs -mfpu=fpv5-sp-d16 -mfloat-abi=hard -mthumb -o "Drivers/lvgl/src/draw/renesas/dave2d/lv_draw_dave2d_label.o"
arm-none-eabi-gcc "../Drivers/lvgl/src/draw/renesas/dave2d/lv_draw_dave2d_line.c" -mcpu=cortex-m33 -std=gnu11 -g3 -DDEBUG -DUSE_HAL_DRIVER -DSTM32U575xx -c -I../Core/Inc -I../Drivers/STM32U5xx_HAL_Driver/Inc -I../Drivers/STM32U5xx_HAL_Driver/Inc/Legacy -I../Drivers/CMSIS/Device/ST/STM32U5xx/Include -I../Drivers/CMSIS/Include -I../Middlewares/Third_Party/FreeRTOS/Source/include/ -I../Middlewares/Third_Party/FreeRTOS/Source/portable/GCC/ARM_CM33_NTZ/non_secure/ -I../Middlewares/Third_Party/FreeRTOS/Source/CMSIS_RTOS_V2/ -I../Middlewares/Third_Party/CMSIS/RTOS2/Include/ -I"/home/joakim-wennergren/Desktop/Smartwatch/Firmware/Bench/Drivers/lvgl" -O0 -ffunction-sections -fdata-sections -Wall -fstack-usage -fstack-usage -fcyclomatic-complexity -MMD -MP -MF"Drivers/lvgl/src/draw/renesas/dave2d/lv_draw_dave2d_line.d" -MT"Drivers/lvgl/src/draw/renesas/dave2d/lv_draw_dave2d_line.o" --specs=nano.specs -mfpu=fpv5-sp-d16 -mfloat-abi=hard -mthumb -o "Drivers/lvgl/src/draw/renesas/dave2d/lv_draw_dave2d_line.o"
arm-none-eabi-gcc "../Drivers/lvgl/src/draw/renesas/dave2d/lv_draw_dave2d_mask_rectangle.c" -mcpu=cortex-m33 -std=gnu11 -g3 -DDEBUG -DUSE_HAL_DRIVER -DSTM32U575xx -c -I../Core/Inc -I../Drivers/STM32U5xx_HAL_Driver/Inc -I../Drivers/STM32U5xx_HAL_Driver/Inc/Legacy -I../Drivers/CMSIS/Device/ST/STM32U5xx/Include -I../Drivers/CMSIS/Include -I../Middlewares/Third_Party/FreeRTOS/Source/include/ -I../Middlewares/Third_Party/FreeRTOS/Source/portable/GCC/ARM_CM33_NTZ/non_secure/ -I../Middlewares/Third_Party/FreeRTOS/Source/CMSIS_RTOS_V2/ -I../Middlewares/Third_Party/CMSIS/RTOS2/Include/ -I"/home/joakim-wennergren/Desktop/Smartwatch/Firmware/Bench/Drivers/lvgl" -O0 -ffunction-sections -fdata-sections -Wall -fstack-usage -fstack-usage -fcyclomatic-complexity -MMD -MP -MF"Drivers/lvgl/src/draw/renesas/dave2d/lv_draw_dave2d_mask_rectangle.d" -MT"Drivers/lvgl/src/draw/renesas/dave2d/lv_draw_dave2d_mask_rectangle.o" --specs=nano.specs -mfpu=fpv5-sp-d16 -mfloat-abi=hard -mthumb -o "Drivers/lvgl/src/draw/renesas/dave2d/lv_draw_dave2d_mask_rectangle.o"
arm-none-eabi-gcc "../Drivers/lvgl/src/draw/renesas/dave2d/lv_draw_dave2d_triangle.c" -mcpu=cortex-m33 -std=gnu11 -g3 -DDEBUG -DUSE_HAL_DRIVER -DSTM32U575xx -c -I../Core/Inc -I../Drivers/STM32U5xx_HAL_Driver/Inc -I../Drivers/STM32U5xx_HAL_Driver/Inc/Legacy -I../Drivers/CMSIS/Device/ST/STM32U5xx/Include -I../Drivers/CMSIS/Include -I../Middlewares/Third_Party/FreeRTOS/Source/include/ -I../Middlewares/Third_Party/FreeRTOS/Source/portable/GCC/ARM_CM33_NTZ/non_secure/ -I../Middlewares/Third_Party/FreeRTOS/Source/CMSIS_RTOS_V2/ -I../Middlewares/Third_Party/CMSIS/RTOS2/Include/ -I"/home/joakim-wennergren/Desktop/Smartwatch/Firmware/Bench/Drivers/lvgl" -O0 -ffunction-sections -fdata-sections -Wall -fstack-usage -fstack-usage -fcyclomatic-complexity -MMD -MP -MF"Drivers/lvgl/src/draw/renesas/dave2d/lv_draw_dave2d_triangle.d" -MT"Drivers/lvgl/src/draw/renesas/dave2d/lv_draw_dave2d_triangle.o" --specs=nano.specs -mfpu=fpv5-sp-d16 -mfloat-abi=hard -mthumb -o "Drivers/lvgl/src/draw/renesas/dave2d/lv_draw_dave2d_triangle.o"
arm-none-eabi-gcc "../Drivers/lvgl/src/draw/renesas/dave2d/lv_draw_dave2d_utils.c" -mcpu=cortex-m33 -std=gnu11 -g3 -DDEBUG -DUSE_HAL_DRIVER -DSTM32U575xx -c -I../Core/Inc -I../Drivers/STM32U5xx_HAL_Driver/Inc -I../Drivers/STM32U5xx_HAL_Driver/Inc/Legacy -I../Drivers/CMSIS/Device/ST/STM32U5xx/Include -I../Drivers/CMSIS/Include -I../Middlewares/Third_Party/FreeRTOS/Source/include/ -I../Middlewares/Third_Party/FreeRTOS/Source/portable/GCC/ARM_CM33_NTZ/non_secure/ -I../Middlewares/Third_Party/FreeRTOS/Source/CMSIS_RTOS_V2/ -I../Middlewares/Third_Party/CMSIS/RTOS2/Include/ -I"/home/joakim-wennergren/Desktop/Smartwatch/Firmware/Bench/Drivers/lvgl" -O0 -ffunction-sections -fdata-sections -Wall -fstack-usage -fstack-usage -fcyclomatic-complexity -MMD -MP -MF"Drivers/lvgl/src/draw/renesas/dave2d/lv_draw_dave2d_utils.d" -MT"Drivers/lvgl/src/draw/renesas/dave2d/lv_draw_dave2d_utils.o" --specs=nano.specs -mfpu=fpv5-sp-d16 -mfloat-abi=hard -mthumb -o "Drivers/lvgl/src/draw/renesas/dave2d/lv_draw_dave2d_utils.o"
arm-none-eabi-gcc "../Drivers/lvgl/src/draw/opengles/lv_draw_opengles.c" -mcpu=cortex-m33 -std=gnu11 -g3 -DDEBUG -DUSE_HAL_DRIVER -DSTM32U575xx -c -I../Core/Inc -I../Drivers/STM32U5xx_HAL_Driver/Inc -I../Drivers/STM32U5xx_HAL_Driver/Inc/Legacy -I../Drivers/CMSIS/Device/ST/STM32U5xx/Include -I../Drivers/CMSIS/Include -I../Middlewares/Third_Party/FreeRTOS/Source/include/ -I../Middlewares/Third_Party/FreeRTOS/Source/portable/GCC/ARM_CM33_NTZ/non_secure/ -I../Middlewares/Third_Party/FreeRTOS/Source/CMSIS_RTOS_V2/ -I../Middlewares/Third_Party/CMSIS/RTOS2/Include/ -I"/home/joakim-wennergren/Desktop/Smartwatch/Firmware/Bench/Drivers/lvgl" -O0 -ffunction-sections -fdata-sections -Wall -fstack-usage -fstack-usage -fcyclomatic-complexity -MMD -MP -MF"Drivers/lvgl/src/draw/opengles/lv_draw_opengles.d" -MT"Drivers/lvgl/src/draw/opengles/lv_draw_opengles.o" --specs=nano.specs -mfpu=fpv5-sp-d16 -mfloat-abi=hard -mthumb -o "Drivers/lvgl/src/draw/opengles/lv_draw_opengles.o"
arm-none-eabi-gcc "../Drivers/lvgl/src/draw/nxp/vglite/lv_draw_buf_vglite.c" -mcpu=cortex-m33 -std=gnu11 -g3 -DDEBUG -DUSE_HAL_DRIVER -DSTM32U575xx -c -I../Core/Inc -I../Drivers/STM32U5xx_HAL_Driver/Inc -I../Drivers/STM32U5xx_HAL_Driver/Inc/Legacy -I../Drivers/CMSIS/Device/ST/STM32U5xx/Include -I../Drivers/CMSIS/Include -I../Middlewares/Third_Party/FreeRTOS/Source/include/ -I../Middlewares/Third_Party/FreeRTOS/Source/portable/GCC/ARM_CM33_NTZ/non_secure/ -I../Middlewares/Third_Party/FreeRTOS/Source/CMSIS_RTOS_V2/ -I../Middlewares/Third_Party/CMSIS/RTOS2/Include/ -I"/home/joakim-wennergren/Desktop/Smartwatch/Firmware/Bench/Drivers/lvgl" -O0 -ffunction-sections -fdata-sections -Wall -fstack-usage -fstack-usage -fcyclomatic-complexity -MMD -MP -MF"Drivers/lvgl/src/draw/nxp/vglite/lv_draw_buf_vglite.d" -MT"Drivers/lvgl/src/draw/nxp/vglite/lv_draw_buf_vglite.o" --specs=nano.specs -mfpu=fpv5-sp-d16 -mfloat-abi=hard -mthumb -o "Drivers/lvgl/src/draw/nxp/vglite/lv_draw_buf_vglite.o"
arm-none-eabi-gcc "../Drivers/lvgl/src/draw/nxp/vglite/lv_draw_vglite.c" -mcpu=cortex-m33 -std=gnu11 -g3 -DDEBUG -DUSE_HAL_DRIVER -DSTM32U575xx -c -I../Core/Inc -I../Drivers/STM32U5xx_HAL_Driver/Inc -I../Drivers/STM32U5xx_HAL_Driver/Inc/Legacy -I../Drivers/CMSIS/Device/ST/STM32U5xx/Include -I../Drivers/CMSIS/Include -I../Middlewares/Third_Party/FreeRTOS/Source/include/ -I../Middlewares/Third_Party/FreeRTOS/Source/portable/GCC/ARM_CM33_NTZ/non_secure/ -I../Middlewares/Third_Party/FreeRTOS/Source/CMSIS_RTOS_V2/ -I../Middlewares/Third_Party/CMSIS/RTOS2/Include/ -I"/home/joakim-wennergren/Desktop/Smartwatch/Firmware/Bench/Drivers/lvgl" -O0 -ffunction-sections -fdata-sections -Wall -fstack-usage -fstack-usage -fcyclomatic-complexity -MMD -MP -MF"Drivers/lvgl/src/draw/nxp/vglite/lv_draw_vglite.d" -MT"Drivers/lvgl/src/draw/nxp/vglite/lv_draw_vglite.o" --specs=nano.specs -mfpu=fpv5-sp-d16 -mfloat-abi=hard -mthumb -o "Drivers/lvgl/src/draw/nxp/vglite/lv_draw_vglite.o"
arm-none-eabi-gcc "../Drivers/lvgl/src/draw/nxp/vglite/lv_draw_vglite_arc.c" -mcpu=cortex-m33 -std=gnu11 -g3 -DDEBUG -DUSE_HAL_DRIVER -DSTM32U575xx -c -I../Core/Inc -I../Drivers/STM32U5xx_HAL_Driver/Inc -I../Drivers/STM32U5xx_HAL_Driver/Inc/Legacy -I../Drivers/CMSIS/Device/ST/STM32U5xx/Include -I../Drivers/CMSIS/Include -I../Middlewares/Third_Party/FreeRTOS/Source/include/ -I../Middlewares/Third_Party/FreeRTOS/Source/portable/GCC/ARM_CM33_NTZ/non_secure/ -I../Middlewares/Third_Party/FreeRTOS/Source/CMSIS_RTOS_V2/ -I../Middlewares/Third_Party/CMSIS/RTOS2/Include/ -I"/home/joakim-wennergren/Desktop/Smartwatch/Firmware/Bench/Drivers/lvgl" -O0 -ffunction-sections -fdata-sections -Wall -fstack-usage -fstack-usage -fcyclomatic-complexity -MMD -MP -MF"Drivers/lvgl/src/draw/nxp/vglite/lv_draw_vglite_arc.d" -MT"Drivers/lvgl/src/draw/nxp/vglite/lv_draw_vglite_arc.o" --specs=nano.specs -mfpu=fpv5-sp-d16 -mfloat-abi=hard -mthumb -o "Drivers/lvgl/src/draw/nxp/vglite/lv_draw_vglite_arc.o"
arm-none-eabi-gcc "../Drivers/lvgl/src/draw/nxp/vglite/lv_draw_vglite_border.c" -mcpu=cortex-m33 -std=gnu11 -g3 -DDEBUG -DUSE_HAL_DRIVER -DSTM32U575xx -c -I../Core/Inc -I../Drivers/STM32U5xx_HAL_Driver/Inc -I../Drivers/STM32U5xx_HAL_Driver/Inc/Legacy -I../Drivers/CMSIS/Device/ST/STM32U5xx/Include -I../Drivers/CMSIS/Include -I../Middlewares/Third_Party/FreeRTOS/Source/include/ -I../Middlewares/Third_Party/FreeRTOS/Source/portable/GCC/ARM_CM33_NTZ/non_secure/ -I../Middlewares/Third_Party/FreeRTOS/Source/CMSIS_RTOS_V2/ -I../Middlewares/Third_Party/CMSIS/RTOS2/Include/ -I"/home/joakim-wennergren/Desktop/Smartwatch/Firmware/Bench/Drivers/lvgl" -O0 -ffunction-sections -fdata-sections -Wall -fstack-usage -fstack-usage -fcyclomatic-complexity -MMD -MP -MF"Drivers/lvgl/src/draw/nxp/vglite/lv_draw_vglite_border.d" -MT"Drivers/lvgl/src/draw/nxp/vglite/lv_draw_vglite_border.o" --specs=nano.specs -mfpu=fpv5-sp-d16 -mfloat-abi=hard -mthumb -o "Drivers/lvgl/src/draw/nxp/vglite/lv_draw_vglite_border.o"
arm-none-eabi-gcc "../Drivers/lvgl/src/draw/nxp/vglite/lv_draw_vglite_fill.c" -mcpu=cortex-m33 -std=gnu11 -g3 -DDEBUG -DUSE_HAL_DRIVER -DSTM32U575xx -c -I../Core/Inc -I../Drivers/STM32U5xx_HAL_Driver/Inc -I../Drivers/STM32U5xx_HAL_Driver/Inc/Legacy -I../Drivers/CMSIS/Device/ST/STM32U5xx/Include -I../Drivers/CMSIS/Include -I../Middlewares/Third_Party/FreeRTOS/Source/include/ -I../Middlewares/Third_Party/FreeRTOS/Source/portable/GCC/ARM_CM33_NTZ/non_secure/ -I../Middlewares/Third_Party/FreeRTOS/Source/CMSIS_RTOS_V2/ -I../Middlewares/Third_Party/CMSIS/RTOS2/Include/ -I"/home/joakim-wennergren/Desktop/Smartwatch/Firmware/Bench/Drivers/lvgl" -O0 -ffunction-sections -fdata-sections -Wall -fstack-usage -fstack-usage -fcyclomatic-complexity -MMD -MP -MF"Drivers/lvgl/src/draw/nxp/vglite/lv_draw_vglite_fill.d" -MT"Drivers/lvgl/src/draw/nxp/vglite/lv_draw_vglite_fill.o" --specs=nano.specs -mfpu=fpv5-sp-d16 -mfloat-abi=hard -mthumb -o "Drivers/lvgl/src/draw/nxp/vglite/lv_draw_vglite_fill.o"
arm-none-eabi-gcc "../Drivers/lvgl/src/draw/nxp/vglite/lv_draw_vglite_img.c" -mcpu=cortex-m33 -std=gnu11 -g3 -DDEBUG -DUSE_HAL_DRIVER -DSTM32U575xx -c -I../Core/Inc -I../Drivers/STM32U5xx_HAL_Driver/Inc -I../Drivers/STM32U5xx_HAL_Driver/Inc/Legacy -I../Drivers/CMSIS/Device/ST/STM32U5xx/Include -I../Drivers/CMSIS/Include -I../Middlewares/Third_Party/FreeRTOS/Source/include/ -I../Middlewares/Third_Party/FreeRTOS/Source/portable/GCC/ARM_CM33_NTZ/non_secure/ -I../Middlewares/Third_Party/FreeRTOS/Source/CMSIS_RTOS_V2/ -I../Middlewares/Third_Party/CMSIS/RTOS2/Include/ -I"/home/joakim-wennergren/Desktop/Smartwatch/Firmware/Bench/Drivers/lvgl" -O0 -ffunction-sections -fdata-sections -Wall -fstack-usage -fstack-usage -fcyclomatic-complexity -MMD -MP -MF"Drivers/lvgl/src/draw/nxp/vglite/lv_draw_vglite_img.d" -MT"Drivers/lvgl/src/draw/nxp/vglite/lv_draw_vglite_img.o" --specs=nano.specs -mfpu=fpv5-sp-d16 -mfloat-abi=hard -mthumb -o "Drivers/lvgl/src/draw/nxp/vglite/lv_draw_vglite_img.o"
arm-none-eabi-gcc "../Drivers/lvgl/src/draw/nxp/vglite/lv_draw_vglite_label.c" -mcpu=cortex-m33 -std=gnu11 -g3 -DDEBUG -DUSE_HAL_DRIVER -DSTM32U575xx -c -I../Core/Inc -I../Drivers/STM32U5xx_HAL_Driver/Inc -I../Drivers/STM32U5xx_HAL_Driver/Inc/Legacy -I../Drivers/CMSIS/Device/ST/STM32U5xx/Include -I../Drivers/CMSIS/Include -I../Middlewares/Third_Party/FreeRTOS/Source/include/ -I../Middlewares/Third_Party/FreeRTOS/Source/portable/GCC/ARM_CM33_NTZ/non_secure/ -I../Middlewares/Third_Party/FreeRTOS/Source/CMSIS_RTOS_V2/ -I../Middlewares/Third_Party/CMSIS/RTOS2/Include/ -I"/home/joakim-wennergren/Desktop/Smartwatch/Firmware/Bench/Drivers/lvgl" -O0 -ffunction-sections -fdata-sections -Wall -fstack-usage -fstack-usage -fcyclomatic-complexity -MMD -MP -MF"Drivers/lvgl/src/draw/nxp/vglite/lv_draw_vglite_label.d" -MT"Drivers/lvgl/src/draw/nxp/vglite/lv_draw_vglite_label.o" --specs=nano.specs -mfpu=fpv5-sp-d16 -mfloat-abi=hard -mthumb -o "Drivers/lvgl/src/draw/nxp/vglite/lv_draw_vglite_label.o"
arm-none-eabi-gcc "../Drivers/lvgl/src/draw/nxp/vglite/lv_draw_vglite_layer.c" -mcpu=cortex-m33 -std=gnu11 -g3 -DDEBUG -DUSE_HAL_DRIVER -DSTM32U575xx -c -I../Core/Inc -I../Drivers/STM32U5xx_HAL_Driver/Inc -I../Drivers/STM32U5xx_HAL_Driver/Inc/Legacy -I../Drivers/CMSIS/Device/ST/STM32U5xx/Include -I../Drivers/CMSIS/Include -I../Middlewares/Third_Party/FreeRTOS/Source/include/ -I../Middlewares/Third_Party/FreeRTOS/Source/portable/GCC/ARM_CM33_NTZ/non_secure/ -I../Middlewares/Third_Party/FreeRTOS/Source/CMSIS_RTOS_V2/ -I../Middlewares/Third_Party/CMSIS/RTOS2/Include/ -I"/home/joakim-wennergren/Desktop/Smartwatch/Firmware/Bench/Drivers/lvgl" -O0 -ffunction-sections -fdata-sections -Wall -fstack-usage -fstack-usage -fcyclomatic-complexity -MMD -MP -MF"Drivers/lvgl/src/draw/nxp/vglite/lv_draw_vglite_layer.d" -MT"Drivers/lvgl/src/draw/nxp/vglite/lv_draw_vglite_layer.o" --specs=nano.specs -mfpu=fpv5-sp-d16 -mfloat-abi=hard -mthumb -o "Drivers/lvgl/src/draw/nxp/vglite/lv_draw_vglite_layer.o"
arm-none-eabi-gcc "../Drivers/lvgl/src/draw/nxp/vglite/lv_draw_vglite_line.c" -mcpu=cortex-m33 -std=gnu11 -g3 -DDEBUG -DUSE_HAL_DRIVER -DSTM32U575xx -c -I../Core/Inc -I../Drivers/STM32U5xx_HAL_Driver/Inc -I../Drivers/STM32U5xx_HAL_Driver/Inc/Legacy -I../Drivers/CMSIS/Device/ST/STM32U5xx/Include -I../Drivers/CMSIS/Include -I../Middlewares/Third_Party/FreeRTOS/Source/include/ -I../Middlewares/Third_Party/FreeRTOS/Source/portable/GCC/ARM_CM33_NTZ/non_secure/ -I../Middlewares/Third_Party/FreeRTOS/Source/CMSIS_RTOS_V2/ -I../Middlewares/Third_Party/CMSIS/RTOS2/Include/ -I"/home/joakim-wennergren/Desktop/Smartwatch/Firmware/Bench/Drivers/lvgl" -O0 -ffunction-sections -fdata-sections -Wall -fstack-usage -fstack-usage -fcyclomatic-complexity -MMD -MP -MF"Drivers/lvgl/src/draw/nxp/vglite/lv_draw_vglite_line.d" -MT"Drivers/lvgl/src/draw/nxp/vglite/lv_draw_vglite_line.o" --specs=nano.specs -mfpu=fpv5-sp-d16 -mfloat-abi=hard -mthumb -o "Drivers/lvgl/src/draw/nxp/vglite/lv_draw_vglite_line.o"
arm-none-eabi-gcc "../Drivers/lvgl/src/draw/nxp/vglite/lv_draw_vglite_triangle.c" -mcpu=cortex-m33 -std=gnu11 -g3 -DDEBUG -DUSE_HAL_DRIVER -DSTM32U575xx -c -I../Core/Inc -I../Drivers/STM32U5xx_HAL_Driver/Inc -I../Drivers/STM32U5xx_HAL_Driver/Inc/Legacy -I../Drivers/CMSIS/Device/ST/STM32U5xx/Include -I../Drivers/CMSIS/Include -I../Middlewares/Third_Party/FreeRTOS/Source/include/ -I../Middlewares/Third_Party/FreeRTOS/Source/portable/GCC/ARM_CM33_NTZ/non_secure/ -I../Middlewares/Third_Party/FreeRTOS/Source/CMSIS_RTOS_V2/ -I../Middlewares/Third_Party/CMSIS/RTOS2/Include/ -I"/home/joakim-wennergren/Desktop/Smartwatch/Firmware/Bench/Drivers/lvgl" -O0 -ffunction-sections -fdata-sections -Wall -fstack-usage -fstack-usage -fcyclomatic-complexity -MMD -MP -MF"Drivers/lvgl/src/draw/nxp/vglite/lv_draw_vglite_triangle.d" -MT"Drivers/lvgl/src/draw/nxp/vglite/lv_draw_vglite_triangle.o" --specs=nano.specs -mfpu=fpv5-sp-d16 -mfloat-abi=hard -mthumb -o "Drivers/lvgl/src/draw/nxp/vglite/lv_draw_vglite_triangle.o"
arm-none-eabi-gcc "../Drivers/lvgl/src/draw/nxp/vglite/lv_vglite_buf.c" -mcpu=cortex-m33 -std=gnu11 -g3 -DDEBUG -DUSE_HAL_DRIVER -DSTM32U575xx -c -I../Core/Inc -I../Drivers/STM32U5xx_HAL_Driver/Inc -I../Drivers/STM32U5xx_HAL_Driver/Inc/Legacy -I../Drivers/CMSIS/Device/ST/STM32U5xx/Include -I../Drivers/CMSIS/Include -I../Middlewares/Third_Party/FreeRTOS/Source/include/ -I../Middlewares/Third_Party/FreeRTOS/Source/portable/GCC/ARM_CM33_NTZ/non_secure/ -I../Middlewares/Third_Party/FreeRTOS/Source/CMSIS_RTOS_V2/ -I../Middlewares/Third_Party/CMSIS/RTOS2/Include/ -I"/home/joakim-wennergren/Desktop/Smartwatch/Firmware/Bench/Drivers/lvgl" -O0 -ffunction-sections -fdata-sections -Wall -fstack-usage -fstack-usage -fcyclomatic-complexity -MMD -MP -MF"Drivers/lvgl/src/draw/nxp/vglite/lv_vglite_buf.d" -MT"Drivers/lvgl/src/draw/nxp/vglite/lv_vglite_buf.o" --specs=nano.specs -mfpu=fpv5-sp-d16 -mfloat-abi=hard -mthumb -o "Drivers/lvgl/src/draw/nxp/vglite/lv_vglite_buf.o"
arm-none-eabi-gcc "../Drivers/lvgl/src/draw/nxp/vglite/lv_vglite_matrix.c" -mcpu=cortex-m33 -std=gnu11 -g3 -DDEBUG -DUSE_HAL_DRIVER -DSTM32U575xx -c -I../Core/Inc -I../Drivers/STM32U5xx_HAL_Driver/Inc -I../Drivers/STM32U5xx_HAL_Driver/Inc/Legacy -I../Drivers/CMSIS/Device/ST/STM32U5xx/Include -I../Drivers/CMSIS/Include -I../Middlewares/Third_Party/FreeRTOS/Source/include/ -I../Middlewares/Third_Party/FreeRTOS/Source/portable/GCC/ARM_CM33_NTZ/non_secure/ -I../Middlewares/Third_Party/FreeRTOS/Source/CMSIS_RTOS_V2/ -I../Middlewares/Third_Party/CMSIS/RTOS2/Include/ -I"/home/joakim-wennergren/Desktop/Smartwatch/Firmware/Bench/Drivers/lvgl" -O0 -ffunction-sections -fdata-sections -Wall -fstack-usage -fstack-usage -fcyclomatic-complexity -MMD -MP -MF"Drivers/lvgl/src/draw/nxp/vglite/lv_vglite_matrix.d" -MT"Drivers/lvgl/src/draw/nxp/vglite/lv_vglite_matrix.o" --specs=nano.specs -mfpu=fpv5-sp-d16 -mfloat-abi=hard -mthumb -o "Drivers/lvgl/src/draw/nxp/vglite/lv_vglite_matrix.o"
arm-none-eabi-gcc "../Drivers/lvgl/src/draw/nxp/vglite/lv_vglite_path.c" -mcpu=cortex-m33 -std=gnu11 -g3 -DDEBUG -DUSE_HAL_DRIVER -DSTM32U575xx -c -I../Core/Inc -I../Drivers/STM32U5xx_HAL_Driver/Inc -I../Drivers/STM32U5xx_HAL_Driver/Inc/Legacy -I../Drivers/CMSIS/Device/ST/STM32U5xx/Include -I../Drivers/CMSIS/Include -I../Middlewares/Third_Party/FreeRTOS/Source/include/ -I../Middlewares/Third_Party/FreeRTOS/Source/portable/GCC/ARM_CM33_NTZ/non_secure/ -I../Middlewares/Third_Party/FreeRTOS/Source/CMSIS_RTOS_V2/ -I../Middlewares/Third_Party/CMSIS/RTOS2/Include/ -I"/home/joakim-wennergren/Desktop/Smartwatch/Firmware/Bench/Drivers/lvgl" -O0 -ffunction-sections -fdata-sections -Wall -fstack-usage -fstack-usage -fcyclomatic-complexity -MMD -MP -MF"Drivers/lvgl/src/draw/nxp/vglite/lv_vglite_path.d" -MT"Drivers/lvgl/src/draw/nxp/vglite/lv_vglite_path.o" --specs=nano.specs -mfpu=fpv5-sp-d16 -mfloat-abi=hard -mthumb -o "Drivers/lvgl/src/draw/nxp/vglite/lv_vglite_path.o"
arm-none-eabi-gcc "../Drivers/lvgl/src/draw/nxp/vglite/lv_vglite_utils.c" -mcpu=cortex-m33 -std=gnu11 -g3 -DDEBUG -DUSE_HAL_DRIVER -DSTM32U575xx -c -I../Core/Inc -I../Drivers/STM32U5xx_HAL_Driver/Inc -I../Drivers/STM32U5xx_HAL_Driver/Inc/Legacy -I../Drivers/CMSIS/Device/ST/STM32U5xx/Include -I../Drivers/CMSIS/Include -I../Middlewares/Third_Party/FreeRTOS/Source/include/ -I../Middlewares/Third_Party/FreeRTOS/Source/portable/GCC/ARM_CM33_NTZ/non_secure/ -I../Middlewares/Third_Party/FreeRTOS/Source/CMSIS_RTOS_V2/ -I../Middlewares/Third_Party/CMSIS/RTOS2/Include/ -I"/home/joakim-wennergren/Desktop/Smartwatch/Firmware/Bench/Drivers/lvgl" -O0 -ffunction-sections -fdata-sections -Wall -fstack-usage -fstack-usage -fcyclomatic-complexity -MMD -MP -MF"Drivers/lvgl/src/draw/nxp/vglite/lv_vglite_utils.d" -MT"Drivers/lvgl/src/draw/nxp/vglite/lv_vglite_utils.o" --specs=nano.specs -mfpu=fpv5-sp-d16 -mfloat-abi=hard -mthumb -o "Drivers/lvgl/src/draw/nxp/vglite/lv_vglite_utils.o"
arm-none-eabi-gcc "../Drivers/lvgl/src/draw/nxp/pxp/lv_draw_buf_pxp.c" -mcpu=cortex-m33 -std=gnu11 -g3 -DDEBUG -DUSE_HAL_DRIVER -DSTM32U575xx -c -I../Core/Inc -I../Drivers/STM32U5xx_HAL_Driver/Inc -I../Drivers/STM32U5xx_HAL_Driver/Inc/Legacy -I../Drivers/CMSIS/Device/ST/STM32U5xx/Include -I../Drivers/CMSIS/Include -I../Middlewares/Third_Party/FreeRTOS/Source/include/ -I../Middlewares/Third_Party/FreeRTOS/Source/portable/GCC/ARM_CM33_NTZ/non_secure/ -I../Middlewares/Third_Party/FreeRTOS/Source/CMSIS_RTOS_V2/ -I../Middlewares/Third_Party/CMSIS/RTOS2/Include/ -I"/home/joakim-wennergren/Desktop/Smartwatch/Firmware/Bench/Drivers/lvgl" -O0 -ffunction-sections -fdata-sections -Wall -fstack-usage -fstack-usage -fcyclomatic-complexity -MMD -MP -MF"Drivers/lvgl/src/draw/nxp/pxp/lv_draw_buf_pxp.d" -MT"Drivers/lvgl/src/draw/nxp/pxp/lv_draw_buf_pxp.o" --specs=nano.specs -mfpu=fpv5-sp-d16 -mfloat-abi=hard -mthumb -o "Drivers/lvgl/src/draw/nxp/pxp/lv_draw_buf_pxp.o"
arm-none-eabi-gcc "../Drivers/lvgl/src/draw/nxp/pxp/lv_draw_pxp.c" -mcpu=cortex-m33 -std=gnu11 -g3 -DDEBUG -DUSE_HAL_DRIVER -DSTM32U575xx -c -I../Core/Inc -I../Drivers/STM32U5xx_HAL_Driver/Inc -I../Drivers/STM32U5xx_HAL_Driver/Inc/Legacy -I../Drivers/CMSIS/Device/ST/STM32U5xx/Include -I../Drivers/CMSIS/Include -I../Middlewares/Third_Party/FreeRTOS/Source/include/ -I../Middlewares/Third_Party/FreeRTOS/Source/portable/GCC/ARM_CM33_NTZ/non_secure/ -I../Middlewares/Third_Party/FreeRTOS/Source/CMSIS_RTOS_V2/ -I../Middlewares/Third_Party/CMSIS/RTOS2/Include/ -I"/home/joakim-wennergren/Desktop/Smartwatch/Firmware/Bench/Drivers/lvgl" -O0 -ffunction-sections -fdata-sections -Wall -fstack-usage -fstack-usage -fcyclomatic-complexity -MMD -MP -MF"Drivers/lvgl/src/draw/nxp/pxp/lv_draw_pxp.d" -MT"Drivers/lvgl/src/draw/nxp/pxp/lv_draw_pxp.o" --specs=nano.specs -mfpu=fpv5-sp-d16 -mfloat-abi=hard -mthumb -o "Drivers/lvgl/src/draw/nxp/pxp/lv_draw_pxp.o"
arm-none-eabi-gcc "../Drivers/lvgl/src/draw/nxp/pxp/lv_draw_pxp_fill.c" -mcpu=cortex-m33 -std=gnu11 -g3 -DDEBUG -DUSE_HAL_DRIVER -DSTM32U575xx -c -I../Core/Inc -I../Drivers/STM32U5xx_HAL_Driver/Inc -I../Drivers/STM32U5xx_HAL_Driver/Inc/Legacy -I../Drivers/CMSIS/Device/ST/STM32U5xx/Include -I../Drivers/CMSIS/Include -I../Middlewares/Third_Party/FreeRTOS/Source/include/ -I../Middlewares/Third_Party/FreeRTOS/Source/portable/GCC/ARM_CM33_NTZ/non_secure/ -I../Middlewares/Third_Party/FreeRTOS/Source/CMSIS_RTOS_V2/ -I../Middlewares/Third_Party/CMSIS/RTOS2/Include/ -I"/home/joakim-wennergren/Desktop/Smartwatch/Firmware/Bench/Drivers/lvgl" -O0 -ffunction-sections -fdata-sections -Wall -fstack-usage -fstack-usage -fcyclomatic-complexity -MMD -MP -MF"Drivers/lvgl/src/draw/nxp/pxp/lv_draw_pxp_fill.d" -MT"Drivers/lvgl/src/draw/nxp/pxp/lv_draw_pxp_fill.o" --specs=nano.specs -mfpu=fpv5-sp-d16 -mfloat-abi=hard -mthumb -o "Drivers/lvgl/src/draw/nxp/pxp/lv_draw_pxp_fill.o"
arm-none-eabi-gcc "../Drivers/lvgl/src/draw/nxp/pxp/lv_draw_pxp_img.c" -mcpu=cortex-m33 -std=gnu11 -g3 -DDEBUG -DUSE_HAL_DRIVER -DSTM32U575xx -c -I../Core/Inc -I../Drivers/STM32U5xx_HAL_Driver/Inc -I../Drivers/STM32U5xx_HAL_Driver/Inc/Legacy -I../Drivers/CMSIS/Device/ST/STM32U5xx/Include -I../Drivers/CMSIS/Include -I../Middlewares/Third_Party/FreeRTOS/Source/include/ -I../Middlewares/Third_Party/FreeRTOS/Source/portable/GCC/ARM_CM33_NTZ/non_secure/ -I../Middlewares/Third_Party/FreeRTOS/Source/CMSIS_RTOS_V2/ -I../Middlewares/Third_Party/CMSIS/RTOS2/Include/ -I"/home/joakim-wennergren/Desktop/Smartwatch/Firmware/Bench/Drivers/lvgl" -O0 -ffunction-sections -fdata-sections -Wall -fstack-usage -fstack-usage -fcyclomatic-complexity -MMD -MP -MF"Drivers/lvgl/src/draw/nxp/pxp/lv_draw_pxp_img.d" -MT"Drivers/lvgl/src/draw/nxp/pxp/lv_draw_pxp_img.o" --specs=nano.specs -mfpu=fpv5-sp-d16 -mfloat-abi=hard -mthumb -o "Drivers/lvgl/src/draw/nxp/pxp/lv_draw_pxp_img.o"
arm-none-eabi-gcc "../Drivers/lvgl/src/draw/nxp/pxp/lv_draw_pxp_layer.c" -mcpu=cortex-m33 -std=gnu11 -g3 -DDEBUG -DUSE_HAL_DRIVER -DSTM32U575xx -c -I../Core/Inc -I../Drivers/STM32U5xx_HAL_Driver/Inc -I../Drivers/STM32U5xx_HAL_Driver/Inc/Legacy -I../Drivers/CMSIS/Device/ST/STM32U5xx/Include -I../Drivers/CMSIS/Include -I../Middlewares/Third_Party/FreeRTOS/Source/include/ -I../Middlewares/Third_Party/FreeRTOS/Source/portable/GCC/ARM_CM33_NTZ/non_secure/ -I../Middlewares/Third_Party/FreeRTOS/Source/CMSIS_RTOS_V2/ -I../Middlewares/Third_Party/CMSIS/RTOS2/Include/ -I"/home/joakim-wennergren/Desktop/Smartwatch/Firmware/Bench/Drivers/lvgl" -O0 -ffunction-sections -fdata-sections -Wall -fstack-usage -fstack-usage -fcyclomatic-complexity -MMD -MP -MF"Drivers/lvgl/src/draw/nxp/pxp/lv_draw_pxp_layer.d" -MT"Drivers/lvgl/src/draw/nxp/pxp/lv_draw_pxp_layer.o" --specs=nano.specs -mfpu=fpv5-sp-d16 -mfloat-abi=hard -mthumb -o "Drivers/lvgl/src/draw/nxp/pxp/lv_draw_pxp_layer.o"
arm-none-eabi-gcc "../Drivers/lvgl/src/draw/nxp/pxp/lv_pxp_cfg.c" -mcpu=cortex-m33 -std=gnu11 -g3 -DDEBUG -DUSE_HAL_DRIVER -DSTM32U575xx -c -I../Core/Inc -I../Drivers/STM32U5xx_HAL_Driver/Inc -I../Drivers/STM32U5xx_HAL_Driver/Inc/Legacy -I../Drivers/CMSIS/Device/ST/STM32U5xx/Include -I../Drivers/CMSIS/Include -I../Middlewares/Third_Party/FreeRTOS/Source/include/ -I../Middlewares/Third_Party/FreeRTOS/Source/portable/GCC/ARM_CM33_NTZ/non_secure/ -I../Middlewares/Third_Party/FreeRTOS/Source/CMSIS_RTOS_V2/ -I../Middlewares/Third_Party/CMSIS/RTOS2/Include/ -I"/home/joakim-wennergren/Desktop/Smartwatch/Firmware/Bench/Drivers/lvgl" -O0 -ffunction-sections -fdata-sections -Wall -fstack-usage -fstack-usage -fcyclomatic-complexity -MMD -MP -MF"Drivers/lvgl/src/draw/nxp/pxp/lv_pxp_cfg.d" -MT"Drivers/lvgl/src/draw/nxp/pxp/lv_pxp_cfg.o" --specs=nano.specs -mfpu=fpv5-sp-d16 -mfloat-abi=hard -mthumb -o "Drivers/lvgl/src/draw/nxp/pxp/lv_pxp_cfg.o"
arm-none-eabi-gcc "../Drivers/lvgl/src/draw/nxp/pxp/lv_pxp_osa.c" -mcpu=cortex-m33 -std=gnu11 -g3 -DDEBUG -DUSE_HAL_DRIVER -DSTM32U575xx -c -I../Core/Inc -I../Drivers/STM32U5xx_HAL_Driver/Inc -I../Drivers/STM32U5xx_HAL_Driver/Inc/Legacy -I../Drivers/CMSIS/Device/ST/STM32U5xx/Include -I../Drivers/CMSIS/Include -I../Middlewares/Third_Party/FreeRTOS/Source/include/ -I../Middlewares/Third_Party/FreeRTOS/Source/portable/GCC/ARM_CM33_NTZ/non_secure/ -I../Middlewares/Third_Party/FreeRTOS/Source/CMSIS_RTOS_V2/ -I../Middlewares/Third_Party/CMSIS/RTOS2/Include/ -I"/home/joakim-wennergren/Desktop/Smartwatch/Firmware/Bench/Drivers/lvgl" -O0 -ffunction-sections -fdata-sections -Wall -fstack-usage -fstack-usage -fcyclomatic-complexity -MMD -MP -MF"Drivers/lvgl/src/draw/nxp/pxp/lv_pxp_osa.d" -MT"Drivers/lvgl/src/draw/nxp/pxp/lv_pxp_osa.o" --specs=nano.specs -mfpu=fpv5-sp-d16 -mfloat-abi=hard -mthumb -o "Drivers/lvgl/src/draw/nxp/pxp/lv_pxp_osa.o"
arm-none-eabi-gcc "../Drivers/lvgl/src/draw/nxp/pxp/lv_pxp_utils.c" -mcpu=cortex-m33 -std=gnu11 -g3 -DDEBUG -DUSE_HAL_DRIVER -DSTM32U575xx -c -I../Core/Inc -I../Drivers/STM32U5xx_HAL_Driver/Inc -I../Drivers/STM32U5xx_HAL_Driver/Inc/Legacy -I../Drivers/CMSIS/Device/ST/STM32U5xx/Include -I../Drivers/CMSIS/Include -I../Middlewares/Third_Party/FreeRTOS/Source/include/ -I../Middlewares/Third_Party/FreeRTOS/Source/portable/GCC/ARM_CM33_NTZ/non_secure/ -I../Middlewares/Third_Party/FreeRTOS/Source/CMSIS_RTOS_V2/ -I../Middlewares/Third_Party/CMSIS/RTOS2/Include/ -I"/home/joakim-wennergren/Desktop/Smartwatch/Firmware/Bench/Drivers/lvgl" -O0 -ffunction-sections -fdata-sections -Wall -fstack-usage -fstack-usage -fcyclomatic-complexity -MMD -MP -MF"Drivers/lvgl/src/draw/nxp/pxp/lv_pxp_utils.d" -MT"Drivers/lvgl/src/draw/nxp/pxp/lv_pxp_utils.o" --specs=nano.specs -mfpu=fpv5-sp-d16 -mfloat-abi=hard -mthumb -o "Drivers/lvgl/src/draw/nxp/pxp/lv_pxp_utils.o"
arm-none-eabi-gcc "../Drivers/lvgl/src/draw/nxp/g2d/lv_draw_buf_g2d.c" -mcpu=cortex-m33 -std=gnu11 -g3 -DDEBUG -DUSE_HAL_DRIVER -DSTM32U575xx -c -I../Core/Inc -I../Drivers/STM32U5xx_HAL_Driver/Inc -I../Drivers/STM32U5xx_HAL_Driver/Inc/Legacy -I../Drivers/CMSIS/Device/ST/STM32U5xx/Include -I../Drivers/CMSIS/Include -I../Middlewares/Third_Party/FreeRTOS/Source/include/ -I../Middlewares/Third_Party/FreeRTOS/Source/portable/GCC/ARM_CM33_NTZ/non_secure/ -I../Middlewares/Third_Party/FreeRTOS/Source/CMSIS_RTOS_V2/ -I../Middlewares/Third_Party/CMSIS/RTOS2/Include/ -I"/home/joakim-wennergren/Desktop/Smartwatch/Firmware/Bench/Drivers/lvgl" -O0 -ffunction-sections -fdata-sections -Wall -fstack-usage -fstack-usage -fcyclomatic-complexity -MMD -MP -MF"Drivers/lvgl/src/draw/nxp/g2d/lv_draw_buf_g2d.d" -MT"Drivers/lvgl/src/draw/nxp/g2d/lv_draw_buf_g2d.o" --specs=nano.specs -mfpu=fpv5-sp-d16 -mfloat-abi=hard -mthumb -o "Drivers/lvgl/src/draw/nxp/g2d/lv_draw_buf_g2d.o"
arm-none-eabi-gcc "../Drivers/lvgl/src/draw/nxp/g2d/lv_draw_g2d.c" -mcpu=cortex-m33 -std=gnu11 -g3 -DDEBUG -DUSE_HAL_DRIVER -DSTM32U575xx -c -I../Core/Inc -I../Drivers/STM32U5xx_HAL_Driver/Inc -I../Drivers/STM32U5xx_HAL_Driver/Inc/Legacy -I../Drivers/CMSIS/Device/ST/STM32U5xx/Include -I../Drivers/CMSIS/Include -I../Middlewares/Third_Party/FreeRTOS/Source/include/ -I../Middlewares/Third_Party/FreeRTOS/Source/portable/GCC/ARM_CM33_NTZ/non_secure/ -I../Middlewares/Third_Party/FreeRTOS/Source/CMSIS_RTOS_V2/ -I../Middlewares/Third_Party/CMSIS/RTOS2/Include/ -I"/home/joakim-wennergren/Desktop/Smartwatch/Firmware/Bench/Drivers/lvgl" -O0 -ffunction-sections -fdata-sections -Wall -fstack-usage -fstack-usage -fcyclomatic-complexity -MMD -MP -MF"Drivers/lvgl/src/draw/nxp/g2d/lv_draw_g2d.d" -MT"Drivers/lvgl/src/draw/nxp/g2d/lv_draw_g2d.o" --specs=nano.specs -mfpu=fpv5-sp-d16 -mfloat-abi=hard -mthumb -o "Drivers/lvgl/src/draw/nxp/g2d/lv_draw_g2d.o"
arm-none-eabi-gcc "../Drivers/lvgl/src/draw/nxp/g2d/lv_draw_g2d_fill.c" -mcpu=cortex-m33 -std=gnu11 -g3 -DDEBUG -DUSE_HAL_DRIVER -DSTM32U575xx -c -I../Core/Inc -I../Drivers/STM32U5xx_HAL_Driver/Inc -I../Drivers/STM32U5xx_HAL_Driver/Inc/Legacy -I../Drivers/CMSIS/Device/ST/STM32U5xx/Include -I../Drivers/CMSIS/Include -I../Middlewares/Third_Party/FreeRTOS/Source/include/ -I../Middlewares/Third_Party/FreeRTOS/Source/portable/GCC/ARM_CM33_NTZ/non_secure/ -I../Middlewares/Third_Party/FreeRTOS/Source/CMSIS_RTOS_V2/ -I../Middlewares/Third_Party/CMSIS/RTOS2/Include/ -I"/home/joakim-wennergren/Desktop/Smartwatch/Firmware/Bench/Drivers/lvgl" -O0 -ffunction-sections -fdata-sections -Wall -fstack-usage -fstack-usage -fcyclomatic-complexity -MMD -MP -MF"Drivers/lvgl/src/draw/nxp/g2d/lv_draw_g2d_fill.d" -MT"Drivers/lvgl/src/draw/nxp/g2d/lv_draw_g2d_fill.o" --specs=nano.specs -mfpu=fpv5-sp-d16 -mfloat-abi=hard -mthumb -o "Drivers/lvgl/src/draw/nxp/g2d/lv_draw_g2d_fill.o"
arm-none-eabi-gcc "../Drivers/lvgl/src/draw/nxp/g2d/lv_draw_g2d_img.c" -mcpu=cortex-m33 -std=gnu11 -g3 -DDEBUG -DUSE_HAL_DRIVER -DSTM32U575xx -c -I../Core/Inc -I../Drivers/STM32U5xx_HAL_Driver/Inc -I../Drivers/STM32U5xx_HAL_Driver/Inc/Legacy -I../Drivers/CMSIS/Device/ST/STM32U5xx/Include -I../Drivers/CMSIS/Include -I../Middlewares/Third_Party/FreeRTOS/Source/include/ -I../Middlewares/Third_Party/FreeRTOS/Source/portable/GCC/ARM_CM33_NTZ/non_secure/ -I../Middlewares/Third_Party/FreeRTOS/Source/CMSIS_RTOS_V2/ -I../Middlewares/Third_Party/CMSIS/RTOS2/Include/ -I"/home/joakim-wennergren/Desktop/Smartwatch/Firmware/Bench/Drivers/lvgl" -O0 -ffunction-sections -fdata-sections -Wall -fstack-usage -fstack-usage -fcyclomatic-complexity -MMD -MP -MF"Drivers/lvgl/src/draw/nxp/g2d/lv_draw_g2d_img.d" -MT"Drivers/lvgl/src/draw/nxp/g2d/lv_draw_g2d_img.o" --specs=nano.specs -mfpu=fpv5-sp-d16 -mfloat-abi=hard -mthumb -o "Drivers/lvgl/src/draw/nxp/g2d/lv_draw_g2d_img.o"
arm-none-eabi-gcc "../Drivers/lvgl/src/draw/nxp/g2d/lv_g2d_buf_map.c" -mcpu=cortex-m33 -std=gnu11 -g3 -DDEBUG -DUSE_HAL_DRIVER -DSTM32U575xx -c -I../Core/Inc -I../Drivers/STM32U5xx_HAL_Driver/Inc -I../Drivers/STM32U5xx_HAL_Driver/Inc/Legacy -I../Drivers/CMSIS/Device/ST/STM32U5xx/Include -I../Drivers/CMSIS/Include -I../Middlewares/Third_Party/FreeRTOS/Source/include/ -I../Middlewares/Third_Party/FreeRTOS/Source/portable/GCC/ARM_CM33_NTZ/non_secure/ -I../Middlewares/Third_Party/FreeRTOS/Source/CMSIS_RTOS_V2/ -I../Middlewares/Third_Party/CMSIS/RTOS2/Include/ -I"/home/joakim-wennergren/Desktop/Smartwatch/Firmware/Bench/Drivers/lvgl" -O0 -ffunction-sections -fdata-sections -Wall -fstack-usage -fstack-usage -fcyclomatic-complexity -MMD -MP -MF"Drivers/lvgl/src/draw/nxp/g2d/lv_g2d_buf_map.d" -MT"Drivers/lvgl/src/draw/nxp/g2d/lv_g2d_buf_map.o" --specs=nano.specs -mfpu=fpv5-sp-d16 -mfloat-abi=hard -mthumb -o "Drivers/lvgl/src/draw/nxp/g2d/lv_g2d_buf_map.o"
arm-none-eabi-gcc "../Drivers/lvgl/src/draw/nxp/g2d/lv_g2d_utils.c" -mcpu=cortex-m33 -std=gnu11 -g3 -DDEBUG -DUSE_HAL_DRIVER -DSTM32U575xx -c -I../Core/Inc -I../Drivers/STM32U5xx_HAL_Driver/Inc -I../Drivers/STM32U5xx_HAL_Driver/Inc/Legacy -I../Drivers/CMSIS/Device/ST/STM32U5xx/Include -I../Drivers/CMSIS/Include -I../Middlewares/Third_Party/FreeRTOS/Source/include/ -I../Middlewares/Third_Party/FreeRTOS/Source/portable/GCC/ARM_CM33_NTZ/non_secure/ -I../Middlewares/Third_Party/FreeRTOS/Source/CMSIS_RTOS_V2/ -I../Middlewares/Third_Party/CMSIS/RTOS2/Include/ -I"/home/joakim-wennergren/Desktop/Smartwatch/Firmware/Bench/Drivers/lvgl" -O0 -ffunction-sections -fdata-sections -Wall -fstack-usage -fstack-usage -fcyclomatic-complexity -MMD -MP -MF"Drivers/lvgl/src/draw/nxp/g2d/lv_g2d_utils.d" -MT"Drivers/lvgl/src/draw/nxp/g2d/lv_g2d_utils.o" --specs=nano.specs -mfpu=fpv5-sp-d16 -mfloat-abi=hard -mthumb -o "Drivers/lvgl/src/draw/nxp/g2d/lv_g2d_utils.o"
arm-none-eabi-gcc "../Drivers/lvgl/src/draw/nema_gfx/lv_draw_nema_gfx.c" -mcpu=cortex-m33 -std=gnu11 -g3 -DDEBUG -DUSE_HAL_DRIVER -DSTM32U575xx -c -I../Core/Inc -I../Drivers/STM32U5xx_HAL_Driver/Inc -I../Drivers/STM32U5xx_HAL_Driver/Inc/Legacy -I../Drivers/CMSIS/Device/ST/STM32U5xx/Include -I../Drivers/CMSIS/Include -I../Middlewares/Third_Party/FreeRTOS/Source/include/ -I../Middlewares/Third_Party/FreeRTOS/Source/portable/GCC/ARM_CM33_NTZ/non_secure/ -I../Middlewares/Third_Party/FreeRTOS/Source/CMSIS_RTOS_V2/ -I../Middlewares/Third_Party/CMSIS/RTOS2/Include/ -I"/home/joakim-wennergren/Desktop/Smartwatch/Firmware/Bench/Drivers/lvgl" -O0 -ffunction-sections -fdata-sections -Wall -fstack-usage -fstack-usage -fcyclomatic-complexity -MMD -MP -MF"Drivers/lvgl/src/draw/nema_gfx/lv_draw_nema_gfx.d" -MT"Drivers/lvgl/src/draw/nema_gfx/lv_draw_nema_gfx.o" --specs=nano.specs -mfpu=fpv5-sp-d16 -mfloat-abi=hard -mthumb -o "Drivers/lvgl/src/draw/nema_gfx/lv_draw_nema_gfx.o"
arm-none-eabi-gcc "../Drivers/lvgl/src/draw/nema_gfx/lv_draw_nema_gfx_arc.c" -mcpu=cortex-m33 -std=gnu11 -g3 -DDEBUG -DUSE_HAL_DRIVER -DSTM32U575xx -c -I../Core/Inc -I../Drivers/STM32U5xx_HAL_Driver/Inc -I../Drivers/STM32U5xx_HAL_Driver/Inc/Legacy -I../Drivers/CMSIS/Device/ST/STM32U5xx/Include -I../Drivers/CMSIS/Include -I../Middlewares/Third_Party/FreeRTOS/Source/include/ -I../Middlewares/Third_Party/FreeRTOS/Source/portable/GCC/ARM_CM33_NTZ/non_secure/ -I../Middlewares/Third_Party/FreeRTOS/Source/CMSIS_RTOS_V2/ -I../Middlewares/Third_Party/CMSIS/RTOS2/Include/ -I"/home/joakim-wennergren/Desktop/Smartwatch/Firmware/Bench/Drivers/lvgl" -O0 -ffunction-sections -fdata-sections -Wall -fstack-usage -fstack-usage -fcyclomatic-complexity -MMD -MP -MF"Drivers/lvgl/src/draw/nema_gfx/lv_draw_nema_gfx_arc.d" -MT"Drivers/lvgl/src/draw/nema_gfx/lv_draw_nema_gfx_arc.o" --specs=nano.specs -mfpu=fpv5-sp-d16 -mfloat-abi=hard -mthumb -o "Drivers/lvgl/src/draw/nema_gfx/lv_draw_nema_gfx_arc.o"
arm-none-eabi-gcc "../Drivers/lvgl/src/draw/nema_gfx/lv_draw_nema_gfx_border.c" -mcpu=cortex-m33 -std=gnu11 -g3 -DDEBUG -DUSE_HAL_DRIVER -DSTM32U575xx -c -I../Core/Inc -I../Drivers/STM32U5xx_HAL_Driver/Inc -I../Drivers/STM32U5xx_HAL_Driver/Inc/Legacy -I../Drivers/CMSIS/Device/ST/STM32U5xx/Include -I../Drivers/CMSIS/Include -I../Middlewares/Third_Party/FreeRTOS/Source/include/ -I../Middlewares/Third_Party/FreeRTOS/Source/portable/GCC/ARM_CM33_NTZ/non_secure/ -I../Middlewares/Third_Party/FreeRTOS/Source/CMSIS_RTOS_V2/ -I../Middlewares/Third_Party/CMSIS/RTOS2/Include/ -I"/home/joakim-wennergren/Desktop/Smartwatch/Firmware/Bench/Drivers/lvgl" -O0 -ffunction-sections -fdata-sections -Wall -fstack-usage -fstack-usage -fcyclomatic-complexity -MMD -MP -MF"Drivers/lvgl/src/draw/nema_gfx/lv_draw_nema_gfx_border.d" -MT"Drivers/lvgl/src/draw/nema_gfx/lv_draw_nema_gfx_border.o" --specs=nano.specs -mfpu=fpv5-sp-d16 -mfloat-abi=hard -mthumb -o "Drivers/lvgl/src/draw/nema_gfx/lv_draw_nema_gfx_border.o"
arm-none-eabi-gcc "../Drivers/lvgl/src/draw/nema_gfx/lv_draw_nema_gfx_fill.c" -mcpu=cortex-m33 -std=gnu11 -g3 -DDEBUG -DUSE_HAL_DRIVER -DSTM32U575xx -c -I../Core/Inc -I../Drivers/STM32U5xx_HAL_Driver/Inc -I../Drivers/STM32U5xx_HAL_Driver/Inc/Legacy -I../Drivers/CMSIS/Device/ST/STM32U5xx/Include -I../Drivers/CMSIS/Include -I../Middlewares/Third_Party/FreeRTOS/Source/include/ -I../Middlewares/Third_Party/FreeRTOS/Source/portable/GCC/ARM_CM33_NTZ/non_secure/ -I../Middlewares/Third_Party/FreeRTOS/Source/CMSIS_RTOS_V2/ -I../Middlewares/Third_Party/CMSIS/RTOS2/Include/ -I"/home/joakim-wennergren/Desktop/Smartwatch/Firmware/Bench/Drivers/lvgl" -O0 -ffunction-sections -fdata-sections -Wall -fstack-usage -fstack-usage -fcyclomatic-complexity -MMD -MP -MF"Drivers/lvgl/src/draw/nema_gfx/lv_draw_nema_gfx_fill.d" -MT"Drivers/lvgl/src/draw/nema_gfx/lv_draw_nema_gfx_fill.o" --specs=nano.specs -mfpu=fpv5-sp-d16 -mfloat-abi=hard -mthumb -o "Drivers/lvgl/src/draw/nema_gfx/lv_draw_nema_gfx_fill.o"
arm-none-eabi-gcc "../Drivers/lvgl/src/draw/nema_gfx/lv_draw_nema_gfx_img.c" -mcpu=cortex-m33 -std=gnu11 -g3 -DDEBUG -DUSE_HAL_DRIVER -DSTM32U575xx -c -I../Core/Inc -I../Drivers/STM32U5xx_HAL_Driver/Inc -I../Drivers/STM32U5xx_HAL_Driver/Inc/Legacy -I../Drivers/CMSIS/Device/ST/STM32U5xx/Include -I../Drivers/CMSIS/Include -I../Middlewares/Third_Party/FreeRTOS/Source/include/ -I../Middlewares/Third_Party/FreeRTOS/Source/portable/GCC/ARM_CM33_NTZ/non_secure/ -I../Middlewares/Third_Party/FreeRTOS/Source/CMSIS_RTOS_V2/ -I../Middlewares/Third_Party/CMSIS/RTOS2/Include/ -I"/home/joakim-wennergren/Desktop/Smartwatch/Firmware/Bench/Drivers/lvgl" -O0 -ffunction-sections -fdata-sections -Wall -fstack-usage -fstack-usage -fcyclomatic-complexity -MMD -MP -MF"Drivers/lvgl/src/draw/nema_gfx/lv_draw_nema_gfx_img.d" -MT"Drivers/lvgl/src/draw/nema_gfx/lv_draw_nema_gfx_img.o" --specs=nano.specs -mfpu=fpv5-sp-d16 -mfloat-abi=hard -mthumb -o "Drivers/lvgl/src/draw/nema_gfx/lv_draw_nema_gfx_img.o"
arm-none-eabi-gcc "../Drivers/lvgl/src/draw/nema_gfx/lv_draw_nema_gfx_label.c" -mcpu=cortex-m33 -std=gnu11 -g3 -DDEBUG -DUSE_HAL_DRIVER -DSTM32U575xx -c -I../Core/Inc -I../Drivers/STM32U5xx_HAL_Driver/Inc -I../Drivers/STM32U5xx_HAL_Driver/Inc/Legacy -I../Drivers/CMSIS/Device/ST/STM32U5xx/Include -I../Drivers/CMSIS/Include -I../Middlewares/Third_Party/FreeRTOS/Source/include/ -I../Middlewares/Third_Party/FreeRTOS/Source/portable/GCC/ARM_CM33_NTZ/non_secure/ -I../Middlewares/Third_Party/FreeRTOS/Source/CMSIS_RTOS_V2/ -I../Middlewares/Third_Party/CMSIS/RTOS2/Include/ -I"/home/joakim-wennergren/Desktop/Smartwatch/Firmware/Bench/Drivers/lvgl" -O0 -ffunction-sections -fdata-sections -Wall -fstack-usage -fstack-usage -fcyclomatic-complexity -MMD -MP -MF"Drivers/lvgl/src/draw/nema_gfx/lv_draw_nema_gfx_label.d" -MT"Drivers/lvgl/src/draw/nema_gfx/lv_draw_nema_gfx_label.o" --specs=nano.specs -mfpu=fpv5-sp-d16 -mfloat-abi=hard -mthumb -o "Drivers/lvgl/src/draw/nema_gfx/lv_draw_nema_gfx_label.o"
arm-none-eabi-gcc "../Drivers/lvgl/src/draw/nema_gfx/lv_draw_nema_gfx_layer.c" -mcpu=cortex-m33 -std=gnu11 -g3 -DDEBUG -DUSE_HAL_DRIVER -DSTM32U575xx -c -I../Core/Inc -I../Drivers/STM32U5xx_HAL_Driver/Inc -I../Drivers/STM32U5xx_HAL_Driver/Inc/Legacy -I../Drivers/CMSIS/Device/ST/STM32U5xx/Include -I../Drivers/CMSIS/Include -I../Middlewares/Third_Party/FreeRTOS/Source/include/ -I../Middlewares/Third_Party/FreeRTOS/Source/portable/GCC/ARM_CM33_NTZ/non_secure/ -I../Middlewares/Third_Party/FreeRTOS/Source/CMSIS_RTOS_V2/ -I../Middlewares/Third_Party/CMSIS/RTOS2/Include/ -I"/home/joakim-wennergren/Desktop/Smartwatch/Firmware/Bench/Drivers/lvgl" -O0 -ffunction-sections -fdata-sections -Wall -fstack-usage -fstack-usage -fcyclomatic-complexity -MMD -MP -MF"Drivers/lvgl/src/draw/nema_gfx/lv_draw_nema_gfx_layer.d" -MT"Drivers/lvgl/src/draw/nema_gfx/lv_draw_nema_gfx_layer.o" --specs=nano.specs -mfpu=fpv5-sp-d16 -mfloat-abi=hard -mthumb -o "Drivers/lvgl/src/draw/nema_gfx/lv_draw_nema_gfx_layer.o"
arm-none-eabi-gcc "../Drivers/lvgl/src/draw/nema_gfx/lv_draw_nema_gfx_line.c" -mcpu=cortex-m33 -std=gnu11 -g3 -DDEBUG -DUSE_HAL_DRIVER -DSTM32U575xx -c -I../Core/Inc -I../Drivers/STM32U5xx_HAL_Driver/Inc -I../Drivers/STM32U5xx_HAL_Driver/Inc/Legacy -I../Drivers/CMSIS/Device/ST/STM32U5xx/Include -I../Drivers/CMSIS/Include -I../Middlewares/Third_Party/FreeRTOS/Source/include/ -I../Middlewares/Third_Party/FreeRTOS/Source/portable/GCC/ARM_CM33_NTZ/non_secure/ -I../Middlewares/Third_Party/FreeRTOS/Source/CMSIS_RTOS_V2/ -I../Middlewares/Third_Party/CMSIS/RTOS2/Include/ -I"/home/joakim-wennergren/Desktop/Smartwatch/Firmware/Bench/Drivers/lvgl" -O0 -ffunction-sections -fdata-sections -Wall -fstack-usage -fstack-usage -fcyclomatic-complexity -MMD -MP -MF"Drivers/lvgl/src/draw/nema_gfx/lv_draw_nema_gfx_line.d" -MT"Drivers/lvgl/src/draw/nema_gfx/lv_draw_nema_gfx_line.o" --specs=nano.specs -mfpu=fpv5-sp-d16 -mfloat-abi=hard -mthumb -o "Drivers/lvgl/src/draw/nema_gfx/lv_draw_nema_gfx_line.o"
arm-none-eabi-gcc "../Drivers/lvgl/src/draw/nema_gfx/lv_draw_nema_gfx_stm32_hal.c" -mcpu=cortex-m33 -std=gnu11 -g3 -DDEBUG -DUSE_HAL_DRIVER -DSTM32U575xx -c -I../Core/Inc -I../Drivers/STM32U5xx_HAL_Driver/Inc -I../Drivers/STM32U5xx_HAL_Driver/Inc/Legacy -I../Drivers/CMSIS/Device/ST/STM32U5xx/Include -I../Drivers/CMSIS/Include -I../Middlewares/Third_Party/FreeRTOS/Source/include/ -I../Middlewares/Third_Party/FreeRTOS/Source/portable/GCC/ARM_CM33_NTZ/non_secure/ -I../Middlewares/Third_Party/FreeRTOS/Source/CMSIS_RTOS_V2/ -I../Middlewares/Third_Party/CMSIS/RTOS2/Include/ -I"/home/joakim-wennergren/Desktop/Smartwatch/Firmware/Bench/Drivers/lvgl" -O0 -ffunction-sections -fdata-sections -Wall -fstack-usage -fstack-usage -fcyclomatic-complexity -MMD -MP -MF"Drivers/lvgl/src/draw/nema_gfx/lv_draw_nema_gfx_stm32_hal.d" -MT"Drivers/lvgl/src/draw/nema_gfx/lv_draw_nema_gfx_stm32_hal.o" --specs=nano.specs -mfpu=fpv5-sp-d16 -mfloat-abi=hard -mthumb -o "Drivers/lvgl/src/draw/nema_gfx/lv_draw_nema_gfx_stm32_hal.o"
arm-none-eabi-gcc "../Drivers/lvgl/src/draw/nema_gfx/lv_draw_nema_gfx_triangle.c" -mcpu=cortex-m33 -std=gnu11 -g3 -DDEBUG -DUSE_HAL_DRIVER -DSTM32U575xx -c -I../Core/Inc -I../Drivers/STM32U5xx_HAL_Driver/Inc -I../Drivers/STM32U5xx_HAL_Driver/Inc/Legacy -I../Drivers/CMSIS/Device/ST/STM32U5xx/Include -I../Drivers/CMSIS/Include -I../Middlewares/Third_Party/FreeRTOS/Source/include/ -I../Middlewares/Third_Party/FreeRTOS/Source/portable/GCC/ARM_CM33_NTZ/non_secure/ -I../Middlewares/Third_Party/FreeRTOS/Source/CMSIS_RTOS_V2/ -I../Middlewares/Third_Party/CMSIS/RTOS2/Include/ -I"/home/joakim-wennergren/Desktop/Smartwatch/Firmware/Bench/Drivers/lvgl" -O0 -ffunction-sections -fdata-sections -Wall -fstack-usage -fstack-usage -fcyclomatic-complexity -MMD -MP -MF"Drivers/lvgl/src/draw/nema_gfx/lv_draw_nema_gfx_triangle.d" -MT"Drivers/lvgl/src/draw/nema_gfx/lv_draw_nema_gfx_triangle.o" --specs=nano.specs -mfpu=fpv5-sp-d16 -mfloat-abi=hard -mthumb -o "Drivers/lvgl/src/draw/nema_gfx/lv_draw_nema_gfx_triangle.o"
arm-none-eabi-gcc "../Drivers/lvgl/src/draw/nema_gfx/lv_draw_nema_gfx_utils.c" -mcpu=cortex-m33 -std=gnu11 -g3 -DDEBUG -DUSE_HAL_DRIVER -DSTM32U575xx -c -I../Core/Inc -I../Drivers/STM32U5xx_HAL_Driver/Inc -I../Drivers/STM32U5xx_HAL_Driver/Inc/Legacy -I../Drivers/CMSIS/Device/ST/STM32U5xx/Include -I../Drivers/CMSIS/Include -I../Middlewares/Third_Party/FreeRTOS/Source/include/ -I../Middlewares/Third_Party/FreeRTOS/Source/portable/GCC/ARM_CM33_NTZ/non_secure/ -I../Middlewares/Third_Party/FreeRTOS/Source/CMSIS_RTOS_V2/ -I../Middlewares/Third_Party/CMSIS/RTOS2/Include/ -I"/home/joakim-wennergren/Desktop/Smartwatch/Firmware/Bench/Drivers/lvgl" -O0 -ffunction-sections -fdata-sections -Wall -fstack-usage -fstack-usage -fcyclomatic-complexity -MMD -MP -MF"Drivers/lvgl/src/draw/nema_gfx/lv_draw_nema_gfx_utils.d" -MT"Drivers/lvgl/src/draw/nema_gfx/lv_draw_nema_gfx_utils.o" --specs=nano.specs -mfpu=fpv5-sp-d16 -mfloat-abi=hard -mthumb -o "Drivers/lvgl/src/draw/nema_gfx/lv_draw_nema_gfx_utils.o"
arm-none-eabi-gcc "../Drivers/lvgl/src/draw/nema_gfx/lv_nema_gfx_path.c" -mcpu=cortex-m33 -std=gnu11 -g3 -DDEBUG -DUSE_HAL_DRIVER -DSTM32U575xx -c -I../Core/Inc -I../Drivers/STM32U5xx_HAL_Driver/Inc -I../Drivers/STM32U5xx_HAL_Driver/Inc/Legacy -I../Drivers/CMSIS/Device/ST/STM32U5xx/Include -I../Drivers/CMSIS/Include -I../Middlewares/Third_Party/FreeRTOS/Source/include/ -I../Middlewares/Third_Party/FreeRTOS/Source/portable/GCC/ARM_CM33_NTZ/non_secure/ -I../Middlewares/Third_Party/FreeRTOS/Source/CMSIS_RTOS_V2/ -I../Middlewares/Third_Party/CMSIS/RTOS2/Include/ -I"/home/joakim-wennergren/Desktop/Smartwatch/Firmware/Bench/Drivers/lvgl" -O0 -ffunction-sections -fdata-sections -Wall -fstack-usage -fstack-usage -fcyclomatic-complexity -MMD -MP -MF"Drivers/lvgl/src/draw/nema_gfx/lv_nema_gfx_path.d" -MT"Drivers/lvgl/src/draw/nema_gfx/lv_nema_gfx_path.o" --specs=nano.specs -mfpu=fpv5-sp-d16 -mfloat-abi=hard -mthumb -o "Drivers/lvgl/src/draw/nema_gfx/lv_nema_gfx_path.o"
arm-none-eabi-gcc "../Drivers/lvgl/src/draw/dma2d/lv_draw_dma2d.c" -mcpu=cortex-m33 -std=gnu11 -g3 -DDEBUG -DUSE_HAL_DRIVER -DSTM32U575xx -c -I../Core/Inc -I../Drivers/STM32U5xx_HAL_Driver/Inc -I../Drivers/STM32U5xx_HAL_Driver/Inc/Legacy -I../Drivers/CMSIS/Device/ST/STM32U5xx/Include -I../Drivers/CMSIS/Include -I../Middlewares/Third_Party/FreeRTOS/Source/include/ -I../Middlewares/Third_Party/FreeRTOS/Source/portable/GCC/ARM_CM33_NTZ/non_secure/ -I../Middlewares/Third_Party/FreeRTOS/Source/CMSIS_RTOS_V2/ -I../Middlewares/Third_Party/CMSIS/RTOS2/Include/ -I"/home/joakim-wennergren/Desktop/Smartwatch/Firmware/Bench/Drivers/lvgl" -O0 -ffunction-sections -fdata-sections -Wall -fstack-usage -fstack-usage -fcyclomatic-complexity -MMD -MP -MF"Drivers/lvgl/src/draw/dma2d/lv_draw_dma2d.d" -MT"Drivers/lvgl/src/draw/dma2d/lv_draw_dma2d.o" --specs=nano.specs -mfpu=fpv5-sp-d16 -mfloat-abi=hard -mthumb -o "Drivers/lvgl/src/draw/dma2d/lv_draw_dma2d.o"
arm-none-eabi-gcc "../Drivers/lvgl/src/draw/dma2d/lv_draw_dma2d_fill.c" -mcpu=cortex-m33 -std=gnu11 -g3 -DDEBUG -DUSE_HAL_DRIVER -DSTM32U575xx -c -I../Core/Inc -I../Drivers/STM32U5xx_HAL_Driver/Inc -I../Drivers/STM32U5xx_HAL_Driver/Inc/Legacy -I../Drivers/CMSIS/Device/ST/STM32U5xx/Include -I../Drivers/CMSIS/Include -I../Middlewares/Third_Party/FreeRTOS/Source/include/ -I../Middlewares/Third_Party/FreeRTOS/Source/portable/GCC/ARM_CM33_NTZ/non_secure/ -I../Middlewares/Third_Party/FreeRTOS/Source/CMSIS_RTOS_V2/ -I../Middlewares/Third_Party/CMSIS/RTOS2/Include/ -I"/home/joakim-wennergren/Desktop/Smartwatch/Firmware/Bench/Drivers/lvgl" -O0 -ffunction-sections -fdata-sections -Wall -fstack-usage -fstack-usage -fcyclomatic-complexity -MMD -MP -MF"Drivers/lvgl/src/draw/dma2d/lv_draw_dma2d_fill.d" -MT"Drivers/lvgl/src/draw/dma2d/lv_draw_dma2d_fill.o" --specs=nano.specs -mfpu=fpv5-sp-d16 -mfloat-abi=hard -mthumb -o "Drivers/lvgl/src/draw/dma2d/lv_draw_dma2d_fill.o"
arm-none-eabi-gcc "../Drivers/lvgl/src/draw/dma2d/lv_draw_dma2d_img.c" -mcpu=cortex-m33 -std=gnu11 -g3 -DDEBUG -DUSE_HAL_DRIVER -DSTM32U575xx -c -I../Core/Inc -I../Drivers/STM32U5xx_HAL_Driver/Inc -I../Drivers/STM32U5xx_HAL_Driver/Inc/Legacy -I../Drivers/CMSIS/Device/ST/STM32U5xx/Include -I../Drivers/CMSIS/Include -I../Middlewares/Third_Party/FreeRTOS/Source/include/ -I../Middlewares/Third_Party/FreeRTOS/Source/portable/GCC/ARM_CM33_NTZ/non_secure/ -I../Middlewares/Third_Party/FreeRTOS/Source/CMSIS_RTOS_V2/ -I../Middlewares/Third_Party/CMSIS/RTOS2/Include/ -I"/home/joakim-wennergren/Desktop/Smartwatch/Firmware/Bench/Drivers/lvgl" -O0 -ffunction-sections -fdata-sections -Wall -fstack-usage -fstack-usage -fcyclomatic-complexity -MMD -MP -MF"Drivers/lvgl/src/draw/dma2d/lv_draw_dma2d_img.d" -MT"Drivers/lvgl/src/draw/dma2d/lv_draw_dma2d_img.o" --specs=nano.specs -mfpu=fpv5-sp-d16 -mfloat-abi=hard -mthumb -o "Drivers/lvgl/src/draw/dma2d/lv_draw_dma2d_img.o"
arm-none-eabi-gcc "../Drivers/lvgl/src/draw/lv_draw.c" -mcpu=cortex-m33 -std=gnu11 -g3 -DDEBUG -DUSE_HAL_DRIVER -DSTM32U575xx -c -I../Core/Inc -I../Drivers/STM32U5xx_HAL_Driver/Inc -I../Drivers/STM32U5xx_HAL_Driver/Inc/Legacy -I../Drivers/CMSIS/Device/ST/STM32U5xx/Include -I../Drivers/CMSIS/Include -I../Middlewares/Third_Party/FreeRTOS/Source/include/ -I../Middlewares/Third_Party/FreeRTOS/Source/portable/GCC/ARM_CM33_NTZ/non_secure/ -I../Middlewares/Third_Party/FreeRTOS/Source/CMSIS_RTOS_V2/ -I../Middlewares/Third_Party/CMSIS/RTOS2/Include/ -I"/home/joakim-wennergren/Desktop/Smartwatch/Firmware/Bench/Drivers/lvgl" -O0 -ffunction-sections -fdata-sections -Wall -fstack-usage -fstack-usage -fcyclomatic-complexity -MMD -MP -MF"Drivers/lvgl/src/draw/lv_draw.d" -MT"Drivers/lvgl/src/draw/lv_draw.o" --specs=nano.specs -mfpu=fpv5-sp-d16 -mfloat-abi=hard -mthumb -o "Drivers/lvgl/src/draw/lv_draw.o"
arm-none-eabi-gcc "../Drivers/lvgl/src/draw/lv_draw_3d.c" -mcpu=cortex-m33 -std=gnu11 -g3 -DDEBUG -DUSE_HAL_DRIVER -DSTM32U575xx -c -I../Core/Inc -I../Drivers/STM32U5xx_HAL_Driver/Inc -I../Drivers/STM32U5xx_HAL_Driver/Inc/Legacy -I../Drivers/CMSIS/Device/ST/STM32U5xx/Include -I../Drivers/CMSIS/Include -I../Middlewares/Third_Party/FreeRTOS/Source/include/ -I../Middlewares/Third_Party/FreeRTOS/Source/portable/GCC/ARM_CM33_NTZ/non_secure/ -I../Middlewares/Third_Party/FreeRTOS/Source/CMSIS_RTOS_V2/ -I../Middlewares/Third_Party/CMSIS/RTOS2/Include/ -I"/home/joakim-wennergren/Desktop/Smartwatch/Firmware/Bench/Drivers/lvgl" -O0 -ffunction-sections -fdata-sections -Wall -fstack-usage -fstack-usage -fcyclomatic-complexity -MMD -MP -MF"Drivers/lvgl/src/draw/lv_draw_3d.d" -MT"Drivers/lvgl/src/draw/lv_draw_3d.o" --specs=nano.specs -mfpu=fpv5-sp-d16 -mfloat-abi=hard -mthumb -o "Drivers/lvgl/src/draw/lv_draw_3d.o"
arm-none-eabi-gcc "../Drivers/lvgl/src/draw/lv_draw_arc.c" -mcpu=cortex-m33 -std=gnu11 -g3 -DDEBUG -DUSE_HAL_DRIVER -DSTM32U575xx -c -I../Core/Inc -I../Drivers/STM32U5xx_HAL_Driver/Inc -I../Drivers/STM32U5xx_HAL_Driver/Inc/Legacy -I../Drivers/CMSIS/Device/ST/STM32U5xx/Include -I../Drivers/CMSIS/Include -I../Middlewares/Third_Party/FreeRTOS/Source/include/ -I../Middlewares/Third_Party/FreeRTOS/Source/portable/GCC/ARM_CM33_NTZ/non_secure/ -I../Middlewares/Third_Party/FreeRTOS/Source/CMSIS_RTOS_V2/ -I../Middlewares/Third_Party/CMSIS/RTOS2/Include/ -I"/home/joakim-wennergren/Desktop/Smartwatch/Firmware/Bench/Drivers/lvgl" -O0 -ffunction-sections -fdata-sections -Wall -fstack-usage -fstack-usage -fcyclomatic-complexity -MMD -MP -MF"Drivers/lvgl/src/draw/lv_draw_arc.d" -MT"Drivers/lvgl/src/draw/lv_draw_arc.o" --specs=nano.specs -mfpu=fpv5-sp-d16 -mfloat-abi=hard -mthumb -o "Drivers/lvgl/src/draw/lv_draw_arc.o"
arm-none-eabi-gcc "../Drivers/lvgl/src/draw/lv_draw_buf.c" -mcpu=cortex-m33 -std=gnu11 -g3 -DDEBUG -DUSE_HAL_DRIVER -DSTM32U575xx -c -I../Core/Inc -I../Drivers/STM32U5xx_HAL_Driver/Inc -I../Drivers/STM32U5xx_HAL_Driver/Inc/Legacy -I../Drivers/CMSIS/Device/ST/STM32U5xx/Include -I../Drivers/CMSIS/Include -I../Middlewares/Third_Party/FreeRTOS/Source/include/ -I../Middlewares/Third_Party/FreeRTOS/Source/portable/GCC/ARM_CM33_NTZ/non_secure/ -I../Middlewares/Third_Party/FreeRTOS/Source/CMSIS_RTOS_V2/ -I../Middlewares/Third_Party/CMSIS/RTOS2/Include/ -I"/home/joakim-wennergren/Desktop/Smartwatch/Firmware/Bench/Drivers/lvgl" -O0 -ffunction-sections -fdata-sections -Wall -fstack-usage -fstack-usage -fcyclomatic-complexity -MMD -MP -MF"Drivers/lvgl/src/draw/lv_draw_buf.d" -MT"Drivers/lvgl/src/draw/lv_draw_buf.o" --specs=nano.specs -mfpu=fpv5-sp-d16 -mfloat-abi=hard -mthumb -o "Drivers/lvgl/src/draw/lv_draw_buf.o"
arm-none-eabi-gcc "../Drivers/lvgl/src/draw/lv_draw_image.c" -mcpu=cortex-m33 -std=gnu11 -g3 -DDEBUG -DUSE_HAL_DRIVER -DSTM32U575xx -c -I../Core/Inc -I../Drivers/STM32U5xx_HAL_Driver/Inc -I../Drivers/STM32U5xx_HAL_Driver/Inc/Legacy -I../Drivers/CMSIS/Device/ST/STM32U5xx/Include -I../Drivers/CMSIS/Include -I../Middlewares/Third_Party/FreeRTOS/Source/include/ -I../Middlewares/Third_Party/FreeRTOS/Source/portable/GCC/ARM_CM33_NTZ/non_secure/ -I../Middlewares/Third_Party/FreeRTOS/Source/CMSIS_RTOS_V2/ -I../Middlewares/Third_Party/CMSIS/RTOS2/Include/ -I"/home/joakim-wennergren/Desktop/Smartwatch/Firmware/Bench/Drivers/lvgl" -O0 -ffunction-sections -fdata-sections -Wall -fstack-usage -fstack-usage -fcyclomatic-complexity -MMD -MP -MF"Drivers/lvgl/src/draw/lv_draw_image.d" -MT"Drivers/lvgl/src/draw/lv_draw_image.o" --specs=nano.specs -mfpu=fpv5-sp-d16 -mfloat-abi=hard -mthumb -o "Drivers/lvgl/src/draw/lv_draw_image.o"
arm-none-eabi-gcc "../Drivers/lvgl/src/draw/lv_draw_label.c" -mcpu=cortex-m33 -std=gnu11 -g3 -DDEBUG -DUSE_HAL_DRIVER -DSTM32U575xx -c -I../Core/Inc -I../Drivers/STM32U5xx_HAL_Driver/Inc -I../Drivers/STM32U5xx_HAL_Driver/Inc/Legacy -I../Drivers/CMSIS/Device/ST/STM32U5xx/Include -I../Drivers/CMSIS/Include -I../Middlewares/Third_Party/FreeRTOS/Source/include/ -I../Middlewares/Third_Party/FreeRTOS/Source/portable/GCC/ARM_CM33_NTZ/non_secure/ -I../Middlewares/Third_Party/FreeRTOS/Source/CMSIS_RTOS_V2/ -I../Middlewares/Third_Party/CMSIS/RTOS2/Include/ -I"/home/joakim-wennergren/Desktop/Smartwatch/Firmware/Bench/Drivers/lvgl" -O0 -ffunction-sections -fdata-sections -Wall -fstack-usage -fstack-usage -fcyclomatic-complexity -MMD -MP -MF"Drivers/lvgl/src/draw/lv_draw_label.d" -MT"Drivers/lvgl/src/draw/lv_draw_label.o" --specs=nano.specs -mfpu=fpv5-sp-d16 -mfloat-abi=hard -mthumb -o "Drivers/lvgl/src/draw/lv_draw_label.o"
arm-none-eabi-gcc "../Drivers/lvgl/src/draw/lv_draw_line.c" -mcpu=cortex-m33 -std=gnu11 -g3 -DDEBUG -DUSE_HAL_DRIVER -DSTM32U575xx -c -I../Core/Inc -I../Drivers/STM32U5xx_HAL_Driver/Inc -I../Drivers/STM32U5xx_HAL_Driver/Inc/Legacy -I../Drivers/CMSIS/Device/ST/STM32U5xx/Include -I../Drivers/CMSIS/Include -I../Middlewares/Third_Party/FreeRTOS/Source/include/ -I../Middlewares/Third_Party/FreeRTOS/Source/portable/GCC/ARM_CM33_NTZ/non_secure/ -I../Middlewares/Third_Party/FreeRTOS/Source/CMSIS_RTOS_V2/ -I../Middlewares/Third_Party/CMSIS/RTOS2/Include/ -I"/home/joakim-wennergren/Desktop/Smartwatch/Firmware/Bench/Drivers/lvgl" -O0 -ffunction-sections -fdata-sections -Wall -fstack-usage -fstack-usage -fcyclomatic-complexity -MMD -MP -MF"Drivers/lvgl/src/draw/lv_draw_line.d" -MT"Drivers/lvgl/src/draw/lv_draw_line.o" --specs=nano.specs -mfpu=fpv5-sp-d16 -mfloat-abi=hard -mthumb -o "Drivers/lvgl/src/draw/lv_draw_line.o"
arm-none-eabi-gcc "../Drivers/lvgl/src/draw/lv_draw_mask.c" -mcpu=cortex-m33 -std=gnu11 -g3 -DDEBUG -DUSE_HAL_DRIVER -DSTM32U575xx -c -I../Core/Inc -I../Drivers/STM32U5xx_HAL_Driver/Inc -I../Drivers/STM32U5xx_HAL_Driver/Inc/Legacy -I../Drivers/CMSIS/Device/ST/STM32U5xx/Include -I../Drivers/CMSIS/Include -I../Middlewares/Third_Party/FreeRTOS/Source/include/ -I../Middlewares/Third_Party/FreeRTOS/Source/portable/GCC/ARM_CM33_NTZ/non_secure/ -I../Middlewares/Third_Party/FreeRTOS/Source/CMSIS_RTOS_V2/ -I../Middlewares/Third_Party/CMSIS/RTOS2/Include/ -I"/home/joakim-wennergren/Desktop/Smartwatch/Firmware/Bench/Drivers/lvgl" -O0 -ffunction-sections -fdata-sections -Wall -fstack-usage -fstack-usage -fcyclomatic-complexity -MMD -MP -MF"Drivers/lvgl/src/draw/lv_draw_mask.d" -MT"Drivers/lvgl/src/draw/lv_draw_mask.o" --specs=nano.specs -mfpu=fpv5-sp-d16 -mfloat-abi=hard -mthumb -o "Drivers/lvgl/src/draw/lv_draw_mask.o"
arm-none-eabi-gcc "../Drivers/lvgl/src/draw/lv_draw_rect.c" -mcpu=cortex-m33 -std=gnu11 -g3 -DDEBUG -DUSE_HAL_DRIVER -DSTM32U575xx -c -I../Core/Inc -I../Drivers/STM32U5xx_HAL_Driver/Inc -I../Drivers/STM32U5xx_HAL_Driver/Inc/Legacy -I../Drivers/CMSIS/Device/ST/STM32U5xx/Include -I../Drivers/CMSIS/Include -I../Middlewares/Third_Party/FreeRTOS/Source/include/ -I../Middlewares/Third_Party/FreeRTOS/Source/portable/GCC/ARM_CM33_NTZ/non_secure/ -I../Middlewares/Third_Party/FreeRTOS/Source/CMSIS_RTOS_V2/ -I../Middlewares/Third_Party/CMSIS/RTOS2/Include/ -I"/home/joakim-wennergren/Desktop/Smartwatch/Firmware/Bench/Drivers/lvgl" -O0 -ffunction-sections -fdata-sections -Wall -fstack-usage -fstack-usage -fcyclomatic-complexity -MMD -MP -MF"Drivers/lvgl/src/draw/lv_draw_rect.d" -MT"Drivers/lvgl/src/draw/lv_draw_rect.o" --specs=nano.specs -mfpu=fpv5-sp-d16 -mfloat-abi=hard -mthumb -o "Drivers/lvgl/src/draw/lv_draw_rect.o"
arm-none-eabi-gcc "../Drivers/lvgl/src/draw/lv_draw_triangle.c" -mcpu=cortex-m33 -std=gnu11 -g3 -DDEBUG -DUSE_HAL_DRIVER -DSTM32U575xx -c -I../Core/Inc -I../Drivers/STM32U5xx_HAL_Driver/Inc -I../Drivers/STM32U5xx_HAL_Driver/Inc/Legacy -I../Drivers/CMSIS/Device/ST/STM32U5xx/Include -I../Drivers/CMSIS/Include -I../Middlewares/Third_Party/FreeRTOS/Source/include/ -I../Middlewares/Third_Party/FreeRTOS/Source/portable/GCC/ARM_CM33_NTZ/non_secure/ -I../Middlewares/Third_Party/FreeRTOS/Source/CMSIS_RTOS_V2/ -I../Middlewares/Third_Party/CMSIS/RTOS2/Include/ -I"/home/joakim-wennergren/Desktop/Smartwatch/Firmware/Bench/Drivers/lvgl" -O0 -ffunction-sections -fdata-sections -Wall -fstack-usage -fstack-usage -fcyclomatic-complexity -MMD -MP -MF"Drivers/lvgl/src/draw/lv_draw_triangle.d" -MT"Drivers/lvgl/src/draw/lv_draw_triangle.o" --specs=nano.specs -mfpu=fpv5-sp-d16 -mfloat-abi=hard -mthumb -o "Drivers/lvgl/src/draw/lv_draw_triangle.o"
arm-none-eabi-gcc "../Drivers/lvgl/src/draw/lv_draw_vector.c" -mcpu=cortex-m33 -std=gnu11 -g3 -DDEBUG -DUSE_HAL_DRIVER -DSTM32U575xx -c -I../Core/Inc -I../Drivers/STM32U5xx_HAL_Driver/Inc -I../Drivers/STM32U5xx_HAL_Driver/Inc/Legacy -I../Drivers/CMSIS/Device/ST/STM32U5xx/Include -I../Drivers/CMSIS/Include -I../Middlewares/Third_Party/FreeRTOS/Source/include/ -I../Middlewares/Third_Party/FreeRTOS/Source/portable/GCC/ARM_CM33_NTZ/non_secure/ -I../Middlewares/Third_Party/FreeRTOS/Source/CMSIS_RTOS_V2/ -I../Middlewares/Third_Party/CMSIS/RTOS2/Include/ -I"/home/joakim-wennergren/Desktop/Smartwatch/Firmware/Bench/Drivers/lvgl" -O0 -ffunction-sections -fdata-sections -Wall -fstack-usage -fstack-usage -fcyclomatic-complexity -MMD -MP -MF"Drivers/lvgl/src/draw/lv_draw_vector.d" -MT"Drivers/lvgl/src/draw/lv_draw_vector.o" --specs=nano.specs -mfpu=fpv5-sp-d16 -mfloat-abi=hard -mthumb -o "Drivers/lvgl/src/draw/lv_draw_vector.o"
arm-none-eabi-gcc "../Drivers/lvgl/src/draw/lv_image_decoder.c" -mcpu=cortex-m33 -std=gnu11 -g3 -DDEBUG -DUSE_HAL_DRIVER -DSTM32U575xx -c -I../Core/Inc -I../Drivers/STM32U5xx_HAL_Driver/Inc -I../Drivers/STM32U5xx_HAL_Driver/Inc/Legacy -I../Drivers/CMSIS/Device/ST/STM32U5xx/Include -I../Drivers/CMSIS/Include -I../Middlewares/Third_Party/FreeRTOS/Source/include/ -I../Middlewares/Third_Party/FreeRTOS/Source/portable/GCC/ARM_CM33_NTZ/non_secure/ -I../Middlewares/Third_Party/FreeRTOS/Source/CMSIS_RTOS_V2/ -I../Middlewares/Third_Party/CMSIS/RTOS2/Include/ -I"/home/joakim-wennergren/Desktop/Smartwatch/Firmware/Bench/Drivers/lvgl" -O0 -ffunction-sections -fdata-sections -Wall -fstack-usage -fstack-usage -fcyclomatic-complexity -MMD -MP -MF"Drivers/lvgl/src/draw/lv_image_decoder.d" -MT"Drivers/lvgl/src/draw/lv_image_decoder.o" --specs=nano.specs -mfpu=fpv5-sp-d16 -mfloat-abi=hard -mthumb -o "Drivers/lvgl/src/draw/lv_image_decoder.o"
arm-none-eabi-gcc "../Drivers/lvgl/src/display/lv_display.c" -mcpu=cortex-m33 -std=gnu11 -g3 -DDEBUG -DUSE_HAL_DRIVER -DSTM32U575xx -c -I../Core/Inc -I../Drivers/STM32U5xx_HAL_Driver/Inc -I../Drivers/STM32U5xx_HAL_Driver/Inc/Legacy -I../Drivers/CMSIS/Device/ST/STM32U5xx/Include -I../Drivers/CMSIS/Include -I../Middlewares/Third_Party/FreeRTOS/Source/include/ -I../Middlewares/Third_Party/FreeRTOS/Source/portable/GCC/ARM_CM33_NTZ/non_secure/ -I../Middlewares/Third_Party/FreeRTOS/Source/CMSIS_RTOS_V2/ -I../Middlewares/Third_Party/CMSIS/RTOS2/Include/ -I"/home/joakim-wennergren/Desktop/Smartwatch/Firmware/Bench/Drivers/lvgl" -O0 -ffunction-sections -fdata-sections -Wall -fstack-usage -fstack-usage -fcyclomatic-complexity -MMD -MP -MF"Drivers/lvgl/src/display/lv_display.d" -MT"Drivers/lvgl/src/display/lv_display.o" --specs=nano.specs -mfpu=fpv5-sp-d16 -mfloat-abi=hard -mthumb -o "Drivers/lvgl/src/display/lv_display.o"
arm-none-eabi-gcc "../Drivers/lvgl/src/core/lv_group.c" -mcpu=cortex-m33 -std=gnu11 -g3 -DDEBUG -DUSE_HAL_DRIVER -DSTM32U575xx -c -I../Core/Inc -I../Drivers/STM32U5xx_HAL_Driver/Inc -I../Drivers/STM32U5xx_HAL_Driver/Inc/Legacy -I../Drivers/CMSIS/Device/ST/STM32U5xx/Include -I../Drivers/CMSIS/Include -I../Middlewares/Third_Party/FreeRTOS/Source/include/ -I../Middlewares/Third_Party/FreeRTOS/Source/portable/GCC/ARM_CM33_NTZ/non_secure/ -I../Middlewares/Third_Party/FreeRTOS/Source/CMSIS_RTOS_V2/ -I../Middlewares/Third_Party/CMSIS/RTOS2/Include/ -I"/home/joakim-wennergren/Desktop/Smartwatch/Firmware/Bench/Drivers/lvgl" -O0 -ffunction-sections -fdata-sections -Wall -fstack-usage -fstack-usage -fcyclomatic-complexity -MMD -MP -MF"Drivers/lvgl/src/core/lv_group.d" -MT"Drivers/lvgl/src/core/lv_group.o" --specs=nano.specs -mfpu=fpv5-sp-d16 -mfloat-abi=hard -mthumb -o "Drivers/lvgl/src/core/lv_group.o"
arm-none-eabi-gcc "../Drivers/lvgl/src/core/lv_obj.c" -mcpu=cortex-m33 -std=gnu11 -g3 -DDEBUG -DUSE_HAL_DRIVER -DSTM32U575xx -c -I../Core/Inc -I../Drivers/STM32U5xx_HAL_Driver/Inc -I../Drivers/STM32U5xx_HAL_Driver/Inc/Legacy -I../Drivers/CMSIS/Device/ST/STM32U5xx/Include -I../Drivers/CMSIS/Include -I../Middlewares/Third_Party/FreeRTOS/Source/include/ -I../Middlewares/Third_Party/FreeRTOS/Source/portable/GCC/ARM_CM33_NTZ/non_secure/ -I../Middlewares/Third_Party/FreeRTOS/Source/CMSIS_RTOS_V2/ -I../Middlewares/Third_Party/CMSIS/RTOS2/Include/ -I"/home/joakim-wennergren/Desktop/Smartwatch/Firmware/Bench/Drivers/lvgl" -O0 -ffunction-sections -fdata-sections -Wall -fstack-usage -fstack-usage -fcyclomatic-complexity -MMD -MP -MF"Drivers/lvgl/src/core/lv_obj.d" -MT"Drivers/lvgl/src/core/lv_obj.o" --specs=nano.specs -mfpu=fpv5-sp-d16 -mfloat-abi=hard -mthumb -o "Drivers/lvgl/src/core/lv_obj.o"
arm-none-eabi-gcc "../Drivers/lvgl/src/core/lv_obj_class.c" -mcpu=cortex-m33 -std=gnu11 -g3 -DDEBUG -DUSE_HAL_DRIVER -DSTM32U575xx -c -I../Core/Inc -I../Drivers/STM32U5xx_HAL_Driver/Inc -I../Drivers/STM32U5xx_HAL_Driver/Inc/Legacy -I../Drivers/CMSIS/Device/ST/STM32U5xx/Include -I../Drivers/CMSIS/Include -I../Middlewares/Third_Party/FreeRTOS/Source/include/ -I../Middlewares/Third_Party/FreeRTOS/Source/portable/GCC/ARM_CM33_NTZ/non_secure/ -I../Middlewares/Third_Party/FreeRTOS/Source/CMSIS_RTOS_V2/ -I../Middlewares/Third_Party/CMSIS/RTOS2/Include/ -I"/home/joakim-wennergren/Desktop/Smartwatch/Firmware/Bench/Drivers/lvgl" -O0 -ffunction-sections -fdata-sections -Wall -fstack-usage -fstack-usage -fcyclomatic-complexity -MMD -MP -MF"Drivers/lvgl/src/core/lv_obj_class.d" -MT"Drivers/lvgl/src/core/lv_obj_class.o" --specs=nano.specs -mfpu=fpv5-sp-d16 -mfloat-abi=hard -mthumb -o "Drivers/lvgl/src/core/lv_obj_class.o"
arm-none-eabi-gcc "../Drivers/lvgl/src/core/lv_obj_draw.c" -mcpu=cortex-m33 -std=gnu11 -g3 -DDEBUG -DUSE_HAL_DRIVER -DSTM32U575xx -c -I../Core/Inc -I../Drivers/STM32U5xx_HAL_Driver/Inc -I../Drivers/STM32U5xx_HAL_Driver/Inc/Legacy -I../Drivers/CMSIS/Device/ST/STM32U5xx/Include -I../Drivers/CMSIS/Include -I../Middlewares/Third_Party/FreeRTOS/Source/include/ -I../Middlewares/Third_Party/FreeRTOS/Source/portable/GCC/ARM_CM33_NTZ/non_secure/ -I../Middlewares/Third_Party/FreeRTOS/Source/CMSIS_RTOS_V2/ -I../Middlewares/Third_Party/CMSIS/RTOS2/Include/ -I"/home/joakim-wennergren/Desktop/Smartwatch/Firmware/Bench/Drivers/lvgl" -O0 -ffunction-sections -fdata-sections -Wall -fstack-usage -fstack-usage -fcyclomatic-complexity -MMD -MP -MF"Drivers/lvgl/src/core/lv_obj_draw.d" -MT"Drivers/lvgl/src/core/lv_obj_draw.o" --specs=nano.specs -mfpu=fpv5-sp-d16 -mfloat-abi=hard -mthumb -o "Drivers/lvgl/src/core/lv_obj_draw.o"
arm-none-eabi-gcc "../Drivers/lvgl/src/core/lv_obj_event.c" -mcpu=cortex-m33 -std=gnu11 -g3 -DDEBUG -DUSE_HAL_DRIVER -DSTM32U575xx -c -I../Core/Inc -I../Drivers/STM32U5xx_HAL_Driver/Inc -I../Drivers/STM32U5xx_HAL_Driver/Inc/Legacy -I../Drivers/CMSIS/Device/ST/STM32U5xx/Include -I../Drivers/CMSIS/Include -I../Middlewares/Third_Party/FreeRTOS/Source/include/ -I../Middlewares/Third_Party/FreeRTOS/Source/portable/GCC/ARM_CM33_NTZ/non_secure/ -I../Middlewares/Third_Party/FreeRTOS/Source/CMSIS_RTOS_V2/ -I../Middlewares/Third_Party/CMSIS/RTOS2/Include/ -I"/home/joakim-wennergren/Desktop/Smartwatch/Firmware/Bench/Drivers/lvgl" -O0 -ffunction-sections -fdata-sections -Wall -fstack-usage -fstack-usage -fcyclomatic-complexity -MMD -MP -MF"Drivers/lvgl/src/core/lv_obj_event.d" -MT"Drivers/lvgl/src/core/lv_obj_event.o" --specs=nano.specs -mfpu=fpv5-sp-d16 -mfloat-abi=hard -mthumb -o "Drivers/lvgl/src/core/lv_obj_event.o"
arm-none-eabi-gcc "../Drivers/lvgl/src/core/lv_obj_id_builtin.c" -mcpu=cortex-m33 -std=gnu11 -g3 -DDEBUG -DUSE_HAL_DRIVER -DSTM32U575xx -c -I../Core/Inc -I../Drivers/STM32U5xx_HAL_Driver/Inc -I../Drivers/STM32U5xx_HAL_Driver/Inc/Legacy -I../Drivers/CMSIS/Device/ST/STM32U5xx/Include -I../Drivers/CMSIS/Include -I../Middlewares/Third_Party/FreeRTOS/Source/include/ -I../Middlewares/Third_Party/FreeRTOS/Source/portable/GCC/ARM_CM33_NTZ/non_secure/ -I../Middlewares/Third_Party/FreeRTOS/Source/CMSIS_RTOS_V2/ -I../Middlewares/Third_Party/CMSIS/RTOS2/Include/ -I"/home/joakim-wennergren/Desktop/Smartwatch/Firmware/Bench/Drivers/lvgl" -O0 -ffunction-sections -fdata-sections -Wall -fstack-usage -fstack-usage -fcyclomatic-complexity -MMD -MP -MF"Drivers/lvgl/src/core/lv_obj_id_builtin.d" -MT"Drivers/lvgl/src/core/lv_obj_id_builtin.o" --specs=nano.specs -mfpu=fpv5-sp-d16 -mfloat-abi=hard -mthumb -o "Drivers/lvgl/src/core/lv_obj_id_builtin.o"
arm-none-eabi-gcc "../Drivers/lvgl/src/core/lv_obj_pos.c" -mcpu=cortex-m33 -std=gnu11 -g3 -DDEBUG -DUSE_HAL_DRIVER -DSTM32U575xx -c -I../Core/Inc -I../Drivers/STM32U5xx_HAL_Driver/Inc -I../Drivers/STM32U5xx_HAL_Driver/Inc/Legacy -I../Drivers/CMSIS/Device/ST/STM32U5xx/Include -I../Drivers/CMSIS/Include -I../Middlewares/Third_Party/FreeRTOS/Source/include/ -I../Middlewares/Third_Party/FreeRTOS/Source/portable/GCC/ARM_CM33_NTZ/non_secure/ -I../Middlewares/Third_Party/FreeRTOS/Source/CMSIS_RTOS_V2/ -I../Middlewares/Third_Party/CMSIS/RTOS2/Include/ -I"/home/joakim-wennergren/Desktop/Smartwatch/Firmware/Bench/Drivers/lvgl" -O0 -ffunction-sections -fdata-sections -Wall -fstack-usage -fstack-usage -fcyclomatic-complexity -MMD -MP -MF"Drivers/lvgl/src/core/lv_obj_pos.d" -MT"Drivers/lvgl/src/core/lv_obj_pos.o" --specs=nano.specs -mfpu=fpv5-sp-d16 -mfloat-abi=hard -mthumb -o "Drivers/lvgl/src/core/lv_obj_pos.o"
arm-none-eabi-gcc "../Drivers/lvgl/src/core/lv_obj_property.c" -mcpu=cortex-m33 -std=gnu11 -g3 -DDEBUG -DUSE_HAL_DRIVER -DSTM32U575xx -c -I../Core/Inc -I../Drivers/STM32U5xx_HAL_Driver/Inc -I../Drivers/STM32U5xx_HAL_Driver/Inc/Legacy -I../Drivers/CMSIS/Device/ST/STM32U5xx/Include -I../Drivers/CMSIS/Include -I../Middlewares/Third_Party/FreeRTOS/Source/include/ -I../Middlewares/Third_Party/FreeRTOS/Source/portable/GCC/ARM_CM33_NTZ/non_secure/ -I../Middlewares/Third_Party/FreeRTOS/Source/CMSIS_RTOS_V2/ -I../Middlewares/Third_Party/CMSIS/RTOS2/Include/ -I"/home/joakim-wennergren/Desktop/Smartwatch/Firmware/Bench/Drivers/lvgl" -O0 -ffunction-sections -fdata-sections -Wall -fstack-usage -fstack-usage -fcyclomatic-complexity -MMD -MP -MF"Drivers/lvgl/src/core/lv_obj_property.d" -MT"Drivers/lvgl/src/core/lv_obj_property.o" --specs=nano.specs -mfpu=fpv5-sp-d16 -mfloat-abi=hard -mthumb -o "Drivers/lvgl/src/core/lv_obj_property.o"
arm-none-eabi-gcc "../Drivers/lvgl/src/core/lv_obj_scroll.c" -mcpu=cortex-m33 -std=gnu11 -g3 -DDEBUG -DUSE_HAL_DRIVER -DSTM32U575xx -c -I../Core/Inc -I../Drivers/STM32U5xx_HAL_Driver/Inc -I../Drivers/STM32U5xx_HAL_Driver/Inc/Legacy -I../Drivers/CMSIS/Device/ST/STM32U5xx/Include -I../Drivers/CMSIS/Include -I../Middlewares/Third_Party/FreeRTOS/Source/include/ -I../Middlewares/Third_Party/FreeRTOS/Source/portable/GCC/ARM_CM33_NTZ/non_secure/ -I../Middlewares/Third_Party/FreeRTOS/Source/CMSIS_RTOS_V2/ -I../Middlewares/Third_Party/CMSIS/RTOS2/Include/ -I"/home/joakim-wennergren/Desktop/Smartwatch/Firmware/Bench/Drivers/lvgl" -O0 -ffunction-sections -fdata-sections -Wall -fstack-usage -fstack-usage -fcyclomatic-complexity -MMD -MP -MF"Drivers/lvgl/src/core/lv_obj_scroll.d" -MT"Drivers/lvgl/src/core/lv_obj_scroll.o" --specs=nano.specs -mfpu=fpv5-sp-d16 -mfloat-abi=hard -mthumb -o "Drivers/lvgl/src/core/lv_obj_scroll.o"
arm-none-eabi-gcc "../Drivers/lvgl/src/core/lv_obj_style.c" -mcpu=cortex-m33 -std=gnu11 -g3 -DDEBUG -DUSE_HAL_DRIVER -DSTM32U575xx -c -I../Core/Inc -I../Drivers/STM32U5xx_HAL_Driver/Inc -I../Drivers/STM32U5xx_HAL_Driver/Inc/Legacy -I../Drivers/CMSIS/Device/ST/STM32U5xx/Include -I../Drivers/CMSIS/Include -I../Middlewares/Third_Party/FreeRTOS/Source/include/ -I../Middlewares/Third_Party/FreeRTOS/Source/portable/GCC/ARM_CM33_NTZ/non_secure/ -I../Middlewares/Third_Party/FreeRTOS/Source/CMSIS_RTOS_V2/ -I../Middlewares/Third_Party/CMSIS/RTOS2/Include/ -I"/home/joakim-wennergren/Desktop/Smartwatch/Firmware/Bench/Drivers/lvgl" -O0 -ffunction-sections -fdata-sections -Wall -fstack-usage -fstack-usage -fcyclomatic-complexity -MMD -MP -MF"Drivers/lvgl/src/core/lv_obj_style.d" -MT"Drivers/lvgl/src/core/lv_obj_style.o" --specs=nano.specs -mfpu=fpv5-sp-d16 -mfloat-abi=hard -mthumb -o "Drivers/lvgl/src/core/lv_obj_style.o"
arm-none-eabi-gcc "../Drivers/lvgl/src/core/lv_obj_style_gen.c" -mcpu=cortex-m33 -std=gnu11 -g3 -DDEBUG -DUSE_HAL_DRIVER -DSTM32U575xx -c -I../Core/Inc -I../Drivers/STM32U5xx_HAL_Driver/Inc -I../Drivers/STM32U5xx_HAL_Driver/Inc/Legacy -I../Drivers/CMSIS/Device/ST/STM32U5xx/Include -I../Drivers/CMSIS/Include -I../Middlewares/Third_Party/FreeRTOS/Source/include/ -I../Middlewares/Third_Party/FreeRTOS/Source/portable/GCC/ARM_CM33_NTZ/non_secure/ -I../Middlewares/Third_Party/FreeRTOS/Source/CMSIS_RTOS_V2/ -I../Middlewares/Third_Party/CMSIS/RTOS2/Include/ -I"/home/joakim-wennergren/Desktop/Smartwatch/Firmware/Bench/Drivers/lvgl" -O0 -ffunction-sections -fdata-sections -Wall -fstack-usage -fstack-usage -fcyclomatic-complexity -MMD -MP -MF"Drivers/lvgl/src/core/lv_obj_style_gen.d" -MT"Drivers/lvgl/src/core/lv_obj_style_gen.o" --specs=nano.specs -mfpu=fpv5-sp-d16 -mfloat-abi=hard -mthumb -o "Drivers/lvgl/src/core/lv_obj_style_gen.o"
arm-none-eabi-gcc "../Drivers/lvgl/src/core/lv_obj_tree.c" -mcpu=cortex-m33 -std=gnu11 -g3 -DDEBUG -DUSE_HAL_DRIVER -DSTM32U575xx -c -I../Core/Inc -I../Drivers/STM32U5xx_HAL_Driver/Inc -I../Drivers/STM32U5xx_HAL_Driver/Inc/Legacy -I../Drivers/CMSIS/Device/ST/STM32U5xx/Include -I../Drivers/CMSIS/Include -I../Middlewares/Third_Party/FreeRTOS/Source/include/ -I../Middlewares/Third_Party/FreeRTOS/Source/portable/GCC/ARM_CM33_NTZ/non_secure/ -I../Middlewares/Third_Party/FreeRTOS/Source/CMSIS_RTOS_V2/ -I../Middlewares/Third_Party/CMSIS/RTOS2/Include/ -I"/home/joakim-wennergren/Desktop/Smartwatch/Firmware/Bench/Drivers/lvgl" -O0 -ffunction-sections -fdata-sections -Wall -fstack-usage -fstack-usage -fcyclomatic-complexity -MMD -MP -MF"Drivers/lvgl/src/core/lv_obj_tree.d" -MT"Drivers/lvgl/src/core/lv_obj_tree.o" --specs=nano.specs -mfpu=fpv5-sp-d16 -mfloat-abi=hard -mthumb -o "Drivers/lvgl/src/core/lv_obj_tree.o"
arm-none-eabi-gcc "../Drivers/lvgl/src/core/lv_refr.c" -mcpu=cortex-m33 -std=gnu11 -g3 -DDEBUG -DUSE_HAL_DRIVER -DSTM32U575xx -c -I../Core/Inc -I../Drivers/STM32U5xx_HAL_Driver/Inc -I../Drivers/STM32U5xx_HAL_Driver/Inc/Legacy -I../Drivers/CMSIS/Device/ST/STM32U5xx/Include -I../Drivers/CMSIS/Include -I../Middlewares/Third_Party/FreeRTOS/Source/include/ -I../Middlewares/Third_Party/FreeRTOS/Source/portable/GCC/ARM_CM33_NTZ/non_secure/ -I../Middlewares/Third_Party/FreeRTOS/Source/CMSIS_RTOS_V2/ -I../Middlewares/Third_Party/CMSIS/RTOS2/Include/ -I"/home/joakim-wennergren/Desktop/Smartwatch/Firmware/Bench/Drivers/lvgl" -O0 -ffunction-sections -fdata-sections -Wall -fstack-usage -fstack-usage -fcyclomatic-complexity -MMD -MP -MF"Drivers/lvgl/src/core/lv_refr.d" -MT"Drivers/lvgl/src/core/lv_refr.o" --specs=nano.specs -mfpu=fpv5-sp-d16 -mfloat-abi=hard -mthumb -o "Drivers/lvgl/src/core/lv_refr.o"
arm-none-eabi-gcc "../Drivers/lvgl/src/lv_init.c" -mcpu=cortex-m33 -std=gnu11 -g3 -DDEBUG -DUSE_HAL_DRIVER -DSTM32U575xx -c -I../Core/Inc -I../Drivers/STM32U5xx_HAL_Driver/Inc -I../Drivers/STM32U5xx_HAL_Driver/Inc/Legacy -I../Drivers/CMSIS/Device/ST/STM32U5xx/Include -I../Drivers/CMSIS/Include -I../Middlewares/Third_Party/FreeRTOS/Source/include/ -I../Middlewares/Third_Party/FreeRTOS/Source/portable/GCC/ARM_CM33_NTZ/non_secure/ -I../Middlewares/Third_Party/FreeRTOS/Source/CMSIS_RTOS_V2/ -I../Middlewares/Third_Party/CMSIS/RTOS2/Include/ -I"/home/joakim-wennergren/Desktop/Smartwatch/Firmware/Bench/Drivers/lvgl" -O0 -ffunction-sections -fdata-sections -Wall -fstack-usage -fstack-usage -fcyclomatic-complexity -MMD -MP -MF"Drivers/lvgl/src/lv_init.d" -MT"Drivers/lvgl/src/lv_init.o" --specs=nano.specs -mfpu=fpv5-sp-d16 -mfloat-abi=hard -mthumb -o "Drivers/lvgl/src/lv_init.o"
arm-none-eabi-gcc "../Drivers/lvgl/env_support/rt-thread/squareline/lv_ui_entry.c" -mcpu=cortex-m33 -std=gnu11 -g3 -DDEBUG -DUSE_HAL_DRIVER -DSTM32U575xx -c -I../Core/Inc -I../Drivers/STM32U5xx_HAL_Driver/Inc -I../Drivers/STM32U5xx_HAL_Driver/Inc/Legacy -I../Drivers/CMSIS/Device/ST/STM32U5xx/Include -I../Drivers/CMSIS/Include -I../Middlewares/Third_Party/FreeRTOS/Source/include/ -I../Middlewares/Third_Party/FreeRTOS/Source/portable/GCC/ARM_CM33_NTZ/non_secure/ -I../Middlewares/Third_Party/FreeRTOS/Source/CMSIS_RTOS_V2/ -I../Middlewares/Third_Party/CMSIS/RTOS2/Include/ -I"/home/joakim-wennergren/Desktop/Smartwatch/Firmware/Bench/Drivers/lvgl" -O0 -ffunction-sections -fdata-sections -Wall -fstack-usage -fstack-usage -fcyclomatic-complexity -MMD -MP -MF"Drivers/lvgl/env_support/rt-thread/squareline/lv_ui_entry.d" -MT"Drivers/lvgl/env_support/rt-thread/squareline/lv_ui_entry.o" --specs=nano.specs -mfpu=fpv5-sp-d16 -mfloat-abi=hard -mthumb -o "Drivers/lvgl/env_support/rt-thread/squareline/lv_ui_entry.o"
arm-none-eabi-gcc "../Drivers/lvgl/env_support/rt-thread/lv_rt_thread_port.c" -mcpu=cortex-m33 -std=gnu11 -g3 -DDEBUG -DUSE_HAL_DRIVER -DSTM32U575xx -c -I../Core/Inc -I../Drivers/STM32U5xx_HAL_Driver/Inc -I../Drivers/STM32U5xx_HAL_Driver/Inc/Legacy -I../Drivers/CMSIS/Device/ST/STM32U5xx/Include -I../Drivers/CMSIS/Include -I../Middlewares/Third_Party/FreeRTOS/Source/include/ -I../Middlewares/Third_Party/FreeRTOS/Source/portable/GCC/ARM_CM33_NTZ/non_secure/ -I../Middlewares/Third_Party/FreeRTOS/Source/CMSIS_RTOS_V2/ -I../Middlewares/Third_Party/CMSIS/RTOS2/Include/ -I"/home/joakim-wennergren/Desktop/Smartwatch/Firmware/Bench/Drivers/lvgl" -O0 -ffunction-sections -fdata-sections -Wall -fstack-usage -fstack-usage -fcyclomatic-complexity -MMD -MP -MF"Drivers/lvgl/env_support/rt-thread/lv_rt_thread_port.d" -MT"Drivers/lvgl/env_support/rt-thread/lv_rt_thread_port.o" --specs=nano.specs -mfpu=fpv5-sp-d16 -mfloat-abi=hard -mthumb -o "Drivers/lvgl/env_support/rt-thread/lv_rt_thread_port.o"
arm-none-eabi-gcc "../Drivers/lvgl/env_support/pikascript/pika_lv_point_t.c" -mcpu=cortex-m33 -std=gnu11 -g3 -DDEBUG -DUSE_HAL_DRIVER -DSTM32U575xx -c -I../Core/Inc -I../Drivers/STM32U5xx_HAL_Driver/Inc -I../Drivers/STM32U5xx_HAL_Driver/Inc/Legacy -I../Drivers/CMSIS/Device/ST/STM32U5xx/Include -I../Drivers/CMSIS/Include -I../Middlewares/Third_Party/FreeRTOS/Source/include/ -I../Middlewares/Third_Party/FreeRTOS/Source/portable/GCC/ARM_CM33_NTZ/non_secure/ -I../Middlewares/Third_Party/FreeRTOS/Source/CMSIS_RTOS_V2/ -I../Middlewares/Third_Party/CMSIS/RTOS2/Include/ -I"/home/joakim-wennergren/Desktop/Smartwatch/Firmware/Bench/Drivers/lvgl" -O0 -ffunction-sections -fdata-sections -Wall -fstack-usage -fstack-usage -fcyclomatic-complexity -MMD -MP -MF"Drivers/lvgl/env_support/pikascript/pika_lv_point_t.d" -MT"Drivers/lvgl/env_support/pikascript/pika_lv_point_t.o" --specs=nano.specs -mfpu=fpv5-sp-d16 -mfloat-abi=hard -mthumb -o "Drivers/lvgl/env_support/pikascript/pika_lv_point_t.o"
arm-none-eabi-gcc "../Drivers/lvgl/env_support/pikascript/pika_lv_timer_t.c" -mcpu=cortex-m33 -std=gnu11 -g3 -DDEBUG -DUSE_HAL_DRIVER -DSTM32U575xx -c -I../Core/Inc -I../Drivers/STM32U5xx_HAL_Driver/Inc -I../Drivers/STM32U5xx_HAL_Driver/Inc/Legacy -I../Drivers/CMSIS/Device/ST/STM32U5xx/Include -I../Drivers/CMSIS/Include -I../Middlewares/Third_Party/FreeRTOS/Source/include/ -I../Middlewares/Third_Party/FreeRTOS/Source/portable/GCC/ARM_CM33_NTZ/non_secure/ -I../Middlewares/Third_Party/FreeRTOS/Source/CMSIS_RTOS_V2/ -I../Middlewares/Third_Party/CMSIS/RTOS2/Include/ -I"/home/joakim-wennergren/Desktop/Smartwatch/Firmware/Bench/Drivers/lvgl" -O0 -ffunction-sections -fdata-sections -Wall -fstack-usage -fstack-usage -fcyclomatic-complexity -MMD -MP -MF"Drivers/lvgl/env_support/pikascript/pika_lv_timer_t.d" -MT"Drivers/lvgl/env_support/pikascript/pika_lv_timer_t.o" --specs=nano.specs -mfpu=fpv5-sp-d16 -mfloat-abi=hard -mthumb -o "Drivers/lvgl/env_support/pikascript/pika_lv_timer_t.o"
arm-none-eabi-gcc "../Drivers/lvgl/env_support/pikascript/pika_lv_wegit.c" -mcpu=cortex-m33 -std=gnu11 -g3 -DDEBUG -DUSE_HAL_DRIVER -DSTM32U575xx -c -I../Core/Inc -I../Drivers/STM32U5xx_HAL_Driver/Inc -I../Drivers/STM32U5xx_HAL_Driver/Inc/Legacy -I../Drivers/CMSIS/Device/ST/STM32U5xx/Include -I../Drivers/CMSIS/Include -I../Middlewares/Third_Party/FreeRTOS/Source/include/ -I../Middlewares/Third_Party/FreeRTOS/Source/portable/GCC/ARM_CM33_NTZ/non_secure/ -I../Middlewares/Third_Party/FreeRTOS/Source/CMSIS_RTOS_V2/ -I../Middlewares/Third_Party/CMSIS/RTOS2/Include/ -I"/home/joakim-wennergren/Desktop/Smartwatch/Firmware/Bench/Drivers/lvgl" -O0 -ffunction-sections -fdata-sections -Wall -fstack-usage -fstack-usage -fcyclomatic-complexity -MMD -MP -MF"Drivers/lvgl/env_support/pikascript/pika_lv_wegit.d" -MT"Drivers/lvgl/env_support/pikascript/pika_lv_wegit.o" --specs=nano.specs -mfpu=fpv5-sp-d16 -mfloat-abi=hard -mthumb -o "Drivers/lvgl/env_support/pikascript/pika_lv_wegit.o"
arm-none-eabi-gcc "../Drivers/lvgl/env_support/pikascript/pika_lvgl.c" -mcpu=cortex-m33 -std=gnu11 -g3 -DDEBUG -DUSE_HAL_DRIVER -DSTM32U575xx -c -I../Core/Inc -I../Drivers/STM32U5xx_HAL_Driver/Inc -I../Drivers/STM32U5xx_HAL_Driver/Inc/Legacy -I../Drivers/CMSIS/Device/ST/STM32U5xx/Include -I../Drivers/CMSIS/Include -I../Middlewares/Third_Party/FreeRTOS/Source/include/ -I../Middlewares/Third_Party/FreeRTOS/Source/portable/GCC/ARM_CM33_NTZ/non_secure/ -I../Middlewares/Third_Party/FreeRTOS/Source/CMSIS_RTOS_V2/ -I../Middlewares/Third_Party/CMSIS/RTOS2/Include/ -I"/home/joakim-wennergren/Desktop/Smartwatch/Firmware/Bench/Drivers/lvgl" -O0 -ffunction-sections -fdata-sections -Wall -fstack-usage -fstack-usage -fcyclomatic-complexity -MMD -MP -MF"Drivers/lvgl/env_support/pikascript/pika_lvgl.d" -MT"Drivers/lvgl/env_support/pikascript/pika_lvgl.o" --specs=nano.specs -mfpu=fpv5-sp-d16 -mfloat-abi=hard -mthumb -o "Drivers/lvgl/env_support/pikascript/pika_lvgl.o"
arm-none-eabi-gcc "../Drivers/lvgl/env_support/pikascript/pika_lvgl_indev_t.c" -mcpu=cortex-m33 -std=gnu11 -g3 -DDEBUG -DUSE_HAL_DRIVER -DSTM32U575xx -c -I../Core/Inc -I../Drivers/STM32U5xx_HAL_Driver/Inc -I../Drivers/STM32U5xx_HAL_Driver/Inc/Legacy -I../Drivers/CMSIS/Device/ST/STM32U5xx/Include -I../Drivers/CMSIS/Include -I../Middlewares/Third_Party/FreeRTOS/Source/include/ -I../Middlewares/Third_Party/FreeRTOS/Source/portable/GCC/ARM_CM33_NTZ/non_secure/ -I../Middlewares/Third_Party/FreeRTOS/Source/CMSIS_RTOS_V2/ -I../Middlewares/Third_Party/CMSIS/RTOS2/Include/ -I"/home/joakim-wennergren/Desktop/Smartwatch/Firmware/Bench/Drivers/lvgl" -O0 -ffunction-sections -fdata-sections -Wall -fstack-usage -fstack-usage -fcyclomatic-complexity -MMD -MP -MF"Drivers/lvgl/env_support/pikascript/pika_lvgl_indev_t.d" -MT"Drivers/lvgl/env_support/pikascript/pika_lvgl_indev_t.o" --specs=nano.specs -mfpu=fpv5-sp-d16 -mfloat-abi=hard -mthumb -o "Drivers/lvgl/env_support/pikascript/pika_lvgl_indev_t.o"
arm-none-eabi-gcc "../Drivers/lvgl/env_support/pikascript/pika_lvgl_lv_event.c" -mcpu=cortex-m33 -std=gnu11 -g3 -DDEBUG -DUSE_HAL_DRIVER -DSTM32U575xx -c -I../Core/Inc -I../Drivers/STM32U5xx_HAL_Driver/Inc -I../Drivers/STM32U5xx_HAL_Driver/Inc/Legacy -I../Drivers/CMSIS/Device/ST/STM32U5xx/Include -I../Drivers/CMSIS/Include -I../Middlewares/Third_Party/FreeRTOS/Source/include/ -I../Middlewares/Third_Party/FreeRTOS/Source/portable/GCC/ARM_CM33_NTZ/non_secure/ -I../Middlewares/Third_Party/FreeRTOS/Source/CMSIS_RTOS_V2/ -I../Middlewares/Third_Party/CMSIS/RTOS2/Include/ -I"/home/joakim-wennergren/Desktop/Smartwatch/Firmware/Bench/Drivers/lvgl" -O0 -ffunction-sections -fdata-sections -Wall -fstack-usage -fstack-usage -fcyclomatic-complexity -MMD -MP -MF"Drivers/lvgl/env_support/pikascript/pika_lvgl_lv_event.d" -MT"Drivers/lvgl/env_support/pikascript/pika_lvgl_lv_event.o" --specs=nano.specs -mfpu=fpv5-sp-d16 -mfloat-abi=hard -mthumb -o "Drivers/lvgl/env_support/pikascript/pika_lvgl_lv_event.o"
arm-none-eabi-gcc "../Drivers/lvgl/env_support/pikascript/pika_lvgl_lv_obj.c" -mcpu=cortex-m33 -std=gnu11 -g3 -DDEBUG -DUSE_HAL_DRIVER -DSTM32U575xx -c -I../Core/Inc -I../Drivers/STM32U5xx_HAL_Driver/Inc -I../Drivers/STM32U5xx_HAL_Driver/Inc/Legacy -I../Drivers/CMSIS/Device/ST/STM32U5xx/Include -I../Drivers/CMSIS/Include -I../Middlewares/Third_Party/FreeRTOS/Source/include/ -I../Middlewares/Third_Party/FreeRTOS/Source/portable/GCC/ARM_CM33_NTZ/non_secure/ -I../Middlewares/Third_Party/FreeRTOS/Source/CMSIS_RTOS_V2/ -I../Middlewares/Third_Party/CMSIS/RTOS2/Include/ -I"/home/joakim-wennergren/Desktop/Smartwatch/Firmware/Bench/Drivers/lvgl" -O0 -ffunction-sections -fdata-sections -Wall -fstack-usage -fstack-usage -fcyclomatic-complexity -MMD -MP -MF"Drivers/lvgl/env_support/pikascript/pika_lvgl_lv_obj.d" -MT"Drivers/lvgl/env_support/pikascript/pika_lvgl_lv_obj.o" --specs=nano.specs -mfpu=fpv5-sp-d16 -mfloat-abi=hard -mthumb -o "Drivers/lvgl/env_support/pikascript/pika_lvgl_lv_obj.o"
arm-none-eabi-gcc "../Drivers/lvgl/env_support/pikascript/pika_lvgl_lv_style_t.c" -mcpu=cortex-m33 -std=gnu11 -g3 -DDEBUG -DUSE_HAL_DRIVER -DSTM32U575xx -c -I../Core/Inc -I../Drivers/STM32U5xx_HAL_Driver/Inc -I../Drivers/STM32U5xx_HAL_Driver/Inc/Legacy -I../Drivers/CMSIS/Device/ST/STM32U5xx/Include -I../Drivers/CMSIS/Include -I../Middlewares/Third_Party/FreeRTOS/Source/include/ -I../Middlewares/Third_Party/FreeRTOS/Source/portable/GCC/ARM_CM33_NTZ/non_secure/ -I../Middlewares/Third_Party/FreeRTOS/Source/CMSIS_RTOS_V2/ -I../Middlewares/Third_Party/CMSIS/RTOS2/Include/ -I"/home/joakim-wennergren/Desktop/Smartwatch/Firmware/Bench/Drivers/lvgl" -O0 -ffunction-sections -fdata-sections -Wall -fstack-usage -fstack-usage -fcyclomatic-complexity -MMD -MP -MF"Drivers/lvgl/env_support/pikascript/pika_lvgl_lv_style_t.d" -MT"Drivers/lvgl/env_support/pikascript/pika_lvgl_lv_style_t.o" --specs=nano.specs -mfpu=fpv5-sp-d16 -mfloat-abi=hard -mthumb -o "Drivers/lvgl/env_support/pikascript/pika_lvgl_lv_style_t.o"
arm-none-eabi-gcc "../Drivers/STM32U5xx_HAL_Driver/Src/stm32u5xx_hal.c" -mcpu=cortex-m33 -std=gnu11 -g3 -DDEBUG -DUSE_HAL_DRIVER -DSTM32U575xx -c -I../Core/Inc -I../Drivers/STM32U5xx_HAL_Driver/Inc -I../Drivers/STM32U5xx_HAL_Driver/Inc/Legacy -I../Drivers/CMSIS/Device/ST/STM32U5xx/Include -I../Drivers/CMSIS/Include -I../Middlewares/Third_Party/FreeRTOS/Source/include/ -I../Middlewares/Third_Party/FreeRTOS/Source/portable/GCC/ARM_CM33_NTZ/non_secure/ -I../Middlewares/Third_Party/FreeRTOS/Source/CMSIS_RTOS_V2/ -I../Middlewares/Third_Party/CMSIS/RTOS2/Include/ -I"/home/joakim-wennergren/Desktop/Smartwatch/Firmware/Bench/Drivers/lvgl" -O0 -ffunction-sections -fdata-sections -Wall -fstack-usage -fstack-usage -fcyclomatic-complexity -MMD -MP -MF"Drivers/STM32U5xx_HAL_Driver/Src/stm32u5xx_hal.d" -MT"Drivers/STM32U5xx_HAL_Driver/Src/stm32u5xx_hal.o" --specs=nano.specs -mfpu=fpv5-sp-d16 -mfloat-abi=hard -mthumb -o "Drivers/STM32U5xx_HAL_Driver/Src/stm32u5xx_hal.o"
arm-none-eabi-gcc "../Drivers/STM32U5xx_HAL_Driver/Src/stm32u5xx_hal_cortex.c" -mcpu=cortex-m33 -std=gnu11 -g3 -DDEBUG -DUSE_HAL_DRIVER -DSTM32U575xx -c -I../Core/Inc -I../Drivers/STM32U5xx_HAL_Driver/Inc -I../Drivers/STM32U5xx_HAL_Driver/Inc/Legacy -I../Drivers/CMSIS/Device/ST/STM32U5xx/Include -I../Drivers/CMSIS/Include -I../Middlewares/Third_Party/FreeRTOS/Source/include/ -I../Middlewares/Third_Party/FreeRTOS/Source/portable/GCC/ARM_CM33_NTZ/non_secure/ -I../Middlewares/Third_Party/FreeRTOS/Source/CMSIS_RTOS_V2/ -I../Middlewares/Third_Party/CMSIS/RTOS2/Include/ -I"/home/joakim-wennergren/Desktop/Smartwatch/Firmware/Bench/Drivers/lvgl" -O0 -ffunction-sections -fdata-sections -Wall -fstack-usage -fstack-usage -fcyclomatic-complexity -MMD -MP -MF"Drivers/STM32U5xx_HAL_Driver/Src/stm32u5xx_hal_cortex.d" -MT"Drivers/STM32U5xx_HAL_Driver/Src/stm32u5xx_hal_cortex.o" --specs=nano.specs -mfpu=fpv5-sp-d16 -mfloat-abi=hard -mthumb -o "Drivers/STM32U5xx_HAL_Driver/Src/stm32u5xx_hal_cortex.o"
arm-none-eabi-gcc "../Drivers/STM32U5xx_HAL_Driver/Src/stm32u5xx_hal_dma.c" -mcpu=cortex-m33 -std=gnu11 -g3 -DDEBUG -DUSE_HAL_DRIVER -DSTM32U575xx -c -I../Core/Inc -I../Drivers/STM32U5xx_HAL_Driver/Inc -I../Drivers/STM32U5xx_HAL_Driver/Inc/Legacy -I../Drivers/CMSIS/Device/ST/STM32U5xx/Include -I../Drivers/CMSIS/Include -I../Middlewares/Third_Party/FreeRTOS/Source/include/ -I../Middlewares/Third_Party/FreeRTOS/Source/portable/GCC/ARM_CM33_NTZ/non_secure/ -I../Middlewares/Third_Party/FreeRTOS/Source/CMSIS_RTOS_V2/ -I../Middlewares/Third_Party/CMSIS/RTOS2/Include/ -I"/home/joakim-wennergren/Desktop/Smartwatch/Firmware/Bench/Drivers/lvgl" -O0 -ffunction-sections -fdata-sections -Wall -fstack-usage -fstack-usage -fcyclomatic-complexity -MMD -MP -MF"Drivers/STM32U5xx_HAL_Driver/Src/stm32u5xx_hal_dma.d" -MT"Drivers/STM32U5xx_HAL_Driver/Src/stm32u5xx_hal_dma.o" --specs=nano.specs -mfpu=fpv5-sp-d16 -mfloat-abi=hard -mthumb -o "Drivers/STM32U5xx_HAL_Driver/Src/stm32u5xx_hal_dma.o"
arm-none-eabi-gcc "../Drivers/STM32U5xx_HAL_Driver/Src/stm32u5xx_hal_dma_ex.c" -mcpu=cortex-m33 -std=gnu11 -g3 -DDEBUG -DUSE_HAL_DRIVER -DSTM32U575xx -c -I../Core/Inc -I../Drivers/STM32U5xx_HAL_Driver/Inc -I../Drivers/STM32U5xx_HAL_Driver/Inc/Legacy -I../Drivers/CMSIS/Device/ST/STM32U5xx/Include -I../Drivers/CMSIS/Include -I../Middlewares/Third_Party/FreeRTOS/Source/include/ -I../Middlewares/Third_Party/FreeRTOS/Source/portable/GCC/ARM_CM33_NTZ/non_secure/ -I../Middlewares/Third_Party/FreeRTOS/Source/CMSIS_RTOS_V2/ -I../Middlewares/Third_Party/CMSIS/RTOS2/Include/ -I"/home/joakim-wennergren/Desktop/Smartwatch/Firmware/Bench/Drivers/lvgl" -O0 -ffunction-sections -fdata-sections -Wall -fstack-usage -fstack-usage -fcyclomatic-complexity -MMD -MP -MF"Drivers/STM32U5xx_HAL_Driver/Src/stm32u5xx_hal_dma_ex.d" -MT"Drivers/STM32U5xx_HAL_Driver/Src/stm32u5xx_hal_dma_ex.o" --specs=nano.specs -mfpu=fpv5-sp-d16 -mfloat-abi=hard -mthumb -o "Drivers/STM32U5xx_HAL_Driver/Src/stm32u5xx_hal_dma_ex.o"
arm-none-eabi-gcc "../Drivers/STM32U5xx_HAL_Driver/Src/stm32u5xx_hal_exti.c" -mcpu=cortex-m33 -std=gnu11 -g3 -DDEBUG -DUSE_HAL_DRIVER -DSTM32U575xx -c -I../Core/Inc -I../Drivers/STM32U5xx_HAL_Driver/Inc -I../Drivers/STM32U5xx_HAL_Driver/Inc/Legacy -I../Drivers/CMSIS/Device/ST/STM32U5xx/Include -I../Drivers/CMSIS/Include -I../Middlewares/Third_Party/FreeRTOS/Source/include/ -I../Middlewares/Third_Party/FreeRTOS/Source/portable/GCC/ARM_CM33_NTZ/non_secure/ -I../Middlewares/Third_Party/FreeRTOS/Source/CMSIS_RTOS_V2/ -I../Middlewares/Third_Party/CMSIS/RTOS2/Include/ -I"/home/joakim-wennergren/Desktop/Smartwatch/Firmware/Bench/Drivers/lvgl" -O0 -ffunction-sections -fdata-sections -Wall -fstack-usage -fstack-usage -fcyclomatic-complexity -MMD -MP -MF"Drivers/STM32U5xx_HAL_Driver/Src/stm32u5xx_hal_exti.d" -MT"Drivers/STM32U5xx_HAL_Driver/Src/stm32u5xx_hal_exti.o" --specs=nano.specs -mfpu=fpv5-sp-d16 -mfloat-abi=hard -mthumb -o "Drivers/STM32U5xx_HAL_Driver/Src/stm32u5xx_hal_exti.o"
arm-none-eabi-gcc "../Drivers/STM32U5xx_HAL_Driver/Src/stm32u5xx_hal_flash.c" -mcpu=cortex-m33 -std=gnu11 -g3 -DDEBUG -DUSE_HAL_DRIVER -DSTM32U575xx -c -I../Core/Inc -I../Drivers/STM32U5xx_HAL_Driver/Inc -I../Drivers/STM32U5xx_HAL_Driver/Inc/Legacy -I../Drivers/CMSIS/Device/ST/STM32U5xx/Include -I../Drivers/CMSIS/Include -I../Middlewares/Third_Party/FreeRTOS/Source/include/ -I../Middlewares/Third_Party/FreeRTOS/Source/portable/GCC/ARM_CM33_NTZ/non_secure/ -I../Middlewares/Third_Party/FreeRTOS/Source/CMSIS_RTOS_V2/ -I../Middlewares/Third_Party/CMSIS/RTOS2/Include/ -I"/home/joakim-wennergren/Desktop/Smartwatch/Firmware/Bench/Drivers/lvgl" -O0 -ffunction-sections -fdata-sections -Wall -fstack-usage -fstack-usage -fcyclomatic-complexity -MMD -MP -MF"Drivers/STM32U5xx_HAL_Driver/Src/stm32u5xx_hal_flash.d" -MT"Drivers/STM32U5xx_HAL_Driver/Src/stm32u5xx_hal_flash.o" --specs=nano.specs -mfpu=fpv5-sp-d16 -mfloat-abi=hard -mthumb -o "Drivers/STM32U5xx_HAL_Driver/Src/stm32u5xx_hal_flash.o"
arm-none-eabi-gcc "../Drivers/STM32U5xx_HAL_Driver/Src/stm32u5xx_hal_flash_ex.c" -mcpu=cortex-m33 -std=gnu11 -g3 -DDEBUG -DUSE_HAL_DRIVER -DSTM32U575xx -c -I../Core/Inc -I../Drivers/STM32U5xx_HAL_Driver/Inc -I../Drivers/STM32U5xx_HAL_Driver/Inc/Legacy -I../Drivers/CMSIS/Device/ST/STM32U5xx/Include -I../Drivers/CMSIS/Include -I../Middlewares/Third_Party/FreeRTOS/Source/include/ -I../Middlewares/Third_Party/FreeRTOS/Source/portable/GCC/ARM_CM33_NTZ/non_secure/ -I../Middlewares/Third_Party/FreeRTOS/Source/CMSIS_RTOS_V2/ -I../Middlewares/Third_Party/CMSIS/RTOS2/Include/ -I"/home/joakim-wennergren/Desktop/Smartwatch/Firmware/Bench/Drivers/lvgl" -O0 -ffunction-sections -fdata-sections -Wall -fstack-usage -fstack-usage -fcyclomatic-complexity -MMD -MP -MF"Drivers/STM32U5xx_HAL_Driver/Src/stm32u5xx_hal_flash_ex.d" -MT"Drivers/STM32U5xx_HAL_Driver/Src/stm32u5xx_hal_flash_ex.o" --specs=nano.specs -mfpu=fpv5-sp-d16 -mfloat-abi=hard -mthumb -o "Drivers/STM32U5xx_HAL_Driver/Src/stm32u5xx_hal_flash_ex.o"
arm-none-eabi-gcc "../Drivers/STM32U5xx_HAL_Driver/Src/stm32u5xx_hal_gpio.c" -mcpu=cortex-m33 -std=gnu11 -g3 -DDEBUG -DUSE_HAL_DRIVER -DSTM32U575xx -c -I../Core/Inc -I../Drivers/STM32U5xx_HAL_Driver/Inc -I../Drivers/STM32U5xx_HAL_Driver/Inc/Legacy -I../Drivers/CMSIS/Device/ST/STM32U5xx/Include -I../Drivers/CMSIS/Include -I../Middlewares/Third_Party/FreeRTOS/Source/include/ -I../Middlewares/Third_Party/FreeRTOS/Source/portable/GCC/ARM_CM33_NTZ/non_secure/ -I../Middlewares/Third_Party/FreeRTOS/Source/CMSIS_RTOS_V2/ -I../Middlewares/Third_Party/CMSIS/RTOS2/Include/ -I"/home/joakim-wennergren/Desktop/Smartwatch/Firmware/Bench/Drivers/lvgl" -O0 -ffunction-sections -fdata-sections -Wall -fstack-usage -fstack-usage -fcyclomatic-complexity -MMD -MP -MF"Drivers/STM32U5xx_HAL_Driver/Src/stm32u5xx_hal_gpio.d" -MT"Drivers/STM32U5xx_HAL_Driver/Src/stm32u5xx_hal_gpio.o" --specs=nano.specs -mfpu=fpv5-sp-d16 -mfloat-abi=hard -mthumb -o "Drivers/STM32U5xx_HAL_Driver/Src/stm32u5xx_hal_gpio.o"
arm-none-eabi-gcc "../Drivers/STM32U5xx_HAL_Driver/Src/stm32u5xx_hal_gtzc.c" -mcpu=cortex-m33 -std=gnu11 -g3 -DDEBUG -DUSE_HAL_DRIVER -DSTM32U575xx -c -I../Core/Inc -I../Drivers/STM32U5xx_HAL_Driver/Inc -I../Drivers/STM32U5xx_HAL_Driver/Inc/Legacy -I../Drivers/CMSIS/Device/ST/STM32U5xx/Include -I../Drivers/CMSIS/Include -I../Middlewares/Third_Party/FreeRTOS/Source/include/ -I../Middlewares/Third_Party/FreeRTOS/Source/portable/GCC/ARM_CM33_NTZ/non_secure/ -I../Middlewares/Third_Party/FreeRTOS/Source/CMSIS_RTOS_V2/ -I../Middlewares/Third_Party/CMSIS/RTOS2/Include/ -I"/home/joakim-wennergren/Desktop/Smartwatch/Firmware/Bench/Drivers/lvgl" -O0 -ffunction-sections -fdata-sections -Wall -fstack-usage -fstack-usage -fcyclomatic-complexity -MMD -MP -MF"Drivers/STM32U5xx_HAL_Driver/Src/stm32u5xx_hal_gtzc.d" -MT"Drivers/STM32U5xx_HAL_Driver/Src/stm32u5xx_hal_gtzc.o" --specs=nano.specs -mfpu=fpv5-sp-d16 -mfloat-abi=hard -mthumb -o "Drivers/STM32U5xx_HAL_Driver/Src/stm32u5xx_hal_gtzc.o"
arm-none-eabi-gcc "../Drivers/STM32U5xx_HAL_Driver/Src/stm32u5xx_hal_i2c.c" -mcpu=cortex-m33 -std=gnu11 -g3 -DDEBUG -DUSE_HAL_DRIVER -DSTM32U575xx -c -I../Core/Inc -I../Drivers/STM32U5xx_HAL_Driver/Inc -I../Drivers/STM32U5xx_HAL_Driver/Inc/Legacy -I../Drivers/CMSIS/Device/ST/STM32U5xx/Include -I../Drivers/CMSIS/Include -I../Middlewares/Third_Party/FreeRTOS/Source/include/ -I../Middlewares/Third_Party/FreeRTOS/Source/portable/GCC/ARM_CM33_NTZ/non_secure/ -I../Middlewares/Third_Party/FreeRTOS/Source/CMSIS_RTOS_V2/ -I../Middlewares/Third_Party/CMSIS/RTOS2/Include/ -I"/home/joakim-wennergren/Desktop/Smartwatch/Firmware/Bench/Drivers/lvgl" -O0 -ffunction-sections -fdata-sections -Wall -fstack-usage -fstack-usage -fcyclomatic-complexity -MMD -MP -MF"Drivers/STM32U5xx_HAL_Driver/Src/stm32u5xx_hal_i2c.d" -MT"Drivers/STM32U5xx_HAL_Driver/Src/stm32u5xx_hal_i2c.o" --specs=nano.specs -mfpu=fpv5-sp-d16 -mfloat-abi=hard -mthumb -o "Drivers/STM32U5xx_HAL_Driver/Src/stm32u5xx_hal_i2c.o"
arm-none-eabi-gcc "../Drivers/STM32U5xx_HAL_Driver/Src/stm32u5xx_hal_i2c_ex.c" -mcpu=cortex-m33 -std=gnu11 -g3 -DDEBUG -DUSE_HAL_DRIVER -DSTM32U575xx -c -I../Core/Inc -I../Drivers/STM32U5xx_HAL_Driver/Inc -I../Drivers/STM32U5xx_HAL_Driver/Inc/Legacy -I../Drivers/CMSIS/Device/ST/STM32U5xx/Include -I../Drivers/CMSIS/Include -I../Middlewares/Third_Party/FreeRTOS/Source/include/ -I../Middlewares/Third_Party/FreeRTOS/Source/portable/GCC/ARM_CM33_NTZ/non_secure/ -I../Middlewares/Third_Party/FreeRTOS/Source/CMSIS_RTOS_V2/ -I../Middlewares/Third_Party/CMSIS/RTOS2/Include/ -I"/home/joakim-wennergren/Desktop/Smartwatch/Firmware/Bench/Drivers/lvgl" -O0 -ffunction-sections -fdata-sections -Wall -fstack-usage -fstack-usage -fcyclomatic-complexity -MMD -MP -MF"Drivers/STM32U5xx_HAL_Driver/Src/stm32u5xx_hal_i2c_ex.d" -MT"Drivers/STM32U5xx_HAL_Driver/Src/stm32u5xx_hal_i2c_ex.o" --specs=nano.specs -mfpu=fpv5-sp-d16 -mfloat-abi=hard -mthumb -o "Drivers/STM32U5xx_HAL_Driver/Src/stm32u5xx_hal_i2c_ex.o"
arm-none-eabi-gcc "../Drivers/STM32U5xx_HAL_Driver/Src/stm32u5xx_hal_icache.c" -mcpu=cortex-m33 -std=gnu11 -g3 -DDEBUG -DUSE_HAL_DRIVER -DSTM32U575xx -c -I../Core/Inc -I../Drivers/STM32U5xx_HAL_Driver/Inc -I../Drivers/STM32U5xx_HAL_Driver/Inc/Legacy -I../Drivers/CMSIS/Device/ST/STM32U5xx/Include -I../Drivers/CMSIS/Include -I../Middlewares/Third_Party/FreeRTOS/Source/include/ -I../Middlewares/Third_Party/FreeRTOS/Source/portable/GCC/ARM_CM33_NTZ/non_secure/ -I../Middlewares/Third_Party/FreeRTOS/Source/CMSIS_RTOS_V2/ -I../Middlewares/Third_Party/CMSIS/RTOS2/Include/ -I"/home/joakim-wennergren/Desktop/Smartwatch/Firmware/Bench/Drivers/lvgl" -O0 -ffunction-sections -fdata-sections -Wall -fstack-usage -fstack-usage -fcyclomatic-complexity -MMD -MP -MF"Drivers/STM32U5xx_HAL_Driver/Src/stm32u5xx_hal_icache.d" -MT"Drivers/STM32U5xx_HAL_Driver/Src/stm32u5xx_hal_icache.o" --specs=nano.specs -mfpu=fpv5-sp-d16 -mfloat-abi=hard -mthumb -o "Drivers/STM32U5xx_HAL_Driver/Src/stm32u5xx_hal_icache.o"
arm-none-eabi-gcc "../Drivers/STM32U5xx_HAL_Driver/Src/stm32u5xx_hal_ospi.c" -mcpu=cortex-m33 -std=gnu11 -g3 -DDEBUG -DUSE_HAL_DRIVER -DSTM32U575xx -c -I../Core/Inc -I../Drivers/STM32U5xx_HAL_Driver/Inc -I../Drivers/STM32U5xx_HAL_Driver/Inc/Legacy -I../Drivers/CMSIS/Device/ST/STM32U5xx/Include -I../Drivers/CMSIS/Include -I../Middlewares/Third_Party/FreeRTOS/Source/include/ -I../Middlewares/Third_Party/FreeRTOS/Source/portable/GCC/ARM_CM33_NTZ/non_secure/ -I../Middlewares/Third_Party/FreeRTOS/Source/CMSIS_RTOS_V2/ -I../Middlewares/Third_Party/CMSIS/RTOS2/Include/ -I"/home/joakim-wennergren/Desktop/Smartwatch/Firmware/Bench/Drivers/lvgl" -O0 -ffunction-sections -fdata-sections -Wall -fstack-usage -fstack-usage -fcyclomatic-complexity -MMD -MP -MF"Drivers/STM32U5xx_HAL_Driver/Src/stm32u5xx_hal_ospi.d" -MT"Drivers/STM32U5xx_HAL_Driver/Src/stm32u5xx_hal_ospi.o" --specs=nano.specs -mfpu=fpv5-sp-d16 -mfloat-abi=hard -mthumb -o "Drivers/STM32U5xx_HAL_Driver/Src/stm32u5xx_hal_ospi.o"
arm-none-eabi-gcc "../Drivers/STM32U5xx_HAL_Driver/Src/stm32u5xx_hal_pwr.c" -mcpu=cortex-m33 -std=gnu11 -g3 -DDEBUG -DUSE_HAL_DRIVER -DSTM32U575xx -c -I../Core/Inc -I../Drivers/STM32U5xx_HAL_Driver/Inc -I../Drivers/STM32U5xx_HAL_Driver/Inc/Legacy -I../Drivers/CMSIS/Device/ST/STM32U5xx/Include -I../Drivers/CMSIS/Include -I../Middlewares/Third_Party/FreeRTOS/Source/include/ -I../Middlewares/Third_Party/FreeRTOS/Source/portable/GCC/ARM_CM33_NTZ/non_secure/ -I../Middlewares/Third_Party/FreeRTOS/Source/CMSIS_RTOS_V2/ -I../Middlewares/Third_Party/CMSIS/RTOS2/Include/ -I"/home/joakim-wennergren/Desktop/Smartwatch/Firmware/Bench/Drivers/lvgl" -O0 -ffunction-sections -fdata-sections -Wall -fstack-usage -fstack-usage -fcyclomatic-complexity -MMD -MP -MF"Drivers/STM32U5xx_HAL_Driver/Src/stm32u5xx_hal_pwr.d" -MT"Drivers/STM32U5xx_HAL_Driver/Src/stm32u5xx_hal_pwr.o" --specs=nano.specs -mfpu=fpv5-sp-d16 -mfloat-abi=hard -mthumb -o "Drivers/STM32U5xx_HAL_Driver/Src/stm32u5xx_hal_pwr.o"
arm-none-eabi-gcc "../Drivers/STM32U5xx_HAL_Driver/Src/stm32u5xx_hal_pwr_ex.c" -mcpu=cortex-m33 -std=gnu11 -g3 -DDEBUG -DUSE_HAL_DRIVER -DSTM32U575xx -c -I../Core/Inc -I../Drivers/STM32U5xx_HAL_Driver/Inc -I../Drivers/STM32U5xx_HAL_Driver/Inc/Legacy -I../Drivers/CMSIS/Device/ST/STM32U5xx/Include -I../Drivers/CMSIS/Include -I../Middlewares/Third_Party/FreeRTOS/Source/include/ -I../Middlewares/Third_Party/FreeRTOS/Source/portable/GCC/ARM_CM33_NTZ/non_secure/ -I../Middlewares/Third_Party/FreeRTOS/Source/CMSIS_RTOS_V2/ -I../Middlewares/Third_Party/CMSIS/RTOS2/Include/ -I"/home/joakim-wennergren/Desktop/Smartwatch/Firmware/Bench/Drivers/lvgl" -O0 -ffunction-sections -fdata-sections -Wall -fstack-usage -fstack-usage -fcyclomatic-complexity -MMD -MP -MF"Drivers/STM32U5xx_HAL_Driver/Src/stm32u5xx_hal_pwr_ex.d" -MT"Drivers/STM32U5xx_HAL_Driver/Src/stm32u5xx_hal_pwr_ex.o" --specs=nano.specs -mfpu=fpv5-sp-d16 -mfloat-abi=hard -mthumb -o "Drivers/STM32U5xx_HAL_Driver/Src/stm32u5xx_hal_pwr_ex.o"
arm-none-eabi-gcc "../Drivers/STM32U5xx_HAL_Driver/Src/stm32u5xx_hal_rcc.c" -mcpu=cortex-m33 -std=gnu11 -g3 -DDEBUG -DUSE_HAL_DRIVER -DSTM32U575xx -c -I../Core/Inc -I../Drivers/STM32U5xx_HAL_Driver/Inc -I../Drivers/STM32U5xx_HAL_Driver/Inc/Legacy -I../Drivers/CMSIS/Device/ST/STM32U5xx/Include -I../Drivers/CMSIS/Include -I../Middlewares/Third_Party/FreeRTOS/Source/include/ -I../Middlewares/Third_Party/FreeRTOS/Source/portable/GCC/ARM_CM33_NTZ/non_secure/ -I../Middlewares/Third_Party/FreeRTOS/Source/CMSIS_RTOS_V2/ -I../Middlewares/Third_Party/CMSIS/RTOS2/Include/ -I"/home/joakim-wennergren/Desktop/Smartwatch/Firmware/Bench/Drivers/lvgl" -O0 -ffunction-sections -fdata-sections -Wall -fstack-usage -fstack-usage -fcyclomatic-complexity -MMD -MP -MF"Drivers/STM32U5xx_HAL_Driver/Src/stm32u5xx_hal_rcc.d" -MT"Drivers/STM32U5xx_HAL_Driver/Src/stm32u5xx_hal_rcc.o" --specs=nano.specs -mfpu=fpv5-sp-d16 -mfloat-abi=hard -mthumb -o "Drivers/STM32U5xx_HAL_Driver/Src/stm32u5xx_hal_rcc.o"
arm-none-eabi-gcc "../Drivers/STM32U5xx_HAL_Driver/Src/stm32u5xx_hal_rcc_ex.c" -mcpu=cortex-m33 -std=gnu11 -g3 -DDEBUG -DUSE_HAL_DRIVER -DSTM32U575xx -c -I../Core/Inc -I../Drivers/STM32U5xx_HAL_Driver/Inc -I../Drivers/STM32U5xx_HAL_Driver/Inc/Legacy -I../Drivers/CMSIS/Device/ST/STM32U5xx/Include -I../Drivers/CMSIS/Include -I../Middlewares/Third_Party/FreeRTOS/Source/include/ -I../Middlewares/Third_Party/FreeRTOS/Source/portable/GCC/ARM_CM33_NTZ/non_secure/ -I../Middlewares/Third_Party/FreeRTOS/Source/CMSIS_RTOS_V2/ -I../Middlewares/Third_Party/CMSIS/RTOS2/Include/ -I"/home/joakim-wennergren/Desktop/Smartwatch/Firmware/Bench/Drivers/lvgl" -O0 -ffunction-sections -fdata-sections -Wall -fstack-usage -fstack-usage -fcyclomatic-complexity -MMD -MP -MF"Drivers/STM32U5xx_HAL_Driver/Src/stm32u5xx_hal_rcc_ex.d" -MT"Drivers/STM32U5xx_HAL_Driver/Src/stm32u5xx_hal_rcc_ex.o" --specs=nano.specs -mfpu=fpv5-sp-d16 -mfloat-abi=hard -mthumb -o "Drivers/STM32U5xx_HAL_Driver/Src/stm32u5xx_hal_rcc_ex.o"
arm-none-eabi-gcc "../Drivers/STM32U5xx_HAL_Driver/Src/stm32u5xx_hal_rtc.c" -mcpu=cortex-m33 -std=gnu11 -g3 -DDEBUG -DUSE_HAL_DRIVER -DSTM32U575xx -c -I../Core/Inc -I../Drivers/STM32U5xx_HAL_Driver/Inc -I../Drivers/STM32U5xx_HAL_Driver/Inc/Legacy -I../Drivers/CMSIS/Device/ST/STM32U5xx/Include -I../Drivers/CMSIS/Include -I../Middlewares/Third_Party/FreeRTOS/Source/include/ -I../Middlewares/Third_Party/FreeRTOS/Source/portable/GCC/ARM_CM33_NTZ/non_secure/ -I../Middlewares/Third_Party/FreeRTOS/Source/CMSIS_RTOS_V2/ -I../Middlewares/Third_Party/CMSIS/RTOS2/Include/ -I"/home/joakim-wennergren/Desktop/Smartwatch/Firmware/Bench/Drivers/lvgl" -O0 -ffunction-sections -fdata-sections -Wall -fstack-usage -fstack-usage -fcyclomatic-complexity -MMD -MP -MF"Drivers/STM32U5xx_HAL_Driver/Src/stm32u5xx_hal_rtc.d" -MT"Drivers/STM32U5xx_HAL_Driver/Src/stm32u5xx_hal_rtc.o" --specs=nano.specs -mfpu=fpv5-sp-d16 -mfloat-abi=hard -mthumb -o "Drivers/STM32U5xx_HAL_Driver/Src/stm32u5xx_hal_rtc.o"
arm-none-eabi-gcc "../Drivers/STM32U5xx_HAL_Driver/Src/stm32u5xx_hal_rtc_ex.c" -mcpu=cortex-m33 -std=gnu11 -g3 -DDEBUG -DUSE_HAL_DRIVER -DSTM32U575xx -c -I../Core/Inc -I../Drivers/STM32U5xx_HAL_Driver/Inc -I../Drivers/STM32U5xx_HAL_Driver/Inc/Legacy -I../Drivers/CMSIS/Device/ST/STM32U5xx/Include -I../Drivers/CMSIS/Include -I../Middlewares/Third_Party/FreeRTOS/Source/include/ -I../Middlewares/Third_Party/FreeRTOS/Source/portable/GCC/ARM_CM33_NTZ/non_secure/ -I../Middlewares/Third_Party/FreeRTOS/Source/CMSIS_RTOS_V2/ -I../Middlewares/Third_Party/CMSIS/RTOS2/Include/ -I"/home/joakim-wennergren/Desktop/Smartwatch/Firmware/Bench/Drivers/lvgl" -O0 -ffunction-sections -fdata-sections -Wall -fstack-usage -fstack-usage -fcyclomatic-complexity -MMD -MP -MF"Drivers/STM32U5xx_HAL_Driver/Src/stm32u5xx_hal_rtc_ex.d" -MT"Drivers/STM32U5xx_HAL_Driver/Src/stm32u5xx_hal_rtc_ex.o" --specs=nano.specs -mfpu=fpv5-sp-d16 -mfloat-abi=hard -mthumb -o "Drivers/STM32U5xx_HAL_Driver/Src/stm32u5xx_hal_rtc_ex.o"
arm-none-eabi-gcc "../Drivers/STM32U5xx_HAL_Driver/Src/stm32u5xx_hal_tim.c" -mcpu=cortex-m33 -std=gnu11 -g3 -DDEBUG -DUSE_HAL_DRIVER -DSTM32U575xx -c -I../Core/Inc -I../Drivers/STM32U5xx_HAL_Driver/Inc -I../Drivers/STM32U5xx_HAL_Driver/Inc/Legacy -I../Drivers/CMSIS/Device/ST/STM32U5xx/Include -I../Drivers/CMSIS/Include -I../Middlewares/Third_Party/FreeRTOS/Source/include/ -I../Middlewares/Third_Party/FreeRTOS/Source/portable/GCC/ARM_CM33_NTZ/non_secure/ -I../Middlewares/Third_Party/FreeRTOS/Source/CMSIS_RTOS_V2/ -I../Middlewares/Third_Party/CMSIS/RTOS2/Include/ -I"/home/joakim-wennergren/Desktop/Smartwatch/Firmware/Bench/Drivers/lvgl" -O0 -ffunction-sections -fdata-sections -Wall -fstack-usage -fstack-usage -fcyclomatic-complexity -MMD -MP -MF"Drivers/STM32U5xx_HAL_Driver/Src/stm32u5xx_hal_tim.d" -MT"Drivers/STM32U5xx_HAL_Driver/Src/stm32u5xx_hal_tim.o" --specs=nano.specs -mfpu=fpv5-sp-d16 -mfloat-abi=hard -mthumb -o "Drivers/STM32U5xx_HAL_Driver/Src/stm32u5xx_hal_tim.o"
arm-none-eabi-gcc "../Drivers/STM32U5xx_HAL_Driver/Src/stm32u5xx_hal_tim_ex.c" -mcpu=cortex-m33 -std=gnu11 -g3 -DDEBUG -DUSE_HAL_DRIVER -DSTM32U575xx -c -I../Core/Inc -I../Drivers/STM32U5xx_HAL_Driver/Inc -I../Drivers/STM32U5xx_HAL_Driver/Inc/Legacy -I../Drivers/CMSIS/Device/ST/STM32U5xx/Include -I../Drivers/CMSIS/Include -I../Middlewares/Third_Party/FreeRTOS/Source/include/ -I../Middlewares/Third_Party/FreeRTOS/Source/portable/GCC/ARM_CM33_NTZ/non_secure/ -I../Middlewares/Third_Party/FreeRTOS/Source/CMSIS_RTOS_V2/ -I../Middlewares/Third_Party/CMSIS/RTOS2/Include/ -I"/home/joakim-wennergren/Desktop/Smartwatch/Firmware/Bench/Drivers/lvgl" -O0 -ffunction-sections -fdata-sections -Wall -fstack-usage -fstack-usage -fcyclomatic-complexity -MMD -MP -MF"Drivers/STM32U5xx_HAL_Driver/Src/stm32u5xx_hal_tim_ex.d" -MT"Drivers/STM32U5xx_HAL_Driver/Src/stm32u5xx_hal_tim_ex.o" --specs=nano.specs -mfpu=fpv5-sp-d16 -mfloat-abi=hard -mthumb -o "Drivers/STM32U5xx_HAL_Driver/Src/stm32u5xx_hal_tim_ex.o"
arm-none-eabi-gcc "../Drivers/STM32U5xx_HAL_Driver/Src/stm32u5xx_hal_uart.c" -mcpu=cortex-m33 -std=gnu11 -g3 -DDEBUG -DUSE_HAL_DRIVER -DSTM32U575xx -c -I../Core/Inc -I../Drivers/STM32U5xx_HAL_Driver/Inc -I../Drivers/STM32U5xx_HAL_Driver/Inc/Legacy -I../Drivers/CMSIS/Device/ST/STM32U5xx/Include -I../Drivers/CMSIS/Include -I../Middlewares/Third_Party/FreeRTOS/Source/include/ -I../Middlewares/Third_Party/FreeRTOS/Source/portable/GCC/ARM_CM33_NTZ/non_secure/ -I../Middlewares/Third_Party/FreeRTOS/Source/CMSIS_RTOS_V2/ -I../Middlewares/Third_Party/CMSIS/RTOS2/Include/ -I"/home/joakim-wennergren/Desktop/Smartwatch/Firmware/Bench/Drivers/lvgl" -O0 -ffunction-sections -fdata-sections -Wall -fstack-usage -fstack-usage -fcyclomatic-complexity -MMD -MP -MF"Drivers/STM32U5xx_HAL_Driver/Src/stm32u5xx_hal_uart.d" -MT"Drivers/STM32U5xx_HAL_Driver/Src/stm32u5xx_hal_uart.o" --specs=nano.specs -mfpu=fpv5-sp-d16 -mfloat-abi=hard -mthumb -o "Drivers/STM32U5xx_HAL_Driver/Src/stm32u5xx_hal_uart.o"
arm-none-eabi-gcc "../Drivers/STM32U5xx_HAL_Driver/Src/stm32u5xx_hal_uart_ex.c" -mcpu=cortex-m33 -std=gnu11 -g3 -DDEBUG -DUSE_HAL_DRIVER -DSTM32U575xx -c -I../Core/Inc -I../Drivers/STM32U5xx_HAL_Driver/Inc -I../Drivers/STM32U5xx_HAL_Driver/Inc/Legacy -I../Drivers/CMSIS/Device/ST/STM32U5xx/Include -I../Drivers/CMSIS/Include -I../Middlewares/Third_Party/FreeRTOS/Source/include/ -I../Middlewares/Third_Party/FreeRTOS/Source/portable/GCC/ARM_CM33_NTZ/non_secure/ -I../Middlewares/Third_Party/FreeRTOS/Source/CMSIS_RTOS_V2/ -I../Middlewares/Third_Party/CMSIS/RTOS2/Include/ -I"/home/joakim-wennergren/Desktop/Smartwatch/Firmware/Bench/Drivers/lvgl" -O0 -ffunction-sections -fdata-sections -Wall -fstack-usage -fstack-usage -fcyclomatic-complexity -MMD -MP -MF"Drivers/STM32U5xx_HAL_Driver/Src/stm32u5xx_hal_uart_ex.d" -MT"Drivers/STM32U5xx_HAL_Driver/Src/stm32u5xx_hal_uart_ex.o" --specs=nano.specs -mfpu=fpv5-sp-d16 -mfloat-abi=hard -mthumb -o "Drivers/STM32U5xx_HAL_Driver/Src/stm32u5xx_hal_uart_ex.o"
arm-none-eabi-gcc "../Drivers/STM32U5xx_HAL_Driver/Src/stm32u5xx_ll_dlyb.c" -mcpu=cortex-m33 -std=gnu11 -g3 -DDEBUG -DUSE_HAL_DRIVER -DSTM32U575xx -c -I../Core/Inc -I../Drivers/STM32U5xx_HAL_Driver/Inc -I../Drivers/STM32U5xx_HAL_Driver/Inc/Legacy -I../Drivers/CMSIS/Device/ST/STM32U5xx/Include -I../Drivers/CMSIS/Include -I../Middlewares/Third_Party/FreeRTOS/Source/include/ -I../Middlewares/Third_Party/FreeRTOS/Source/portable/GCC/ARM_CM33_NTZ/non_secure/ -I../Middlewares/Third_Party/FreeRTOS/Source/CMSIS_RTOS_V2/ -I../Middlewares/Third_Party/CMSIS/RTOS2/Include/ -I"/home/joakim-wennergren/Desktop/Smartwatch/Firmware/Bench/Drivers/lvgl" -O0 -ffunction-sections -fdata-sections -Wall -fstack-usage -fstack-usage -fcyclomatic-complexity -MMD -MP -MF"Drivers/STM32U5xx_HAL_Driver/Src/stm32u5xx_ll_dlyb.d" -MT"Drivers/STM32U5xx_HAL_Driver/Src/stm32u5xx_ll_dlyb.o" --specs=nano.specs -mfpu=fpv5-sp-d16 -mfloat-abi=hard -mthumb -o "Drivers/STM32U5xx_HAL_Driver/Src/stm32u5xx_ll_dlyb.o"
arm-none-eabi-gcc -mcpu=cortex-m33 -g3 -DDEBUG -c -I../Core/Inc -I../Drivers/STM32U5xx_HAL_Driver/Inc -I../Drivers/STM32U5xx_HAL_Driver/Inc/Legacy -I../Drivers/BSP/STM32U5xx_Nucleo -I../Drivers/CMSIS/Device/ST/STM32U5xx/Include -I../Drivers/CMSIS/Include -I../Middlewares/Third_Party/FreeRTOS/Source/include/ -I../Middlewares/Third_Party/FreeRTOS/Source/portable/GCC/ARM_CM33_NTZ/non_secure/ -I../Middlewares/Third_Party/FreeRTOS/Source/CMSIS_RTOS_V2/ -I../Middlewares/Third_Party/CMSIS/RTOS2/Include/ -I"/home/joakim-wennergren/Desktop/Smartwatch/Firmware/Bench/Drivers/lvgl" -x assembler-with-cpp -MMD -MP -MF"Core/Startup/startup_stm32u575zitxq.d" -MT"Core/Startup/startup_stm32u575zitxq.o" --specs=nano.specs -mfpu=fpv5-sp-d16 -mfloat-abi=hard -mthumb -o "Core/Startup/startup_stm32u575zitxq.o" "../Core/Startup/startup_stm32u575zitxq.s"
arm-none-eabi-gcc "../Core/Src/battery.c" -mcpu=cortex-m33 -std=gnu11 -g3 -DDEBUG -DUSE_HAL_DRIVER -DSTM32U575xx -c -I../Core/Inc -I../Drivers/STM32U5xx_HAL_Driver/Inc -I../Drivers/STM32U5xx_HAL_Driver/Inc/Legacy -I../Drivers/CMSIS/Device/ST/STM32U5xx/Include -I../Drivers/CMSIS/Include -I../Middlewares/Third_Party/FreeRTOS/Source/include/ -I../Middlewares/Third_Party/FreeRTOS/Source/portable/GCC/ARM_CM33_NTZ/non_secure/ -I../Middlewares/Third_Party/FreeRTOS/Source/CMSIS_RTOS_V2/ -I../Middlewares/Third_Party/CMSIS/RTOS2/Include/ -I"/home/joakim-wennergren/Desktop/Smartwatch/Firmware/Bench/Drivers/lvgl" -O0 -ffunction-sections -fdata-sections -Wall -fstack-usage -fstack-usage -fcyclomatic-complexity -MMD -MP -MF"Core/Src/battery.d" -MT"Core/Src/battery.o" --specs=nano.specs -mfpu=fpv5-sp-d16 -mfloat-abi=hard -mthumb -o "Core/Src/battery.o"
arm-none-eabi-gcc "../Core/Src/brightness.c" -mcpu=cortex-m33 -std=gnu11 -g3 -DDEBUG -DUSE_HAL_DRIVER -DSTM32U575xx -c -I../Core/Inc -I../Drivers/STM32U5xx_HAL_Driver/Inc -I../Drivers/STM32U5xx_HAL_Driver/Inc/Legacy -I../Drivers/CMSIS/Device/ST/STM32U5xx/Include -I../Drivers/CMSIS/Include -I../Middlewares/Third_Party/FreeRTOS/Source/include/ -I../Middlewares/Third_Party/FreeRTOS/Source/portable/GCC/ARM_CM33_NTZ/non_secure/ -I../Middlewares/Third_Party/FreeRTOS/Source/CMSIS_RTOS_V2/ -I../Middlewares/Third_Party/CMSIS/RTOS2/Include/ -I"/home/joakim-wennergren/Desktop/Smartwatch/Firmware/Bench/Drivers/lvgl" -O0 -ffunction-sections -fdata-sections -Wall -fstack-usage -fstack-usage -fcyclomatic-complexity -MMD -MP -MF"Core/Src/brightness.d" -MT"Core/Src/brightness.o" --specs=nano.specs -mfpu=fpv5-sp-d16 -mfloat-abi=hard -mthumb -o "Core/Src/brightness.o"
arm-none-eabi-gcc "../Core/Src/display.c" -mcpu=cortex-m33 -std=gnu11 -g3 -DDEBUG -DUSE_HAL_DRIVER -DSTM32U575xx -c -I../Core/Inc -I../Drivers/STM32U5xx_HAL_Driver/Inc -I../Drivers/STM32U5xx_HAL_Driver/Inc/Legacy -I../Drivers/CMSIS/Device/ST/STM32U5xx/Include -I../Drivers/CMSIS/Include -I../Middlewares/Third_Party/FreeRTOS/Source/include/ -I../Middlewares/Third_Party/FreeRTOS/Source/portable/GCC/ARM_CM33_NTZ/non_secure/ -I../Middlewares/Third_Party/FreeRTOS/Source/CMSIS_RTOS_V2/ -I../Middlewares/Third_Party/CMSIS/RTOS2/Include/ -I"/home/joakim-wennergren/Desktop/Smartwatch/Firmware/Bench/Drivers/lvgl" -O0 -ffunction-sections -fdata-sections -Wall -fstack-usage -fstack-usage -fcyclomatic-complexity -MMD -MP -MF"Core/Src/display.d" -MT"Core/Src/display.o" --specs=nano.specs -mfpu=fpv5-sp-d16 -mfloat-abi=hard -mthumb -o "Core/Src/display.o"
arm-none-eabi-gcc "../Core/Src/gui.c" -mcpu=cortex-m33 -std=gnu11 -g3 -DDEBUG -DUSE_HAL_DRIVER -DSTM32U575xx -c -I../Core/Inc -I../Drivers/STM32U5xx_HAL_Driver/Inc -I../Drivers/STM32U5xx_HAL_Driver/Inc/Legacy -I../Drivers/CMSIS/Device/ST/STM32U5xx/Include -I../Drivers/CMSIS/Include -I../Middlewares/Third_Party/FreeRTOS/Source/include/ -I../Middlewares/Third_Party/FreeRTOS/Source/portable/GCC/ARM_CM33_NTZ/non_secure/ -I../Middlewares/Third_Party/FreeRTOS/Source/CMSIS_RTOS_V2/ -I../Middlewares/Third_Party/CMSIS/RTOS2/Include/ -I"/home/joakim-wennergren/Desktop/Smartwatch/Firmware/Bench/Drivers/lvgl" -O0 -ffunction-sections -fdata-sections -Wall -fstack-usage -fstack-usage -fcyclomatic-complexity -MMD -MP -MF"Core/Src/gui.d" -MT"Core/Src/gui.o" --specs=nano.specs -mfpu=fpv5-sp-d16 -mfloat-abi=hard -mthumb -o "Core/Src/gui.o"
../Core/Src/display.c: In function 'CO5300_WritePixels_DMA_chunked':
../Core/Src/display.c:222:13: warning: implicit declaration of function 'printf' [-Wimplicit-function-declaration]
  222 |             printf("OSPI DMA start err=0x%08lX\n", HAL_OSPI_GetError(&hospi1));
      |             ^~~~~~
../Core/Src/display.c:9:1: note: include '<stdio.h>' or provide a declaration of 'printf'
    8 | #include <string.h>
  +++ |+#include <stdio.h>
    9 | 
../Core/Src/display.c:222:13: warning: incompatible implicit declaration of built-in function 'printf' [-Wbuiltin-declaration-mismatch]
  222 |             printf("OSPI DMA start err=0x%08lX\n", HAL_OSPI_GetError(&hospi1));
      |             ^~~~~~
../Core/Src/display.c:222:13: note: include '<stdio.h>' or provide a declaration of 'printf'
../Core/Src/display.c: At top level:
../Core/Src/display.c:239:26: warning: 'CO5300_RamWrite_Header' defined but not used [-Wunused-function]
  239 | static HAL_StatusTypeDef CO5300_RamWrite_Header(OSPI_HandleTypeDef *h, uint32_t nbytes, uint8_t qpi)
      |                          ^~~~~~~~~~~~~~~~~~~~~~
arm-none-eabi-gcc "../Core/Src/main.c" -mcpu=cortex-m33 -std=gnu11 -g3 -DDEBUG -DUSE_HAL_DRIVER -DSTM32U575xx -c -I../Core/Inc -I../Drivers/STM32U5xx_HAL_Driver/Inc -I../Drivers/STM32U5xx_HAL_Driver/Inc/Legacy -I../Drivers/CMSIS/Device/ST/STM32U5xx/Include -I../Drivers/CMSIS/Include -I../Middlewares/Third_Party/FreeRTOS/Source/include/ -I../Middlewares/Third_Party/FreeRTOS/Source/portable/GCC/ARM_CM33_NTZ/non_secure/ -I../Middlewares/Third_Party/FreeRTOS/Source/CMSIS_RTOS_V2/ -I../Middlewares/Third_Party/CMSIS/RTOS2/Include/ -I"/home/joakim-wennergren/Desktop/Smartwatch/Firmware/Bench/Drivers/lvgl" -O0 -ffunction-sections -fdata-sections -Wall -fstack-usage -fstack-usage -fcyclomatic-complexity -MMD -MP -MF"Core/Src/main.d" -MT"Core/Src/main.o" --specs=nano.specs -mfpu=fpv5-sp-d16 -mfloat-abi=hard -mthumb -o "Core/Src/main.o"
arm-none-eabi-gcc "../Core/Src/roboto_28.c" -mcpu=cortex-m33 -std=gnu11 -g3 -DDEBUG -DUSE_HAL_DRIVER -DSTM32U575xx -c -I../Core/Inc -I../Drivers/STM32U5xx_HAL_Driver/Inc -I../Drivers/STM32U5xx_HAL_Driver/Inc/Legacy -I../Drivers/CMSIS/Device/ST/STM32U5xx/Include -I../Drivers/CMSIS/Include -I../Middlewares/Third_Party/FreeRTOS/Source/include/ -I../Middlewares/Third_Party/FreeRTOS/Source/portable/GCC/ARM_CM33_NTZ/non_secure/ -I../Middlewares/Third_Party/FreeRTOS/Source/CMSIS_RTOS_V2/ -I../Middlewares/Third_Party/CMSIS/RTOS2/Include/ -I"/home/joakim-wennergren/Desktop/Smartwatch/Firmware/Bench/Drivers/lvgl" -O0 -ffunction-sections -fdata-sections -Wall -fstack-usage -fstack-usage -fcyclomatic-complexity -MMD -MP -MF"Core/Src/roboto_28.d" -MT"Core/Src/roboto_28.o" --specs=nano.specs -mfpu=fpv5-sp-d16 -mfloat-abi=hard -mthumb -o "Core/Src/roboto_28.o"
arm-none-eabi-gcc "../Core/Src/roboto_58.c" -mcpu=cortex-m33 -std=gnu11 -g3 -DDEBUG -DUSE_HAL_DRIVER -DSTM32U575xx -c -I../Core/Inc -I../Drivers/STM32U5xx_HAL_Driver/Inc -I../Drivers/STM32U5xx_HAL_Driver/Inc/Legacy -I../Drivers/CMSIS/Device/ST/STM32U5xx/Include -I../Drivers/CMSIS/Include -I../Middlewares/Third_Party/FreeRTOS/Source/include/ -I../Middlewares/Third_Party/FreeRTOS/Source/portable/GCC/ARM_CM33_NTZ/non_secure/ -I../Middlewares/Third_Party/FreeRTOS/Source/CMSIS_RTOS_V2/ -I../Middlewares/Third_Party/CMSIS/RTOS2/Include/ -I"/home/joakim-wennergren/Desktop/Smartwatch/Firmware/Bench/Drivers/lvgl" -O0 -ffunction-sections -fdata-sections -Wall -fstack-usage -fstack-usage -fcyclomatic-complexity -MMD -MP -MF"Core/Src/roboto_58.d" -MT"Core/Src/roboto_58.o" --specs=nano.specs -mfpu=fpv5-sp-d16 -mfloat-abi=hard -mthumb -o "Core/Src/roboto_58.o"
arm-none-eabi-gcc "../Core/Src/stm32u5xx_hal_msp.c" -mcpu=cortex-m33 -std=gnu11 -g3 -DDEBUG -DUSE_HAL_DRIVER -DSTM32U575xx -c -I../Core/Inc -I../Drivers/STM32U5xx_HAL_Driver/Inc -I../Drivers/STM32U5xx_HAL_Driver/Inc/Legacy -I../Drivers/CMSIS/Device/ST/STM32U5xx/Include -I../Drivers/CMSIS/Include -I../Middlewares/Third_Party/FreeRTOS/Source/include/ -I../Middlewares/Third_Party/FreeRTOS/Source/portable/GCC/ARM_CM33_NTZ/non_secure/ -I../Middlewares/Third_Party/FreeRTOS/Source/CMSIS_RTOS_V2/ -I../Middlewares/Third_Party/CMSIS/RTOS2/Include/ -I"/home/joakim-wennergren/Desktop/Smartwatch/Firmware/Bench/Drivers/lvgl" -O0 -ffunction-sections -fdata-sections -Wall -fstack-usage -fstack-usage -fcyclomatic-complexity -MMD -MP -MF"Core/Src/stm32u5xx_hal_msp.d" -MT"Core/Src/stm32u5xx_hal_msp.o" --specs=nano.specs -mfpu=fpv5-sp-d16 -mfloat-abi=hard -mthumb -o "Core/Src/stm32u5xx_hal_msp.o"
arm-none-eabi-gcc "../Core/Src/stm32u5xx_it.c" -mcpu=cortex-m33 -std=gnu11 -g3 -DDEBUG -DUSE_HAL_DRIVER -DSTM32U575xx -c -I../Core/Inc -I../Drivers/STM32U5xx_HAL_Driver/Inc -I../Drivers/STM32U5xx_HAL_Driver/Inc/Legacy -I../Drivers/CMSIS/Device/ST/STM32U5xx/Include -I../Drivers/CMSIS/Include -I../Middlewares/Third_Party/FreeRTOS/Source/include/ -I../Middlewares/Third_Party/FreeRTOS/Source/portable/GCC/ARM_CM33_NTZ/non_secure/ -I../Middlewares/Third_Party/FreeRTOS/Source/CMSIS_RTOS_V2/ -I../Middlewares/Third_Party/CMSIS/RTOS2/Include/ -I"/home/joakim-wennergren/Desktop/Smartwatch/Firmware/Bench/Drivers/lvgl" -O0 -ffunction-sections -fdata-sections -Wall -fstack-usage -fstack-usage -fcyclomatic-complexity -MMD -MP -MF"Core/Src/stm32u5xx_it.d" -MT"Core/Src/stm32u5xx_it.o" --specs=nano.specs -mfpu=fpv5-sp-d16 -mfloat-abi=hard -mthumb -o "Core/Src/stm32u5xx_it.o"
arm-none-eabi-gcc "../Core/Src/syscalls.c" -mcpu=cortex-m33 -std=gnu11 -g3 -DDEBUG -DUSE_HAL_DRIVER -DSTM32U575xx -c -I../Core/Inc -I../Drivers/STM32U5xx_HAL_Driver/Inc -I../Drivers/STM32U5xx_HAL_Driver/Inc/Legacy -I../Drivers/CMSIS/Device/ST/STM32U5xx/Include -I../Drivers/CMSIS/Include -I../Middlewares/Third_Party/FreeRTOS/Source/include/ -I../Middlewares/Third_Party/FreeRTOS/Source/portable/GCC/ARM_CM33_NTZ/non_secure/ -I../Middlewares/Third_Party/FreeRTOS/Source/CMSIS_RTOS_V2/ -I../Middlewares/Third_Party/CMSIS/RTOS2/Include/ -I"/home/joakim-wennergren/Desktop/Smartwatch/Firmware/Bench/Drivers/lvgl" -O0 -ffunction-sections -fdata-sections -Wall -fstack-usage -fstack-usage -fcyclomatic-complexity -MMD -MP -MF"Core/Src/syscalls.d" -MT"Core/Src/syscalls.o" --specs=nano.specs -mfpu=fpv5-sp-d16 -mfloat-abi=hard -mthumb -o "Core/Src/syscalls.o"
arm-none-eabi-gcc "../Core/Src/sysmem.c" -mcpu=cortex-m33 -std=gnu11 -g3 -DDEBUG -DUSE_HAL_DRIVER -DSTM32U575xx -c -I../Core/Inc -I../Drivers/STM32U5xx_HAL_Driver/Inc -I../Drivers/STM32U5xx_HAL_Driver/Inc/Legacy -I../Drivers/CMSIS/Device/ST/STM32U5xx/Include -I../Drivers/CMSIS/Include -I../Middlewares/Third_Party/FreeRTOS/Source/include/ -I../Middlewares/Third_Party/FreeRTOS/Source/portable/GCC/ARM_CM33_NTZ/non_secure/ -I../Middlewares/Third_Party/FreeRTOS/Source/CMSIS_RTOS_V2/ -I../Middlewares/Third_Party/CMSIS/RTOS2/Include/ -I"/home/joakim-wennergren/Desktop/Smartwatch/Firmware/Bench/Drivers/lvgl" -O0 -ffunction-sections -fdata-sections -Wall -fstack-usage -fstack-usage -fcyclomatic-complexity -MMD -MP -MF"Core/Src/sysmem.d" -MT"Core/Src/sysmem.o" --specs=nano.specs -mfpu=fpv5-sp-d16 -mfloat-abi=hard -mthumb -o "Core/Src/sysmem.o"
arm-none-eabi-gcc "../Core/Src/system_stm32u5xx.c" -mcpu=cortex-m33 -std=gnu11 -g3 -DDEBUG -DUSE_HAL_DRIVER -DSTM32U575xx -c -I../Core/Inc -I../Drivers/STM32U5xx_HAL_Driver/Inc -I../Drivers/STM32U5xx_HAL_Driver/Inc/Legacy -I../Drivers/CMSIS/Device/ST/STM32U5xx/Include -I../Drivers/CMSIS/Include -I../Middlewares/Third_Party/FreeRTOS/Source/include/ -I../Middlewares/Third_Party/FreeRTOS/Source/portable/GCC/ARM_CM33_NTZ/non_secure/ -I../Middlewares/Third_Party/FreeRTOS/Source/CMSIS_RTOS_V2/ -I../Middlewares/Third_Party/CMSIS/RTOS2/Include/ -I"/home/joakim-wennergren/Desktop/Smartwatch/Firmware/Bench/Drivers/lvgl" -O0 -ffunction-sections -fdata-sections -Wall -fstack-usage -fstack-usage -fcyclomatic-complexity -MMD -MP -MF"Core/Src/system_stm32u5xx.d" -MT"Core/Src/system_stm32u5xx.o" --specs=nano.specs -mfpu=fpv5-sp-d16 -mfloat-abi=hard -mthumb -o "Core/Src/system_stm32u5xx.o"
arm-none-eabi-gcc "../Core/Src/tree.c" -mcpu=cortex-m33 -std=gnu11 -g3 -DDEBUG -DUSE_HAL_DRIVER -DSTM32U575xx -c -I../Core/Inc -I../Drivers/STM32U5xx_HAL_Driver/Inc -I../Drivers/STM32U5xx_HAL_Driver/Inc/Legacy -I../Drivers/CMSIS/Device/ST/STM32U5xx/Include -I../Drivers/CMSIS/Include -I../Middlewares/Third_Party/FreeRTOS/Source/include/ -I../Middlewares/Third_Party/FreeRTOS/Source/portable/GCC/ARM_CM33_NTZ/non_secure/ -I../Middlewares/Third_Party/FreeRTOS/Source/CMSIS_RTOS_V2/ -I../Middlewares/Third_Party/CMSIS/RTOS2/Include/ -I"/home/joakim-wennergren/Desktop/Smartwatch/Firmware/Bench/Drivers/lvgl" -O0 -ffunction-sections -fdata-sections -Wall -fstack-usage -fstack-usage -fcyclomatic-complexity -MMD -MP -MF"Core/Src/tree.d" -MT"Core/Src/tree.o" --specs=nano.specs -mfpu=fpv5-sp-d16 -mfloat-abi=hard -mthumb -o "Core/Src/tree.o"
arm-none-eabi-gcc "../Core/Src/tree_and_grass.c" -mcpu=cortex-m33 -std=gnu11 -g3 -DDEBUG -DUSE_HAL_DRIVER -DSTM32U575xx -c -I../Core/Inc -I../Drivers/STM32U5xx_HAL_Driver/Inc -I../Drivers/STM32U5xx_HAL_Driver/Inc/Legacy -I../Drivers/CMSIS/Device/ST/STM32U5xx/Include -I../Drivers/CMSIS/Include -I../Middlewares/Third_Party/FreeRTOS/Source/include/ -I../Middlewares/Third_Party/FreeRTOS/Source/portable/GCC/ARM_CM33_NTZ/non_secure/ -I../Middlewares/Third_Party/FreeRTOS/Source/CMSIS_RTOS_V2/ -I../Middlewares/Third_Party/CMSIS/RTOS2/Include/ -I"/home/joakim-wennergren/Desktop/Smartwatch/Firmware/Bench/Drivers/lvgl" -O0 -ffunction-sections -fdata-sections -Wall -fstack-usage -fstack-usage -fcyclomatic-complexity -MMD -MP -MF"Core/Src/tree_and_grass.d" -MT"Core/Src/tree_and_grass.o" --specs=nano.specs -mfpu=fpv5-sp-d16 -mfloat-abi=hard -mthumb -o "Core/Src/tree_and_grass.o"
arm-none-eabi-gcc "../Core/Src/util.c" -mcpu=cortex-m33 -std=gnu11 -g3 -DDEBUG -DUSE_HAL_DRIVER -DSTM32U575xx -c -I../Core/Inc -I../Drivers/STM32U5xx_HAL_Driver/Inc -I../Drivers/STM32U5xx_HAL_Driver/Inc/Legacy -I../Drivers/CMSIS/Device/ST/STM32U5xx/Include -I../Drivers/CMSIS/Include -I../Middlewares/Third_Party/FreeRTOS/Source/include/ -I../Middlewares/Third_Party/FreeRTOS/Source/portable/GCC/ARM_CM33_NTZ/non_secure/ -I../Middlewares/Third_Party/FreeRTOS/Source/CMSIS_RTOS_V2/ -I../Middlewares/Third_Party/CMSIS/RTOS2/Include/ -I"/home/joakim-wennergren/Desktop/Smartwatch/Firmware/Bench/Drivers/lvgl" -O0 -ffunction-sections -fdata-sections -Wall -fstack-usage -fstack-usage -fcyclomatic-complexity -MMD -MP -MF"Core/Src/util.d" -MT"Core/Src/util.o" --specs=nano.specs -mfpu=fpv5-sp-d16 -mfloat-abi=hard -mthumb -o "Core/Src/util.o"
../Core/Src/gui.c:12:17: warning: 'rng_state' defined but not used [-Wunused-variable]
   12 | static uint32_t rng_state = 0xC0FFEE42u;
      |                 ^~~~~~~~~
../Core/Src/main.c: In function 'HAL_RTC_AlarmAEventCallback':
../Core/Src/main.c:87:13: warning: pointer targets in passing argument 1 of 'sprintf' differ in signedness [-Wpointer-sign]
   87 |     sprintf(Buffer, "RTC 1 minute tick!");
      |             ^~~~~~
      |             |
      |             uint8_t * {aka unsigned char *}
In file included from ../Core/Src/main.c:25:
/home/joakim-wennergren/st/stm32cubeide_1.19.0/plugins/com.st.stm32cube.ide.mcu.externaltools.gnu-tools-for-stm32.13.3.rel1.linux64_1.0.0.202410170706/tools/arm-none-eabi/include/stdio.h:250:18: note: expected 'char * restrict' but argument is of type 'uint8_t *' {aka 'unsigned char *'}
  250 | int     sprintf (char *__restrict, const char *__restrict, ...)
      |                  ^
../Core/Src/main.c:88:57: warning: pointer targets in passing argument 1 of 'strlen' differ in signedness [-Wpointer-sign]
   88 |     HAL_UART_Transmit(&huart4, (uint8_t*)Buffer, strlen(Buffer), 1000);
      |                                                         ^~~~~~
      |                                                         |
      |                                                         uint8_t * {aka unsigned char *}
In file included from ../Core/Src/main.c:24:
/home/joakim-wennergren/st/stm32cubeide_1.19.0/plugins/com.st.stm32cube.ide.mcu.externaltools.gnu-tools-for-stm32.13.3.rel1.linux64_1.0.0.202410170706/tools/arm-none-eabi/include/string.h:41:18: note: expected 'const char *' but argument is of type 'uint8_t *' {aka 'unsigned char *'}
   41 | size_t   strlen (const char *);
      |                  ^~~~~~~~~~~~
../Core/Src/main.c: In function 'RTC_SetupOnce':
../Core/Src/main.c:94:25: warning: unused variable 'sDate' [-Wunused-variable]
   94 |         RTC_DateTypeDef sDate = {0};
      |                         ^~~~~
../Core/Src/main.c: In function 'create_line':
../Core/Src/main.c:202:30: warning: passing argument 2 of 'lv_line_set_points' from incompatible pointer type [-Wincompatible-pointer-types]
  202 |     lv_line_set_points(line, line_points, 2);
      |                              ^~~~~~~~~~~
      |                              |
      |                              lv_point_t *
In file included from /home/joakim-wennergren/Desktop/Smartwatch/Firmware/Bench/Drivers/lvgl/lvgl.h:69,
                 from ../Core/Src/main.c:28:
/home/joakim-wennergren/Desktop/Smartwatch/Firmware/Bench/Drivers/lvgl/src/widgets/line/lv_line.h:50:66: note: expected 'const lv_point_precise_t *' but argument is of type 'lv_point_t *'
   50 | void lv_line_set_points(lv_obj_t * obj, const lv_point_precise_t points[], uint32_t point_num);
      |                                         ~~~~~~~~~~~~~~~~~~~~~~~~~^~~~~~~~
../Core/Src/main.c: In function 'set_date_label':
../Core/Src/main.c:221:32: warning: too many arguments for format [-Wformat-extra-args]
  221 |     snprintf(buf, sizeof(buf), "%s %d Aug 2025",
      |                                ^~~~~~~~~~~~~~~~
../Core/Src/main.c: In function 'MX_GPDMA1_Init':
../Core/Src/main.c:561:72: warning: passing argument 3 of 'HAL_DMA_RegisterCallback' from incompatible pointer type [-Wincompatible-pointer-types]
  561 |     HAL_DMA_RegisterCallback(&handle_GPDMA1_Channel2, dma_callback_id, HAL_OSPI_TxCpltCallback);
      |                                                                        ^~~~~~~~~~~~~~~~~~~~~~~
      |                                                                        |
      |                                                                        void (*)(OSPI_HandleTypeDef *)
In file included from ../Core/Inc/stm32u5xx_hal_conf.h:284,
                 from ../Drivers/STM32U5xx_HAL_Driver/Inc/stm32u5xx_hal.h:29,
                 from ../Core/Inc/main.h:30,
                 from ../Core/Src/main.c:20:
../Drivers/STM32U5xx_HAL_Driver/Inc/stm32u5xx_hal_dma.h:743:58: note: expected 'void (* const)(DMA_HandleTypeDef * const)' {aka 'void (* const)(struct __DMA_HandleTypeDef * const)'} but argument is of type 'void (*)(OSPI_HandleTypeDef *)'
  743 |                                            void (*const  pCallback)(DMA_HandleTypeDef *const _hdma));
      |                                            ~~~~~~~~~~~~~~^~~~~~~~~~~~~~~~~~~~~~~~~~~~~~~~~~~~~~~~~~
../Core/Src/main.c: At top level:
../Core/Src/main.c:178:13: warning: 'clock_timer_cb' defined but not used [-Wunused-function]
  178 | static void clock_timer_cb(lv_timer_t *t)
      |             ^~~~~~~~~~~~~~
arm-none-eabi-gcc -o "Smartwatch_bench.elf" @"objects.list"   -mcpu=cortex-m33 -T"/home/joakim-wennergren/Desktop/Smartwatch/Firmware/Bench/STM32U575ZITXQ_FLASH.ld" --specs=nosys.specs -Wl,-Map="Smartwatch_bench.map" -Wl,--gc-sections -static -u _printf_float -u _printf_float -z noexecstack --specs=nano.specs -mfpu=fpv5-sp-d16 -mfloat-abi=hard -mthumb -Wl,--start-group -lc -lm -Wl,--end-group
Finished building target: Smartwatch_bench.elf
 
arm-none-eabi-size  Smartwatch_bench.elf 
arm-none-eabi-objdump -h -S Smartwatch_bench.elf  > "Smartwatch_bench.list"
   text	   data	    bss	    dec	    hex	filename
 469437	    632	 385976	 856045	  d0fed	Smartwatch_bench.elf
Finished building: default.size.stdout
 
Finished building: Smartwatch_bench.list
 
15:42:46 **** Incremental Build of configuration Debug for project Smartwatch_bench ****
make -j12 all 
arm-none-eabi-size  Smartwatch_bench.elf 
   text	   data	    bss	    dec	    hex	filename
 469437	    632	 385976	 856045	  d0fed	Smartwatch_bench.elf
Finished building: default.size.stdout
 
15:43:17 **** Incremental Build of configuration Debug for project Smartwatch_bench ****
make -j12 all 
arm-none-eabi-size  Smartwatch_bench.elf 
   text	   data	    bss	    dec	    hex	filename
 469437	    632	 385976	 856045	  d0fed	Smartwatch_bench.elf
Finished building: default.size.stdout
 
15:44:38 **** Incremental Build of configuration Debug for project Smartwatch_bench ****
make -j12 all 
arm-none-eabi-gcc "../Core/Src/main.c" -mcpu=cortex-m33 -std=gnu11 -g3 -DDEBUG -DUSE_HAL_DRIVER -DSTM32U575xx -c -I../Core/Inc -I../Drivers/STM32U5xx_HAL_Driver/Inc -I../Drivers/STM32U5xx_HAL_Driver/Inc/Legacy -I../Drivers/CMSIS/Device/ST/STM32U5xx/Include -I../Drivers/CMSIS/Include -I../Middlewares/Third_Party/FreeRTOS/Source/include/ -I../Middlewares/Third_Party/FreeRTOS/Source/portable/GCC/ARM_CM33_NTZ/non_secure/ -I../Middlewares/Third_Party/FreeRTOS/Source/CMSIS_RTOS_V2/ -I../Middlewares/Third_Party/CMSIS/RTOS2/Include/ -I"/home/joakim-wennergren/Desktop/Smartwatch/Firmware/Bench/Drivers/lvgl" -O0 -ffunction-sections -fdata-sections -Wall -fstack-usage -fstack-usage -fcyclomatic-complexity -MMD -MP -MF"Core/Src/main.d" -MT"Core/Src/main.o" --specs=nano.specs -mfpu=fpv5-sp-d16 -mfloat-abi=hard -mthumb -o "Core/Src/main.o"
../Core/Src/main.c: In function 'HAL_RTC_AlarmAEventCallback':
../Core/Src/main.c:87:13: warning: pointer targets in passing argument 1 of 'sprintf' differ in signedness [-Wpointer-sign]
   87 |     sprintf(Buffer, "RTC 1 minute tick!");
      |             ^~~~~~
      |             |
      |             uint8_t * {aka unsigned char *}
In file included from ../Core/Src/main.c:25:
/home/joakim-wennergren/st/stm32cubeide_1.19.0/plugins/com.st.stm32cube.ide.mcu.externaltools.gnu-tools-for-stm32.13.3.rel1.linux64_1.0.0.202410170706/tools/arm-none-eabi/include/stdio.h:250:18: note: expected 'char * restrict' but argument is of type 'uint8_t *' {aka 'unsigned char *'}
  250 | int     sprintf (char *__restrict, const char *__restrict, ...)
      |                  ^
../Core/Src/main.c:88:57: warning: pointer targets in passing argument 1 of 'strlen' differ in signedness [-Wpointer-sign]
   88 |     HAL_UART_Transmit(&huart4, (uint8_t*)Buffer, strlen(Buffer), 1000);
      |                                                         ^~~~~~
      |                                                         |
      |                                                         uint8_t * {aka unsigned char *}
In file included from ../Core/Src/main.c:24:
/home/joakim-wennergren/st/stm32cubeide_1.19.0/plugins/com.st.stm32cube.ide.mcu.externaltools.gnu-tools-for-stm32.13.3.rel1.linux64_1.0.0.202410170706/tools/arm-none-eabi/include/string.h:41:18: note: expected 'const char *' but argument is of type 'uint8_t *' {aka 'unsigned char *'}
   41 | size_t   strlen (const char *);
      |                  ^~~~~~~~~~~~
../Core/Src/main.c: In function 'RTC_SetupOnce':
../Core/Src/main.c:94:25: warning: unused variable 'sDate' [-Wunused-variable]
   94 |         RTC_DateTypeDef sDate = {0};
      |                         ^~~~~
../Core/Src/main.c: In function 'create_line':
../Core/Src/main.c:202:30: warning: passing argument 2 of 'lv_line_set_points' from incompatible pointer type [-Wincompatible-pointer-types]
  202 |     lv_line_set_points(line, line_points, 2);
      |                              ^~~~~~~~~~~
      |                              |
      |                              lv_point_t *
In file included from /home/joakim-wennergren/Desktop/Smartwatch/Firmware/Bench/Drivers/lvgl/lvgl.h:69,
                 from ../Core/Src/main.c:28:
/home/joakim-wennergren/Desktop/Smartwatch/Firmware/Bench/Drivers/lvgl/src/widgets/line/lv_line.h:50:66: note: expected 'const lv_point_precise_t *' but argument is of type 'lv_point_t *'
   50 | void lv_line_set_points(lv_obj_t * obj, const lv_point_precise_t points[], uint32_t point_num);
      |                                         ~~~~~~~~~~~~~~~~~~~~~~~~~^~~~~~~~
../Core/Src/main.c: In function 'set_date_label':
../Core/Src/main.c:221:32: warning: too many arguments for format [-Wformat-extra-args]
  221 |     snprintf(buf, sizeof(buf), "%s %d Aug 2025",
      |                                ^~~~~~~~~~~~~~~~
../Core/Src/main.c: In function 'MX_GPDMA1_Init':
../Core/Src/main.c:559:72: warning: passing argument 3 of 'HAL_DMA_RegisterCallback' from incompatible pointer type [-Wincompatible-pointer-types]
  559 |     HAL_DMA_RegisterCallback(&handle_GPDMA1_Channel2, dma_callback_id, HAL_OSPI_TxCpltCallback);
      |                                                                        ^~~~~~~~~~~~~~~~~~~~~~~
      |                                                                        |
      |                                                                        void (*)(OSPI_HandleTypeDef *)
In file included from ../Core/Inc/stm32u5xx_hal_conf.h:284,
                 from ../Drivers/STM32U5xx_HAL_Driver/Inc/stm32u5xx_hal.h:29,
                 from ../Core/Inc/main.h:30,
                 from ../Core/Src/main.c:20:
../Drivers/STM32U5xx_HAL_Driver/Inc/stm32u5xx_hal_dma.h:743:58: note: expected 'void (* const)(DMA_HandleTypeDef * const)' {aka 'void (* const)(struct __DMA_HandleTypeDef * const)'} but argument is of type 'void (*)(OSPI_HandleTypeDef *)'
  743 |                                            void (*const  pCallback)(DMA_HandleTypeDef *const _hdma));
      |                                            ~~~~~~~~~~~~~~^~~~~~~~~~~~~~~~~~~~~~~~~~~~~~~~~~~~~~~~~~
../Core/Src/main.c: At top level:
../Core/Src/main.c:178:13: warning: 'clock_timer_cb' defined but not used [-Wunused-function]
  178 | static void clock_timer_cb(lv_timer_t *t)
      |             ^~~~~~~~~~~~~~
arm-none-eabi-gcc -o "Smartwatch_bench.elf" @"objects.list"   -mcpu=cortex-m33 -T"/home/joakim-wennergren/Desktop/Smartwatch/Firmware/Bench/STM32U575ZITXQ_FLASH.ld" --specs=nosys.specs -Wl,-Map="Smartwatch_bench.map" -Wl,--gc-sections -static -u _printf_float -u _printf_float -z noexecstack --specs=nano.specs -mfpu=fpv5-sp-d16 -mfloat-abi=hard -mthumb -Wl,--start-group -lc -lm -Wl,--end-group
Finished building target: Smartwatch_bench.elf
 
arm-none-eabi-size  Smartwatch_bench.elf 
arm-none-eabi-objdump -h -S Smartwatch_bench.elf  > "Smartwatch_bench.list"
   text	   data	    bss	    dec	    hex	filename
 965461	    632	 385976	1352069	 14a185	Smartwatch_bench.elf
Finished building: default.size.stdout
 
Finished building: Smartwatch_bench.list
 
15:45:17 **** Incremental Build of configuration Debug for project Smartwatch_bench ****
make -j12 all 
arm-none-eabi-gcc "../Core/Src/main.c" -mcpu=cortex-m33 -std=gnu11 -g3 -DDEBUG -DUSE_HAL_DRIVER -DSTM32U575xx -c -I../Core/Inc -I../Drivers/STM32U5xx_HAL_Driver/Inc -I../Drivers/STM32U5xx_HAL_Driver/Inc/Legacy -I../Drivers/CMSIS/Device/ST/STM32U5xx/Include -I../Drivers/CMSIS/Include -I../Middlewares/Third_Party/FreeRTOS/Source/include/ -I../Middlewares/Third_Party/FreeRTOS/Source/portable/GCC/ARM_CM33_NTZ/non_secure/ -I../Middlewares/Third_Party/FreeRTOS/Source/CMSIS_RTOS_V2/ -I../Middlewares/Third_Party/CMSIS/RTOS2/Include/ -I"/home/joakim-wennergren/Desktop/Smartwatch/Firmware/Bench/Drivers/lvgl" -O0 -ffunction-sections -fdata-sections -Wall -fstack-usage -fstack-usage -fcyclomatic-complexity -MMD -MP -MF"Core/Src/main.d" -MT"Core/Src/main.o" --specs=nano.specs -mfpu=fpv5-sp-d16 -mfloat-abi=hard -mthumb -o "Core/Src/main.o"
../Core/Src/main.c: In function 'HAL_RTC_AlarmAEventCallback':
../Core/Src/main.c:87:13: warning: pointer targets in passing argument 1 of 'sprintf' differ in signedness [-Wpointer-sign]
   87 |     sprintf(Buffer, "RTC 1 minute tick!");
      |             ^~~~~~
      |             |
      |             uint8_t * {aka unsigned char *}
In file included from ../Core/Src/main.c:25:
/home/joakim-wennergren/st/stm32cubeide_1.19.0/plugins/com.st.stm32cube.ide.mcu.externaltools.gnu-tools-for-stm32.13.3.rel1.linux64_1.0.0.202410170706/tools/arm-none-eabi/include/stdio.h:250:18: note: expected 'char * restrict' but argument is of type 'uint8_t *' {aka 'unsigned char *'}
  250 | int     sprintf (char *__restrict, const char *__restrict, ...)
      |                  ^
../Core/Src/main.c:88:57: warning: pointer targets in passing argument 1 of 'strlen' differ in signedness [-Wpointer-sign]
   88 |     HAL_UART_Transmit(&huart4, (uint8_t*)Buffer, strlen(Buffer), 1000);
      |                                                         ^~~~~~
      |                                                         |
      |                                                         uint8_t * {aka unsigned char *}
In file included from ../Core/Src/main.c:24:
/home/joakim-wennergren/st/stm32cubeide_1.19.0/plugins/com.st.stm32cube.ide.mcu.externaltools.gnu-tools-for-stm32.13.3.rel1.linux64_1.0.0.202410170706/tools/arm-none-eabi/include/string.h:41:18: note: expected 'const char *' but argument is of type 'uint8_t *' {aka 'unsigned char *'}
   41 | size_t   strlen (const char *);
      |                  ^~~~~~~~~~~~
../Core/Src/main.c: In function 'RTC_SetupOnce':
../Core/Src/main.c:94:25: warning: unused variable 'sDate' [-Wunused-variable]
   94 |         RTC_DateTypeDef sDate = {0};
      |                         ^~~~~
../Core/Src/main.c: In function 'create_line':
../Core/Src/main.c:202:30: warning: passing argument 2 of 'lv_line_set_points' from incompatible pointer type [-Wincompatible-pointer-types]
  202 |     lv_line_set_points(line, line_points, 2);
      |                              ^~~~~~~~~~~
      |                              |
      |                              lv_point_t *
In file included from /home/joakim-wennergren/Desktop/Smartwatch/Firmware/Bench/Drivers/lvgl/lvgl.h:69,
                 from ../Core/Src/main.c:28:
/home/joakim-wennergren/Desktop/Smartwatch/Firmware/Bench/Drivers/lvgl/src/widgets/line/lv_line.h:50:66: note: expected 'const lv_point_precise_t *' but argument is of type 'lv_point_t *'
   50 | void lv_line_set_points(lv_obj_t * obj, const lv_point_precise_t points[], uint32_t point_num);
      |                                         ~~~~~~~~~~~~~~~~~~~~~~~~~^~~~~~~~
../Core/Src/main.c: In function 'set_date_label':
../Core/Src/main.c:221:32: warning: too many arguments for format [-Wformat-extra-args]
  221 |     snprintf(buf, sizeof(buf), "%s %d Aug 2025",
      |                                ^~~~~~~~~~~~~~~~
../Core/Src/main.c: In function 'MX_GPDMA1_Init':
../Core/Src/main.c:559:72: warning: passing argument 3 of 'HAL_DMA_RegisterCallback' from incompatible pointer type [-Wincompatible-pointer-types]
  559 |     HAL_DMA_RegisterCallback(&handle_GPDMA1_Channel2, dma_callback_id, HAL_OSPI_TxCpltCallback);
      |                                                                        ^~~~~~~~~~~~~~~~~~~~~~~
      |                                                                        |
      |                                                                        void (*)(OSPI_HandleTypeDef *)
In file included from ../Core/Inc/stm32u5xx_hal_conf.h:284,
                 from ../Drivers/STM32U5xx_HAL_Driver/Inc/stm32u5xx_hal.h:29,
                 from ../Core/Inc/main.h:30,
                 from ../Core/Src/main.c:20:
../Drivers/STM32U5xx_HAL_Driver/Inc/stm32u5xx_hal_dma.h:743:58: note: expected 'void (* const)(DMA_HandleTypeDef * const)' {aka 'void (* const)(struct __DMA_HandleTypeDef * const)'} but argument is of type 'void (*)(OSPI_HandleTypeDef *)'
  743 |                                            void (*const  pCallback)(DMA_HandleTypeDef *const _hdma));
      |                                            ~~~~~~~~~~~~~~^~~~~~~~~~~~~~~~~~~~~~~~~~~~~~~~~~~~~~~~~~
../Core/Src/main.c: At top level:
../Core/Src/main.c:178:13: warning: 'clock_timer_cb' defined but not used [-Wunused-function]
  178 | static void clock_timer_cb(lv_timer_t *t)
      |             ^~~~~~~~~~~~~~
arm-none-eabi-gcc -o "Smartwatch_bench.elf" @"objects.list"   -mcpu=cortex-m33 -T"/home/joakim-wennergren/Desktop/Smartwatch/Firmware/Bench/STM32U575ZITXQ_FLASH.ld" --specs=nosys.specs -Wl,-Map="Smartwatch_bench.map" -Wl,--gc-sections -static -u _printf_float -u _printf_float -z noexecstack --specs=nano.specs -mfpu=fpv5-sp-d16 -mfloat-abi=hard -mthumb -Wl,--start-group -lc -lm -Wl,--end-group
Finished building target: Smartwatch_bench.elf
 
arm-none-eabi-size  Smartwatch_bench.elf 
arm-none-eabi-objdump -h -S Smartwatch_bench.elf  > "Smartwatch_bench.list"
   text	   data	    bss	    dec	    hex	filename
 965461	    632	 385976	1352069	 14a185	Smartwatch_bench.elf
Finished building: default.size.stdout
 
Finished building: Smartwatch_bench.list
 
15:46:36 **** Incremental Build of configuration Debug for project Smartwatch_bench ****
make -j12 all 
arm-none-eabi-gcc "../Core/Src/main.c" -mcpu=cortex-m33 -std=gnu11 -g3 -DDEBUG -DUSE_HAL_DRIVER -DSTM32U575xx -c -I../Core/Inc -I../Drivers/STM32U5xx_HAL_Driver/Inc -I../Drivers/STM32U5xx_HAL_Driver/Inc/Legacy -I../Drivers/CMSIS/Device/ST/STM32U5xx/Include -I../Drivers/CMSIS/Include -I../Middlewares/Third_Party/FreeRTOS/Source/include/ -I../Middlewares/Third_Party/FreeRTOS/Source/portable/GCC/ARM_CM33_NTZ/non_secure/ -I../Middlewares/Third_Party/FreeRTOS/Source/CMSIS_RTOS_V2/ -I../Middlewares/Third_Party/CMSIS/RTOS2/Include/ -I"/home/joakim-wennergren/Desktop/Smartwatch/Firmware/Bench/Drivers/lvgl" -O0 -ffunction-sections -fdata-sections -Wall -fstack-usage -fstack-usage -fcyclomatic-complexity -MMD -MP -MF"Core/Src/main.d" -MT"Core/Src/main.o" --specs=nano.specs -mfpu=fpv5-sp-d16 -mfloat-abi=hard -mthumb -o "Core/Src/main.o"
../Core/Src/main.c: In function 'HAL_RTC_AlarmAEventCallback':
../Core/Src/main.c:87:13: warning: pointer targets in passing argument 1 of 'sprintf' differ in signedness [-Wpointer-sign]
   87 |     sprintf(Buffer, "RTC 1 minute tick!");
      |             ^~~~~~
      |             |
      |             uint8_t * {aka unsigned char *}
In file included from ../Core/Src/main.c:25:
/home/joakim-wennergren/st/stm32cubeide_1.19.0/plugins/com.st.stm32cube.ide.mcu.externaltools.gnu-tools-for-stm32.13.3.rel1.linux64_1.0.0.202410170706/tools/arm-none-eabi/include/stdio.h:250:18: note: expected 'char * restrict' but argument is of type 'uint8_t *' {aka 'unsigned char *'}
  250 | int     sprintf (char *__restrict, const char *__restrict, ...)
      |                  ^
../Core/Src/main.c:88:57: warning: pointer targets in passing argument 1 of 'strlen' differ in signedness [-Wpointer-sign]
   88 |     HAL_UART_Transmit(&huart4, (uint8_t*)Buffer, strlen(Buffer), 1000);
      |                                                         ^~~~~~
      |                                                         |
      |                                                         uint8_t * {aka unsigned char *}
In file included from ../Core/Src/main.c:24:
/home/joakim-wennergren/st/stm32cubeide_1.19.0/plugins/com.st.stm32cube.ide.mcu.externaltools.gnu-tools-for-stm32.13.3.rel1.linux64_1.0.0.202410170706/tools/arm-none-eabi/include/string.h:41:18: note: expected 'const char *' but argument is of type 'uint8_t *' {aka 'unsigned char *'}
   41 | size_t   strlen (const char *);
      |                  ^~~~~~~~~~~~
../Core/Src/main.c: In function 'RTC_SetupOnce':
../Core/Src/main.c:94:25: warning: unused variable 'sDate' [-Wunused-variable]
   94 |         RTC_DateTypeDef sDate = {0};
      |                         ^~~~~
../Core/Src/main.c: In function 'create_line':
../Core/Src/main.c:200:30: warning: passing argument 2 of 'lv_line_set_points' from incompatible pointer type [-Wincompatible-pointer-types]
  200 |     lv_line_set_points(line, line_points, 2);
      |                              ^~~~~~~~~~~
      |                              |
      |                              lv_point_t *
In file included from /home/joakim-wennergren/Desktop/Smartwatch/Firmware/Bench/Drivers/lvgl/lvgl.h:69,
                 from ../Core/Src/main.c:28:
/home/joakim-wennergren/Desktop/Smartwatch/Firmware/Bench/Drivers/lvgl/src/widgets/line/lv_line.h:50:66: note: expected 'const lv_point_precise_t *' but argument is of type 'lv_point_t *'
   50 | void lv_line_set_points(lv_obj_t * obj, const lv_point_precise_t points[], uint32_t point_num);
      |                                         ~~~~~~~~~~~~~~~~~~~~~~~~~^~~~~~~~
../Core/Src/main.c: In function 'set_date_label':
../Core/Src/main.c:219:32: warning: too many arguments for format [-Wformat-extra-args]
  219 |     snprintf(buf, sizeof(buf), "%s %d Aug 2025",
      |                                ^~~~~~~~~~~~~~~~
../Core/Src/main.c: In function 'MX_GPDMA1_Init':
../Core/Src/main.c:438:72: warning: passing argument 3 of 'HAL_DMA_RegisterCallback' from incompatible pointer type [-Wincompatible-pointer-types]
  438 |     HAL_DMA_RegisterCallback(&handle_GPDMA1_Channel2, dma_callback_id, HAL_OSPI_TxCpltCallback);
      |                                                                        ^~~~~~~~~~~~~~~~~~~~~~~
      |                                                                        |
      |                                                                        void (*)(OSPI_HandleTypeDef *)
In file included from ../Core/Inc/stm32u5xx_hal_conf.h:284,
                 from ../Drivers/STM32U5xx_HAL_Driver/Inc/stm32u5xx_hal.h:29,
                 from ../Core/Inc/main.h:30,
                 from ../Core/Src/main.c:20:
../Drivers/STM32U5xx_HAL_Driver/Inc/stm32u5xx_hal_dma.h:743:58: note: expected 'void (* const)(DMA_HandleTypeDef * const)' {aka 'void (* const)(struct __DMA_HandleTypeDef * const)'} but argument is of type 'void (*)(OSPI_HandleTypeDef *)'
  743 |                                            void (*const  pCallback)(DMA_HandleTypeDef *const _hdma));
      |                                            ~~~~~~~~~~~~~~^~~~~~~~~~~~~~~~~~~~~~~~~~~~~~~~~~~~~~~~~~
../Core/Src/main.c: At top level:
../Core/Src/main.c:176:13: warning: 'clock_timer_cb' defined but not used [-Wunused-function]
  176 | static void clock_timer_cb(lv_timer_t *t)
      |             ^~~~~~~~~~~~~~
arm-none-eabi-gcc -o "Smartwatch_bench.elf" @"objects.list"   -mcpu=cortex-m33 -T"/home/joakim-wennergren/Desktop/Smartwatch/Firmware/Bench/STM32U575ZITXQ_FLASH.ld" --specs=nosys.specs -Wl,-Map="Smartwatch_bench.map" -Wl,--gc-sections -static -u _printf_float -u _printf_float -z noexecstack --specs=nano.specs -mfpu=fpv5-sp-d16 -mfloat-abi=hard -mthumb -Wl,--start-group -lc -lm -Wl,--end-group
Finished building target: Smartwatch_bench.elf
 
arm-none-eabi-size  Smartwatch_bench.elf 
arm-none-eabi-objdump -h -S Smartwatch_bench.elf  > "Smartwatch_bench.list"
   text	   data	    bss	    dec	    hex	filename
 469437	    632	 385976	 856045	  d0fed	Smartwatch_bench.elf
Finished building: default.size.stdout
 
Finished building: Smartwatch_bench.list
 
15:48:23 **** Incremental Build of configuration Debug for project Smartwatch_bench ****
make -j12 all 
arm-none-eabi-gcc "../Core/Src/display.c" -mcpu=cortex-m33 -std=gnu11 -g3 -DDEBUG -DUSE_HAL_DRIVER -DSTM32U575xx -c -I../Core/Inc -I../Drivers/STM32U5xx_HAL_Driver/Inc -I../Drivers/STM32U5xx_HAL_Driver/Inc/Legacy -I../Drivers/CMSIS/Device/ST/STM32U5xx/Include -I../Drivers/CMSIS/Include -I../Middlewares/Third_Party/FreeRTOS/Source/include/ -I../Middlewares/Third_Party/FreeRTOS/Source/portable/GCC/ARM_CM33_NTZ/non_secure/ -I../Middlewares/Third_Party/FreeRTOS/Source/CMSIS_RTOS_V2/ -I../Middlewares/Third_Party/CMSIS/RTOS2/Include/ -I"/home/joakim-wennergren/Desktop/Smartwatch/Firmware/Bench/Drivers/lvgl" -O0 -ffunction-sections -fdata-sections -Wall -fstack-usage -fstack-usage -fcyclomatic-complexity -MMD -MP -MF"Core/Src/display.d" -MT"Core/Src/display.o" --specs=nano.specs -mfpu=fpv5-sp-d16 -mfloat-abi=hard -mthumb -o "Core/Src/display.o"
arm-none-eabi-gcc "../Core/Src/main.c" -mcpu=cortex-m33 -std=gnu11 -g3 -DDEBUG -DUSE_HAL_DRIVER -DSTM32U575xx -c -I../Core/Inc -I../Drivers/STM32U5xx_HAL_Driver/Inc -I../Drivers/STM32U5xx_HAL_Driver/Inc/Legacy -I../Drivers/CMSIS/Device/ST/STM32U5xx/Include -I../Drivers/CMSIS/Include -I../Middlewares/Third_Party/FreeRTOS/Source/include/ -I../Middlewares/Third_Party/FreeRTOS/Source/portable/GCC/ARM_CM33_NTZ/non_secure/ -I../Middlewares/Third_Party/FreeRTOS/Source/CMSIS_RTOS_V2/ -I../Middlewares/Third_Party/CMSIS/RTOS2/Include/ -I"/home/joakim-wennergren/Desktop/Smartwatch/Firmware/Bench/Drivers/lvgl" -O0 -ffunction-sections -fdata-sections -Wall -fstack-usage -fstack-usage -fcyclomatic-complexity -MMD -MP -MF"Core/Src/main.d" -MT"Core/Src/main.o" --specs=nano.specs -mfpu=fpv5-sp-d16 -mfloat-abi=hard -mthumb -o "Core/Src/main.o"
../Core/Src/display.c: In function 'CO5300_WritePixels_DMA_chunked':
../Core/Src/display.c:166:5: warning: implicit declaration of function 'delay_us' [-Wimplicit-function-declaration]
  166 |     delay_us(100);
      |     ^~~~~~~~
../Core/Src/display.c:222:13: warning: implicit declaration of function 'printf' [-Wimplicit-function-declaration]
  222 |             printf("OSPI DMA start err=0x%08lX\n", HAL_OSPI_GetError(&hospi1));
      |             ^~~~~~
../Core/Src/display.c:9:1: note: include '<stdio.h>' or provide a declaration of 'printf'
    8 | #include <string.h>
  +++ |+#include <stdio.h>
    9 | 
../Core/Src/display.c:222:13: warning: incompatible implicit declaration of built-in function 'printf' [-Wbuiltin-declaration-mismatch]
  222 |             printf("OSPI DMA start err=0x%08lX\n", HAL_OSPI_GetError(&hospi1));
      |             ^~~~~~
../Core/Src/display.c:222:13: note: include '<stdio.h>' or provide a declaration of 'printf'
../Core/Src/display.c: At top level:
../Core/Src/display.c:239:26: warning: 'CO5300_RamWrite_Header' defined but not used [-Wunused-function]
  239 | static HAL_StatusTypeDef CO5300_RamWrite_Header(OSPI_HandleTypeDef *h, uint32_t nbytes, uint8_t qpi)
      |                          ^~~~~~~~~~~~~~~~~~~~~~
../Core/Src/main.c: In function 'HAL_RTC_AlarmAEventCallback':
../Core/Src/main.c:87:13: warning: pointer targets in passing argument 1 of 'sprintf' differ in signedness [-Wpointer-sign]
   87 |     sprintf(Buffer, "RTC 1 minute tick!");
      |             ^~~~~~
      |             |
      |             uint8_t * {aka unsigned char *}
In file included from ../Core/Src/main.c:25:
/home/joakim-wennergren/st/stm32cubeide_1.19.0/plugins/com.st.stm32cube.ide.mcu.externaltools.gnu-tools-for-stm32.13.3.rel1.linux64_1.0.0.202410170706/tools/arm-none-eabi/include/stdio.h:250:18: note: expected 'char * restrict' but argument is of type 'uint8_t *' {aka 'unsigned char *'}
  250 | int     sprintf (char *__restrict, const char *__restrict, ...)
      |                  ^
../Core/Src/main.c:88:57: warning: pointer targets in passing argument 1 of 'strlen' differ in signedness [-Wpointer-sign]
   88 |     HAL_UART_Transmit(&huart4, (uint8_t*)Buffer, strlen(Buffer), 1000);
      |                                                         ^~~~~~
      |                                                         |
      |                                                         uint8_t * {aka unsigned char *}
In file included from ../Core/Src/main.c:24:
/home/joakim-wennergren/st/stm32cubeide_1.19.0/plugins/com.st.stm32cube.ide.mcu.externaltools.gnu-tools-for-stm32.13.3.rel1.linux64_1.0.0.202410170706/tools/arm-none-eabi/include/string.h:41:18: note: expected 'const char *' but argument is of type 'uint8_t *' {aka 'unsigned char *'}
   41 | size_t   strlen (const char *);
      |                  ^~~~~~~~~~~~
../Core/Src/main.c: In function 'RTC_SetupOnce':
../Core/Src/main.c:94:25: warning: unused variable 'sDate' [-Wunused-variable]
   94 |         RTC_DateTypeDef sDate = {0};
      |                         ^~~~~
../Core/Src/main.c: In function 'create_line':
../Core/Src/main.c:200:30: warning: passing argument 2 of 'lv_line_set_points' from incompatible pointer type [-Wincompatible-pointer-types]
  200 |     lv_line_set_points(line, line_points, 2);
      |                              ^~~~~~~~~~~
      |                              |
      |                              lv_point_t *
In file included from /home/joakim-wennergren/Desktop/Smartwatch/Firmware/Bench/Drivers/lvgl/lvgl.h:69,
                 from ../Core/Src/main.c:28:
/home/joakim-wennergren/Desktop/Smartwatch/Firmware/Bench/Drivers/lvgl/src/widgets/line/lv_line.h:50:66: note: expected 'const lv_point_precise_t *' but argument is of type 'lv_point_t *'
   50 | void lv_line_set_points(lv_obj_t * obj, const lv_point_precise_t points[], uint32_t point_num);
      |                                         ~~~~~~~~~~~~~~~~~~~~~~~~~^~~~~~~~
../Core/Src/main.c: In function 'set_date_label':
../Core/Src/main.c:219:32: warning: too many arguments for format [-Wformat-extra-args]
  219 |     snprintf(buf, sizeof(buf), "%s %d Aug 2025",
      |                                ^~~~~~~~~~~~~~~~
../Core/Src/main.c: In function 'MX_GPDMA1_Init':
../Core/Src/main.c:438:72: warning: passing argument 3 of 'HAL_DMA_RegisterCallback' from incompatible pointer type [-Wincompatible-pointer-types]
  438 |     HAL_DMA_RegisterCallback(&handle_GPDMA1_Channel2, dma_callback_id, HAL_OSPI_TxCpltCallback);
      |                                                                        ^~~~~~~~~~~~~~~~~~~~~~~
      |                                                                        |
      |                                                                        void (*)(OSPI_HandleTypeDef *)
In file included from ../Core/Inc/stm32u5xx_hal_conf.h:284,
                 from ../Drivers/STM32U5xx_HAL_Driver/Inc/stm32u5xx_hal.h:29,
                 from ../Core/Inc/main.h:30,
                 from ../Core/Src/main.c:20:
../Drivers/STM32U5xx_HAL_Driver/Inc/stm32u5xx_hal_dma.h:743:58: note: expected 'void (* const)(DMA_HandleTypeDef * const)' {aka 'void (* const)(struct __DMA_HandleTypeDef * const)'} but argument is of type 'void (*)(OSPI_HandleTypeDef *)'
  743 |                                            void (*const  pCallback)(DMA_HandleTypeDef *const _hdma));
      |                                            ~~~~~~~~~~~~~~^~~~~~~~~~~~~~~~~~~~~~~~~~~~~~~~~~~~~~~~~~
../Core/Src/main.c: At top level:
../Core/Src/main.c:176:13: warning: 'clock_timer_cb' defined but not used [-Wunused-function]
  176 | static void clock_timer_cb(lv_timer_t *t)
      |             ^~~~~~~~~~~~~~
arm-none-eabi-gcc -o "Smartwatch_bench.elf" @"objects.list"   -mcpu=cortex-m33 -T"/home/joakim-wennergren/Desktop/Smartwatch/Firmware/Bench/STM32U575ZITXQ_FLASH.ld" --specs=nosys.specs -Wl,-Map="Smartwatch_bench.map" -Wl,--gc-sections -static -u _printf_float -u _printf_float -z noexecstack --specs=nano.specs -mfpu=fpv5-sp-d16 -mfloat-abi=hard -mthumb -Wl,--start-group -lc -lm -Wl,--end-group
Finished building target: Smartwatch_bench.elf
 
arm-none-eabi-size  Smartwatch_bench.elf 
arm-none-eabi-objdump -h -S Smartwatch_bench.elf  > "Smartwatch_bench.list"
   text	   data	    bss	    dec	    hex	filename
 469477	    632	 385976	 856085	  d1015	Smartwatch_bench.elf
Finished building: default.size.stdout
 
Finished building: Smartwatch_bench.list
 
15:48:50 **** Incremental Build of configuration Debug for project Smartwatch_bench ****
make -j12 all 
arm-none-eabi-gcc "../Core/Src/display.c" -mcpu=cortex-m33 -std=gnu11 -g3 -DDEBUG -DUSE_HAL_DRIVER -DSTM32U575xx -c -I../Core/Inc -I../Drivers/STM32U5xx_HAL_Driver/Inc -I../Drivers/STM32U5xx_HAL_Driver/Inc/Legacy -I../Drivers/CMSIS/Device/ST/STM32U5xx/Include -I../Drivers/CMSIS/Include -I../Middlewares/Third_Party/FreeRTOS/Source/include/ -I../Middlewares/Third_Party/FreeRTOS/Source/portable/GCC/ARM_CM33_NTZ/non_secure/ -I../Middlewares/Third_Party/FreeRTOS/Source/CMSIS_RTOS_V2/ -I../Middlewares/Third_Party/CMSIS/RTOS2/Include/ -I"/home/joakim-wennergren/Desktop/Smartwatch/Firmware/Bench/Drivers/lvgl" -O0 -ffunction-sections -fdata-sections -Wall -fstack-usage -fstack-usage -fcyclomatic-complexity -MMD -MP -MF"Core/Src/display.d" -MT"Core/Src/display.o" --specs=nano.specs -mfpu=fpv5-sp-d16 -mfloat-abi=hard -mthumb -o "Core/Src/display.o"
arm-none-eabi-gcc "../Core/Src/gui.c" -mcpu=cortex-m33 -std=gnu11 -g3 -DDEBUG -DUSE_HAL_DRIVER -DSTM32U575xx -c -I../Core/Inc -I../Drivers/STM32U5xx_HAL_Driver/Inc -I../Drivers/STM32U5xx_HAL_Driver/Inc/Legacy -I../Drivers/CMSIS/Device/ST/STM32U5xx/Include -I../Drivers/CMSIS/Include -I../Middlewares/Third_Party/FreeRTOS/Source/include/ -I../Middlewares/Third_Party/FreeRTOS/Source/portable/GCC/ARM_CM33_NTZ/non_secure/ -I../Middlewares/Third_Party/FreeRTOS/Source/CMSIS_RTOS_V2/ -I../Middlewares/Third_Party/CMSIS/RTOS2/Include/ -I"/home/joakim-wennergren/Desktop/Smartwatch/Firmware/Bench/Drivers/lvgl" -O0 -ffunction-sections -fdata-sections -Wall -fstack-usage -fstack-usage -fcyclomatic-complexity -MMD -MP -MF"Core/Src/gui.d" -MT"Core/Src/gui.o" --specs=nano.specs -mfpu=fpv5-sp-d16 -mfloat-abi=hard -mthumb -o "Core/Src/gui.o"
arm-none-eabi-gcc "../Core/Src/main.c" -mcpu=cortex-m33 -std=gnu11 -g3 -DDEBUG -DUSE_HAL_DRIVER -DSTM32U575xx -c -I../Core/Inc -I../Drivers/STM32U5xx_HAL_Driver/Inc -I../Drivers/STM32U5xx_HAL_Driver/Inc/Legacy -I../Drivers/CMSIS/Device/ST/STM32U5xx/Include -I../Drivers/CMSIS/Include -I../Middlewares/Third_Party/FreeRTOS/Source/include/ -I../Middlewares/Third_Party/FreeRTOS/Source/portable/GCC/ARM_CM33_NTZ/non_secure/ -I../Middlewares/Third_Party/FreeRTOS/Source/CMSIS_RTOS_V2/ -I../Middlewares/Third_Party/CMSIS/RTOS2/Include/ -I"/home/joakim-wennergren/Desktop/Smartwatch/Firmware/Bench/Drivers/lvgl" -O0 -ffunction-sections -fdata-sections -Wall -fstack-usage -fstack-usage -fcyclomatic-complexity -MMD -MP -MF"Core/Src/main.d" -MT"Core/Src/main.o" --specs=nano.specs -mfpu=fpv5-sp-d16 -mfloat-abi=hard -mthumb -o "Core/Src/main.o"
../Core/Src/display.c: In function 'CO5300_WritePixels_DMA_chunked':
../Core/Src/display.c:222:13: warning: implicit declaration of function 'printf' [-Wimplicit-function-declaration]
  222 |             printf("OSPI DMA start err=0x%08lX\n", HAL_OSPI_GetError(&hospi1));
      |             ^~~~~~
../Core/Src/display.c:9:1: note: include '<stdio.h>' or provide a declaration of 'printf'
    8 | #include <string.h>
  +++ |+#include <stdio.h>
    9 | 
../Core/Src/display.c:222:13: warning: incompatible implicit declaration of built-in function 'printf' [-Wbuiltin-declaration-mismatch]
  222 |             printf("OSPI DMA start err=0x%08lX\n", HAL_OSPI_GetError(&hospi1));
      |             ^~~~~~
../Core/Src/display.c:222:13: note: include '<stdio.h>' or provide a declaration of 'printf'
../Core/Src/display.c: At top level:
../Core/Src/display.c:239:26: warning: 'CO5300_RamWrite_Header' defined but not used [-Wunused-function]
  239 | static HAL_StatusTypeDef CO5300_RamWrite_Header(OSPI_HandleTypeDef *h, uint32_t nbytes, uint8_t qpi)
      |                          ^~~~~~~~~~~~~~~~~~~~~~
../Core/Src/gui.c:12:17: warning: 'rng_state' defined but not used [-Wunused-variable]
   12 | static uint32_t rng_state = 0xC0FFEE42u;
      |                 ^~~~~~~~~
../Core/Src/main.c: In function 'HAL_RTC_AlarmAEventCallback':
../Core/Src/main.c:87:13: warning: pointer targets in passing argument 1 of 'sprintf' differ in signedness [-Wpointer-sign]
   87 |     sprintf(Buffer, "RTC 1 minute tick!");
      |             ^~~~~~
      |             |
      |             uint8_t * {aka unsigned char *}
In file included from ../Core/Src/main.c:25:
/home/joakim-wennergren/st/stm32cubeide_1.19.0/plugins/com.st.stm32cube.ide.mcu.externaltools.gnu-tools-for-stm32.13.3.rel1.linux64_1.0.0.202410170706/tools/arm-none-eabi/include/stdio.h:250:18: note: expected 'char * restrict' but argument is of type 'uint8_t *' {aka 'unsigned char *'}
  250 | int     sprintf (char *__restrict, const char *__restrict, ...)
      |                  ^
../Core/Src/main.c:88:57: warning: pointer targets in passing argument 1 of 'strlen' differ in signedness [-Wpointer-sign]
   88 |     HAL_UART_Transmit(&huart4, (uint8_t*)Buffer, strlen(Buffer), 1000);
      |                                                         ^~~~~~
      |                                                         |
      |                                                         uint8_t * {aka unsigned char *}
In file included from ../Core/Src/main.c:24:
/home/joakim-wennergren/st/stm32cubeide_1.19.0/plugins/com.st.stm32cube.ide.mcu.externaltools.gnu-tools-for-stm32.13.3.rel1.linux64_1.0.0.202410170706/tools/arm-none-eabi/include/string.h:41:18: note: expected 'const char *' but argument is of type 'uint8_t *' {aka 'unsigned char *'}
   41 | size_t   strlen (const char *);
      |                  ^~~~~~~~~~~~
../Core/Src/main.c: In function 'RTC_SetupOnce':
../Core/Src/main.c:94:25: warning: unused variable 'sDate' [-Wunused-variable]
   94 |         RTC_DateTypeDef sDate = {0};
      |                         ^~~~~
../Core/Src/main.c: In function 'create_line':
../Core/Src/main.c:200:30: warning: passing argument 2 of 'lv_line_set_points' from incompatible pointer type [-Wincompatible-pointer-types]
  200 |     lv_line_set_points(line, line_points, 2);
      |                              ^~~~~~~~~~~
      |                              |
      |                              lv_point_t *
In file included from /home/joakim-wennergren/Desktop/Smartwatch/Firmware/Bench/Drivers/lvgl/lvgl.h:69,
                 from ../Core/Src/main.c:28:
/home/joakim-wennergren/Desktop/Smartwatch/Firmware/Bench/Drivers/lvgl/src/widgets/line/lv_line.h:50:66: note: expected 'const lv_point_precise_t *' but argument is of type 'lv_point_t *'
   50 | void lv_line_set_points(lv_obj_t * obj, const lv_point_precise_t points[], uint32_t point_num);
      |                                         ~~~~~~~~~~~~~~~~~~~~~~~~~^~~~~~~~
../Core/Src/main.c: In function 'set_date_label':
../Core/Src/main.c:219:32: warning: too many arguments for format [-Wformat-extra-args]
  219 |     snprintf(buf, sizeof(buf), "%s %d Aug 2025",
      |                                ^~~~~~~~~~~~~~~~
../Core/Src/main.c: In function 'MX_GPDMA1_Init':
../Core/Src/main.c:438:72: warning: passing argument 3 of 'HAL_DMA_RegisterCallback' from incompatible pointer type [-Wincompatible-pointer-types]
  438 |     HAL_DMA_RegisterCallback(&handle_GPDMA1_Channel2, dma_callback_id, HAL_OSPI_TxCpltCallback);
      |                                                                        ^~~~~~~~~~~~~~~~~~~~~~~
      |                                                                        |
      |                                                                        void (*)(OSPI_HandleTypeDef *)
In file included from ../Core/Inc/stm32u5xx_hal_conf.h:284,
                 from ../Drivers/STM32U5xx_HAL_Driver/Inc/stm32u5xx_hal.h:29,
                 from ../Core/Inc/main.h:30,
                 from ../Core/Src/main.c:20:
../Drivers/STM32U5xx_HAL_Driver/Inc/stm32u5xx_hal_dma.h:743:58: note: expected 'void (* const)(DMA_HandleTypeDef * const)' {aka 'void (* const)(struct __DMA_HandleTypeDef * const)'} but argument is of type 'void (*)(OSPI_HandleTypeDef *)'
  743 |                                            void (*const  pCallback)(DMA_HandleTypeDef *const _hdma));
      |                                            ~~~~~~~~~~~~~~^~~~~~~~~~~~~~~~~~~~~~~~~~~~~~~~~~~~~~~~~~
../Core/Src/main.c: At top level:
../Core/Src/main.c:176:13: warning: 'clock_timer_cb' defined but not used [-Wunused-function]
  176 | static void clock_timer_cb(lv_timer_t *t)
      |             ^~~~~~~~~~~~~~
arm-none-eabi-gcc -o "Smartwatch_bench.elf" @"objects.list"   -mcpu=cortex-m33 -T"/home/joakim-wennergren/Desktop/Smartwatch/Firmware/Bench/STM32U575ZITXQ_FLASH.ld" --specs=nosys.specs -Wl,-Map="Smartwatch_bench.map" -Wl,--gc-sections -static -u _printf_float -u _printf_float -z noexecstack --specs=nano.specs -mfpu=fpv5-sp-d16 -mfloat-abi=hard -mthumb -Wl,--start-group -lc -lm -Wl,--end-group
Finished building target: Smartwatch_bench.elf
 
arm-none-eabi-size  Smartwatch_bench.elf 
arm-none-eabi-objdump -h -S Smartwatch_bench.elf  > "Smartwatch_bench.list"
   text	   data	    bss	    dec	    hex	filename
 469485	    632	 385976	 856093	  d101d	Smartwatch_bench.elf
Finished building: default.size.stdout
 
Finished building: Smartwatch_bench.list
 
15:49:16 **** Incremental Build of configuration Debug for project Smartwatch_bench ****
make -j12 all 
arm-none-eabi-gcc "../Core/Src/display.c" -mcpu=cortex-m33 -std=gnu11 -g3 -DDEBUG -DUSE_HAL_DRIVER -DSTM32U575xx -c -I../Core/Inc -I../Drivers/STM32U5xx_HAL_Driver/Inc -I../Drivers/STM32U5xx_HAL_Driver/Inc/Legacy -I../Drivers/CMSIS/Device/ST/STM32U5xx/Include -I../Drivers/CMSIS/Include -I../Middlewares/Third_Party/FreeRTOS/Source/include/ -I../Middlewares/Third_Party/FreeRTOS/Source/portable/GCC/ARM_CM33_NTZ/non_secure/ -I../Middlewares/Third_Party/FreeRTOS/Source/CMSIS_RTOS_V2/ -I../Middlewares/Third_Party/CMSIS/RTOS2/Include/ -I"/home/joakim-wennergren/Desktop/Smartwatch/Firmware/Bench/Drivers/lvgl" -O0 -ffunction-sections -fdata-sections -Wall -fstack-usage -fstack-usage -fcyclomatic-complexity -MMD -MP -MF"Core/Src/display.d" -MT"Core/Src/display.o" --specs=nano.specs -mfpu=fpv5-sp-d16 -mfloat-abi=hard -mthumb -o "Core/Src/display.o"
../Core/Src/display.c: In function 'CO5300_WritePixels_DMA_chunked':
../Core/Src/display.c:221:13: warning: implicit declaration of function 'printf' [-Wimplicit-function-declaration]
  221 |             printf("OSPI DMA start err=0x%08lX\n", HAL_OSPI_GetError(&hospi1));
      |             ^~~~~~
../Core/Src/display.c:9:1: note: include '<stdio.h>' or provide a declaration of 'printf'
    8 | #include <string.h>
  +++ |+#include <stdio.h>
    9 | 
../Core/Src/display.c:221:13: warning: incompatible implicit declaration of built-in function 'printf' [-Wbuiltin-declaration-mismatch]
  221 |             printf("OSPI DMA start err=0x%08lX\n", HAL_OSPI_GetError(&hospi1));
      |             ^~~~~~
../Core/Src/display.c:221:13: note: include '<stdio.h>' or provide a declaration of 'printf'
../Core/Src/display.c: At top level:
../Core/Src/display.c:238:26: warning: 'CO5300_RamWrite_Header' defined but not used [-Wunused-function]
  238 | static HAL_StatusTypeDef CO5300_RamWrite_Header(OSPI_HandleTypeDef *h, uint32_t nbytes, uint8_t qpi)
      |                          ^~~~~~~~~~~~~~~~~~~~~~
arm-none-eabi-gcc -o "Smartwatch_bench.elf" @"objects.list"   -mcpu=cortex-m33 -T"/home/joakim-wennergren/Desktop/Smartwatch/Firmware/Bench/STM32U575ZITXQ_FLASH.ld" --specs=nosys.specs -Wl,-Map="Smartwatch_bench.map" -Wl,--gc-sections -static -u _printf_float -u _printf_float -z noexecstack --specs=nano.specs -mfpu=fpv5-sp-d16 -mfloat-abi=hard -mthumb -Wl,--start-group -lc -lm -Wl,--end-group
Finished building target: Smartwatch_bench.elf
 
arm-none-eabi-size  Smartwatch_bench.elf 
arm-none-eabi-objdump -h -S Smartwatch_bench.elf  > "Smartwatch_bench.list"
   text	   data	    bss	    dec	    hex	filename
 469429	    632	 385976	 856037	  d0fe5	Smartwatch_bench.elf
Finished building: default.size.stdout
 
Finished building: Smartwatch_bench.list
 
15:50:09 **** Incremental Build of configuration Debug for project Smartwatch_bench ****
make -j12 all 
arm-none-eabi-gcc "../Core/Src/display.c" -mcpu=cortex-m33 -std=gnu11 -g3 -DDEBUG -DUSE_HAL_DRIVER -DSTM32U575xx -c -I../Core/Inc -I../Drivers/STM32U5xx_HAL_Driver/Inc -I../Drivers/STM32U5xx_HAL_Driver/Inc/Legacy -I../Drivers/CMSIS/Device/ST/STM32U5xx/Include -I../Drivers/CMSIS/Include -I../Middlewares/Third_Party/FreeRTOS/Source/include/ -I../Middlewares/Third_Party/FreeRTOS/Source/portable/GCC/ARM_CM33_NTZ/non_secure/ -I../Middlewares/Third_Party/FreeRTOS/Source/CMSIS_RTOS_V2/ -I../Middlewares/Third_Party/CMSIS/RTOS2/Include/ -I"/home/joakim-wennergren/Desktop/Smartwatch/Firmware/Bench/Drivers/lvgl" -O0 -ffunction-sections -fdata-sections -Wall -fstack-usage -fstack-usage -fcyclomatic-complexity -MMD -MP -MF"Core/Src/display.d" -MT"Core/Src/display.o" --specs=nano.specs -mfpu=fpv5-sp-d16 -mfloat-abi=hard -mthumb -o "Core/Src/display.o"
arm-none-eabi-gcc "../Core/Src/main.c" -mcpu=cortex-m33 -std=gnu11 -g3 -DDEBUG -DUSE_HAL_DRIVER -DSTM32U575xx -c -I../Core/Inc -I../Drivers/STM32U5xx_HAL_Driver/Inc -I../Drivers/STM32U5xx_HAL_Driver/Inc/Legacy -I../Drivers/CMSIS/Device/ST/STM32U5xx/Include -I../Drivers/CMSIS/Include -I../Middlewares/Third_Party/FreeRTOS/Source/include/ -I../Middlewares/Third_Party/FreeRTOS/Source/portable/GCC/ARM_CM33_NTZ/non_secure/ -I../Middlewares/Third_Party/FreeRTOS/Source/CMSIS_RTOS_V2/ -I../Middlewares/Third_Party/CMSIS/RTOS2/Include/ -I"/home/joakim-wennergren/Desktop/Smartwatch/Firmware/Bench/Drivers/lvgl" -O0 -ffunction-sections -fdata-sections -Wall -fstack-usage -fstack-usage -fcyclomatic-complexity -MMD -MP -MF"Core/Src/main.d" -MT"Core/Src/main.o" --specs=nano.specs -mfpu=fpv5-sp-d16 -mfloat-abi=hard -mthumb -o "Core/Src/main.o"
../Core/Src/display.c: In function 'CO5300_WritePixels_DMA_chunked':
../Core/Src/display.c:214:13: warning: implicit declaration of function 'printf' [-Wimplicit-function-declaration]
  214 |             printf("OSPI DMA start err=0x%08lX\n", HAL_OSPI_GetError(&hospi1));
      |             ^~~~~~
../Core/Src/display.c:9:1: note: include '<stdio.h>' or provide a declaration of 'printf'
    8 | #include <string.h>
  +++ |+#include <stdio.h>
    9 | 
../Core/Src/display.c:214:13: warning: incompatible implicit declaration of built-in function 'printf' [-Wbuiltin-declaration-mismatch]
  214 |             printf("OSPI DMA start err=0x%08lX\n", HAL_OSPI_GetError(&hospi1));
      |             ^~~~~~
../Core/Src/display.c:214:13: note: include '<stdio.h>' or provide a declaration of 'printf'
../Core/Src/display.c: At top level:
../Core/Src/display.c:230:26: warning: 'CO5300_RamWrite_Header' defined but not used [-Wunused-function]
  230 | static HAL_StatusTypeDef CO5300_RamWrite_Header(OSPI_HandleTypeDef *h, uint32_t nbytes, uint8_t qpi)
      |                          ^~~~~~~~~~~~~~~~~~~~~~
../Core/Src/main.c: In function 'HAL_RTC_AlarmAEventCallback':
../Core/Src/main.c:87:13: warning: pointer targets in passing argument 1 of 'sprintf' differ in signedness [-Wpointer-sign]
   87 |     sprintf(Buffer, "RTC 1 minute tick!");
      |             ^~~~~~
      |             |
      |             uint8_t * {aka unsigned char *}
In file included from ../Core/Src/main.c:25:
/home/joakim-wennergren/st/stm32cubeide_1.19.0/plugins/com.st.stm32cube.ide.mcu.externaltools.gnu-tools-for-stm32.13.3.rel1.linux64_1.0.0.202410170706/tools/arm-none-eabi/include/stdio.h:250:18: note: expected 'char * restrict' but argument is of type 'uint8_t *' {aka 'unsigned char *'}
  250 | int     sprintf (char *__restrict, const char *__restrict, ...)
      |                  ^
../Core/Src/main.c:88:57: warning: pointer targets in passing argument 1 of 'strlen' differ in signedness [-Wpointer-sign]
   88 |     HAL_UART_Transmit(&huart4, (uint8_t*)Buffer, strlen(Buffer), 1000);
      |                                                         ^~~~~~
      |                                                         |
      |                                                         uint8_t * {aka unsigned char *}
In file included from ../Core/Src/main.c:24:
/home/joakim-wennergren/st/stm32cubeide_1.19.0/plugins/com.st.stm32cube.ide.mcu.externaltools.gnu-tools-for-stm32.13.3.rel1.linux64_1.0.0.202410170706/tools/arm-none-eabi/include/string.h:41:18: note: expected 'const char *' but argument is of type 'uint8_t *' {aka 'unsigned char *'}
   41 | size_t   strlen (const char *);
      |                  ^~~~~~~~~~~~
../Core/Src/main.c: In function 'RTC_SetupOnce':
../Core/Src/main.c:94:25: warning: unused variable 'sDate' [-Wunused-variable]
   94 |         RTC_DateTypeDef sDate = {0};
      |                         ^~~~~
../Core/Src/main.c: In function 'create_line':
../Core/Src/main.c:200:30: warning: passing argument 2 of 'lv_line_set_points' from incompatible pointer type [-Wincompatible-pointer-types]
  200 |     lv_line_set_points(line, line_points, 2);
      |                              ^~~~~~~~~~~
      |                              |
      |                              lv_point_t *
In file included from /home/joakim-wennergren/Desktop/Smartwatch/Firmware/Bench/Drivers/lvgl/lvgl.h:69,
                 from ../Core/Src/main.c:28:
/home/joakim-wennergren/Desktop/Smartwatch/Firmware/Bench/Drivers/lvgl/src/widgets/line/lv_line.h:50:66: note: expected 'const lv_point_precise_t *' but argument is of type 'lv_point_t *'
   50 | void lv_line_set_points(lv_obj_t * obj, const lv_point_precise_t points[], uint32_t point_num);
      |                                         ~~~~~~~~~~~~~~~~~~~~~~~~~^~~~~~~~
../Core/Src/main.c: In function 'set_date_label':
../Core/Src/main.c:219:32: warning: too many arguments for format [-Wformat-extra-args]
  219 |     snprintf(buf, sizeof(buf), "%s %d Aug 2025",
      |                                ^~~~~~~~~~~~~~~~
../Core/Src/main.c: In function 'MX_GPDMA1_Init':
../Core/Src/main.c:438:72: warning: passing argument 3 of 'HAL_DMA_RegisterCallback' from incompatible pointer type [-Wincompatible-pointer-types]
  438 |     HAL_DMA_RegisterCallback(&handle_GPDMA1_Channel2, dma_callback_id, HAL_OSPI_TxCpltCallback);
      |                                                                        ^~~~~~~~~~~~~~~~~~~~~~~
      |                                                                        |
      |                                                                        void (*)(OSPI_HandleTypeDef *)
In file included from ../Core/Inc/stm32u5xx_hal_conf.h:284,
                 from ../Drivers/STM32U5xx_HAL_Driver/Inc/stm32u5xx_hal.h:29,
                 from ../Core/Inc/main.h:30,
                 from ../Core/Src/main.c:20:
../Drivers/STM32U5xx_HAL_Driver/Inc/stm32u5xx_hal_dma.h:743:58: note: expected 'void (* const)(DMA_HandleTypeDef * const)' {aka 'void (* const)(struct __DMA_HandleTypeDef * const)'} but argument is of type 'void (*)(OSPI_HandleTypeDef *)'
  743 |                                            void (*const  pCallback)(DMA_HandleTypeDef *const _hdma));
      |                                            ~~~~~~~~~~~~~~^~~~~~~~~~~~~~~~~~~~~~~~~~~~~~~~~~~~~~~~~~
../Core/Src/main.c: At top level:
../Core/Src/main.c:176:13: warning: 'clock_timer_cb' defined but not used [-Wunused-function]
  176 | static void clock_timer_cb(lv_timer_t *t)
      |             ^~~~~~~~~~~~~~
arm-none-eabi-gcc -o "Smartwatch_bench.elf" @"objects.list"   -mcpu=cortex-m33 -T"/home/joakim-wennergren/Desktop/Smartwatch/Firmware/Bench/STM32U575ZITXQ_FLASH.ld" --specs=nosys.specs -Wl,-Map="Smartwatch_bench.map" -Wl,--gc-sections -static -u _printf_float -u _printf_float -z noexecstack --specs=nano.specs -mfpu=fpv5-sp-d16 -mfloat-abi=hard -mthumb -Wl,--start-group -lc -lm -Wl,--end-group
Finished building target: Smartwatch_bench.elf
 
arm-none-eabi-size  Smartwatch_bench.elf 
arm-none-eabi-objdump -h -S Smartwatch_bench.elf  > "Smartwatch_bench.list"
   text	   data	    bss	    dec	    hex	filename
 469429	    632	 385976	 856037	  d0fe5	Smartwatch_bench.elf
Finished building: default.size.stdout
 
Finished building: Smartwatch_bench.list
 
15:50:35 **** Incremental Build of configuration Debug for project Smartwatch_bench ****
make -j12 all 
arm-none-eabi-gcc "../Core/Src/display.c" -mcpu=cortex-m33 -std=gnu11 -g3 -DDEBUG -DUSE_HAL_DRIVER -DSTM32U575xx -c -I../Core/Inc -I../Drivers/STM32U5xx_HAL_Driver/Inc -I../Drivers/STM32U5xx_HAL_Driver/Inc/Legacy -I../Drivers/CMSIS/Device/ST/STM32U5xx/Include -I../Drivers/CMSIS/Include -I../Middlewares/Third_Party/FreeRTOS/Source/include/ -I../Middlewares/Third_Party/FreeRTOS/Source/portable/GCC/ARM_CM33_NTZ/non_secure/ -I../Middlewares/Third_Party/FreeRTOS/Source/CMSIS_RTOS_V2/ -I../Middlewares/Third_Party/CMSIS/RTOS2/Include/ -I"/home/joakim-wennergren/Desktop/Smartwatch/Firmware/Bench/Drivers/lvgl" -O0 -ffunction-sections -fdata-sections -Wall -fstack-usage -fstack-usage -fcyclomatic-complexity -MMD -MP -MF"Core/Src/display.d" -MT"Core/Src/display.o" --specs=nano.specs -mfpu=fpv5-sp-d16 -mfloat-abi=hard -mthumb -o "Core/Src/display.o"
../Core/Src/display.c: In function 'CO5300_WritePixels_DMA_chunked':
../Core/Src/display.c:214:13: warning: implicit declaration of function 'printf' [-Wimplicit-function-declaration]
  214 |             printf("OSPI DMA start err=0x%08lX\n", HAL_OSPI_GetError(&hospi1));
      |             ^~~~~~
../Core/Src/display.c:9:1: note: include '<stdio.h>' or provide a declaration of 'printf'
    8 | #include <string.h>
  +++ |+#include <stdio.h>
    9 | 
../Core/Src/display.c:214:13: warning: incompatible implicit declaration of built-in function 'printf' [-Wbuiltin-declaration-mismatch]
  214 |             printf("OSPI DMA start err=0x%08lX\n", HAL_OSPI_GetError(&hospi1));
      |             ^~~~~~
../Core/Src/display.c:214:13: note: include '<stdio.h>' or provide a declaration of 'printf'
../Core/Src/display.c: At top level:
../Core/Src/display.c:230:26: warning: 'CO5300_RamWrite_Header' defined but not used [-Wunused-function]
  230 | static HAL_StatusTypeDef CO5300_RamWrite_Header(OSPI_HandleTypeDef *h, uint32_t nbytes, uint8_t qpi)
      |                          ^~~~~~~~~~~~~~~~~~~~~~
arm-none-eabi-gcc -o "Smartwatch_bench.elf" @"objects.list"   -mcpu=cortex-m33 -T"/home/joakim-wennergren/Desktop/Smartwatch/Firmware/Bench/STM32U575ZITXQ_FLASH.ld" --specs=nosys.specs -Wl,-Map="Smartwatch_bench.map" -Wl,--gc-sections -static -u _printf_float -u _printf_float -z noexecstack --specs=nano.specs -mfpu=fpv5-sp-d16 -mfloat-abi=hard -mthumb -Wl,--start-group -lc -lm -Wl,--end-group
Finished building target: Smartwatch_bench.elf
 
arm-none-eabi-size  Smartwatch_bench.elf 
arm-none-eabi-objdump -h -S Smartwatch_bench.elf  > "Smartwatch_bench.list"
   text	   data	    bss	    dec	    hex	filename
 469429	    632	 385976	 856037	  d0fe5	Smartwatch_bench.elf
Finished building: default.size.stdout
 
Finished building: Smartwatch_bench.list
 
15:51:54 **** Incremental Build of configuration Debug for project Smartwatch_bench ****
make -j12 all 
arm-none-eabi-gcc "../Core/Src/display.c" -mcpu=cortex-m33 -std=gnu11 -g3 -DDEBUG -DUSE_HAL_DRIVER -DSTM32U575xx -c -I../Core/Inc -I../Drivers/STM32U5xx_HAL_Driver/Inc -I../Drivers/STM32U5xx_HAL_Driver/Inc/Legacy -I../Drivers/CMSIS/Device/ST/STM32U5xx/Include -I../Drivers/CMSIS/Include -I../Middlewares/Third_Party/FreeRTOS/Source/include/ -I../Middlewares/Third_Party/FreeRTOS/Source/portable/GCC/ARM_CM33_NTZ/non_secure/ -I../Middlewares/Third_Party/FreeRTOS/Source/CMSIS_RTOS_V2/ -I../Middlewares/Third_Party/CMSIS/RTOS2/Include/ -I"/home/joakim-wennergren/Desktop/Smartwatch/Firmware/Bench/Drivers/lvgl" -O0 -ffunction-sections -fdata-sections -Wall -fstack-usage -fstack-usage -fcyclomatic-complexity -MMD -MP -MF"Core/Src/display.d" -MT"Core/Src/display.o" --specs=nano.specs -mfpu=fpv5-sp-d16 -mfloat-abi=hard -mthumb -o "Core/Src/display.o"
../Core/Src/display.c: In function 'CO5300_WritePixels_DMA_chunked':
../Core/Src/display.c:215:13: warning: implicit declaration of function 'printf' [-Wimplicit-function-declaration]
  215 |             printf("OSPI DMA start err=0x%08lX\n", HAL_OSPI_GetError(&hospi1));
      |             ^~~~~~
../Core/Src/display.c:9:1: note: include '<stdio.h>' or provide a declaration of 'printf'
    8 | #include <string.h>
  +++ |+#include <stdio.h>
    9 | 
../Core/Src/display.c:215:13: warning: incompatible implicit declaration of built-in function 'printf' [-Wbuiltin-declaration-mismatch]
  215 |             printf("OSPI DMA start err=0x%08lX\n", HAL_OSPI_GetError(&hospi1));
      |             ^~~~~~
../Core/Src/display.c:215:13: note: include '<stdio.h>' or provide a declaration of 'printf'
../Core/Src/display.c: At top level:
../Core/Src/display.c:231:26: warning: 'CO5300_RamWrite_Header' defined but not used [-Wunused-function]
  231 | static HAL_StatusTypeDef CO5300_RamWrite_Header(OSPI_HandleTypeDef *h, uint32_t nbytes, uint8_t qpi)
      |                          ^~~~~~~~~~~~~~~~~~~~~~
arm-none-eabi-gcc -o "Smartwatch_bench.elf" @"objects.list"   -mcpu=cortex-m33 -T"/home/joakim-wennergren/Desktop/Smartwatch/Firmware/Bench/STM32U575ZITXQ_FLASH.ld" --specs=nosys.specs -Wl,-Map="Smartwatch_bench.map" -Wl,--gc-sections -static -u _printf_float -u _printf_float -z noexecstack --specs=nano.specs -mfpu=fpv5-sp-d16 -mfloat-abi=hard -mthumb -Wl,--start-group -lc -lm -Wl,--end-group
Finished building target: Smartwatch_bench.elf
 
arm-none-eabi-size  Smartwatch_bench.elf 
arm-none-eabi-objdump -h -S Smartwatch_bench.elf  > "Smartwatch_bench.list"
   text	   data	    bss	    dec	    hex	filename
 469525	    632	 385976	 856133	  d1045	Smartwatch_bench.elf
Finished building: default.size.stdout
 
Finished building: Smartwatch_bench.list
 
15:52:18 **** Incremental Build of configuration Debug for project Smartwatch_bench ****
make -j12 all 
arm-none-eabi-gcc "../Core/Src/main.c" -mcpu=cortex-m33 -std=gnu11 -g3 -DDEBUG -DUSE_HAL_DRIVER -DSTM32U575xx -c -I../Core/Inc -I../Drivers/STM32U5xx_HAL_Driver/Inc -I../Drivers/STM32U5xx_HAL_Driver/Inc/Legacy -I../Drivers/CMSIS/Device/ST/STM32U5xx/Include -I../Drivers/CMSIS/Include -I../Middlewares/Third_Party/FreeRTOS/Source/include/ -I../Middlewares/Third_Party/FreeRTOS/Source/portable/GCC/ARM_CM33_NTZ/non_secure/ -I../Middlewares/Third_Party/FreeRTOS/Source/CMSIS_RTOS_V2/ -I../Middlewares/Third_Party/CMSIS/RTOS2/Include/ -I"/home/joakim-wennergren/Desktop/Smartwatch/Firmware/Bench/Drivers/lvgl" -O0 -ffunction-sections -fdata-sections -Wall -fstack-usage -fstack-usage -fcyclomatic-complexity -MMD -MP -MF"Core/Src/main.d" -MT"Core/Src/main.o" --specs=nano.specs -mfpu=fpv5-sp-d16 -mfloat-abi=hard -mthumb -o "Core/Src/main.o"
../Core/Src/main.c: In function 'HAL_RTC_AlarmAEventCallback':
../Core/Src/main.c:87:13: warning: pointer targets in passing argument 1 of 'sprintf' differ in signedness [-Wpointer-sign]
   87 |     sprintf(Buffer, "RTC 1 minute tick!");
      |             ^~~~~~
      |             |
      |             uint8_t * {aka unsigned char *}
In file included from ../Core/Src/main.c:25:
/home/joakim-wennergren/st/stm32cubeide_1.19.0/plugins/com.st.stm32cube.ide.mcu.externaltools.gnu-tools-for-stm32.13.3.rel1.linux64_1.0.0.202410170706/tools/arm-none-eabi/include/stdio.h:250:18: note: expected 'char * restrict' but argument is of type 'uint8_t *' {aka 'unsigned char *'}
  250 | int     sprintf (char *__restrict, const char *__restrict, ...)
      |                  ^
../Core/Src/main.c:88:57: warning: pointer targets in passing argument 1 of 'strlen' differ in signedness [-Wpointer-sign]
   88 |     HAL_UART_Transmit(&huart4, (uint8_t*)Buffer, strlen(Buffer), 1000);
      |                                                         ^~~~~~
      |                                                         |
      |                                                         uint8_t * {aka unsigned char *}
In file included from ../Core/Src/main.c:24:
/home/joakim-wennergren/st/stm32cubeide_1.19.0/plugins/com.st.stm32cube.ide.mcu.externaltools.gnu-tools-for-stm32.13.3.rel1.linux64_1.0.0.202410170706/tools/arm-none-eabi/include/string.h:41:18: note: expected 'const char *' but argument is of type 'uint8_t *' {aka 'unsigned char *'}
   41 | size_t   strlen (const char *);
      |                  ^~~~~~~~~~~~
../Core/Src/main.c: In function 'RTC_SetupOnce':
../Core/Src/main.c:94:25: warning: unused variable 'sDate' [-Wunused-variable]
   94 |         RTC_DateTypeDef sDate = {0};
      |                         ^~~~~
../Core/Src/main.c: In function 'create_line':
../Core/Src/main.c:200:30: warning: passing argument 2 of 'lv_line_set_points' from incompatible pointer type [-Wincompatible-pointer-types]
  200 |     lv_line_set_points(line, line_points, 2);
      |                              ^~~~~~~~~~~
      |                              |
      |                              lv_point_t *
In file included from /home/joakim-wennergren/Desktop/Smartwatch/Firmware/Bench/Drivers/lvgl/lvgl.h:69,
                 from ../Core/Src/main.c:28:
/home/joakim-wennergren/Desktop/Smartwatch/Firmware/Bench/Drivers/lvgl/src/widgets/line/lv_line.h:50:66: note: expected 'const lv_point_precise_t *' but argument is of type 'lv_point_t *'
   50 | void lv_line_set_points(lv_obj_t * obj, const lv_point_precise_t points[], uint32_t point_num);
      |                                         ~~~~~~~~~~~~~~~~~~~~~~~~~^~~~~~~~
../Core/Src/main.c: In function 'set_date_label':
../Core/Src/main.c:219:32: warning: too many arguments for format [-Wformat-extra-args]
  219 |     snprintf(buf, sizeof(buf), "%s %d Aug 2025",
      |                                ^~~~~~~~~~~~~~~~
../Core/Src/main.c: In function 'MX_GPDMA1_Init':
../Core/Src/main.c:438:72: warning: passing argument 3 of 'HAL_DMA_RegisterCallback' from incompatible pointer type [-Wincompatible-pointer-types]
  438 |     HAL_DMA_RegisterCallback(&handle_GPDMA1_Channel2, dma_callback_id, HAL_OSPI_TxCpltCallback);
      |                                                                        ^~~~~~~~~~~~~~~~~~~~~~~
      |                                                                        |
      |                                                                        void (*)(OSPI_HandleTypeDef *)
In file included from ../Core/Inc/stm32u5xx_hal_conf.h:284,
                 from ../Drivers/STM32U5xx_HAL_Driver/Inc/stm32u5xx_hal.h:29,
                 from ../Core/Inc/main.h:30,
                 from ../Core/Src/main.c:20:
../Drivers/STM32U5xx_HAL_Driver/Inc/stm32u5xx_hal_dma.h:743:58: note: expected 'void (* const)(DMA_HandleTypeDef * const)' {aka 'void (* const)(struct __DMA_HandleTypeDef * const)'} but argument is of type 'void (*)(OSPI_HandleTypeDef *)'
  743 |                                            void (*const  pCallback)(DMA_HandleTypeDef *const _hdma));
      |                                            ~~~~~~~~~~~~~~^~~~~~~~~~~~~~~~~~~~~~~~~~~~~~~~~~~~~~~~~~
../Core/Src/main.c: At top level:
../Core/Src/main.c:176:13: warning: 'clock_timer_cb' defined but not used [-Wunused-function]
  176 | static void clock_timer_cb(lv_timer_t *t)
      |             ^~~~~~~~~~~~~~
arm-none-eabi-gcc -o "Smartwatch_bench.elf" @"objects.list"   -mcpu=cortex-m33 -T"/home/joakim-wennergren/Desktop/Smartwatch/Firmware/Bench/STM32U575ZITXQ_FLASH.ld" --specs=nosys.specs -Wl,-Map="Smartwatch_bench.map" -Wl,--gc-sections -static -u _printf_float -u _printf_float -z noexecstack --specs=nano.specs -mfpu=fpv5-sp-d16 -mfloat-abi=hard -mthumb -Wl,--start-group -lc -lm -Wl,--end-group
Finished building target: Smartwatch_bench.elf
 
arm-none-eabi-size  Smartwatch_bench.elf 
arm-none-eabi-objdump -h -S Smartwatch_bench.elf  > "Smartwatch_bench.list"
   text	   data	    bss	    dec	    hex	filename
 469525	    632	 385976	 856133	  d1045	Smartwatch_bench.elf
Finished building: default.size.stdout
 
Finished building: Smartwatch_bench.list
 
15:52:42 **** Incremental Build of configuration Debug for project Smartwatch_bench ****
make -j12 all 
arm-none-eabi-gcc "../Core/Src/main.c" -mcpu=cortex-m33 -std=gnu11 -g3 -DDEBUG -DUSE_HAL_DRIVER -DSTM32U575xx -c -I../Core/Inc -I../Drivers/STM32U5xx_HAL_Driver/Inc -I../Drivers/STM32U5xx_HAL_Driver/Inc/Legacy -I../Drivers/CMSIS/Device/ST/STM32U5xx/Include -I../Drivers/CMSIS/Include -I../Middlewares/Third_Party/FreeRTOS/Source/include/ -I../Middlewares/Third_Party/FreeRTOS/Source/portable/GCC/ARM_CM33_NTZ/non_secure/ -I../Middlewares/Third_Party/FreeRTOS/Source/CMSIS_RTOS_V2/ -I../Middlewares/Third_Party/CMSIS/RTOS2/Include/ -I"/home/joakim-wennergren/Desktop/Smartwatch/Firmware/Bench/Drivers/lvgl" -O0 -ffunction-sections -fdata-sections -Wall -fstack-usage -fstack-usage -fcyclomatic-complexity -MMD -MP -MF"Core/Src/main.d" -MT"Core/Src/main.o" --specs=nano.specs -mfpu=fpv5-sp-d16 -mfloat-abi=hard -mthumb -o "Core/Src/main.o"
../Core/Src/main.c: In function 'HAL_RTC_AlarmAEventCallback':
../Core/Src/main.c:87:13: warning: pointer targets in passing argument 1 of 'sprintf' differ in signedness [-Wpointer-sign]
   87 |     sprintf(Buffer, "RTC 1 minute tick!");
      |             ^~~~~~
      |             |
      |             uint8_t * {aka unsigned char *}
In file included from ../Core/Src/main.c:25:
/home/joakim-wennergren/st/stm32cubeide_1.19.0/plugins/com.st.stm32cube.ide.mcu.externaltools.gnu-tools-for-stm32.13.3.rel1.linux64_1.0.0.202410170706/tools/arm-none-eabi/include/stdio.h:250:18: note: expected 'char * restrict' but argument is of type 'uint8_t *' {aka 'unsigned char *'}
  250 | int     sprintf (char *__restrict, const char *__restrict, ...)
      |                  ^
../Core/Src/main.c:88:57: warning: pointer targets in passing argument 1 of 'strlen' differ in signedness [-Wpointer-sign]
   88 |     HAL_UART_Transmit(&huart4, (uint8_t*)Buffer, strlen(Buffer), 1000);
      |                                                         ^~~~~~
      |                                                         |
      |                                                         uint8_t * {aka unsigned char *}
In file included from ../Core/Src/main.c:24:
/home/joakim-wennergren/st/stm32cubeide_1.19.0/plugins/com.st.stm32cube.ide.mcu.externaltools.gnu-tools-for-stm32.13.3.rel1.linux64_1.0.0.202410170706/tools/arm-none-eabi/include/string.h:41:18: note: expected 'const char *' but argument is of type 'uint8_t *' {aka 'unsigned char *'}
   41 | size_t   strlen (const char *);
      |                  ^~~~~~~~~~~~
../Core/Src/main.c: In function 'RTC_SetupOnce':
../Core/Src/main.c:94:25: warning: unused variable 'sDate' [-Wunused-variable]
   94 |         RTC_DateTypeDef sDate = {0};
      |                         ^~~~~
../Core/Src/main.c: In function 'create_line':
../Core/Src/main.c:200:30: warning: passing argument 2 of 'lv_line_set_points' from incompatible pointer type [-Wincompatible-pointer-types]
  200 |     lv_line_set_points(line, line_points, 2);
      |                              ^~~~~~~~~~~
      |                              |
      |                              lv_point_t *
In file included from /home/joakim-wennergren/Desktop/Smartwatch/Firmware/Bench/Drivers/lvgl/lvgl.h:69,
                 from ../Core/Src/main.c:28:
/home/joakim-wennergren/Desktop/Smartwatch/Firmware/Bench/Drivers/lvgl/src/widgets/line/lv_line.h:50:66: note: expected 'const lv_point_precise_t *' but argument is of type 'lv_point_t *'
   50 | void lv_line_set_points(lv_obj_t * obj, const lv_point_precise_t points[], uint32_t point_num);
      |                                         ~~~~~~~~~~~~~~~~~~~~~~~~~^~~~~~~~
../Core/Src/main.c: In function 'set_date_label':
../Core/Src/main.c:219:32: warning: too many arguments for format [-Wformat-extra-args]
  219 |     snprintf(buf, sizeof(buf), "%s %d Aug 2025",
      |                                ^~~~~~~~~~~~~~~~
../Core/Src/main.c: In function 'MX_GPDMA1_Init':
../Core/Src/main.c:438:72: warning: passing argument 3 of 'HAL_DMA_RegisterCallback' from incompatible pointer type [-Wincompatible-pointer-types]
  438 |     HAL_DMA_RegisterCallback(&handle_GPDMA1_Channel2, dma_callback_id, HAL_OSPI_TxCpltCallback);
      |                                                                        ^~~~~~~~~~~~~~~~~~~~~~~
      |                                                                        |
      |                                                                        void (*)(OSPI_HandleTypeDef *)
In file included from ../Core/Inc/stm32u5xx_hal_conf.h:284,
                 from ../Drivers/STM32U5xx_HAL_Driver/Inc/stm32u5xx_hal.h:29,
                 from ../Core/Inc/main.h:30,
                 from ../Core/Src/main.c:20:
../Drivers/STM32U5xx_HAL_Driver/Inc/stm32u5xx_hal_dma.h:743:58: note: expected 'void (* const)(DMA_HandleTypeDef * const)' {aka 'void (* const)(struct __DMA_HandleTypeDef * const)'} but argument is of type 'void (*)(OSPI_HandleTypeDef *)'
  743 |                                            void (*const  pCallback)(DMA_HandleTypeDef *const _hdma));
      |                                            ~~~~~~~~~~~~~~^~~~~~~~~~~~~~~~~~~~~~~~~~~~~~~~~~~~~~~~~~
../Core/Src/main.c: At top level:
../Core/Src/main.c:176:13: warning: 'clock_timer_cb' defined but not used [-Wunused-function]
  176 | static void clock_timer_cb(lv_timer_t *t)
      |             ^~~~~~~~~~~~~~
arm-none-eabi-gcc -o "Smartwatch_bench.elf" @"objects.list"   -mcpu=cortex-m33 -T"/home/joakim-wennergren/Desktop/Smartwatch/Firmware/Bench/STM32U575ZITXQ_FLASH.ld" --specs=nosys.specs -Wl,-Map="Smartwatch_bench.map" -Wl,--gc-sections -static -u _printf_float -u _printf_float -z noexecstack --specs=nano.specs -mfpu=fpv5-sp-d16 -mfloat-abi=hard -mthumb -Wl,--start-group -lc -lm -Wl,--end-group
Finished building target: Smartwatch_bench.elf
 
arm-none-eabi-size  Smartwatch_bench.elf 
arm-none-eabi-objdump -h -S Smartwatch_bench.elf  > "Smartwatch_bench.list"
   text	   data	    bss	    dec	    hex	filename
 469525	    632	 385976	 856133	  d1045	Smartwatch_bench.elf
Finished building: default.size.stdout
 
Finished building: Smartwatch_bench.list
 
15:53:50 **** Incremental Build of configuration Debug for project Smartwatch_bench ****
make -j12 all 
arm-none-eabi-gcc "../Drivers/STM32U5xx_HAL_Driver/Src/stm32u5xx_hal.c" -mcpu=cortex-m33 -std=gnu11 -g3 -DDEBUG -DUSE_HAL_DRIVER -DSTM32U575xx -c -I../Core/Inc -I../Drivers/STM32U5xx_HAL_Driver/Inc -I../Drivers/STM32U5xx_HAL_Driver/Inc/Legacy -I../Drivers/CMSIS/Device/ST/STM32U5xx/Include -I../Drivers/CMSIS/Include -I../Middlewares/Third_Party/FreeRTOS/Source/include/ -I../Middlewares/Third_Party/FreeRTOS/Source/portable/GCC/ARM_CM33_NTZ/non_secure/ -I../Middlewares/Third_Party/FreeRTOS/Source/CMSIS_RTOS_V2/ -I../Middlewares/Third_Party/CMSIS/RTOS2/Include/ -I"/home/joakim-wennergren/Desktop/Smartwatch/Firmware/Bench/Drivers/lvgl" -O0 -ffunction-sections -fdata-sections -Wall -fstack-usage -fstack-usage -fcyclomatic-complexity -MMD -MP -MF"Drivers/STM32U5xx_HAL_Driver/Src/stm32u5xx_hal.d" -MT"Drivers/STM32U5xx_HAL_Driver/Src/stm32u5xx_hal.o" --specs=nano.specs -mfpu=fpv5-sp-d16 -mfloat-abi=hard -mthumb -o "Drivers/STM32U5xx_HAL_Driver/Src/stm32u5xx_hal.o"
arm-none-eabi-gcc "../Drivers/STM32U5xx_HAL_Driver/Src/stm32u5xx_hal_cortex.c" -mcpu=cortex-m33 -std=gnu11 -g3 -DDEBUG -DUSE_HAL_DRIVER -DSTM32U575xx -c -I../Core/Inc -I../Drivers/STM32U5xx_HAL_Driver/Inc -I../Drivers/STM32U5xx_HAL_Driver/Inc/Legacy -I../Drivers/CMSIS/Device/ST/STM32U5xx/Include -I../Drivers/CMSIS/Include -I../Middlewares/Third_Party/FreeRTOS/Source/include/ -I../Middlewares/Third_Party/FreeRTOS/Source/portable/GCC/ARM_CM33_NTZ/non_secure/ -I../Middlewares/Third_Party/FreeRTOS/Source/CMSIS_RTOS_V2/ -I../Middlewares/Third_Party/CMSIS/RTOS2/Include/ -I"/home/joakim-wennergren/Desktop/Smartwatch/Firmware/Bench/Drivers/lvgl" -O0 -ffunction-sections -fdata-sections -Wall -fstack-usage -fstack-usage -fcyclomatic-complexity -MMD -MP -MF"Drivers/STM32U5xx_HAL_Driver/Src/stm32u5xx_hal_cortex.d" -MT"Drivers/STM32U5xx_HAL_Driver/Src/stm32u5xx_hal_cortex.o" --specs=nano.specs -mfpu=fpv5-sp-d16 -mfloat-abi=hard -mthumb -o "Drivers/STM32U5xx_HAL_Driver/Src/stm32u5xx_hal_cortex.o"
arm-none-eabi-gcc "../Drivers/STM32U5xx_HAL_Driver/Src/stm32u5xx_hal_dma.c" -mcpu=cortex-m33 -std=gnu11 -g3 -DDEBUG -DUSE_HAL_DRIVER -DSTM32U575xx -c -I../Core/Inc -I../Drivers/STM32U5xx_HAL_Driver/Inc -I../Drivers/STM32U5xx_HAL_Driver/Inc/Legacy -I../Drivers/CMSIS/Device/ST/STM32U5xx/Include -I../Drivers/CMSIS/Include -I../Middlewares/Third_Party/FreeRTOS/Source/include/ -I../Middlewares/Third_Party/FreeRTOS/Source/portable/GCC/ARM_CM33_NTZ/non_secure/ -I../Middlewares/Third_Party/FreeRTOS/Source/CMSIS_RTOS_V2/ -I../Middlewares/Third_Party/CMSIS/RTOS2/Include/ -I"/home/joakim-wennergren/Desktop/Smartwatch/Firmware/Bench/Drivers/lvgl" -O0 -ffunction-sections -fdata-sections -Wall -fstack-usage -fstack-usage -fcyclomatic-complexity -MMD -MP -MF"Drivers/STM32U5xx_HAL_Driver/Src/stm32u5xx_hal_dma.d" -MT"Drivers/STM32U5xx_HAL_Driver/Src/stm32u5xx_hal_dma.o" --specs=nano.specs -mfpu=fpv5-sp-d16 -mfloat-abi=hard -mthumb -o "Drivers/STM32U5xx_HAL_Driver/Src/stm32u5xx_hal_dma.o"
arm-none-eabi-gcc "../Drivers/STM32U5xx_HAL_Driver/Src/stm32u5xx_hal_dma_ex.c" -mcpu=cortex-m33 -std=gnu11 -g3 -DDEBUG -DUSE_HAL_DRIVER -DSTM32U575xx -c -I../Core/Inc -I../Drivers/STM32U5xx_HAL_Driver/Inc -I../Drivers/STM32U5xx_HAL_Driver/Inc/Legacy -I../Drivers/CMSIS/Device/ST/STM32U5xx/Include -I../Drivers/CMSIS/Include -I../Middlewares/Third_Party/FreeRTOS/Source/include/ -I../Middlewares/Third_Party/FreeRTOS/Source/portable/GCC/ARM_CM33_NTZ/non_secure/ -I../Middlewares/Third_Party/FreeRTOS/Source/CMSIS_RTOS_V2/ -I../Middlewares/Third_Party/CMSIS/RTOS2/Include/ -I"/home/joakim-wennergren/Desktop/Smartwatch/Firmware/Bench/Drivers/lvgl" -O0 -ffunction-sections -fdata-sections -Wall -fstack-usage -fstack-usage -fcyclomatic-complexity -MMD -MP -MF"Drivers/STM32U5xx_HAL_Driver/Src/stm32u5xx_hal_dma_ex.d" -MT"Drivers/STM32U5xx_HAL_Driver/Src/stm32u5xx_hal_dma_ex.o" --specs=nano.specs -mfpu=fpv5-sp-d16 -mfloat-abi=hard -mthumb -o "Drivers/STM32U5xx_HAL_Driver/Src/stm32u5xx_hal_dma_ex.o"
arm-none-eabi-gcc "../Drivers/STM32U5xx_HAL_Driver/Src/stm32u5xx_hal_exti.c" -mcpu=cortex-m33 -std=gnu11 -g3 -DDEBUG -DUSE_HAL_DRIVER -DSTM32U575xx -c -I../Core/Inc -I../Drivers/STM32U5xx_HAL_Driver/Inc -I../Drivers/STM32U5xx_HAL_Driver/Inc/Legacy -I../Drivers/CMSIS/Device/ST/STM32U5xx/Include -I../Drivers/CMSIS/Include -I../Middlewares/Third_Party/FreeRTOS/Source/include/ -I../Middlewares/Third_Party/FreeRTOS/Source/portable/GCC/ARM_CM33_NTZ/non_secure/ -I../Middlewares/Third_Party/FreeRTOS/Source/CMSIS_RTOS_V2/ -I../Middlewares/Third_Party/CMSIS/RTOS2/Include/ -I"/home/joakim-wennergren/Desktop/Smartwatch/Firmware/Bench/Drivers/lvgl" -O0 -ffunction-sections -fdata-sections -Wall -fstack-usage -fstack-usage -fcyclomatic-complexity -MMD -MP -MF"Drivers/STM32U5xx_HAL_Driver/Src/stm32u5xx_hal_exti.d" -MT"Drivers/STM32U5xx_HAL_Driver/Src/stm32u5xx_hal_exti.o" --specs=nano.specs -mfpu=fpv5-sp-d16 -mfloat-abi=hard -mthumb -o "Drivers/STM32U5xx_HAL_Driver/Src/stm32u5xx_hal_exti.o"
arm-none-eabi-gcc "../Drivers/STM32U5xx_HAL_Driver/Src/stm32u5xx_hal_flash.c" -mcpu=cortex-m33 -std=gnu11 -g3 -DDEBUG -DUSE_HAL_DRIVER -DSTM32U575xx -c -I../Core/Inc -I../Drivers/STM32U5xx_HAL_Driver/Inc -I../Drivers/STM32U5xx_HAL_Driver/Inc/Legacy -I../Drivers/CMSIS/Device/ST/STM32U5xx/Include -I../Drivers/CMSIS/Include -I../Middlewares/Third_Party/FreeRTOS/Source/include/ -I../Middlewares/Third_Party/FreeRTOS/Source/portable/GCC/ARM_CM33_NTZ/non_secure/ -I../Middlewares/Third_Party/FreeRTOS/Source/CMSIS_RTOS_V2/ -I../Middlewares/Third_Party/CMSIS/RTOS2/Include/ -I"/home/joakim-wennergren/Desktop/Smartwatch/Firmware/Bench/Drivers/lvgl" -O0 -ffunction-sections -fdata-sections -Wall -fstack-usage -fstack-usage -fcyclomatic-complexity -MMD -MP -MF"Drivers/STM32U5xx_HAL_Driver/Src/stm32u5xx_hal_flash.d" -MT"Drivers/STM32U5xx_HAL_Driver/Src/stm32u5xx_hal_flash.o" --specs=nano.specs -mfpu=fpv5-sp-d16 -mfloat-abi=hard -mthumb -o "Drivers/STM32U5xx_HAL_Driver/Src/stm32u5xx_hal_flash.o"
arm-none-eabi-gcc "../Drivers/STM32U5xx_HAL_Driver/Src/stm32u5xx_hal_flash_ex.c" -mcpu=cortex-m33 -std=gnu11 -g3 -DDEBUG -DUSE_HAL_DRIVER -DSTM32U575xx -c -I../Core/Inc -I../Drivers/STM32U5xx_HAL_Driver/Inc -I../Drivers/STM32U5xx_HAL_Driver/Inc/Legacy -I../Drivers/CMSIS/Device/ST/STM32U5xx/Include -I../Drivers/CMSIS/Include -I../Middlewares/Third_Party/FreeRTOS/Source/include/ -I../Middlewares/Third_Party/FreeRTOS/Source/portable/GCC/ARM_CM33_NTZ/non_secure/ -I../Middlewares/Third_Party/FreeRTOS/Source/CMSIS_RTOS_V2/ -I../Middlewares/Third_Party/CMSIS/RTOS2/Include/ -I"/home/joakim-wennergren/Desktop/Smartwatch/Firmware/Bench/Drivers/lvgl" -O0 -ffunction-sections -fdata-sections -Wall -fstack-usage -fstack-usage -fcyclomatic-complexity -MMD -MP -MF"Drivers/STM32U5xx_HAL_Driver/Src/stm32u5xx_hal_flash_ex.d" -MT"Drivers/STM32U5xx_HAL_Driver/Src/stm32u5xx_hal_flash_ex.o" --specs=nano.specs -mfpu=fpv5-sp-d16 -mfloat-abi=hard -mthumb -o "Drivers/STM32U5xx_HAL_Driver/Src/stm32u5xx_hal_flash_ex.o"
arm-none-eabi-gcc "../Drivers/STM32U5xx_HAL_Driver/Src/stm32u5xx_hal_gpio.c" -mcpu=cortex-m33 -std=gnu11 -g3 -DDEBUG -DUSE_HAL_DRIVER -DSTM32U575xx -c -I../Core/Inc -I../Drivers/STM32U5xx_HAL_Driver/Inc -I../Drivers/STM32U5xx_HAL_Driver/Inc/Legacy -I../Drivers/CMSIS/Device/ST/STM32U5xx/Include -I../Drivers/CMSIS/Include -I../Middlewares/Third_Party/FreeRTOS/Source/include/ -I../Middlewares/Third_Party/FreeRTOS/Source/portable/GCC/ARM_CM33_NTZ/non_secure/ -I../Middlewares/Third_Party/FreeRTOS/Source/CMSIS_RTOS_V2/ -I../Middlewares/Third_Party/CMSIS/RTOS2/Include/ -I"/home/joakim-wennergren/Desktop/Smartwatch/Firmware/Bench/Drivers/lvgl" -O0 -ffunction-sections -fdata-sections -Wall -fstack-usage -fstack-usage -fcyclomatic-complexity -MMD -MP -MF"Drivers/STM32U5xx_HAL_Driver/Src/stm32u5xx_hal_gpio.d" -MT"Drivers/STM32U5xx_HAL_Driver/Src/stm32u5xx_hal_gpio.o" --specs=nano.specs -mfpu=fpv5-sp-d16 -mfloat-abi=hard -mthumb -o "Drivers/STM32U5xx_HAL_Driver/Src/stm32u5xx_hal_gpio.o"
arm-none-eabi-gcc "../Drivers/STM32U5xx_HAL_Driver/Src/stm32u5xx_hal_gtzc.c" -mcpu=cortex-m33 -std=gnu11 -g3 -DDEBUG -DUSE_HAL_DRIVER -DSTM32U575xx -c -I../Core/Inc -I../Drivers/STM32U5xx_HAL_Driver/Inc -I../Drivers/STM32U5xx_HAL_Driver/Inc/Legacy -I../Drivers/CMSIS/Device/ST/STM32U5xx/Include -I../Drivers/CMSIS/Include -I../Middlewares/Third_Party/FreeRTOS/Source/include/ -I../Middlewares/Third_Party/FreeRTOS/Source/portable/GCC/ARM_CM33_NTZ/non_secure/ -I../Middlewares/Third_Party/FreeRTOS/Source/CMSIS_RTOS_V2/ -I../Middlewares/Third_Party/CMSIS/RTOS2/Include/ -I"/home/joakim-wennergren/Desktop/Smartwatch/Firmware/Bench/Drivers/lvgl" -O0 -ffunction-sections -fdata-sections -Wall -fstack-usage -fstack-usage -fcyclomatic-complexity -MMD -MP -MF"Drivers/STM32U5xx_HAL_Driver/Src/stm32u5xx_hal_gtzc.d" -MT"Drivers/STM32U5xx_HAL_Driver/Src/stm32u5xx_hal_gtzc.o" --specs=nano.specs -mfpu=fpv5-sp-d16 -mfloat-abi=hard -mthumb -o "Drivers/STM32U5xx_HAL_Driver/Src/stm32u5xx_hal_gtzc.o"
arm-none-eabi-gcc "../Drivers/STM32U5xx_HAL_Driver/Src/stm32u5xx_hal_i2c.c" -mcpu=cortex-m33 -std=gnu11 -g3 -DDEBUG -DUSE_HAL_DRIVER -DSTM32U575xx -c -I../Core/Inc -I../Drivers/STM32U5xx_HAL_Driver/Inc -I../Drivers/STM32U5xx_HAL_Driver/Inc/Legacy -I../Drivers/CMSIS/Device/ST/STM32U5xx/Include -I../Drivers/CMSIS/Include -I../Middlewares/Third_Party/FreeRTOS/Source/include/ -I../Middlewares/Third_Party/FreeRTOS/Source/portable/GCC/ARM_CM33_NTZ/non_secure/ -I../Middlewares/Third_Party/FreeRTOS/Source/CMSIS_RTOS_V2/ -I../Middlewares/Third_Party/CMSIS/RTOS2/Include/ -I"/home/joakim-wennergren/Desktop/Smartwatch/Firmware/Bench/Drivers/lvgl" -O0 -ffunction-sections -fdata-sections -Wall -fstack-usage -fstack-usage -fcyclomatic-complexity -MMD -MP -MF"Drivers/STM32U5xx_HAL_Driver/Src/stm32u5xx_hal_i2c.d" -MT"Drivers/STM32U5xx_HAL_Driver/Src/stm32u5xx_hal_i2c.o" --specs=nano.specs -mfpu=fpv5-sp-d16 -mfloat-abi=hard -mthumb -o "Drivers/STM32U5xx_HAL_Driver/Src/stm32u5xx_hal_i2c.o"
arm-none-eabi-gcc "../Drivers/STM32U5xx_HAL_Driver/Src/stm32u5xx_hal_i2c_ex.c" -mcpu=cortex-m33 -std=gnu11 -g3 -DDEBUG -DUSE_HAL_DRIVER -DSTM32U575xx -c -I../Core/Inc -I../Drivers/STM32U5xx_HAL_Driver/Inc -I../Drivers/STM32U5xx_HAL_Driver/Inc/Legacy -I../Drivers/CMSIS/Device/ST/STM32U5xx/Include -I../Drivers/CMSIS/Include -I../Middlewares/Third_Party/FreeRTOS/Source/include/ -I../Middlewares/Third_Party/FreeRTOS/Source/portable/GCC/ARM_CM33_NTZ/non_secure/ -I../Middlewares/Third_Party/FreeRTOS/Source/CMSIS_RTOS_V2/ -I../Middlewares/Third_Party/CMSIS/RTOS2/Include/ -I"/home/joakim-wennergren/Desktop/Smartwatch/Firmware/Bench/Drivers/lvgl" -O0 -ffunction-sections -fdata-sections -Wall -fstack-usage -fstack-usage -fcyclomatic-complexity -MMD -MP -MF"Drivers/STM32U5xx_HAL_Driver/Src/stm32u5xx_hal_i2c_ex.d" -MT"Drivers/STM32U5xx_HAL_Driver/Src/stm32u5xx_hal_i2c_ex.o" --specs=nano.specs -mfpu=fpv5-sp-d16 -mfloat-abi=hard -mthumb -o "Drivers/STM32U5xx_HAL_Driver/Src/stm32u5xx_hal_i2c_ex.o"
arm-none-eabi-gcc "../Drivers/STM32U5xx_HAL_Driver/Src/stm32u5xx_hal_icache.c" -mcpu=cortex-m33 -std=gnu11 -g3 -DDEBUG -DUSE_HAL_DRIVER -DSTM32U575xx -c -I../Core/Inc -I../Drivers/STM32U5xx_HAL_Driver/Inc -I../Drivers/STM32U5xx_HAL_Driver/Inc/Legacy -I../Drivers/CMSIS/Device/ST/STM32U5xx/Include -I../Drivers/CMSIS/Include -I../Middlewares/Third_Party/FreeRTOS/Source/include/ -I../Middlewares/Third_Party/FreeRTOS/Source/portable/GCC/ARM_CM33_NTZ/non_secure/ -I../Middlewares/Third_Party/FreeRTOS/Source/CMSIS_RTOS_V2/ -I../Middlewares/Third_Party/CMSIS/RTOS2/Include/ -I"/home/joakim-wennergren/Desktop/Smartwatch/Firmware/Bench/Drivers/lvgl" -O0 -ffunction-sections -fdata-sections -Wall -fstack-usage -fstack-usage -fcyclomatic-complexity -MMD -MP -MF"Drivers/STM32U5xx_HAL_Driver/Src/stm32u5xx_hal_icache.d" -MT"Drivers/STM32U5xx_HAL_Driver/Src/stm32u5xx_hal_icache.o" --specs=nano.specs -mfpu=fpv5-sp-d16 -mfloat-abi=hard -mthumb -o "Drivers/STM32U5xx_HAL_Driver/Src/stm32u5xx_hal_icache.o"
arm-none-eabi-gcc "../Drivers/STM32U5xx_HAL_Driver/Src/stm32u5xx_hal_ospi.c" -mcpu=cortex-m33 -std=gnu11 -g3 -DDEBUG -DUSE_HAL_DRIVER -DSTM32U575xx -c -I../Core/Inc -I../Drivers/STM32U5xx_HAL_Driver/Inc -I../Drivers/STM32U5xx_HAL_Driver/Inc/Legacy -I../Drivers/CMSIS/Device/ST/STM32U5xx/Include -I../Drivers/CMSIS/Include -I../Middlewares/Third_Party/FreeRTOS/Source/include/ -I../Middlewares/Third_Party/FreeRTOS/Source/portable/GCC/ARM_CM33_NTZ/non_secure/ -I../Middlewares/Third_Party/FreeRTOS/Source/CMSIS_RTOS_V2/ -I../Middlewares/Third_Party/CMSIS/RTOS2/Include/ -I"/home/joakim-wennergren/Desktop/Smartwatch/Firmware/Bench/Drivers/lvgl" -O0 -ffunction-sections -fdata-sections -Wall -fstack-usage -fstack-usage -fcyclomatic-complexity -MMD -MP -MF"Drivers/STM32U5xx_HAL_Driver/Src/stm32u5xx_hal_ospi.d" -MT"Drivers/STM32U5xx_HAL_Driver/Src/stm32u5xx_hal_ospi.o" --specs=nano.specs -mfpu=fpv5-sp-d16 -mfloat-abi=hard -mthumb -o "Drivers/STM32U5xx_HAL_Driver/Src/stm32u5xx_hal_ospi.o"
arm-none-eabi-gcc "../Drivers/STM32U5xx_HAL_Driver/Src/stm32u5xx_hal_pwr.c" -mcpu=cortex-m33 -std=gnu11 -g3 -DDEBUG -DUSE_HAL_DRIVER -DSTM32U575xx -c -I../Core/Inc -I../Drivers/STM32U5xx_HAL_Driver/Inc -I../Drivers/STM32U5xx_HAL_Driver/Inc/Legacy -I../Drivers/CMSIS/Device/ST/STM32U5xx/Include -I../Drivers/CMSIS/Include -I../Middlewares/Third_Party/FreeRTOS/Source/include/ -I../Middlewares/Third_Party/FreeRTOS/Source/portable/GCC/ARM_CM33_NTZ/non_secure/ -I../Middlewares/Third_Party/FreeRTOS/Source/CMSIS_RTOS_V2/ -I../Middlewares/Third_Party/CMSIS/RTOS2/Include/ -I"/home/joakim-wennergren/Desktop/Smartwatch/Firmware/Bench/Drivers/lvgl" -O0 -ffunction-sections -fdata-sections -Wall -fstack-usage -fstack-usage -fcyclomatic-complexity -MMD -MP -MF"Drivers/STM32U5xx_HAL_Driver/Src/stm32u5xx_hal_pwr.d" -MT"Drivers/STM32U5xx_HAL_Driver/Src/stm32u5xx_hal_pwr.o" --specs=nano.specs -mfpu=fpv5-sp-d16 -mfloat-abi=hard -mthumb -o "Drivers/STM32U5xx_HAL_Driver/Src/stm32u5xx_hal_pwr.o"
arm-none-eabi-gcc "../Drivers/STM32U5xx_HAL_Driver/Src/stm32u5xx_hal_pwr_ex.c" -mcpu=cortex-m33 -std=gnu11 -g3 -DDEBUG -DUSE_HAL_DRIVER -DSTM32U575xx -c -I../Core/Inc -I../Drivers/STM32U5xx_HAL_Driver/Inc -I../Drivers/STM32U5xx_HAL_Driver/Inc/Legacy -I../Drivers/CMSIS/Device/ST/STM32U5xx/Include -I../Drivers/CMSIS/Include -I../Middlewares/Third_Party/FreeRTOS/Source/include/ -I../Middlewares/Third_Party/FreeRTOS/Source/portable/GCC/ARM_CM33_NTZ/non_secure/ -I../Middlewares/Third_Party/FreeRTOS/Source/CMSIS_RTOS_V2/ -I../Middlewares/Third_Party/CMSIS/RTOS2/Include/ -I"/home/joakim-wennergren/Desktop/Smartwatch/Firmware/Bench/Drivers/lvgl" -O0 -ffunction-sections -fdata-sections -Wall -fstack-usage -fstack-usage -fcyclomatic-complexity -MMD -MP -MF"Drivers/STM32U5xx_HAL_Driver/Src/stm32u5xx_hal_pwr_ex.d" -MT"Drivers/STM32U5xx_HAL_Driver/Src/stm32u5xx_hal_pwr_ex.o" --specs=nano.specs -mfpu=fpv5-sp-d16 -mfloat-abi=hard -mthumb -o "Drivers/STM32U5xx_HAL_Driver/Src/stm32u5xx_hal_pwr_ex.o"
arm-none-eabi-gcc "../Drivers/STM32U5xx_HAL_Driver/Src/stm32u5xx_hal_rcc.c" -mcpu=cortex-m33 -std=gnu11 -g3 -DDEBUG -DUSE_HAL_DRIVER -DSTM32U575xx -c -I../Core/Inc -I../Drivers/STM32U5xx_HAL_Driver/Inc -I../Drivers/STM32U5xx_HAL_Driver/Inc/Legacy -I../Drivers/CMSIS/Device/ST/STM32U5xx/Include -I../Drivers/CMSIS/Include -I../Middlewares/Third_Party/FreeRTOS/Source/include/ -I../Middlewares/Third_Party/FreeRTOS/Source/portable/GCC/ARM_CM33_NTZ/non_secure/ -I../Middlewares/Third_Party/FreeRTOS/Source/CMSIS_RTOS_V2/ -I../Middlewares/Third_Party/CMSIS/RTOS2/Include/ -I"/home/joakim-wennergren/Desktop/Smartwatch/Firmware/Bench/Drivers/lvgl" -O0 -ffunction-sections -fdata-sections -Wall -fstack-usage -fstack-usage -fcyclomatic-complexity -MMD -MP -MF"Drivers/STM32U5xx_HAL_Driver/Src/stm32u5xx_hal_rcc.d" -MT"Drivers/STM32U5xx_HAL_Driver/Src/stm32u5xx_hal_rcc.o" --specs=nano.specs -mfpu=fpv5-sp-d16 -mfloat-abi=hard -mthumb -o "Drivers/STM32U5xx_HAL_Driver/Src/stm32u5xx_hal_rcc.o"
arm-none-eabi-gcc "../Drivers/STM32U5xx_HAL_Driver/Src/stm32u5xx_hal_rcc_ex.c" -mcpu=cortex-m33 -std=gnu11 -g3 -DDEBUG -DUSE_HAL_DRIVER -DSTM32U575xx -c -I../Core/Inc -I../Drivers/STM32U5xx_HAL_Driver/Inc -I../Drivers/STM32U5xx_HAL_Driver/Inc/Legacy -I../Drivers/CMSIS/Device/ST/STM32U5xx/Include -I../Drivers/CMSIS/Include -I../Middlewares/Third_Party/FreeRTOS/Source/include/ -I../Middlewares/Third_Party/FreeRTOS/Source/portable/GCC/ARM_CM33_NTZ/non_secure/ -I../Middlewares/Third_Party/FreeRTOS/Source/CMSIS_RTOS_V2/ -I../Middlewares/Third_Party/CMSIS/RTOS2/Include/ -I"/home/joakim-wennergren/Desktop/Smartwatch/Firmware/Bench/Drivers/lvgl" -O0 -ffunction-sections -fdata-sections -Wall -fstack-usage -fstack-usage -fcyclomatic-complexity -MMD -MP -MF"Drivers/STM32U5xx_HAL_Driver/Src/stm32u5xx_hal_rcc_ex.d" -MT"Drivers/STM32U5xx_HAL_Driver/Src/stm32u5xx_hal_rcc_ex.o" --specs=nano.specs -mfpu=fpv5-sp-d16 -mfloat-abi=hard -mthumb -o "Drivers/STM32U5xx_HAL_Driver/Src/stm32u5xx_hal_rcc_ex.o"
arm-none-eabi-gcc "../Drivers/STM32U5xx_HAL_Driver/Src/stm32u5xx_hal_rtc.c" -mcpu=cortex-m33 -std=gnu11 -g3 -DDEBUG -DUSE_HAL_DRIVER -DSTM32U575xx -c -I../Core/Inc -I../Drivers/STM32U5xx_HAL_Driver/Inc -I../Drivers/STM32U5xx_HAL_Driver/Inc/Legacy -I../Drivers/CMSIS/Device/ST/STM32U5xx/Include -I../Drivers/CMSIS/Include -I../Middlewares/Third_Party/FreeRTOS/Source/include/ -I../Middlewares/Third_Party/FreeRTOS/Source/portable/GCC/ARM_CM33_NTZ/non_secure/ -I../Middlewares/Third_Party/FreeRTOS/Source/CMSIS_RTOS_V2/ -I../Middlewares/Third_Party/CMSIS/RTOS2/Include/ -I"/home/joakim-wennergren/Desktop/Smartwatch/Firmware/Bench/Drivers/lvgl" -O0 -ffunction-sections -fdata-sections -Wall -fstack-usage -fstack-usage -fcyclomatic-complexity -MMD -MP -MF"Drivers/STM32U5xx_HAL_Driver/Src/stm32u5xx_hal_rtc.d" -MT"Drivers/STM32U5xx_HAL_Driver/Src/stm32u5xx_hal_rtc.o" --specs=nano.specs -mfpu=fpv5-sp-d16 -mfloat-abi=hard -mthumb -o "Drivers/STM32U5xx_HAL_Driver/Src/stm32u5xx_hal_rtc.o"
arm-none-eabi-gcc "../Drivers/STM32U5xx_HAL_Driver/Src/stm32u5xx_hal_rtc_ex.c" -mcpu=cortex-m33 -std=gnu11 -g3 -DDEBUG -DUSE_HAL_DRIVER -DSTM32U575xx -c -I../Core/Inc -I../Drivers/STM32U5xx_HAL_Driver/Inc -I../Drivers/STM32U5xx_HAL_Driver/Inc/Legacy -I../Drivers/CMSIS/Device/ST/STM32U5xx/Include -I../Drivers/CMSIS/Include -I../Middlewares/Third_Party/FreeRTOS/Source/include/ -I../Middlewares/Third_Party/FreeRTOS/Source/portable/GCC/ARM_CM33_NTZ/non_secure/ -I../Middlewares/Third_Party/FreeRTOS/Source/CMSIS_RTOS_V2/ -I../Middlewares/Third_Party/CMSIS/RTOS2/Include/ -I"/home/joakim-wennergren/Desktop/Smartwatch/Firmware/Bench/Drivers/lvgl" -O0 -ffunction-sections -fdata-sections -Wall -fstack-usage -fstack-usage -fcyclomatic-complexity -MMD -MP -MF"Drivers/STM32U5xx_HAL_Driver/Src/stm32u5xx_hal_rtc_ex.d" -MT"Drivers/STM32U5xx_HAL_Driver/Src/stm32u5xx_hal_rtc_ex.o" --specs=nano.specs -mfpu=fpv5-sp-d16 -mfloat-abi=hard -mthumb -o "Drivers/STM32U5xx_HAL_Driver/Src/stm32u5xx_hal_rtc_ex.o"
arm-none-eabi-gcc "../Drivers/STM32U5xx_HAL_Driver/Src/stm32u5xx_hal_tim.c" -mcpu=cortex-m33 -std=gnu11 -g3 -DDEBUG -DUSE_HAL_DRIVER -DSTM32U575xx -c -I../Core/Inc -I../Drivers/STM32U5xx_HAL_Driver/Inc -I../Drivers/STM32U5xx_HAL_Driver/Inc/Legacy -I../Drivers/CMSIS/Device/ST/STM32U5xx/Include -I../Drivers/CMSIS/Include -I../Middlewares/Third_Party/FreeRTOS/Source/include/ -I../Middlewares/Third_Party/FreeRTOS/Source/portable/GCC/ARM_CM33_NTZ/non_secure/ -I../Middlewares/Third_Party/FreeRTOS/Source/CMSIS_RTOS_V2/ -I../Middlewares/Third_Party/CMSIS/RTOS2/Include/ -I"/home/joakim-wennergren/Desktop/Smartwatch/Firmware/Bench/Drivers/lvgl" -O0 -ffunction-sections -fdata-sections -Wall -fstack-usage -fstack-usage -fcyclomatic-complexity -MMD -MP -MF"Drivers/STM32U5xx_HAL_Driver/Src/stm32u5xx_hal_tim.d" -MT"Drivers/STM32U5xx_HAL_Driver/Src/stm32u5xx_hal_tim.o" --specs=nano.specs -mfpu=fpv5-sp-d16 -mfloat-abi=hard -mthumb -o "Drivers/STM32U5xx_HAL_Driver/Src/stm32u5xx_hal_tim.o"
arm-none-eabi-gcc "../Drivers/STM32U5xx_HAL_Driver/Src/stm32u5xx_hal_tim_ex.c" -mcpu=cortex-m33 -std=gnu11 -g3 -DDEBUG -DUSE_HAL_DRIVER -DSTM32U575xx -c -I../Core/Inc -I../Drivers/STM32U5xx_HAL_Driver/Inc -I../Drivers/STM32U5xx_HAL_Driver/Inc/Legacy -I../Drivers/CMSIS/Device/ST/STM32U5xx/Include -I../Drivers/CMSIS/Include -I../Middlewares/Third_Party/FreeRTOS/Source/include/ -I../Middlewares/Third_Party/FreeRTOS/Source/portable/GCC/ARM_CM33_NTZ/non_secure/ -I../Middlewares/Third_Party/FreeRTOS/Source/CMSIS_RTOS_V2/ -I../Middlewares/Third_Party/CMSIS/RTOS2/Include/ -I"/home/joakim-wennergren/Desktop/Smartwatch/Firmware/Bench/Drivers/lvgl" -O0 -ffunction-sections -fdata-sections -Wall -fstack-usage -fstack-usage -fcyclomatic-complexity -MMD -MP -MF"Drivers/STM32U5xx_HAL_Driver/Src/stm32u5xx_hal_tim_ex.d" -MT"Drivers/STM32U5xx_HAL_Driver/Src/stm32u5xx_hal_tim_ex.o" --specs=nano.specs -mfpu=fpv5-sp-d16 -mfloat-abi=hard -mthumb -o "Drivers/STM32U5xx_HAL_Driver/Src/stm32u5xx_hal_tim_ex.o"
arm-none-eabi-gcc "../Drivers/STM32U5xx_HAL_Driver/Src/stm32u5xx_hal_uart.c" -mcpu=cortex-m33 -std=gnu11 -g3 -DDEBUG -DUSE_HAL_DRIVER -DSTM32U575xx -c -I../Core/Inc -I../Drivers/STM32U5xx_HAL_Driver/Inc -I../Drivers/STM32U5xx_HAL_Driver/Inc/Legacy -I../Drivers/CMSIS/Device/ST/STM32U5xx/Include -I../Drivers/CMSIS/Include -I../Middlewares/Third_Party/FreeRTOS/Source/include/ -I../Middlewares/Third_Party/FreeRTOS/Source/portable/GCC/ARM_CM33_NTZ/non_secure/ -I../Middlewares/Third_Party/FreeRTOS/Source/CMSIS_RTOS_V2/ -I../Middlewares/Third_Party/CMSIS/RTOS2/Include/ -I"/home/joakim-wennergren/Desktop/Smartwatch/Firmware/Bench/Drivers/lvgl" -O0 -ffunction-sections -fdata-sections -Wall -fstack-usage -fstack-usage -fcyclomatic-complexity -MMD -MP -MF"Drivers/STM32U5xx_HAL_Driver/Src/stm32u5xx_hal_uart.d" -MT"Drivers/STM32U5xx_HAL_Driver/Src/stm32u5xx_hal_uart.o" --specs=nano.specs -mfpu=fpv5-sp-d16 -mfloat-abi=hard -mthumb -o "Drivers/STM32U5xx_HAL_Driver/Src/stm32u5xx_hal_uart.o"
arm-none-eabi-gcc "../Drivers/STM32U5xx_HAL_Driver/Src/stm32u5xx_hal_uart_ex.c" -mcpu=cortex-m33 -std=gnu11 -g3 -DDEBUG -DUSE_HAL_DRIVER -DSTM32U575xx -c -I../Core/Inc -I../Drivers/STM32U5xx_HAL_Driver/Inc -I../Drivers/STM32U5xx_HAL_Driver/Inc/Legacy -I../Drivers/CMSIS/Device/ST/STM32U5xx/Include -I../Drivers/CMSIS/Include -I../Middlewares/Third_Party/FreeRTOS/Source/include/ -I../Middlewares/Third_Party/FreeRTOS/Source/portable/GCC/ARM_CM33_NTZ/non_secure/ -I../Middlewares/Third_Party/FreeRTOS/Source/CMSIS_RTOS_V2/ -I../Middlewares/Third_Party/CMSIS/RTOS2/Include/ -I"/home/joakim-wennergren/Desktop/Smartwatch/Firmware/Bench/Drivers/lvgl" -O0 -ffunction-sections -fdata-sections -Wall -fstack-usage -fstack-usage -fcyclomatic-complexity -MMD -MP -MF"Drivers/STM32U5xx_HAL_Driver/Src/stm32u5xx_hal_uart_ex.d" -MT"Drivers/STM32U5xx_HAL_Driver/Src/stm32u5xx_hal_uart_ex.o" --specs=nano.specs -mfpu=fpv5-sp-d16 -mfloat-abi=hard -mthumb -o "Drivers/STM32U5xx_HAL_Driver/Src/stm32u5xx_hal_uart_ex.o"
arm-none-eabi-gcc "../Drivers/STM32U5xx_HAL_Driver/Src/stm32u5xx_ll_dlyb.c" -mcpu=cortex-m33 -std=gnu11 -g3 -DDEBUG -DUSE_HAL_DRIVER -DSTM32U575xx -c -I../Core/Inc -I../Drivers/STM32U5xx_HAL_Driver/Inc -I../Drivers/STM32U5xx_HAL_Driver/Inc/Legacy -I../Drivers/CMSIS/Device/ST/STM32U5xx/Include -I../Drivers/CMSIS/Include -I../Middlewares/Third_Party/FreeRTOS/Source/include/ -I../Middlewares/Third_Party/FreeRTOS/Source/portable/GCC/ARM_CM33_NTZ/non_secure/ -I../Middlewares/Third_Party/FreeRTOS/Source/CMSIS_RTOS_V2/ -I../Middlewares/Third_Party/CMSIS/RTOS2/Include/ -I"/home/joakim-wennergren/Desktop/Smartwatch/Firmware/Bench/Drivers/lvgl" -O0 -ffunction-sections -fdata-sections -Wall -fstack-usage -fstack-usage -fcyclomatic-complexity -MMD -MP -MF"Drivers/STM32U5xx_HAL_Driver/Src/stm32u5xx_ll_dlyb.d" -MT"Drivers/STM32U5xx_HAL_Driver/Src/stm32u5xx_ll_dlyb.o" --specs=nano.specs -mfpu=fpv5-sp-d16 -mfloat-abi=hard -mthumb -o "Drivers/STM32U5xx_HAL_Driver/Src/stm32u5xx_ll_dlyb.o"
arm-none-eabi-gcc "../Core/Src/battery.c" -mcpu=cortex-m33 -std=gnu11 -g3 -DDEBUG -DUSE_HAL_DRIVER -DSTM32U575xx -c -I../Core/Inc -I../Drivers/STM32U5xx_HAL_Driver/Inc -I../Drivers/STM32U5xx_HAL_Driver/Inc/Legacy -I../Drivers/CMSIS/Device/ST/STM32U5xx/Include -I../Drivers/CMSIS/Include -I../Middlewares/Third_Party/FreeRTOS/Source/include/ -I../Middlewares/Third_Party/FreeRTOS/Source/portable/GCC/ARM_CM33_NTZ/non_secure/ -I../Middlewares/Third_Party/FreeRTOS/Source/CMSIS_RTOS_V2/ -I../Middlewares/Third_Party/CMSIS/RTOS2/Include/ -I"/home/joakim-wennergren/Desktop/Smartwatch/Firmware/Bench/Drivers/lvgl" -O0 -ffunction-sections -fdata-sections -Wall -fstack-usage -fstack-usage -fcyclomatic-complexity -MMD -MP -MF"Core/Src/battery.d" -MT"Core/Src/battery.o" --specs=nano.specs -mfpu=fpv5-sp-d16 -mfloat-abi=hard -mthumb -o "Core/Src/battery.o"
arm-none-eabi-gcc "../Core/Src/display.c" -mcpu=cortex-m33 -std=gnu11 -g3 -DDEBUG -DUSE_HAL_DRIVER -DSTM32U575xx -c -I../Core/Inc -I../Drivers/STM32U5xx_HAL_Driver/Inc -I../Drivers/STM32U5xx_HAL_Driver/Inc/Legacy -I../Drivers/CMSIS/Device/ST/STM32U5xx/Include -I../Drivers/CMSIS/Include -I../Middlewares/Third_Party/FreeRTOS/Source/include/ -I../Middlewares/Third_Party/FreeRTOS/Source/portable/GCC/ARM_CM33_NTZ/non_secure/ -I../Middlewares/Third_Party/FreeRTOS/Source/CMSIS_RTOS_V2/ -I../Middlewares/Third_Party/CMSIS/RTOS2/Include/ -I"/home/joakim-wennergren/Desktop/Smartwatch/Firmware/Bench/Drivers/lvgl" -O0 -ffunction-sections -fdata-sections -Wall -fstack-usage -fstack-usage -fcyclomatic-complexity -MMD -MP -MF"Core/Src/display.d" -MT"Core/Src/display.o" --specs=nano.specs -mfpu=fpv5-sp-d16 -mfloat-abi=hard -mthumb -o "Core/Src/display.o"
arm-none-eabi-gcc "../Core/Src/gui.c" -mcpu=cortex-m33 -std=gnu11 -g3 -DDEBUG -DUSE_HAL_DRIVER -DSTM32U575xx -c -I../Core/Inc -I../Drivers/STM32U5xx_HAL_Driver/Inc -I../Drivers/STM32U5xx_HAL_Driver/Inc/Legacy -I../Drivers/CMSIS/Device/ST/STM32U5xx/Include -I../Drivers/CMSIS/Include -I../Middlewares/Third_Party/FreeRTOS/Source/include/ -I../Middlewares/Third_Party/FreeRTOS/Source/portable/GCC/ARM_CM33_NTZ/non_secure/ -I../Middlewares/Third_Party/FreeRTOS/Source/CMSIS_RTOS_V2/ -I../Middlewares/Third_Party/CMSIS/RTOS2/Include/ -I"/home/joakim-wennergren/Desktop/Smartwatch/Firmware/Bench/Drivers/lvgl" -O0 -ffunction-sections -fdata-sections -Wall -fstack-usage -fstack-usage -fcyclomatic-complexity -MMD -MP -MF"Core/Src/gui.d" -MT"Core/Src/gui.o" --specs=nano.specs -mfpu=fpv5-sp-d16 -mfloat-abi=hard -mthumb -o "Core/Src/gui.o"
arm-none-eabi-gcc "../Core/Src/main.c" -mcpu=cortex-m33 -std=gnu11 -g3 -DDEBUG -DUSE_HAL_DRIVER -DSTM32U575xx -c -I../Core/Inc -I../Drivers/STM32U5xx_HAL_Driver/Inc -I../Drivers/STM32U5xx_HAL_Driver/Inc/Legacy -I../Drivers/CMSIS/Device/ST/STM32U5xx/Include -I../Drivers/CMSIS/Include -I../Middlewares/Third_Party/FreeRTOS/Source/include/ -I../Middlewares/Third_Party/FreeRTOS/Source/portable/GCC/ARM_CM33_NTZ/non_secure/ -I../Middlewares/Third_Party/FreeRTOS/Source/CMSIS_RTOS_V2/ -I../Middlewares/Third_Party/CMSIS/RTOS2/Include/ -I"/home/joakim-wennergren/Desktop/Smartwatch/Firmware/Bench/Drivers/lvgl" -O0 -ffunction-sections -fdata-sections -Wall -fstack-usage -fstack-usage -fcyclomatic-complexity -MMD -MP -MF"Core/Src/main.d" -MT"Core/Src/main.o" --specs=nano.specs -mfpu=fpv5-sp-d16 -mfloat-abi=hard -mthumb -o "Core/Src/main.o"
arm-none-eabi-gcc "../Core/Src/stm32u5xx_hal_msp.c" -mcpu=cortex-m33 -std=gnu11 -g3 -DDEBUG -DUSE_HAL_DRIVER -DSTM32U575xx -c -I../Core/Inc -I../Drivers/STM32U5xx_HAL_Driver/Inc -I../Drivers/STM32U5xx_HAL_Driver/Inc/Legacy -I../Drivers/CMSIS/Device/ST/STM32U5xx/Include -I../Drivers/CMSIS/Include -I../Middlewares/Third_Party/FreeRTOS/Source/include/ -I../Middlewares/Third_Party/FreeRTOS/Source/portable/GCC/ARM_CM33_NTZ/non_secure/ -I../Middlewares/Third_Party/FreeRTOS/Source/CMSIS_RTOS_V2/ -I../Middlewares/Third_Party/CMSIS/RTOS2/Include/ -I"/home/joakim-wennergren/Desktop/Smartwatch/Firmware/Bench/Drivers/lvgl" -O0 -ffunction-sections -fdata-sections -Wall -fstack-usage -fstack-usage -fcyclomatic-complexity -MMD -MP -MF"Core/Src/stm32u5xx_hal_msp.d" -MT"Core/Src/stm32u5xx_hal_msp.o" --specs=nano.specs -mfpu=fpv5-sp-d16 -mfloat-abi=hard -mthumb -o "Core/Src/stm32u5xx_hal_msp.o"
arm-none-eabi-gcc "../Core/Src/stm32u5xx_it.c" -mcpu=cortex-m33 -std=gnu11 -g3 -DDEBUG -DUSE_HAL_DRIVER -DSTM32U575xx -c -I../Core/Inc -I../Drivers/STM32U5xx_HAL_Driver/Inc -I../Drivers/STM32U5xx_HAL_Driver/Inc/Legacy -I../Drivers/CMSIS/Device/ST/STM32U5xx/Include -I../Drivers/CMSIS/Include -I../Middlewares/Third_Party/FreeRTOS/Source/include/ -I../Middlewares/Third_Party/FreeRTOS/Source/portable/GCC/ARM_CM33_NTZ/non_secure/ -I../Middlewares/Third_Party/FreeRTOS/Source/CMSIS_RTOS_V2/ -I../Middlewares/Third_Party/CMSIS/RTOS2/Include/ -I"/home/joakim-wennergren/Desktop/Smartwatch/Firmware/Bench/Drivers/lvgl" -O0 -ffunction-sections -fdata-sections -Wall -fstack-usage -fstack-usage -fcyclomatic-complexity -MMD -MP -MF"Core/Src/stm32u5xx_it.d" -MT"Core/Src/stm32u5xx_it.o" --specs=nano.specs -mfpu=fpv5-sp-d16 -mfloat-abi=hard -mthumb -o "Core/Src/stm32u5xx_it.o"
arm-none-eabi-gcc "../Core/Src/system_stm32u5xx.c" -mcpu=cortex-m33 -std=gnu11 -g3 -DDEBUG -DUSE_HAL_DRIVER -DSTM32U575xx -c -I../Core/Inc -I../Drivers/STM32U5xx_HAL_Driver/Inc -I../Drivers/STM32U5xx_HAL_Driver/Inc/Legacy -I../Drivers/CMSIS/Device/ST/STM32U5xx/Include -I../Drivers/CMSIS/Include -I../Middlewares/Third_Party/FreeRTOS/Source/include/ -I../Middlewares/Third_Party/FreeRTOS/Source/portable/GCC/ARM_CM33_NTZ/non_secure/ -I../Middlewares/Third_Party/FreeRTOS/Source/CMSIS_RTOS_V2/ -I../Middlewares/Third_Party/CMSIS/RTOS2/Include/ -I"/home/joakim-wennergren/Desktop/Smartwatch/Firmware/Bench/Drivers/lvgl" -O0 -ffunction-sections -fdata-sections -Wall -fstack-usage -fstack-usage -fcyclomatic-complexity -MMD -MP -MF"Core/Src/system_stm32u5xx.d" -MT"Core/Src/system_stm32u5xx.o" --specs=nano.specs -mfpu=fpv5-sp-d16 -mfloat-abi=hard -mthumb -o "Core/Src/system_stm32u5xx.o"
../Core/Src/display.c: In function 'CO5300_WritePixels_DMA_chunked':
../Core/Src/display.c:215:13: warning: implicit declaration of function 'printf' [-Wimplicit-function-declaration]
  215 |             printf("OSPI DMA start err=0x%08lX\n", HAL_OSPI_GetError(&hospi1));
      |             ^~~~~~
../Core/Src/display.c:9:1: note: include '<stdio.h>' or provide a declaration of 'printf'
    8 | #include <string.h>
  +++ |+#include <stdio.h>
    9 | 
../Core/Src/display.c:215:13: warning: incompatible implicit declaration of built-in function 'printf' [-Wbuiltin-declaration-mismatch]
  215 |             printf("OSPI DMA start err=0x%08lX\n", HAL_OSPI_GetError(&hospi1));
      |             ^~~~~~
../Core/Src/display.c:215:13: note: include '<stdio.h>' or provide a declaration of 'printf'
../Core/Src/display.c: At top level:
../Core/Src/display.c:231:26: warning: 'CO5300_RamWrite_Header' defined but not used [-Wunused-function]
  231 | static HAL_StatusTypeDef CO5300_RamWrite_Header(OSPI_HandleTypeDef *h, uint32_t nbytes, uint8_t qpi)
      |                          ^~~~~~~~~~~~~~~~~~~~~~
arm-none-eabi-gcc "../Core/Src/util.c" -mcpu=cortex-m33 -std=gnu11 -g3 -DDEBUG -DUSE_HAL_DRIVER -DSTM32U575xx -c -I../Core/Inc -I../Drivers/STM32U5xx_HAL_Driver/Inc -I../Drivers/STM32U5xx_HAL_Driver/Inc/Legacy -I../Drivers/CMSIS/Device/ST/STM32U5xx/Include -I../Drivers/CMSIS/Include -I../Middlewares/Third_Party/FreeRTOS/Source/include/ -I../Middlewares/Third_Party/FreeRTOS/Source/portable/GCC/ARM_CM33_NTZ/non_secure/ -I../Middlewares/Third_Party/FreeRTOS/Source/CMSIS_RTOS_V2/ -I../Middlewares/Third_Party/CMSIS/RTOS2/Include/ -I"/home/joakim-wennergren/Desktop/Smartwatch/Firmware/Bench/Drivers/lvgl" -O0 -ffunction-sections -fdata-sections -Wall -fstack-usage -fstack-usage -fcyclomatic-complexity -MMD -MP -MF"Core/Src/util.d" -MT"Core/Src/util.o" --specs=nano.specs -mfpu=fpv5-sp-d16 -mfloat-abi=hard -mthumb -o "Core/Src/util.o"
../Core/Src/gui.c:12:17: warning: 'rng_state' defined but not used [-Wunused-variable]
   12 | static uint32_t rng_state = 0xC0FFEE42u;
      |                 ^~~~~~~~~
../Core/Src/main.c: In function 'HAL_RTC_AlarmAEventCallback':
../Core/Src/main.c:87:13: warning: pointer targets in passing argument 1 of 'sprintf' differ in signedness [-Wpointer-sign]
   87 |     sprintf(Buffer, "RTC 1 minute tick!");
      |             ^~~~~~
      |             |
      |             uint8_t * {aka unsigned char *}
In file included from ../Core/Src/main.c:25:
/home/joakim-wennergren/st/stm32cubeide_1.19.0/plugins/com.st.stm32cube.ide.mcu.externaltools.gnu-tools-for-stm32.13.3.rel1.linux64_1.0.0.202410170706/tools/arm-none-eabi/include/stdio.h:250:18: note: expected 'char * restrict' but argument is of type 'uint8_t *' {aka 'unsigned char *'}
  250 | int     sprintf (char *__restrict, const char *__restrict, ...)
      |                  ^
../Core/Src/main.c:88:57: warning: pointer targets in passing argument 1 of 'strlen' differ in signedness [-Wpointer-sign]
   88 |     HAL_UART_Transmit(&huart4, (uint8_t*)Buffer, strlen(Buffer), 1000);
      |                                                         ^~~~~~
      |                                                         |
      |                                                         uint8_t * {aka unsigned char *}
In file included from ../Core/Src/main.c:24:
/home/joakim-wennergren/st/stm32cubeide_1.19.0/plugins/com.st.stm32cube.ide.mcu.externaltools.gnu-tools-for-stm32.13.3.rel1.linux64_1.0.0.202410170706/tools/arm-none-eabi/include/string.h:41:18: note: expected 'const char *' but argument is of type 'uint8_t *' {aka 'unsigned char *'}
   41 | size_t   strlen (const char *);
      |                  ^~~~~~~~~~~~
../Core/Src/main.c: In function 'RTC_SetupOnce':
../Core/Src/main.c:94:25: warning: unused variable 'sDate' [-Wunused-variable]
   94 |         RTC_DateTypeDef sDate = {0};
      |                         ^~~~~
../Core/Src/main.c: In function 'create_line':
../Core/Src/main.c:200:30: warning: passing argument 2 of 'lv_line_set_points' from incompatible pointer type [-Wincompatible-pointer-types]
  200 |     lv_line_set_points(line, line_points, 2);
      |                              ^~~~~~~~~~~
      |                              |
      |                              lv_point_t *
In file included from /home/joakim-wennergren/Desktop/Smartwatch/Firmware/Bench/Drivers/lvgl/lvgl.h:69,
                 from ../Core/Src/main.c:28:
/home/joakim-wennergren/Desktop/Smartwatch/Firmware/Bench/Drivers/lvgl/src/widgets/line/lv_line.h:50:66: note: expected 'const lv_point_precise_t *' but argument is of type 'lv_point_t *'
   50 | void lv_line_set_points(lv_obj_t * obj, const lv_point_precise_t points[], uint32_t point_num);
      |                                         ~~~~~~~~~~~~~~~~~~~~~~~~~^~~~~~~~
../Core/Src/main.c: In function 'set_date_label':
../Core/Src/main.c:219:32: warning: too many arguments for format [-Wformat-extra-args]
  219 |     snprintf(buf, sizeof(buf), "%s %d Aug 2025",
      |                                ^~~~~~~~~~~~~~~~
../Core/Src/main.c: In function 'MX_GPDMA1_Init':
../Core/Src/main.c:438:72: warning: passing argument 3 of 'HAL_DMA_RegisterCallback' from incompatible pointer type [-Wincompatible-pointer-types]
  438 |     HAL_DMA_RegisterCallback(&handle_GPDMA1_Channel2, dma_callback_id, HAL_OSPI_TxCpltCallback);
      |                                                                        ^~~~~~~~~~~~~~~~~~~~~~~
      |                                                                        |
      |                                                                        void (*)(OSPI_HandleTypeDef *)
In file included from ../Core/Inc/stm32u5xx_hal_conf.h:284,
                 from ../Drivers/STM32U5xx_HAL_Driver/Inc/stm32u5xx_hal.h:29,
                 from ../Core/Inc/main.h:30,
                 from ../Core/Src/main.c:20:
../Drivers/STM32U5xx_HAL_Driver/Inc/stm32u5xx_hal_dma.h:743:58: note: expected 'void (* const)(DMA_HandleTypeDef * const)' {aka 'void (* const)(struct __DMA_HandleTypeDef * const)'} but argument is of type 'void (*)(OSPI_HandleTypeDef *)'
  743 |                                            void (*const  pCallback)(DMA_HandleTypeDef *const _hdma));
      |                                            ~~~~~~~~~~~~~~^~~~~~~~~~~~~~~~~~~~~~~~~~~~~~~~~~~~~~~~~~
../Core/Src/main.c: At top level:
../Core/Src/main.c:176:13: warning: 'clock_timer_cb' defined but not used [-Wunused-function]
  176 | static void clock_timer_cb(lv_timer_t *t)
      |             ^~~~~~~~~~~~~~
arm-none-eabi-gcc -o "Smartwatch_bench.elf" @"objects.list"   -mcpu=cortex-m33 -T"/home/joakim-wennergren/Desktop/Smartwatch/Firmware/Bench/STM32U575ZITXQ_FLASH.ld" --specs=nosys.specs -Wl,-Map="Smartwatch_bench.map" -Wl,--gc-sections -static -u _printf_float -u _printf_float -z noexecstack --specs=nano.specs -mfpu=fpv5-sp-d16 -mfloat-abi=hard -mthumb -Wl,--start-group -lc -lm -Wl,--end-group
Finished building target: Smartwatch_bench.elf
 
arm-none-eabi-size  Smartwatch_bench.elf 
arm-none-eabi-objdump -h -S Smartwatch_bench.elf  > "Smartwatch_bench.list"
   text	   data	    bss	    dec	    hex	filename
 469525	    632	 385976	 856133	  d1045	Smartwatch_bench.elf
Finished building: default.size.stdout
 
Finished building: Smartwatch_bench.list
 
15:54:23 **** Incremental Build of configuration Debug for project Smartwatch_bench ****
make -j12 all 
arm-none-eabi-gcc "../Drivers/STM32U5xx_HAL_Driver/Src/stm32u5xx_hal.c" -mcpu=cortex-m33 -std=gnu11 -g3 -DDEBUG -DUSE_HAL_DRIVER -DSTM32U575xx -c -I../Core/Inc -I../Drivers/STM32U5xx_HAL_Driver/Inc -I../Drivers/STM32U5xx_HAL_Driver/Inc/Legacy -I../Drivers/CMSIS/Device/ST/STM32U5xx/Include -I../Drivers/CMSIS/Include -I../Middlewares/Third_Party/FreeRTOS/Source/include/ -I../Middlewares/Third_Party/FreeRTOS/Source/portable/GCC/ARM_CM33_NTZ/non_secure/ -I../Middlewares/Third_Party/FreeRTOS/Source/CMSIS_RTOS_V2/ -I../Middlewares/Third_Party/CMSIS/RTOS2/Include/ -I"/home/joakim-wennergren/Desktop/Smartwatch/Firmware/Bench/Drivers/lvgl" -O0 -ffunction-sections -fdata-sections -Wall -fstack-usage -fstack-usage -fcyclomatic-complexity -MMD -MP -MF"Drivers/STM32U5xx_HAL_Driver/Src/stm32u5xx_hal.d" -MT"Drivers/STM32U5xx_HAL_Driver/Src/stm32u5xx_hal.o" --specs=nano.specs -mfpu=fpv5-sp-d16 -mfloat-abi=hard -mthumb -o "Drivers/STM32U5xx_HAL_Driver/Src/stm32u5xx_hal.o"
arm-none-eabi-gcc "../Drivers/STM32U5xx_HAL_Driver/Src/stm32u5xx_hal_cortex.c" -mcpu=cortex-m33 -std=gnu11 -g3 -DDEBUG -DUSE_HAL_DRIVER -DSTM32U575xx -c -I../Core/Inc -I../Drivers/STM32U5xx_HAL_Driver/Inc -I../Drivers/STM32U5xx_HAL_Driver/Inc/Legacy -I../Drivers/CMSIS/Device/ST/STM32U5xx/Include -I../Drivers/CMSIS/Include -I../Middlewares/Third_Party/FreeRTOS/Source/include/ -I../Middlewares/Third_Party/FreeRTOS/Source/portable/GCC/ARM_CM33_NTZ/non_secure/ -I../Middlewares/Third_Party/FreeRTOS/Source/CMSIS_RTOS_V2/ -I../Middlewares/Third_Party/CMSIS/RTOS2/Include/ -I"/home/joakim-wennergren/Desktop/Smartwatch/Firmware/Bench/Drivers/lvgl" -O0 -ffunction-sections -fdata-sections -Wall -fstack-usage -fstack-usage -fcyclomatic-complexity -MMD -MP -MF"Drivers/STM32U5xx_HAL_Driver/Src/stm32u5xx_hal_cortex.d" -MT"Drivers/STM32U5xx_HAL_Driver/Src/stm32u5xx_hal_cortex.o" --specs=nano.specs -mfpu=fpv5-sp-d16 -mfloat-abi=hard -mthumb -o "Drivers/STM32U5xx_HAL_Driver/Src/stm32u5xx_hal_cortex.o"
arm-none-eabi-gcc "../Drivers/STM32U5xx_HAL_Driver/Src/stm32u5xx_hal_dma.c" -mcpu=cortex-m33 -std=gnu11 -g3 -DDEBUG -DUSE_HAL_DRIVER -DSTM32U575xx -c -I../Core/Inc -I../Drivers/STM32U5xx_HAL_Driver/Inc -I../Drivers/STM32U5xx_HAL_Driver/Inc/Legacy -I../Drivers/CMSIS/Device/ST/STM32U5xx/Include -I../Drivers/CMSIS/Include -I../Middlewares/Third_Party/FreeRTOS/Source/include/ -I../Middlewares/Third_Party/FreeRTOS/Source/portable/GCC/ARM_CM33_NTZ/non_secure/ -I../Middlewares/Third_Party/FreeRTOS/Source/CMSIS_RTOS_V2/ -I../Middlewares/Third_Party/CMSIS/RTOS2/Include/ -I"/home/joakim-wennergren/Desktop/Smartwatch/Firmware/Bench/Drivers/lvgl" -O0 -ffunction-sections -fdata-sections -Wall -fstack-usage -fstack-usage -fcyclomatic-complexity -MMD -MP -MF"Drivers/STM32U5xx_HAL_Driver/Src/stm32u5xx_hal_dma.d" -MT"Drivers/STM32U5xx_HAL_Driver/Src/stm32u5xx_hal_dma.o" --specs=nano.specs -mfpu=fpv5-sp-d16 -mfloat-abi=hard -mthumb -o "Drivers/STM32U5xx_HAL_Driver/Src/stm32u5xx_hal_dma.o"
arm-none-eabi-gcc "../Drivers/STM32U5xx_HAL_Driver/Src/stm32u5xx_hal_dma_ex.c" -mcpu=cortex-m33 -std=gnu11 -g3 -DDEBUG -DUSE_HAL_DRIVER -DSTM32U575xx -c -I../Core/Inc -I../Drivers/STM32U5xx_HAL_Driver/Inc -I../Drivers/STM32U5xx_HAL_Driver/Inc/Legacy -I../Drivers/CMSIS/Device/ST/STM32U5xx/Include -I../Drivers/CMSIS/Include -I../Middlewares/Third_Party/FreeRTOS/Source/include/ -I../Middlewares/Third_Party/FreeRTOS/Source/portable/GCC/ARM_CM33_NTZ/non_secure/ -I../Middlewares/Third_Party/FreeRTOS/Source/CMSIS_RTOS_V2/ -I../Middlewares/Third_Party/CMSIS/RTOS2/Include/ -I"/home/joakim-wennergren/Desktop/Smartwatch/Firmware/Bench/Drivers/lvgl" -O0 -ffunction-sections -fdata-sections -Wall -fstack-usage -fstack-usage -fcyclomatic-complexity -MMD -MP -MF"Drivers/STM32U5xx_HAL_Driver/Src/stm32u5xx_hal_dma_ex.d" -MT"Drivers/STM32U5xx_HAL_Driver/Src/stm32u5xx_hal_dma_ex.o" --specs=nano.specs -mfpu=fpv5-sp-d16 -mfloat-abi=hard -mthumb -o "Drivers/STM32U5xx_HAL_Driver/Src/stm32u5xx_hal_dma_ex.o"
arm-none-eabi-gcc "../Drivers/STM32U5xx_HAL_Driver/Src/stm32u5xx_hal_exti.c" -mcpu=cortex-m33 -std=gnu11 -g3 -DDEBUG -DUSE_HAL_DRIVER -DSTM32U575xx -c -I../Core/Inc -I../Drivers/STM32U5xx_HAL_Driver/Inc -I../Drivers/STM32U5xx_HAL_Driver/Inc/Legacy -I../Drivers/CMSIS/Device/ST/STM32U5xx/Include -I../Drivers/CMSIS/Include -I../Middlewares/Third_Party/FreeRTOS/Source/include/ -I../Middlewares/Third_Party/FreeRTOS/Source/portable/GCC/ARM_CM33_NTZ/non_secure/ -I../Middlewares/Third_Party/FreeRTOS/Source/CMSIS_RTOS_V2/ -I../Middlewares/Third_Party/CMSIS/RTOS2/Include/ -I"/home/joakim-wennergren/Desktop/Smartwatch/Firmware/Bench/Drivers/lvgl" -O0 -ffunction-sections -fdata-sections -Wall -fstack-usage -fstack-usage -fcyclomatic-complexity -MMD -MP -MF"Drivers/STM32U5xx_HAL_Driver/Src/stm32u5xx_hal_exti.d" -MT"Drivers/STM32U5xx_HAL_Driver/Src/stm32u5xx_hal_exti.o" --specs=nano.specs -mfpu=fpv5-sp-d16 -mfloat-abi=hard -mthumb -o "Drivers/STM32U5xx_HAL_Driver/Src/stm32u5xx_hal_exti.o"
arm-none-eabi-gcc "../Drivers/STM32U5xx_HAL_Driver/Src/stm32u5xx_hal_flash.c" -mcpu=cortex-m33 -std=gnu11 -g3 -DDEBUG -DUSE_HAL_DRIVER -DSTM32U575xx -c -I../Core/Inc -I../Drivers/STM32U5xx_HAL_Driver/Inc -I../Drivers/STM32U5xx_HAL_Driver/Inc/Legacy -I../Drivers/CMSIS/Device/ST/STM32U5xx/Include -I../Drivers/CMSIS/Include -I../Middlewares/Third_Party/FreeRTOS/Source/include/ -I../Middlewares/Third_Party/FreeRTOS/Source/portable/GCC/ARM_CM33_NTZ/non_secure/ -I../Middlewares/Third_Party/FreeRTOS/Source/CMSIS_RTOS_V2/ -I../Middlewares/Third_Party/CMSIS/RTOS2/Include/ -I"/home/joakim-wennergren/Desktop/Smartwatch/Firmware/Bench/Drivers/lvgl" -O0 -ffunction-sections -fdata-sections -Wall -fstack-usage -fstack-usage -fcyclomatic-complexity -MMD -MP -MF"Drivers/STM32U5xx_HAL_Driver/Src/stm32u5xx_hal_flash.d" -MT"Drivers/STM32U5xx_HAL_Driver/Src/stm32u5xx_hal_flash.o" --specs=nano.specs -mfpu=fpv5-sp-d16 -mfloat-abi=hard -mthumb -o "Drivers/STM32U5xx_HAL_Driver/Src/stm32u5xx_hal_flash.o"
arm-none-eabi-gcc "../Drivers/STM32U5xx_HAL_Driver/Src/stm32u5xx_hal_flash_ex.c" -mcpu=cortex-m33 -std=gnu11 -g3 -DDEBUG -DUSE_HAL_DRIVER -DSTM32U575xx -c -I../Core/Inc -I../Drivers/STM32U5xx_HAL_Driver/Inc -I../Drivers/STM32U5xx_HAL_Driver/Inc/Legacy -I../Drivers/CMSIS/Device/ST/STM32U5xx/Include -I../Drivers/CMSIS/Include -I../Middlewares/Third_Party/FreeRTOS/Source/include/ -I../Middlewares/Third_Party/FreeRTOS/Source/portable/GCC/ARM_CM33_NTZ/non_secure/ -I../Middlewares/Third_Party/FreeRTOS/Source/CMSIS_RTOS_V2/ -I../Middlewares/Third_Party/CMSIS/RTOS2/Include/ -I"/home/joakim-wennergren/Desktop/Smartwatch/Firmware/Bench/Drivers/lvgl" -O0 -ffunction-sections -fdata-sections -Wall -fstack-usage -fstack-usage -fcyclomatic-complexity -MMD -MP -MF"Drivers/STM32U5xx_HAL_Driver/Src/stm32u5xx_hal_flash_ex.d" -MT"Drivers/STM32U5xx_HAL_Driver/Src/stm32u5xx_hal_flash_ex.o" --specs=nano.specs -mfpu=fpv5-sp-d16 -mfloat-abi=hard -mthumb -o "Drivers/STM32U5xx_HAL_Driver/Src/stm32u5xx_hal_flash_ex.o"
arm-none-eabi-gcc "../Drivers/STM32U5xx_HAL_Driver/Src/stm32u5xx_hal_gpio.c" -mcpu=cortex-m33 -std=gnu11 -g3 -DDEBUG -DUSE_HAL_DRIVER -DSTM32U575xx -c -I../Core/Inc -I../Drivers/STM32U5xx_HAL_Driver/Inc -I../Drivers/STM32U5xx_HAL_Driver/Inc/Legacy -I../Drivers/CMSIS/Device/ST/STM32U5xx/Include -I../Drivers/CMSIS/Include -I../Middlewares/Third_Party/FreeRTOS/Source/include/ -I../Middlewares/Third_Party/FreeRTOS/Source/portable/GCC/ARM_CM33_NTZ/non_secure/ -I../Middlewares/Third_Party/FreeRTOS/Source/CMSIS_RTOS_V2/ -I../Middlewares/Third_Party/CMSIS/RTOS2/Include/ -I"/home/joakim-wennergren/Desktop/Smartwatch/Firmware/Bench/Drivers/lvgl" -O0 -ffunction-sections -fdata-sections -Wall -fstack-usage -fstack-usage -fcyclomatic-complexity -MMD -MP -MF"Drivers/STM32U5xx_HAL_Driver/Src/stm32u5xx_hal_gpio.d" -MT"Drivers/STM32U5xx_HAL_Driver/Src/stm32u5xx_hal_gpio.o" --specs=nano.specs -mfpu=fpv5-sp-d16 -mfloat-abi=hard -mthumb -o "Drivers/STM32U5xx_HAL_Driver/Src/stm32u5xx_hal_gpio.o"
arm-none-eabi-gcc "../Drivers/STM32U5xx_HAL_Driver/Src/stm32u5xx_hal_gtzc.c" -mcpu=cortex-m33 -std=gnu11 -g3 -DDEBUG -DUSE_HAL_DRIVER -DSTM32U575xx -c -I../Core/Inc -I../Drivers/STM32U5xx_HAL_Driver/Inc -I../Drivers/STM32U5xx_HAL_Driver/Inc/Legacy -I../Drivers/CMSIS/Device/ST/STM32U5xx/Include -I../Drivers/CMSIS/Include -I../Middlewares/Third_Party/FreeRTOS/Source/include/ -I../Middlewares/Third_Party/FreeRTOS/Source/portable/GCC/ARM_CM33_NTZ/non_secure/ -I../Middlewares/Third_Party/FreeRTOS/Source/CMSIS_RTOS_V2/ -I../Middlewares/Third_Party/CMSIS/RTOS2/Include/ -I"/home/joakim-wennergren/Desktop/Smartwatch/Firmware/Bench/Drivers/lvgl" -O0 -ffunction-sections -fdata-sections -Wall -fstack-usage -fstack-usage -fcyclomatic-complexity -MMD -MP -MF"Drivers/STM32U5xx_HAL_Driver/Src/stm32u5xx_hal_gtzc.d" -MT"Drivers/STM32U5xx_HAL_Driver/Src/stm32u5xx_hal_gtzc.o" --specs=nano.specs -mfpu=fpv5-sp-d16 -mfloat-abi=hard -mthumb -o "Drivers/STM32U5xx_HAL_Driver/Src/stm32u5xx_hal_gtzc.o"
arm-none-eabi-gcc "../Drivers/STM32U5xx_HAL_Driver/Src/stm32u5xx_hal_i2c.c" -mcpu=cortex-m33 -std=gnu11 -g3 -DDEBUG -DUSE_HAL_DRIVER -DSTM32U575xx -c -I../Core/Inc -I../Drivers/STM32U5xx_HAL_Driver/Inc -I../Drivers/STM32U5xx_HAL_Driver/Inc/Legacy -I../Drivers/CMSIS/Device/ST/STM32U5xx/Include -I../Drivers/CMSIS/Include -I../Middlewares/Third_Party/FreeRTOS/Source/include/ -I../Middlewares/Third_Party/FreeRTOS/Source/portable/GCC/ARM_CM33_NTZ/non_secure/ -I../Middlewares/Third_Party/FreeRTOS/Source/CMSIS_RTOS_V2/ -I../Middlewares/Third_Party/CMSIS/RTOS2/Include/ -I"/home/joakim-wennergren/Desktop/Smartwatch/Firmware/Bench/Drivers/lvgl" -O0 -ffunction-sections -fdata-sections -Wall -fstack-usage -fstack-usage -fcyclomatic-complexity -MMD -MP -MF"Drivers/STM32U5xx_HAL_Driver/Src/stm32u5xx_hal_i2c.d" -MT"Drivers/STM32U5xx_HAL_Driver/Src/stm32u5xx_hal_i2c.o" --specs=nano.specs -mfpu=fpv5-sp-d16 -mfloat-abi=hard -mthumb -o "Drivers/STM32U5xx_HAL_Driver/Src/stm32u5xx_hal_i2c.o"
arm-none-eabi-gcc "../Drivers/STM32U5xx_HAL_Driver/Src/stm32u5xx_hal_i2c_ex.c" -mcpu=cortex-m33 -std=gnu11 -g3 -DDEBUG -DUSE_HAL_DRIVER -DSTM32U575xx -c -I../Core/Inc -I../Drivers/STM32U5xx_HAL_Driver/Inc -I../Drivers/STM32U5xx_HAL_Driver/Inc/Legacy -I../Drivers/CMSIS/Device/ST/STM32U5xx/Include -I../Drivers/CMSIS/Include -I../Middlewares/Third_Party/FreeRTOS/Source/include/ -I../Middlewares/Third_Party/FreeRTOS/Source/portable/GCC/ARM_CM33_NTZ/non_secure/ -I../Middlewares/Third_Party/FreeRTOS/Source/CMSIS_RTOS_V2/ -I../Middlewares/Third_Party/CMSIS/RTOS2/Include/ -I"/home/joakim-wennergren/Desktop/Smartwatch/Firmware/Bench/Drivers/lvgl" -O0 -ffunction-sections -fdata-sections -Wall -fstack-usage -fstack-usage -fcyclomatic-complexity -MMD -MP -MF"Drivers/STM32U5xx_HAL_Driver/Src/stm32u5xx_hal_i2c_ex.d" -MT"Drivers/STM32U5xx_HAL_Driver/Src/stm32u5xx_hal_i2c_ex.o" --specs=nano.specs -mfpu=fpv5-sp-d16 -mfloat-abi=hard -mthumb -o "Drivers/STM32U5xx_HAL_Driver/Src/stm32u5xx_hal_i2c_ex.o"
arm-none-eabi-gcc "../Drivers/STM32U5xx_HAL_Driver/Src/stm32u5xx_hal_icache.c" -mcpu=cortex-m33 -std=gnu11 -g3 -DDEBUG -DUSE_HAL_DRIVER -DSTM32U575xx -c -I../Core/Inc -I../Drivers/STM32U5xx_HAL_Driver/Inc -I../Drivers/STM32U5xx_HAL_Driver/Inc/Legacy -I../Drivers/CMSIS/Device/ST/STM32U5xx/Include -I../Drivers/CMSIS/Include -I../Middlewares/Third_Party/FreeRTOS/Source/include/ -I../Middlewares/Third_Party/FreeRTOS/Source/portable/GCC/ARM_CM33_NTZ/non_secure/ -I../Middlewares/Third_Party/FreeRTOS/Source/CMSIS_RTOS_V2/ -I../Middlewares/Third_Party/CMSIS/RTOS2/Include/ -I"/home/joakim-wennergren/Desktop/Smartwatch/Firmware/Bench/Drivers/lvgl" -O0 -ffunction-sections -fdata-sections -Wall -fstack-usage -fstack-usage -fcyclomatic-complexity -MMD -MP -MF"Drivers/STM32U5xx_HAL_Driver/Src/stm32u5xx_hal_icache.d" -MT"Drivers/STM32U5xx_HAL_Driver/Src/stm32u5xx_hal_icache.o" --specs=nano.specs -mfpu=fpv5-sp-d16 -mfloat-abi=hard -mthumb -o "Drivers/STM32U5xx_HAL_Driver/Src/stm32u5xx_hal_icache.o"
arm-none-eabi-gcc "../Drivers/STM32U5xx_HAL_Driver/Src/stm32u5xx_hal_ospi.c" -mcpu=cortex-m33 -std=gnu11 -g3 -DDEBUG -DUSE_HAL_DRIVER -DSTM32U575xx -c -I../Core/Inc -I../Drivers/STM32U5xx_HAL_Driver/Inc -I../Drivers/STM32U5xx_HAL_Driver/Inc/Legacy -I../Drivers/CMSIS/Device/ST/STM32U5xx/Include -I../Drivers/CMSIS/Include -I../Middlewares/Third_Party/FreeRTOS/Source/include/ -I../Middlewares/Third_Party/FreeRTOS/Source/portable/GCC/ARM_CM33_NTZ/non_secure/ -I../Middlewares/Third_Party/FreeRTOS/Source/CMSIS_RTOS_V2/ -I../Middlewares/Third_Party/CMSIS/RTOS2/Include/ -I"/home/joakim-wennergren/Desktop/Smartwatch/Firmware/Bench/Drivers/lvgl" -O0 -ffunction-sections -fdata-sections -Wall -fstack-usage -fstack-usage -fcyclomatic-complexity -MMD -MP -MF"Drivers/STM32U5xx_HAL_Driver/Src/stm32u5xx_hal_ospi.d" -MT"Drivers/STM32U5xx_HAL_Driver/Src/stm32u5xx_hal_ospi.o" --specs=nano.specs -mfpu=fpv5-sp-d16 -mfloat-abi=hard -mthumb -o "Drivers/STM32U5xx_HAL_Driver/Src/stm32u5xx_hal_ospi.o"
arm-none-eabi-gcc "../Drivers/STM32U5xx_HAL_Driver/Src/stm32u5xx_hal_pwr.c" -mcpu=cortex-m33 -std=gnu11 -g3 -DDEBUG -DUSE_HAL_DRIVER -DSTM32U575xx -c -I../Core/Inc -I../Drivers/STM32U5xx_HAL_Driver/Inc -I../Drivers/STM32U5xx_HAL_Driver/Inc/Legacy -I../Drivers/CMSIS/Device/ST/STM32U5xx/Include -I../Drivers/CMSIS/Include -I../Middlewares/Third_Party/FreeRTOS/Source/include/ -I../Middlewares/Third_Party/FreeRTOS/Source/portable/GCC/ARM_CM33_NTZ/non_secure/ -I../Middlewares/Third_Party/FreeRTOS/Source/CMSIS_RTOS_V2/ -I../Middlewares/Third_Party/CMSIS/RTOS2/Include/ -I"/home/joakim-wennergren/Desktop/Smartwatch/Firmware/Bench/Drivers/lvgl" -O0 -ffunction-sections -fdata-sections -Wall -fstack-usage -fstack-usage -fcyclomatic-complexity -MMD -MP -MF"Drivers/STM32U5xx_HAL_Driver/Src/stm32u5xx_hal_pwr.d" -MT"Drivers/STM32U5xx_HAL_Driver/Src/stm32u5xx_hal_pwr.o" --specs=nano.specs -mfpu=fpv5-sp-d16 -mfloat-abi=hard -mthumb -o "Drivers/STM32U5xx_HAL_Driver/Src/stm32u5xx_hal_pwr.o"
arm-none-eabi-gcc "../Drivers/STM32U5xx_HAL_Driver/Src/stm32u5xx_hal_pwr_ex.c" -mcpu=cortex-m33 -std=gnu11 -g3 -DDEBUG -DUSE_HAL_DRIVER -DSTM32U575xx -c -I../Core/Inc -I../Drivers/STM32U5xx_HAL_Driver/Inc -I../Drivers/STM32U5xx_HAL_Driver/Inc/Legacy -I../Drivers/CMSIS/Device/ST/STM32U5xx/Include -I../Drivers/CMSIS/Include -I../Middlewares/Third_Party/FreeRTOS/Source/include/ -I../Middlewares/Third_Party/FreeRTOS/Source/portable/GCC/ARM_CM33_NTZ/non_secure/ -I../Middlewares/Third_Party/FreeRTOS/Source/CMSIS_RTOS_V2/ -I../Middlewares/Third_Party/CMSIS/RTOS2/Include/ -I"/home/joakim-wennergren/Desktop/Smartwatch/Firmware/Bench/Drivers/lvgl" -O0 -ffunction-sections -fdata-sections -Wall -fstack-usage -fstack-usage -fcyclomatic-complexity -MMD -MP -MF"Drivers/STM32U5xx_HAL_Driver/Src/stm32u5xx_hal_pwr_ex.d" -MT"Drivers/STM32U5xx_HAL_Driver/Src/stm32u5xx_hal_pwr_ex.o" --specs=nano.specs -mfpu=fpv5-sp-d16 -mfloat-abi=hard -mthumb -o "Drivers/STM32U5xx_HAL_Driver/Src/stm32u5xx_hal_pwr_ex.o"
arm-none-eabi-gcc "../Drivers/STM32U5xx_HAL_Driver/Src/stm32u5xx_hal_rcc.c" -mcpu=cortex-m33 -std=gnu11 -g3 -DDEBUG -DUSE_HAL_DRIVER -DSTM32U575xx -c -I../Core/Inc -I../Drivers/STM32U5xx_HAL_Driver/Inc -I../Drivers/STM32U5xx_HAL_Driver/Inc/Legacy -I../Drivers/CMSIS/Device/ST/STM32U5xx/Include -I../Drivers/CMSIS/Include -I../Middlewares/Third_Party/FreeRTOS/Source/include/ -I../Middlewares/Third_Party/FreeRTOS/Source/portable/GCC/ARM_CM33_NTZ/non_secure/ -I../Middlewares/Third_Party/FreeRTOS/Source/CMSIS_RTOS_V2/ -I../Middlewares/Third_Party/CMSIS/RTOS2/Include/ -I"/home/joakim-wennergren/Desktop/Smartwatch/Firmware/Bench/Drivers/lvgl" -O0 -ffunction-sections -fdata-sections -Wall -fstack-usage -fstack-usage -fcyclomatic-complexity -MMD -MP -MF"Drivers/STM32U5xx_HAL_Driver/Src/stm32u5xx_hal_rcc.d" -MT"Drivers/STM32U5xx_HAL_Driver/Src/stm32u5xx_hal_rcc.o" --specs=nano.specs -mfpu=fpv5-sp-d16 -mfloat-abi=hard -mthumb -o "Drivers/STM32U5xx_HAL_Driver/Src/stm32u5xx_hal_rcc.o"
arm-none-eabi-gcc "../Drivers/STM32U5xx_HAL_Driver/Src/stm32u5xx_hal_rcc_ex.c" -mcpu=cortex-m33 -std=gnu11 -g3 -DDEBUG -DUSE_HAL_DRIVER -DSTM32U575xx -c -I../Core/Inc -I../Drivers/STM32U5xx_HAL_Driver/Inc -I../Drivers/STM32U5xx_HAL_Driver/Inc/Legacy -I../Drivers/CMSIS/Device/ST/STM32U5xx/Include -I../Drivers/CMSIS/Include -I../Middlewares/Third_Party/FreeRTOS/Source/include/ -I../Middlewares/Third_Party/FreeRTOS/Source/portable/GCC/ARM_CM33_NTZ/non_secure/ -I../Middlewares/Third_Party/FreeRTOS/Source/CMSIS_RTOS_V2/ -I../Middlewares/Third_Party/CMSIS/RTOS2/Include/ -I"/home/joakim-wennergren/Desktop/Smartwatch/Firmware/Bench/Drivers/lvgl" -O0 -ffunction-sections -fdata-sections -Wall -fstack-usage -fstack-usage -fcyclomatic-complexity -MMD -MP -MF"Drivers/STM32U5xx_HAL_Driver/Src/stm32u5xx_hal_rcc_ex.d" -MT"Drivers/STM32U5xx_HAL_Driver/Src/stm32u5xx_hal_rcc_ex.o" --specs=nano.specs -mfpu=fpv5-sp-d16 -mfloat-abi=hard -mthumb -o "Drivers/STM32U5xx_HAL_Driver/Src/stm32u5xx_hal_rcc_ex.o"
arm-none-eabi-gcc "../Drivers/STM32U5xx_HAL_Driver/Src/stm32u5xx_hal_rtc.c" -mcpu=cortex-m33 -std=gnu11 -g3 -DDEBUG -DUSE_HAL_DRIVER -DSTM32U575xx -c -I../Core/Inc -I../Drivers/STM32U5xx_HAL_Driver/Inc -I../Drivers/STM32U5xx_HAL_Driver/Inc/Legacy -I../Drivers/CMSIS/Device/ST/STM32U5xx/Include -I../Drivers/CMSIS/Include -I../Middlewares/Third_Party/FreeRTOS/Source/include/ -I../Middlewares/Third_Party/FreeRTOS/Source/portable/GCC/ARM_CM33_NTZ/non_secure/ -I../Middlewares/Third_Party/FreeRTOS/Source/CMSIS_RTOS_V2/ -I../Middlewares/Third_Party/CMSIS/RTOS2/Include/ -I"/home/joakim-wennergren/Desktop/Smartwatch/Firmware/Bench/Drivers/lvgl" -O0 -ffunction-sections -fdata-sections -Wall -fstack-usage -fstack-usage -fcyclomatic-complexity -MMD -MP -MF"Drivers/STM32U5xx_HAL_Driver/Src/stm32u5xx_hal_rtc.d" -MT"Drivers/STM32U5xx_HAL_Driver/Src/stm32u5xx_hal_rtc.o" --specs=nano.specs -mfpu=fpv5-sp-d16 -mfloat-abi=hard -mthumb -o "Drivers/STM32U5xx_HAL_Driver/Src/stm32u5xx_hal_rtc.o"
arm-none-eabi-gcc "../Drivers/STM32U5xx_HAL_Driver/Src/stm32u5xx_hal_rtc_ex.c" -mcpu=cortex-m33 -std=gnu11 -g3 -DDEBUG -DUSE_HAL_DRIVER -DSTM32U575xx -c -I../Core/Inc -I../Drivers/STM32U5xx_HAL_Driver/Inc -I../Drivers/STM32U5xx_HAL_Driver/Inc/Legacy -I../Drivers/CMSIS/Device/ST/STM32U5xx/Include -I../Drivers/CMSIS/Include -I../Middlewares/Third_Party/FreeRTOS/Source/include/ -I../Middlewares/Third_Party/FreeRTOS/Source/portable/GCC/ARM_CM33_NTZ/non_secure/ -I../Middlewares/Third_Party/FreeRTOS/Source/CMSIS_RTOS_V2/ -I../Middlewares/Third_Party/CMSIS/RTOS2/Include/ -I"/home/joakim-wennergren/Desktop/Smartwatch/Firmware/Bench/Drivers/lvgl" -O0 -ffunction-sections -fdata-sections -Wall -fstack-usage -fstack-usage -fcyclomatic-complexity -MMD -MP -MF"Drivers/STM32U5xx_HAL_Driver/Src/stm32u5xx_hal_rtc_ex.d" -MT"Drivers/STM32U5xx_HAL_Driver/Src/stm32u5xx_hal_rtc_ex.o" --specs=nano.specs -mfpu=fpv5-sp-d16 -mfloat-abi=hard -mthumb -o "Drivers/STM32U5xx_HAL_Driver/Src/stm32u5xx_hal_rtc_ex.o"
arm-none-eabi-gcc "../Drivers/STM32U5xx_HAL_Driver/Src/stm32u5xx_hal_tim.c" -mcpu=cortex-m33 -std=gnu11 -g3 -DDEBUG -DUSE_HAL_DRIVER -DSTM32U575xx -c -I../Core/Inc -I../Drivers/STM32U5xx_HAL_Driver/Inc -I../Drivers/STM32U5xx_HAL_Driver/Inc/Legacy -I../Drivers/CMSIS/Device/ST/STM32U5xx/Include -I../Drivers/CMSIS/Include -I../Middlewares/Third_Party/FreeRTOS/Source/include/ -I../Middlewares/Third_Party/FreeRTOS/Source/portable/GCC/ARM_CM33_NTZ/non_secure/ -I../Middlewares/Third_Party/FreeRTOS/Source/CMSIS_RTOS_V2/ -I../Middlewares/Third_Party/CMSIS/RTOS2/Include/ -I"/home/joakim-wennergren/Desktop/Smartwatch/Firmware/Bench/Drivers/lvgl" -O0 -ffunction-sections -fdata-sections -Wall -fstack-usage -fstack-usage -fcyclomatic-complexity -MMD -MP -MF"Drivers/STM32U5xx_HAL_Driver/Src/stm32u5xx_hal_tim.d" -MT"Drivers/STM32U5xx_HAL_Driver/Src/stm32u5xx_hal_tim.o" --specs=nano.specs -mfpu=fpv5-sp-d16 -mfloat-abi=hard -mthumb -o "Drivers/STM32U5xx_HAL_Driver/Src/stm32u5xx_hal_tim.o"
arm-none-eabi-gcc "../Drivers/STM32U5xx_HAL_Driver/Src/stm32u5xx_hal_tim_ex.c" -mcpu=cortex-m33 -std=gnu11 -g3 -DDEBUG -DUSE_HAL_DRIVER -DSTM32U575xx -c -I../Core/Inc -I../Drivers/STM32U5xx_HAL_Driver/Inc -I../Drivers/STM32U5xx_HAL_Driver/Inc/Legacy -I../Drivers/CMSIS/Device/ST/STM32U5xx/Include -I../Drivers/CMSIS/Include -I../Middlewares/Third_Party/FreeRTOS/Source/include/ -I../Middlewares/Third_Party/FreeRTOS/Source/portable/GCC/ARM_CM33_NTZ/non_secure/ -I../Middlewares/Third_Party/FreeRTOS/Source/CMSIS_RTOS_V2/ -I../Middlewares/Third_Party/CMSIS/RTOS2/Include/ -I"/home/joakim-wennergren/Desktop/Smartwatch/Firmware/Bench/Drivers/lvgl" -O0 -ffunction-sections -fdata-sections -Wall -fstack-usage -fstack-usage -fcyclomatic-complexity -MMD -MP -MF"Drivers/STM32U5xx_HAL_Driver/Src/stm32u5xx_hal_tim_ex.d" -MT"Drivers/STM32U5xx_HAL_Driver/Src/stm32u5xx_hal_tim_ex.o" --specs=nano.specs -mfpu=fpv5-sp-d16 -mfloat-abi=hard -mthumb -o "Drivers/STM32U5xx_HAL_Driver/Src/stm32u5xx_hal_tim_ex.o"
arm-none-eabi-gcc "../Drivers/STM32U5xx_HAL_Driver/Src/stm32u5xx_hal_uart.c" -mcpu=cortex-m33 -std=gnu11 -g3 -DDEBUG -DUSE_HAL_DRIVER -DSTM32U575xx -c -I../Core/Inc -I../Drivers/STM32U5xx_HAL_Driver/Inc -I../Drivers/STM32U5xx_HAL_Driver/Inc/Legacy -I../Drivers/CMSIS/Device/ST/STM32U5xx/Include -I../Drivers/CMSIS/Include -I../Middlewares/Third_Party/FreeRTOS/Source/include/ -I../Middlewares/Third_Party/FreeRTOS/Source/portable/GCC/ARM_CM33_NTZ/non_secure/ -I../Middlewares/Third_Party/FreeRTOS/Source/CMSIS_RTOS_V2/ -I../Middlewares/Third_Party/CMSIS/RTOS2/Include/ -I"/home/joakim-wennergren/Desktop/Smartwatch/Firmware/Bench/Drivers/lvgl" -O0 -ffunction-sections -fdata-sections -Wall -fstack-usage -fstack-usage -fcyclomatic-complexity -MMD -MP -MF"Drivers/STM32U5xx_HAL_Driver/Src/stm32u5xx_hal_uart.d" -MT"Drivers/STM32U5xx_HAL_Driver/Src/stm32u5xx_hal_uart.o" --specs=nano.specs -mfpu=fpv5-sp-d16 -mfloat-abi=hard -mthumb -o "Drivers/STM32U5xx_HAL_Driver/Src/stm32u5xx_hal_uart.o"
arm-none-eabi-gcc "../Drivers/STM32U5xx_HAL_Driver/Src/stm32u5xx_hal_uart_ex.c" -mcpu=cortex-m33 -std=gnu11 -g3 -DDEBUG -DUSE_HAL_DRIVER -DSTM32U575xx -c -I../Core/Inc -I../Drivers/STM32U5xx_HAL_Driver/Inc -I../Drivers/STM32U5xx_HAL_Driver/Inc/Legacy -I../Drivers/CMSIS/Device/ST/STM32U5xx/Include -I../Drivers/CMSIS/Include -I../Middlewares/Third_Party/FreeRTOS/Source/include/ -I../Middlewares/Third_Party/FreeRTOS/Source/portable/GCC/ARM_CM33_NTZ/non_secure/ -I../Middlewares/Third_Party/FreeRTOS/Source/CMSIS_RTOS_V2/ -I../Middlewares/Third_Party/CMSIS/RTOS2/Include/ -I"/home/joakim-wennergren/Desktop/Smartwatch/Firmware/Bench/Drivers/lvgl" -O0 -ffunction-sections -fdata-sections -Wall -fstack-usage -fstack-usage -fcyclomatic-complexity -MMD -MP -MF"Drivers/STM32U5xx_HAL_Driver/Src/stm32u5xx_hal_uart_ex.d" -MT"Drivers/STM32U5xx_HAL_Driver/Src/stm32u5xx_hal_uart_ex.o" --specs=nano.specs -mfpu=fpv5-sp-d16 -mfloat-abi=hard -mthumb -o "Drivers/STM32U5xx_HAL_Driver/Src/stm32u5xx_hal_uart_ex.o"
arm-none-eabi-gcc "../Drivers/STM32U5xx_HAL_Driver/Src/stm32u5xx_ll_dlyb.c" -mcpu=cortex-m33 -std=gnu11 -g3 -DDEBUG -DUSE_HAL_DRIVER -DSTM32U575xx -c -I../Core/Inc -I../Drivers/STM32U5xx_HAL_Driver/Inc -I../Drivers/STM32U5xx_HAL_Driver/Inc/Legacy -I../Drivers/CMSIS/Device/ST/STM32U5xx/Include -I../Drivers/CMSIS/Include -I../Middlewares/Third_Party/FreeRTOS/Source/include/ -I../Middlewares/Third_Party/FreeRTOS/Source/portable/GCC/ARM_CM33_NTZ/non_secure/ -I../Middlewares/Third_Party/FreeRTOS/Source/CMSIS_RTOS_V2/ -I../Middlewares/Third_Party/CMSIS/RTOS2/Include/ -I"/home/joakim-wennergren/Desktop/Smartwatch/Firmware/Bench/Drivers/lvgl" -O0 -ffunction-sections -fdata-sections -Wall -fstack-usage -fstack-usage -fcyclomatic-complexity -MMD -MP -MF"Drivers/STM32U5xx_HAL_Driver/Src/stm32u5xx_ll_dlyb.d" -MT"Drivers/STM32U5xx_HAL_Driver/Src/stm32u5xx_ll_dlyb.o" --specs=nano.specs -mfpu=fpv5-sp-d16 -mfloat-abi=hard -mthumb -o "Drivers/STM32U5xx_HAL_Driver/Src/stm32u5xx_ll_dlyb.o"
arm-none-eabi-gcc "../Core/Src/battery.c" -mcpu=cortex-m33 -std=gnu11 -g3 -DDEBUG -DUSE_HAL_DRIVER -DSTM32U575xx -c -I../Core/Inc -I../Drivers/STM32U5xx_HAL_Driver/Inc -I../Drivers/STM32U5xx_HAL_Driver/Inc/Legacy -I../Drivers/CMSIS/Device/ST/STM32U5xx/Include -I../Drivers/CMSIS/Include -I../Middlewares/Third_Party/FreeRTOS/Source/include/ -I../Middlewares/Third_Party/FreeRTOS/Source/portable/GCC/ARM_CM33_NTZ/non_secure/ -I../Middlewares/Third_Party/FreeRTOS/Source/CMSIS_RTOS_V2/ -I../Middlewares/Third_Party/CMSIS/RTOS2/Include/ -I"/home/joakim-wennergren/Desktop/Smartwatch/Firmware/Bench/Drivers/lvgl" -O0 -ffunction-sections -fdata-sections -Wall -fstack-usage -fstack-usage -fcyclomatic-complexity -MMD -MP -MF"Core/Src/battery.d" -MT"Core/Src/battery.o" --specs=nano.specs -mfpu=fpv5-sp-d16 -mfloat-abi=hard -mthumb -o "Core/Src/battery.o"
arm-none-eabi-gcc "../Core/Src/display.c" -mcpu=cortex-m33 -std=gnu11 -g3 -DDEBUG -DUSE_HAL_DRIVER -DSTM32U575xx -c -I../Core/Inc -I../Drivers/STM32U5xx_HAL_Driver/Inc -I../Drivers/STM32U5xx_HAL_Driver/Inc/Legacy -I../Drivers/CMSIS/Device/ST/STM32U5xx/Include -I../Drivers/CMSIS/Include -I../Middlewares/Third_Party/FreeRTOS/Source/include/ -I../Middlewares/Third_Party/FreeRTOS/Source/portable/GCC/ARM_CM33_NTZ/non_secure/ -I../Middlewares/Third_Party/FreeRTOS/Source/CMSIS_RTOS_V2/ -I../Middlewares/Third_Party/CMSIS/RTOS2/Include/ -I"/home/joakim-wennergren/Desktop/Smartwatch/Firmware/Bench/Drivers/lvgl" -O0 -ffunction-sections -fdata-sections -Wall -fstack-usage -fstack-usage -fcyclomatic-complexity -MMD -MP -MF"Core/Src/display.d" -MT"Core/Src/display.o" --specs=nano.specs -mfpu=fpv5-sp-d16 -mfloat-abi=hard -mthumb -o "Core/Src/display.o"
arm-none-eabi-gcc "../Core/Src/gui.c" -mcpu=cortex-m33 -std=gnu11 -g3 -DDEBUG -DUSE_HAL_DRIVER -DSTM32U575xx -c -I../Core/Inc -I../Drivers/STM32U5xx_HAL_Driver/Inc -I../Drivers/STM32U5xx_HAL_Driver/Inc/Legacy -I../Drivers/CMSIS/Device/ST/STM32U5xx/Include -I../Drivers/CMSIS/Include -I../Middlewares/Third_Party/FreeRTOS/Source/include/ -I../Middlewares/Third_Party/FreeRTOS/Source/portable/GCC/ARM_CM33_NTZ/non_secure/ -I../Middlewares/Third_Party/FreeRTOS/Source/CMSIS_RTOS_V2/ -I../Middlewares/Third_Party/CMSIS/RTOS2/Include/ -I"/home/joakim-wennergren/Desktop/Smartwatch/Firmware/Bench/Drivers/lvgl" -O0 -ffunction-sections -fdata-sections -Wall -fstack-usage -fstack-usage -fcyclomatic-complexity -MMD -MP -MF"Core/Src/gui.d" -MT"Core/Src/gui.o" --specs=nano.specs -mfpu=fpv5-sp-d16 -mfloat-abi=hard -mthumb -o "Core/Src/gui.o"
arm-none-eabi-gcc "../Core/Src/main.c" -mcpu=cortex-m33 -std=gnu11 -g3 -DDEBUG -DUSE_HAL_DRIVER -DSTM32U575xx -c -I../Core/Inc -I../Drivers/STM32U5xx_HAL_Driver/Inc -I../Drivers/STM32U5xx_HAL_Driver/Inc/Legacy -I../Drivers/CMSIS/Device/ST/STM32U5xx/Include -I../Drivers/CMSIS/Include -I../Middlewares/Third_Party/FreeRTOS/Source/include/ -I../Middlewares/Third_Party/FreeRTOS/Source/portable/GCC/ARM_CM33_NTZ/non_secure/ -I../Middlewares/Third_Party/FreeRTOS/Source/CMSIS_RTOS_V2/ -I../Middlewares/Third_Party/CMSIS/RTOS2/Include/ -I"/home/joakim-wennergren/Desktop/Smartwatch/Firmware/Bench/Drivers/lvgl" -O0 -ffunction-sections -fdata-sections -Wall -fstack-usage -fstack-usage -fcyclomatic-complexity -MMD -MP -MF"Core/Src/main.d" -MT"Core/Src/main.o" --specs=nano.specs -mfpu=fpv5-sp-d16 -mfloat-abi=hard -mthumb -o "Core/Src/main.o"
../Core/Src/display.c: In function 'CO5300_WritePixels_DMA_chunked':
../Core/Src/display.c:215:13: warning: implicit declaration of function 'printf' [-Wimplicit-function-declaration]
  215 |             printf("OSPI DMA start err=0x%08lX\n", HAL_OSPI_GetError(&hospi1));
      |             ^~~~~~
../Core/Src/display.c:9:1: note: include '<stdio.h>' or provide a declaration of 'printf'
    8 | #include <string.h>
  +++ |+#include <stdio.h>
    9 | 
../Core/Src/display.c:215:13: warning: incompatible implicit declaration of built-in function 'printf' [-Wbuiltin-declaration-mismatch]
  215 |             printf("OSPI DMA start err=0x%08lX\n", HAL_OSPI_GetError(&hospi1));
      |             ^~~~~~
../Core/Src/display.c:215:13: note: include '<stdio.h>' or provide a declaration of 'printf'
../Core/Src/display.c: At top level:
../Core/Src/display.c:231:26: warning: 'CO5300_RamWrite_Header' defined but not used [-Wunused-function]
  231 | static HAL_StatusTypeDef CO5300_RamWrite_Header(OSPI_HandleTypeDef *h, uint32_t nbytes, uint8_t qpi)
      |                          ^~~~~~~~~~~~~~~~~~~~~~
arm-none-eabi-gcc "../Core/Src/stm32u5xx_hal_msp.c" -mcpu=cortex-m33 -std=gnu11 -g3 -DDEBUG -DUSE_HAL_DRIVER -DSTM32U575xx -c -I../Core/Inc -I../Drivers/STM32U5xx_HAL_Driver/Inc -I../Drivers/STM32U5xx_HAL_Driver/Inc/Legacy -I../Drivers/CMSIS/Device/ST/STM32U5xx/Include -I../Drivers/CMSIS/Include -I../Middlewares/Third_Party/FreeRTOS/Source/include/ -I../Middlewares/Third_Party/FreeRTOS/Source/portable/GCC/ARM_CM33_NTZ/non_secure/ -I../Middlewares/Third_Party/FreeRTOS/Source/CMSIS_RTOS_V2/ -I../Middlewares/Third_Party/CMSIS/RTOS2/Include/ -I"/home/joakim-wennergren/Desktop/Smartwatch/Firmware/Bench/Drivers/lvgl" -O0 -ffunction-sections -fdata-sections -Wall -fstack-usage -fstack-usage -fcyclomatic-complexity -MMD -MP -MF"Core/Src/stm32u5xx_hal_msp.d" -MT"Core/Src/stm32u5xx_hal_msp.o" --specs=nano.specs -mfpu=fpv5-sp-d16 -mfloat-abi=hard -mthumb -o "Core/Src/stm32u5xx_hal_msp.o"
arm-none-eabi-gcc "../Core/Src/stm32u5xx_it.c" -mcpu=cortex-m33 -std=gnu11 -g3 -DDEBUG -DUSE_HAL_DRIVER -DSTM32U575xx -c -I../Core/Inc -I../Drivers/STM32U5xx_HAL_Driver/Inc -I../Drivers/STM32U5xx_HAL_Driver/Inc/Legacy -I../Drivers/CMSIS/Device/ST/STM32U5xx/Include -I../Drivers/CMSIS/Include -I../Middlewares/Third_Party/FreeRTOS/Source/include/ -I../Middlewares/Third_Party/FreeRTOS/Source/portable/GCC/ARM_CM33_NTZ/non_secure/ -I../Middlewares/Third_Party/FreeRTOS/Source/CMSIS_RTOS_V2/ -I../Middlewares/Third_Party/CMSIS/RTOS2/Include/ -I"/home/joakim-wennergren/Desktop/Smartwatch/Firmware/Bench/Drivers/lvgl" -O0 -ffunction-sections -fdata-sections -Wall -fstack-usage -fstack-usage -fcyclomatic-complexity -MMD -MP -MF"Core/Src/stm32u5xx_it.d" -MT"Core/Src/stm32u5xx_it.o" --specs=nano.specs -mfpu=fpv5-sp-d16 -mfloat-abi=hard -mthumb -o "Core/Src/stm32u5xx_it.o"
arm-none-eabi-gcc "../Core/Src/system_stm32u5xx.c" -mcpu=cortex-m33 -std=gnu11 -g3 -DDEBUG -DUSE_HAL_DRIVER -DSTM32U575xx -c -I../Core/Inc -I../Drivers/STM32U5xx_HAL_Driver/Inc -I../Drivers/STM32U5xx_HAL_Driver/Inc/Legacy -I../Drivers/CMSIS/Device/ST/STM32U5xx/Include -I../Drivers/CMSIS/Include -I../Middlewares/Third_Party/FreeRTOS/Source/include/ -I../Middlewares/Third_Party/FreeRTOS/Source/portable/GCC/ARM_CM33_NTZ/non_secure/ -I../Middlewares/Third_Party/FreeRTOS/Source/CMSIS_RTOS_V2/ -I../Middlewares/Third_Party/CMSIS/RTOS2/Include/ -I"/home/joakim-wennergren/Desktop/Smartwatch/Firmware/Bench/Drivers/lvgl" -O0 -ffunction-sections -fdata-sections -Wall -fstack-usage -fstack-usage -fcyclomatic-complexity -MMD -MP -MF"Core/Src/system_stm32u5xx.d" -MT"Core/Src/system_stm32u5xx.o" --specs=nano.specs -mfpu=fpv5-sp-d16 -mfloat-abi=hard -mthumb -o "Core/Src/system_stm32u5xx.o"
arm-none-eabi-gcc "../Core/Src/util.c" -mcpu=cortex-m33 -std=gnu11 -g3 -DDEBUG -DUSE_HAL_DRIVER -DSTM32U575xx -c -I../Core/Inc -I../Drivers/STM32U5xx_HAL_Driver/Inc -I../Drivers/STM32U5xx_HAL_Driver/Inc/Legacy -I../Drivers/CMSIS/Device/ST/STM32U5xx/Include -I../Drivers/CMSIS/Include -I../Middlewares/Third_Party/FreeRTOS/Source/include/ -I../Middlewares/Third_Party/FreeRTOS/Source/portable/GCC/ARM_CM33_NTZ/non_secure/ -I../Middlewares/Third_Party/FreeRTOS/Source/CMSIS_RTOS_V2/ -I../Middlewares/Third_Party/CMSIS/RTOS2/Include/ -I"/home/joakim-wennergren/Desktop/Smartwatch/Firmware/Bench/Drivers/lvgl" -O0 -ffunction-sections -fdata-sections -Wall -fstack-usage -fstack-usage -fcyclomatic-complexity -MMD -MP -MF"Core/Src/util.d" -MT"Core/Src/util.o" --specs=nano.specs -mfpu=fpv5-sp-d16 -mfloat-abi=hard -mthumb -o "Core/Src/util.o"
../Core/Src/main.c: In function 'HAL_RTC_AlarmAEventCallback':
../Core/Src/main.c:87:13: warning: pointer targets in passing argument 1 of 'sprintf' differ in signedness [-Wpointer-sign]
   87 |     sprintf(Buffer, "RTC 1 minute tick!");
      |             ^~~~~~
      |             |
      |             uint8_t * {aka unsigned char *}
In file included from ../Core/Src/main.c:25:
/home/joakim-wennergren/st/stm32cubeide_1.19.0/plugins/com.st.stm32cube.ide.mcu.externaltools.gnu-tools-for-stm32.13.3.rel1.linux64_1.0.0.202410170706/tools/arm-none-eabi/include/stdio.h:250:18: note: expected 'char * restrict' but argument is of type 'uint8_t *' {aka 'unsigned char *'}
  250 | int     sprintf (char *__restrict, const char *__restrict, ...)
      |                  ^
../Core/Src/main.c:88:57: warning: pointer targets in passing argument 1 of 'strlen' differ in signedness [-Wpointer-sign]
   88 |     HAL_UART_Transmit(&huart4, (uint8_t*)Buffer, strlen(Buffer), 1000);
      |                                                         ^~~~~~
      |                                                         |
      |                                                         uint8_t * {aka unsigned char *}
In file included from ../Core/Src/main.c:24:
/home/joakim-wennergren/st/stm32cubeide_1.19.0/plugins/com.st.stm32cube.ide.mcu.externaltools.gnu-tools-for-stm32.13.3.rel1.linux64_1.0.0.202410170706/tools/arm-none-eabi/include/string.h:41:18: note: expected 'const char *' but argument is of type 'uint8_t *' {aka 'unsigned char *'}
   41 | size_t   strlen (const char *);
      |                  ^~~~~~~~~~~~
../Core/Src/main.c: In function 'RTC_SetupOnce':
../Core/Src/main.c:94:25: warning: unused variable 'sDate' [-Wunused-variable]
   94 |         RTC_DateTypeDef sDate = {0};
      |                         ^~~~~
../Core/Src/main.c: In function 'create_line':
../Core/Src/main.c:200:30: warning: passing argument 2 of 'lv_line_set_points' from incompatible pointer type [-Wincompatible-pointer-types]
  200 |     lv_line_set_points(line, line_points, 2);
      |                              ^~~~~~~~~~~
      |                              |
      |                              lv_point_t *
In file included from /home/joakim-wennergren/Desktop/Smartwatch/Firmware/Bench/Drivers/lvgl/lvgl.h:69,
                 from ../Core/Src/main.c:28:
/home/joakim-wennergren/Desktop/Smartwatch/Firmware/Bench/Drivers/lvgl/src/widgets/line/lv_line.h:50:66: note: expected 'const lv_point_precise_t *' but argument is of type 'lv_point_t *'
   50 | void lv_line_set_points(lv_obj_t * obj, const lv_point_precise_t points[], uint32_t point_num);
      |                                         ~~~~~~~~~~~~~~~~~~~~~~~~~^~~~~~~~
../Core/Src/main.c: In function 'set_date_label':
../Core/Src/main.c:219:32: warning: too many arguments for format [-Wformat-extra-args]
  219 |     snprintf(buf, sizeof(buf), "%s %d Aug 2025",
      |                                ^~~~~~~~~~~~~~~~
../Core/Src/main.c: In function 'MX_GPDMA1_Init':
../Core/Src/main.c:438:72: warning: passing argument 3 of 'HAL_DMA_RegisterCallback' from incompatible pointer type [-Wincompatible-pointer-types]
  438 |     HAL_DMA_RegisterCallback(&handle_GPDMA1_Channel2, dma_callback_id, HAL_OSPI_TxCpltCallback);
      |                                                                        ^~~~~~~~~~~~~~~~~~~~~~~
      |                                                                        |
      |                                                                        void (*)(OSPI_HandleTypeDef *)
In file included from ../Core/Inc/stm32u5xx_hal_conf.h:284,
                 from ../Drivers/STM32U5xx_HAL_Driver/Inc/stm32u5xx_hal.h:29,
                 from ../Core/Inc/main.h:30,
                 from ../Core/Src/main.c:20:
../Drivers/STM32U5xx_HAL_Driver/Inc/stm32u5xx_hal_dma.h:743:58: note: expected 'void (* const)(DMA_HandleTypeDef * const)' {aka 'void (* const)(struct __DMA_HandleTypeDef * const)'} but argument is of type 'void (*)(OSPI_HandleTypeDef *)'
  743 |                                            void (*const  pCallback)(DMA_HandleTypeDef *const _hdma));
      |                                            ~~~~~~~~~~~~~~^~~~~~~~~~~~~~~~~~~~~~~~~~~~~~~~~~~~~~~~~~
../Core/Src/main.c: At top level:
../Core/Src/main.c:176:13: warning: 'clock_timer_cb' defined but not used [-Wunused-function]
  176 | static void clock_timer_cb(lv_timer_t *t)
      |             ^~~~~~~~~~~~~~
../Core/Src/gui.c:12:17: warning: 'rng_state' defined but not used [-Wunused-variable]
   12 | static uint32_t rng_state = 0xC0FFEE42u;
      |                 ^~~~~~~~~
arm-none-eabi-gcc -o "Smartwatch_bench.elf" @"objects.list"   -mcpu=cortex-m33 -T"/home/joakim-wennergren/Desktop/Smartwatch/Firmware/Bench/STM32U575ZITXQ_FLASH.ld" --specs=nosys.specs -Wl,-Map="Smartwatch_bench.map" -Wl,--gc-sections -static -u _printf_float -u _printf_float -z noexecstack --specs=nano.specs -mfpu=fpv5-sp-d16 -mfloat-abi=hard -mthumb -Wl,--start-group -lc -lm -Wl,--end-group
Finished building target: Smartwatch_bench.elf
 
arm-none-eabi-size  Smartwatch_bench.elf 
arm-none-eabi-objdump -h -S Smartwatch_bench.elf  > "Smartwatch_bench.list"
   text	   data	    bss	    dec	    hex	filename
 469525	    632	 385976	 856133	  d1045	Smartwatch_bench.elf
Finished building: default.size.stdout
 
Finished building: Smartwatch_bench.list
 
15:54:53 **** Incremental Build of configuration Debug for project Smartwatch_bench ****
make -j12 all 
arm-none-eabi-gcc "../Core/Src/main.c" -mcpu=cortex-m33 -std=gnu11 -g3 -DDEBUG -DUSE_HAL_DRIVER -DSTM32U575xx -c -I../Core/Inc -I../Drivers/STM32U5xx_HAL_Driver/Inc -I../Drivers/STM32U5xx_HAL_Driver/Inc/Legacy -I../Drivers/CMSIS/Device/ST/STM32U5xx/Include -I../Drivers/CMSIS/Include -I../Middlewares/Third_Party/FreeRTOS/Source/include/ -I../Middlewares/Third_Party/FreeRTOS/Source/portable/GCC/ARM_CM33_NTZ/non_secure/ -I../Middlewares/Third_Party/FreeRTOS/Source/CMSIS_RTOS_V2/ -I../Middlewares/Third_Party/CMSIS/RTOS2/Include/ -I"/home/joakim-wennergren/Desktop/Smartwatch/Firmware/Bench/Drivers/lvgl" -O0 -ffunction-sections -fdata-sections -Wall -fstack-usage -fstack-usage -fcyclomatic-complexity -MMD -MP -MF"Core/Src/main.d" -MT"Core/Src/main.o" --specs=nano.specs -mfpu=fpv5-sp-d16 -mfloat-abi=hard -mthumb -o "Core/Src/main.o"
../Core/Src/main.c: In function 'HAL_RTC_AlarmAEventCallback':
../Core/Src/main.c:87:13: warning: pointer targets in passing argument 1 of 'sprintf' differ in signedness [-Wpointer-sign]
   87 |     sprintf(Buffer, "RTC 1 minute tick!");
      |             ^~~~~~
      |             |
      |             uint8_t * {aka unsigned char *}
In file included from ../Core/Src/main.c:25:
/home/joakim-wennergren/st/stm32cubeide_1.19.0/plugins/com.st.stm32cube.ide.mcu.externaltools.gnu-tools-for-stm32.13.3.rel1.linux64_1.0.0.202410170706/tools/arm-none-eabi/include/stdio.h:250:18: note: expected 'char * restrict' but argument is of type 'uint8_t *' {aka 'unsigned char *'}
  250 | int     sprintf (char *__restrict, const char *__restrict, ...)
      |                  ^
../Core/Src/main.c:88:57: warning: pointer targets in passing argument 1 of 'strlen' differ in signedness [-Wpointer-sign]
   88 |     HAL_UART_Transmit(&huart4, (uint8_t*)Buffer, strlen(Buffer), 1000);
      |                                                         ^~~~~~
      |                                                         |
      |                                                         uint8_t * {aka unsigned char *}
In file included from ../Core/Src/main.c:24:
/home/joakim-wennergren/st/stm32cubeide_1.19.0/plugins/com.st.stm32cube.ide.mcu.externaltools.gnu-tools-for-stm32.13.3.rel1.linux64_1.0.0.202410170706/tools/arm-none-eabi/include/string.h:41:18: note: expected 'const char *' but argument is of type 'uint8_t *' {aka 'unsigned char *'}
   41 | size_t   strlen (const char *);
      |                  ^~~~~~~~~~~~
../Core/Src/main.c: In function 'RTC_SetupOnce':
../Core/Src/main.c:94:25: warning: unused variable 'sDate' [-Wunused-variable]
   94 |         RTC_DateTypeDef sDate = {0};
      |                         ^~~~~
../Core/Src/main.c: In function 'create_line':
../Core/Src/main.c:200:30: warning: passing argument 2 of 'lv_line_set_points' from incompatible pointer type [-Wincompatible-pointer-types]
  200 |     lv_line_set_points(line, line_points, 2);
      |                              ^~~~~~~~~~~
      |                              |
      |                              lv_point_t *
In file included from /home/joakim-wennergren/Desktop/Smartwatch/Firmware/Bench/Drivers/lvgl/lvgl.h:69,
                 from ../Core/Src/main.c:28:
/home/joakim-wennergren/Desktop/Smartwatch/Firmware/Bench/Drivers/lvgl/src/widgets/line/lv_line.h:50:66: note: expected 'const lv_point_precise_t *' but argument is of type 'lv_point_t *'
   50 | void lv_line_set_points(lv_obj_t * obj, const lv_point_precise_t points[], uint32_t point_num);
      |                                         ~~~~~~~~~~~~~~~~~~~~~~~~~^~~~~~~~
../Core/Src/main.c: In function 'set_date_label':
../Core/Src/main.c:219:32: warning: too many arguments for format [-Wformat-extra-args]
  219 |     snprintf(buf, sizeof(buf), "%s %d Aug 2025",
      |                                ^~~~~~~~~~~~~~~~
../Core/Src/main.c: In function 'MX_GPDMA1_Init':
../Core/Src/main.c:438:72: warning: passing argument 3 of 'HAL_DMA_RegisterCallback' from incompatible pointer type [-Wincompatible-pointer-types]
  438 |     HAL_DMA_RegisterCallback(&handle_GPDMA1_Channel2, dma_callback_id, HAL_OSPI_TxCpltCallback);
      |                                                                        ^~~~~~~~~~~~~~~~~~~~~~~
      |                                                                        |
      |                                                                        void (*)(OSPI_HandleTypeDef *)
In file included from ../Core/Inc/stm32u5xx_hal_conf.h:284,
                 from ../Drivers/STM32U5xx_HAL_Driver/Inc/stm32u5xx_hal.h:29,
                 from ../Core/Inc/main.h:30,
                 from ../Core/Src/main.c:20:
../Drivers/STM32U5xx_HAL_Driver/Inc/stm32u5xx_hal_dma.h:743:58: note: expected 'void (* const)(DMA_HandleTypeDef * const)' {aka 'void (* const)(struct __DMA_HandleTypeDef * const)'} but argument is of type 'void (*)(OSPI_HandleTypeDef *)'
  743 |                                            void (*const  pCallback)(DMA_HandleTypeDef *const _hdma));
      |                                            ~~~~~~~~~~~~~~^~~~~~~~~~~~~~~~~~~~~~~~~~~~~~~~~~~~~~~~~~
../Core/Src/main.c: At top level:
../Core/Src/main.c:176:13: warning: 'clock_timer_cb' defined but not used [-Wunused-function]
  176 | static void clock_timer_cb(lv_timer_t *t)
      |             ^~~~~~~~~~~~~~
arm-none-eabi-gcc -o "Smartwatch_bench.elf" @"objects.list"   -mcpu=cortex-m33 -T"/home/joakim-wennergren/Desktop/Smartwatch/Firmware/Bench/STM32U575ZITXQ_FLASH.ld" --specs=nosys.specs -Wl,-Map="Smartwatch_bench.map" -Wl,--gc-sections -static -u _printf_float -u _printf_float -z noexecstack --specs=nano.specs -mfpu=fpv5-sp-d16 -mfloat-abi=hard -mthumb -Wl,--start-group -lc -lm -Wl,--end-group
Finished building target: Smartwatch_bench.elf
 
arm-none-eabi-size  Smartwatch_bench.elf 
arm-none-eabi-objdump -h -S Smartwatch_bench.elf  > "Smartwatch_bench.list"
   text	   data	    bss	    dec	    hex	filename
 965541	    632	 385976	1352149	 14a1d5	Smartwatch_bench.elf
Finished building: default.size.stdout
 
Finished building: Smartwatch_bench.list
 
16:00:51 **** Incremental Build of configuration Debug for project Smartwatch_bench ****
make -j12 all 
arm-none-eabi-gcc "../Core/Src/display.c" -mcpu=cortex-m33 -std=gnu11 -g3 -DDEBUG -DUSE_HAL_DRIVER -DSTM32U575xx -c -I../Core/Inc -I../Drivers/STM32U5xx_HAL_Driver/Inc -I../Drivers/STM32U5xx_HAL_Driver/Inc/Legacy -I../Drivers/CMSIS/Device/ST/STM32U5xx/Include -I../Drivers/CMSIS/Include -I../Middlewares/Third_Party/FreeRTOS/Source/include/ -I../Middlewares/Third_Party/FreeRTOS/Source/portable/GCC/ARM_CM33_NTZ/non_secure/ -I../Middlewares/Third_Party/FreeRTOS/Source/CMSIS_RTOS_V2/ -I../Middlewares/Third_Party/CMSIS/RTOS2/Include/ -I"/home/joakim-wennergren/Desktop/Smartwatch/Firmware/Bench/Drivers/lvgl" -O0 -ffunction-sections -fdata-sections -Wall -fstack-usage -fstack-usage -fcyclomatic-complexity -MMD -MP -MF"Core/Src/display.d" -MT"Core/Src/display.o" --specs=nano.specs -mfpu=fpv5-sp-d16 -mfloat-abi=hard -mthumb -o "Core/Src/display.o"
arm-none-eabi-gcc "../Core/Src/main.c" -mcpu=cortex-m33 -std=gnu11 -g3 -DDEBUG -DUSE_HAL_DRIVER -DSTM32U575xx -c -I../Core/Inc -I../Drivers/STM32U5xx_HAL_Driver/Inc -I../Drivers/STM32U5xx_HAL_Driver/Inc/Legacy -I../Drivers/CMSIS/Device/ST/STM32U5xx/Include -I../Drivers/CMSIS/Include -I../Middlewares/Third_Party/FreeRTOS/Source/include/ -I../Middlewares/Third_Party/FreeRTOS/Source/portable/GCC/ARM_CM33_NTZ/non_secure/ -I../Middlewares/Third_Party/FreeRTOS/Source/CMSIS_RTOS_V2/ -I../Middlewares/Third_Party/CMSIS/RTOS2/Include/ -I"/home/joakim-wennergren/Desktop/Smartwatch/Firmware/Bench/Drivers/lvgl" -O0 -ffunction-sections -fdata-sections -Wall -fstack-usage -fstack-usage -fcyclomatic-complexity -MMD -MP -MF"Core/Src/main.d" -MT"Core/Src/main.o" --specs=nano.specs -mfpu=fpv5-sp-d16 -mfloat-abi=hard -mthumb -o "Core/Src/main.o"
../Core/Src/display.c: In function 'CO5300_WritePixels_DMA_chunked':
../Core/Src/display.c:216:13: warning: implicit declaration of function 'printf' [-Wimplicit-function-declaration]
  216 |             printf("OSPI DMA start err=0x%08lX\n", HAL_OSPI_GetError(&hospi1));
      |             ^~~~~~
../Core/Src/display.c:9:1: note: include '<stdio.h>' or provide a declaration of 'printf'
    8 | #include <string.h>
  +++ |+#include <stdio.h>
    9 | 
../Core/Src/display.c:216:13: warning: incompatible implicit declaration of built-in function 'printf' [-Wbuiltin-declaration-mismatch]
  216 |             printf("OSPI DMA start err=0x%08lX\n", HAL_OSPI_GetError(&hospi1));
      |             ^~~~~~
../Core/Src/display.c:216:13: note: include '<stdio.h>' or provide a declaration of 'printf'
../Core/Src/display.c: At top level:
../Core/Src/display.c:232:26: warning: 'CO5300_RamWrite_Header' defined but not used [-Wunused-function]
  232 | static HAL_StatusTypeDef CO5300_RamWrite_Header(OSPI_HandleTypeDef *h, uint32_t nbytes, uint8_t qpi)
      |                          ^~~~~~~~~~~~~~~~~~~~~~
../Core/Src/main.c: In function 'HAL_RTC_AlarmAEventCallback':
../Core/Src/main.c:87:13: warning: pointer targets in passing argument 1 of 'sprintf' differ in signedness [-Wpointer-sign]
   87 |     sprintf(Buffer, "RTC 1 minute tick!");
      |             ^~~~~~
      |             |
      |             uint8_t * {aka unsigned char *}
In file included from ../Core/Src/main.c:25:
/home/joakim-wennergren/st/stm32cubeide_1.19.0/plugins/com.st.stm32cube.ide.mcu.externaltools.gnu-tools-for-stm32.13.3.rel1.linux64_1.0.0.202410170706/tools/arm-none-eabi/include/stdio.h:250:18: note: expected 'char * restrict' but argument is of type 'uint8_t *' {aka 'unsigned char *'}
  250 | int     sprintf (char *__restrict, const char *__restrict, ...)
      |                  ^
../Core/Src/main.c:88:57: warning: pointer targets in passing argument 1 of 'strlen' differ in signedness [-Wpointer-sign]
   88 |     HAL_UART_Transmit(&huart4, (uint8_t*)Buffer, strlen(Buffer), 1000);
      |                                                         ^~~~~~
      |                                                         |
      |                                                         uint8_t * {aka unsigned char *}
In file included from ../Core/Src/main.c:24:
/home/joakim-wennergren/st/stm32cubeide_1.19.0/plugins/com.st.stm32cube.ide.mcu.externaltools.gnu-tools-for-stm32.13.3.rel1.linux64_1.0.0.202410170706/tools/arm-none-eabi/include/string.h:41:18: note: expected 'const char *' but argument is of type 'uint8_t *' {aka 'unsigned char *'}
   41 | size_t   strlen (const char *);
      |                  ^~~~~~~~~~~~
../Core/Src/main.c: In function 'RTC_SetupOnce':
../Core/Src/main.c:94:25: warning: unused variable 'sDate' [-Wunused-variable]
   94 |         RTC_DateTypeDef sDate = {0};
      |                         ^~~~~
../Core/Src/main.c: In function 'create_line':
../Core/Src/main.c:200:30: warning: passing argument 2 of 'lv_line_set_points' from incompatible pointer type [-Wincompatible-pointer-types]
  200 |     lv_line_set_points(line, line_points, 2);
      |                              ^~~~~~~~~~~
      |                              |
      |                              lv_point_t *
In file included from /home/joakim-wennergren/Desktop/Smartwatch/Firmware/Bench/Drivers/lvgl/lvgl.h:69,
                 from ../Core/Src/main.c:28:
/home/joakim-wennergren/Desktop/Smartwatch/Firmware/Bench/Drivers/lvgl/src/widgets/line/lv_line.h:50:66: note: expected 'const lv_point_precise_t *' but argument is of type 'lv_point_t *'
   50 | void lv_line_set_points(lv_obj_t * obj, const lv_point_precise_t points[], uint32_t point_num);
      |                                         ~~~~~~~~~~~~~~~~~~~~~~~~~^~~~~~~~
../Core/Src/main.c: In function 'set_date_label':
../Core/Src/main.c:219:32: warning: too many arguments for format [-Wformat-extra-args]
  219 |     snprintf(buf, sizeof(buf), "%s %d Aug 2025",
      |                                ^~~~~~~~~~~~~~~~
../Core/Src/main.c: In function 'MX_GPDMA1_Init':
../Core/Src/main.c:438:72: warning: passing argument 3 of 'HAL_DMA_RegisterCallback' from incompatible pointer type [-Wincompatible-pointer-types]
  438 |     HAL_DMA_RegisterCallback(&handle_GPDMA1_Channel2, dma_callback_id, HAL_OSPI_TxCpltCallback);
      |                                                                        ^~~~~~~~~~~~~~~~~~~~~~~
      |                                                                        |
      |                                                                        void (*)(OSPI_HandleTypeDef *)
In file included from ../Core/Inc/stm32u5xx_hal_conf.h:284,
                 from ../Drivers/STM32U5xx_HAL_Driver/Inc/stm32u5xx_hal.h:29,
                 from ../Core/Inc/main.h:30,
                 from ../Core/Src/main.c:20:
../Drivers/STM32U5xx_HAL_Driver/Inc/stm32u5xx_hal_dma.h:743:58: note: expected 'void (* const)(DMA_HandleTypeDef * const)' {aka 'void (* const)(struct __DMA_HandleTypeDef * const)'} but argument is of type 'void (*)(OSPI_HandleTypeDef *)'
  743 |                                            void (*const  pCallback)(DMA_HandleTypeDef *const _hdma));
      |                                            ~~~~~~~~~~~~~~^~~~~~~~~~~~~~~~~~~~~~~~~~~~~~~~~~~~~~~~~~
../Core/Src/main.c: At top level:
../Core/Src/main.c:176:13: warning: 'clock_timer_cb' defined but not used [-Wunused-function]
  176 | static void clock_timer_cb(lv_timer_t *t)
      |             ^~~~~~~~~~~~~~
arm-none-eabi-gcc -o "Smartwatch_bench.elf" @"objects.list"   -mcpu=cortex-m33 -T"/home/joakim-wennergren/Desktop/Smartwatch/Firmware/Bench/STM32U575ZITXQ_FLASH.ld" --specs=nosys.specs -Wl,-Map="Smartwatch_bench.map" -Wl,--gc-sections -static -u _printf_float -u _printf_float -z noexecstack --specs=nano.specs -mfpu=fpv5-sp-d16 -mfloat-abi=hard -mthumb -Wl,--start-group -lc -lm -Wl,--end-group
Finished building target: Smartwatch_bench.elf
 
arm-none-eabi-size  Smartwatch_bench.elf 
arm-none-eabi-objdump -h -S Smartwatch_bench.elf  > "Smartwatch_bench.list"
   text	   data	    bss	    dec	    hex	filename
 965525	    632	 385976	1352133	 14a1c5	Smartwatch_bench.elf
Finished building: default.size.stdout
 
Finished building: Smartwatch_bench.list
 
16:03:37 **** Incremental Build of configuration Debug for project Smartwatch_bench ****
make -j12 all 
arm-none-eabi-gcc "../Core/Src/display.c" -mcpu=cortex-m33 -std=gnu11 -g3 -DDEBUG -DUSE_HAL_DRIVER -DSTM32U575xx -c -I../Core/Inc -I../Drivers/STM32U5xx_HAL_Driver/Inc -I../Drivers/STM32U5xx_HAL_Driver/Inc/Legacy -I../Drivers/CMSIS/Device/ST/STM32U5xx/Include -I../Drivers/CMSIS/Include -I../Middlewares/Third_Party/FreeRTOS/Source/include/ -I../Middlewares/Third_Party/FreeRTOS/Source/portable/GCC/ARM_CM33_NTZ/non_secure/ -I../Middlewares/Third_Party/FreeRTOS/Source/CMSIS_RTOS_V2/ -I../Middlewares/Third_Party/CMSIS/RTOS2/Include/ -I"/home/joakim-wennergren/Desktop/Smartwatch/Firmware/Bench/Drivers/lvgl" -O0 -ffunction-sections -fdata-sections -Wall -fstack-usage -fstack-usage -fcyclomatic-complexity -MMD -MP -MF"Core/Src/display.d" -MT"Core/Src/display.o" --specs=nano.specs -mfpu=fpv5-sp-d16 -mfloat-abi=hard -mthumb -o "Core/Src/display.o"
arm-none-eabi-gcc "../Core/Src/gui.c" -mcpu=cortex-m33 -std=gnu11 -g3 -DDEBUG -DUSE_HAL_DRIVER -DSTM32U575xx -c -I../Core/Inc -I../Drivers/STM32U5xx_HAL_Driver/Inc -I../Drivers/STM32U5xx_HAL_Driver/Inc/Legacy -I../Drivers/CMSIS/Device/ST/STM32U5xx/Include -I../Drivers/CMSIS/Include -I../Middlewares/Third_Party/FreeRTOS/Source/include/ -I../Middlewares/Third_Party/FreeRTOS/Source/portable/GCC/ARM_CM33_NTZ/non_secure/ -I../Middlewares/Third_Party/FreeRTOS/Source/CMSIS_RTOS_V2/ -I../Middlewares/Third_Party/CMSIS/RTOS2/Include/ -I"/home/joakim-wennergren/Desktop/Smartwatch/Firmware/Bench/Drivers/lvgl" -O0 -ffunction-sections -fdata-sections -Wall -fstack-usage -fstack-usage -fcyclomatic-complexity -MMD -MP -MF"Core/Src/gui.d" -MT"Core/Src/gui.o" --specs=nano.specs -mfpu=fpv5-sp-d16 -mfloat-abi=hard -mthumb -o "Core/Src/gui.o"
arm-none-eabi-gcc "../Core/Src/main.c" -mcpu=cortex-m33 -std=gnu11 -g3 -DDEBUG -DUSE_HAL_DRIVER -DSTM32U575xx -c -I../Core/Inc -I../Drivers/STM32U5xx_HAL_Driver/Inc -I../Drivers/STM32U5xx_HAL_Driver/Inc/Legacy -I../Drivers/CMSIS/Device/ST/STM32U5xx/Include -I../Drivers/CMSIS/Include -I../Middlewares/Third_Party/FreeRTOS/Source/include/ -I../Middlewares/Third_Party/FreeRTOS/Source/portable/GCC/ARM_CM33_NTZ/non_secure/ -I../Middlewares/Third_Party/FreeRTOS/Source/CMSIS_RTOS_V2/ -I../Middlewares/Third_Party/CMSIS/RTOS2/Include/ -I"/home/joakim-wennergren/Desktop/Smartwatch/Firmware/Bench/Drivers/lvgl" -O0 -ffunction-sections -fdata-sections -Wall -fstack-usage -fstack-usage -fcyclomatic-complexity -MMD -MP -MF"Core/Src/main.d" -MT"Core/Src/main.o" --specs=nano.specs -mfpu=fpv5-sp-d16 -mfloat-abi=hard -mthumb -o "Core/Src/main.o"
../Core/Src/display.c: In function 'CO5300_WritePixels_DMA_chunked':
../Core/Src/display.c:216:13: warning: implicit declaration of function 'printf' [-Wimplicit-function-declaration]
  216 |             printf("OSPI DMA start err=0x%08lX\n", HAL_OSPI_GetError(&hospi1));
      |             ^~~~~~
../Core/Src/display.c:9:1: note: include '<stdio.h>' or provide a declaration of 'printf'
    8 | #include <string.h>
  +++ |+#include <stdio.h>
    9 | 
../Core/Src/display.c:216:13: warning: incompatible implicit declaration of built-in function 'printf' [-Wbuiltin-declaration-mismatch]
  216 |             printf("OSPI DMA start err=0x%08lX\n", HAL_OSPI_GetError(&hospi1));
      |             ^~~~~~
../Core/Src/display.c:216:13: note: include '<stdio.h>' or provide a declaration of 'printf'
../Core/Src/gui.c:12:17: warning: 'rng_state' defined but not used [-Wunused-variable]
   12 | static uint32_t rng_state = 0xC0FFEE42u;
      |                 ^~~~~~~~~
../Core/Src/main.c: In function 'HAL_RTC_AlarmAEventCallback':
../Core/Src/main.c:87:13: warning: pointer targets in passing argument 1 of 'sprintf' differ in signedness [-Wpointer-sign]
   87 |     sprintf(Buffer, "RTC 1 minute tick!");
      |             ^~~~~~
      |             |
      |             uint8_t * {aka unsigned char *}
In file included from ../Core/Src/main.c:25:
/home/joakim-wennergren/st/stm32cubeide_1.19.0/plugins/com.st.stm32cube.ide.mcu.externaltools.gnu-tools-for-stm32.13.3.rel1.linux64_1.0.0.202410170706/tools/arm-none-eabi/include/stdio.h:250:18: note: expected 'char * restrict' but argument is of type 'uint8_t *' {aka 'unsigned char *'}
  250 | int     sprintf (char *__restrict, const char *__restrict, ...)
      |                  ^
../Core/Src/main.c:88:57: warning: pointer targets in passing argument 1 of 'strlen' differ in signedness [-Wpointer-sign]
   88 |     HAL_UART_Transmit(&huart4, (uint8_t*)Buffer, strlen(Buffer), 1000);
      |                                                         ^~~~~~
      |                                                         |
      |                                                         uint8_t * {aka unsigned char *}
In file included from ../Core/Src/main.c:24:
/home/joakim-wennergren/st/stm32cubeide_1.19.0/plugins/com.st.stm32cube.ide.mcu.externaltools.gnu-tools-for-stm32.13.3.rel1.linux64_1.0.0.202410170706/tools/arm-none-eabi/include/string.h:41:18: note: expected 'const char *' but argument is of type 'uint8_t *' {aka 'unsigned char *'}
   41 | size_t   strlen (const char *);
      |                  ^~~~~~~~~~~~
../Core/Src/main.c: In function 'RTC_SetupOnce':
../Core/Src/main.c:94:25: warning: unused variable 'sDate' [-Wunused-variable]
   94 |         RTC_DateTypeDef sDate = {0};
      |                         ^~~~~
../Core/Src/main.c: In function 'create_line':
../Core/Src/main.c:200:30: warning: passing argument 2 of 'lv_line_set_points' from incompatible pointer type [-Wincompatible-pointer-types]
  200 |     lv_line_set_points(line, line_points, 2);
      |                              ^~~~~~~~~~~
      |                              |
      |                              lv_point_t *
In file included from /home/joakim-wennergren/Desktop/Smartwatch/Firmware/Bench/Drivers/lvgl/lvgl.h:69,
                 from ../Core/Src/main.c:28:
/home/joakim-wennergren/Desktop/Smartwatch/Firmware/Bench/Drivers/lvgl/src/widgets/line/lv_line.h:50:66: note: expected 'const lv_point_precise_t *' but argument is of type 'lv_point_t *'
   50 | void lv_line_set_points(lv_obj_t * obj, const lv_point_precise_t points[], uint32_t point_num);
      |                                         ~~~~~~~~~~~~~~~~~~~~~~~~~^~~~~~~~
../Core/Src/main.c: In function 'set_date_label':
../Core/Src/main.c:219:32: warning: too many arguments for format [-Wformat-extra-args]
  219 |     snprintf(buf, sizeof(buf), "%s %d Aug 2025",
      |                                ^~~~~~~~~~~~~~~~
../Core/Src/main.c: In function 'MX_GPDMA1_Init':
../Core/Src/main.c:438:72: warning: passing argument 3 of 'HAL_DMA_RegisterCallback' from incompatible pointer type [-Wincompatible-pointer-types]
  438 |     HAL_DMA_RegisterCallback(&handle_GPDMA1_Channel2, dma_callback_id, HAL_OSPI_TxCpltCallback);
      |                                                                        ^~~~~~~~~~~~~~~~~~~~~~~
      |                                                                        |
      |                                                                        void (*)(OSPI_HandleTypeDef *)
In file included from ../Core/Inc/stm32u5xx_hal_conf.h:284,
                 from ../Drivers/STM32U5xx_HAL_Driver/Inc/stm32u5xx_hal.h:29,
                 from ../Core/Inc/main.h:30,
                 from ../Core/Src/main.c:20:
../Drivers/STM32U5xx_HAL_Driver/Inc/stm32u5xx_hal_dma.h:743:58: note: expected 'void (* const)(DMA_HandleTypeDef * const)' {aka 'void (* const)(struct __DMA_HandleTypeDef * const)'} but argument is of type 'void (*)(OSPI_HandleTypeDef *)'
  743 |                                            void (*const  pCallback)(DMA_HandleTypeDef *const _hdma));
      |                                            ~~~~~~~~~~~~~~^~~~~~~~~~~~~~~~~~~~~~~~~~~~~~~~~~~~~~~~~~
../Core/Src/main.c: At top level:
../Core/Src/main.c:176:13: warning: 'clock_timer_cb' defined but not used [-Wunused-function]
  176 | static void clock_timer_cb(lv_timer_t *t)
      |             ^~~~~~~~~~~~~~
arm-none-eabi-gcc -o "Smartwatch_bench.elf" @"objects.list"   -mcpu=cortex-m33 -T"/home/joakim-wennergren/Desktop/Smartwatch/Firmware/Bench/STM32U575ZITXQ_FLASH.ld" --specs=nosys.specs -Wl,-Map="Smartwatch_bench.map" -Wl,--gc-sections -static -u _printf_float -u _printf_float -z noexecstack --specs=nano.specs -mfpu=fpv5-sp-d16 -mfloat-abi=hard -mthumb -Wl,--start-group -lc -lm -Wl,--end-group
Finished building target: Smartwatch_bench.elf
 
arm-none-eabi-size  Smartwatch_bench.elf 
arm-none-eabi-objdump -h -S Smartwatch_bench.elf  > "Smartwatch_bench.list"
   text	   data	    bss	    dec	    hex	filename
 965541	    632	 385976	1352149	 14a1d5	Smartwatch_bench.elf
Finished building: default.size.stdout
 
Finished building: Smartwatch_bench.list
 
16:04:54 **** Incremental Build of configuration Debug for project Smartwatch_bench ****
make -j12 all 
arm-none-eabi-gcc "../Core/Src/display.c" -mcpu=cortex-m33 -std=gnu11 -g3 -DDEBUG -DUSE_HAL_DRIVER -DSTM32U575xx -c -I../Core/Inc -I../Drivers/STM32U5xx_HAL_Driver/Inc -I../Drivers/STM32U5xx_HAL_Driver/Inc/Legacy -I../Drivers/CMSIS/Device/ST/STM32U5xx/Include -I../Drivers/CMSIS/Include -I../Middlewares/Third_Party/FreeRTOS/Source/include/ -I../Middlewares/Third_Party/FreeRTOS/Source/portable/GCC/ARM_CM33_NTZ/non_secure/ -I../Middlewares/Third_Party/FreeRTOS/Source/CMSIS_RTOS_V2/ -I../Middlewares/Third_Party/CMSIS/RTOS2/Include/ -I"/home/joakim-wennergren/Desktop/Smartwatch/Firmware/Bench/Drivers/lvgl" -O0 -ffunction-sections -fdata-sections -Wall -fstack-usage -fstack-usage -fcyclomatic-complexity -MMD -MP -MF"Core/Src/display.d" -MT"Core/Src/display.o" --specs=nano.specs -mfpu=fpv5-sp-d16 -mfloat-abi=hard -mthumb -o "Core/Src/display.o"
arm-none-eabi-gcc "../Core/Src/gui.c" -mcpu=cortex-m33 -std=gnu11 -g3 -DDEBUG -DUSE_HAL_DRIVER -DSTM32U575xx -c -I../Core/Inc -I../Drivers/STM32U5xx_HAL_Driver/Inc -I../Drivers/STM32U5xx_HAL_Driver/Inc/Legacy -I../Drivers/CMSIS/Device/ST/STM32U5xx/Include -I../Drivers/CMSIS/Include -I../Middlewares/Third_Party/FreeRTOS/Source/include/ -I../Middlewares/Third_Party/FreeRTOS/Source/portable/GCC/ARM_CM33_NTZ/non_secure/ -I../Middlewares/Third_Party/FreeRTOS/Source/CMSIS_RTOS_V2/ -I../Middlewares/Third_Party/CMSIS/RTOS2/Include/ -I"/home/joakim-wennergren/Desktop/Smartwatch/Firmware/Bench/Drivers/lvgl" -O0 -ffunction-sections -fdata-sections -Wall -fstack-usage -fstack-usage -fcyclomatic-complexity -MMD -MP -MF"Core/Src/gui.d" -MT"Core/Src/gui.o" --specs=nano.specs -mfpu=fpv5-sp-d16 -mfloat-abi=hard -mthumb -o "Core/Src/gui.o"
arm-none-eabi-gcc "../Core/Src/main.c" -mcpu=cortex-m33 -std=gnu11 -g3 -DDEBUG -DUSE_HAL_DRIVER -DSTM32U575xx -c -I../Core/Inc -I../Drivers/STM32U5xx_HAL_Driver/Inc -I../Drivers/STM32U5xx_HAL_Driver/Inc/Legacy -I../Drivers/CMSIS/Device/ST/STM32U5xx/Include -I../Drivers/CMSIS/Include -I../Middlewares/Third_Party/FreeRTOS/Source/include/ -I../Middlewares/Third_Party/FreeRTOS/Source/portable/GCC/ARM_CM33_NTZ/non_secure/ -I../Middlewares/Third_Party/FreeRTOS/Source/CMSIS_RTOS_V2/ -I../Middlewares/Third_Party/CMSIS/RTOS2/Include/ -I"/home/joakim-wennergren/Desktop/Smartwatch/Firmware/Bench/Drivers/lvgl" -O0 -ffunction-sections -fdata-sections -Wall -fstack-usage -fstack-usage -fcyclomatic-complexity -MMD -MP -MF"Core/Src/main.d" -MT"Core/Src/main.o" --specs=nano.specs -mfpu=fpv5-sp-d16 -mfloat-abi=hard -mthumb -o "Core/Src/main.o"
../Core/Src/display.c: In function 'CO5300_WritePixels_DMA_chunked':
../Core/Src/display.c:216:13: warning: implicit declaration of function 'printf' [-Wimplicit-function-declaration]
  216 |             printf("OSPI DMA start err=0x%08lX\n", HAL_OSPI_GetError(&hospi1));
      |             ^~~~~~
../Core/Src/display.c:9:1: note: include '<stdio.h>' or provide a declaration of 'printf'
    8 | #include <string.h>
  +++ |+#include <stdio.h>
    9 | 
../Core/Src/display.c:216:13: warning: incompatible implicit declaration of built-in function 'printf' [-Wbuiltin-declaration-mismatch]
  216 |             printf("OSPI DMA start err=0x%08lX\n", HAL_OSPI_GetError(&hospi1));
      |             ^~~~~~
../Core/Src/display.c:216:13: note: include '<stdio.h>' or provide a declaration of 'printf'
../Core/Src/gui.c:12:17: warning: 'rng_state' defined but not used [-Wunused-variable]
   12 | static uint32_t rng_state = 0xC0FFEE42u;
      |                 ^~~~~~~~~
../Core/Src/main.c: In function 'HAL_RTC_AlarmAEventCallback':
../Core/Src/main.c:90:13: warning: pointer targets in passing argument 1 of 'sprintf' differ in signedness [-Wpointer-sign]
   90 |     sprintf(Buffer, "RTC 1 minute tick!");
      |             ^~~~~~
      |             |
      |             uint8_t * {aka unsigned char *}
In file included from ../Core/Src/main.c:25:
/home/joakim-wennergren/st/stm32cubeide_1.19.0/plugins/com.st.stm32cube.ide.mcu.externaltools.gnu-tools-for-stm32.13.3.rel1.linux64_1.0.0.202410170706/tools/arm-none-eabi/include/stdio.h:250:18: note: expected 'char * restrict' but argument is of type 'uint8_t *' {aka 'unsigned char *'}
  250 | int     sprintf (char *__restrict, const char *__restrict, ...)
      |                  ^
../Core/Src/main.c:91:57: warning: pointer targets in passing argument 1 of 'strlen' differ in signedness [-Wpointer-sign]
   91 |     HAL_UART_Transmit(&huart4, (uint8_t*)Buffer, strlen(Buffer), 1000);
      |                                                         ^~~~~~
      |                                                         |
      |                                                         uint8_t * {aka unsigned char *}
In file included from ../Core/Src/main.c:24:
/home/joakim-wennergren/st/stm32cubeide_1.19.0/plugins/com.st.stm32cube.ide.mcu.externaltools.gnu-tools-for-stm32.13.3.rel1.linux64_1.0.0.202410170706/tools/arm-none-eabi/include/string.h:41:18: note: expected 'const char *' but argument is of type 'uint8_t *' {aka 'unsigned char *'}
   41 | size_t   strlen (const char *);
      |                  ^~~~~~~~~~~~
../Core/Src/main.c: In function 'RTC_SetupOnce':
../Core/Src/main.c:97:25: warning: unused variable 'sDate' [-Wunused-variable]
   97 |         RTC_DateTypeDef sDate = {0};
      |                         ^~~~~
../Core/Src/main.c: In function 'create_line':
../Core/Src/main.c:202:30: warning: passing argument 2 of 'lv_line_set_points' from incompatible pointer type [-Wincompatible-pointer-types]
  202 |     lv_line_set_points(line, line_points, 2);
      |                              ^~~~~~~~~~~
      |                              |
      |                              lv_point_t *
In file included from /home/joakim-wennergren/Desktop/Smartwatch/Firmware/Bench/Drivers/lvgl/lvgl.h:69,
                 from ../Core/Src/main.c:28:
/home/joakim-wennergren/Desktop/Smartwatch/Firmware/Bench/Drivers/lvgl/src/widgets/line/lv_line.h:50:66: note: expected 'const lv_point_precise_t *' but argument is of type 'lv_point_t *'
   50 | void lv_line_set_points(lv_obj_t * obj, const lv_point_precise_t points[], uint32_t point_num);
      |                                         ~~~~~~~~~~~~~~~~~~~~~~~~~^~~~~~~~
../Core/Src/main.c: In function 'set_date_label':
../Core/Src/main.c:221:32: warning: too many arguments for format [-Wformat-extra-args]
  221 |     snprintf(buf, sizeof(buf), "%s %d Aug 2025",
      |                                ^~~~~~~~~~~~~~~~
../Core/Src/main.c: In function 'MX_GPDMA1_Init':
../Core/Src/main.c:440:72: warning: passing argument 3 of 'HAL_DMA_RegisterCallback' from incompatible pointer type [-Wincompatible-pointer-types]
  440 |     HAL_DMA_RegisterCallback(&handle_GPDMA1_Channel2, dma_callback_id, HAL_OSPI_TxCpltCallback);
      |                                                                        ^~~~~~~~~~~~~~~~~~~~~~~
      |                                                                        |
      |                                                                        void (*)(OSPI_HandleTypeDef *)
In file included from ../Core/Inc/stm32u5xx_hal_conf.h:284,
                 from ../Drivers/STM32U5xx_HAL_Driver/Inc/stm32u5xx_hal.h:29,
                 from ../Core/Inc/main.h:30,
                 from ../Core/Src/main.c:20:
../Drivers/STM32U5xx_HAL_Driver/Inc/stm32u5xx_hal_dma.h:743:58: note: expected 'void (* const)(DMA_HandleTypeDef * const)' {aka 'void (* const)(struct __DMA_HandleTypeDef * const)'} but argument is of type 'void (*)(OSPI_HandleTypeDef *)'
  743 |                                            void (*const  pCallback)(DMA_HandleTypeDef *const _hdma));
      |                                            ~~~~~~~~~~~~~~^~~~~~~~~~~~~~~~~~~~~~~~~~~~~~~~~~~~~~~~~~
../Core/Src/main.c: At top level:
../Core/Src/main.c:178:13: warning: 'clock_timer_cb' defined but not used [-Wunused-function]
  178 | static void clock_timer_cb(lv_timer_t *t)
      |             ^~~~~~~~~~~~~~
arm-none-eabi-gcc -o "Smartwatch_bench.elf" @"objects.list"   -mcpu=cortex-m33 -T"/home/joakim-wennergren/Desktop/Smartwatch/Firmware/Bench/STM32U575ZITXQ_FLASH.ld" --specs=nosys.specs -Wl,-Map="Smartwatch_bench.map" -Wl,--gc-sections -static -u _printf_float -u _printf_float -z noexecstack --specs=nano.specs -mfpu=fpv5-sp-d16 -mfloat-abi=hard -mthumb -Wl,--start-group -lc -lm -Wl,--end-group
Finished building target: Smartwatch_bench.elf
 
arm-none-eabi-size  Smartwatch_bench.elf 
arm-none-eabi-objdump -h -S Smartwatch_bench.elf  > "Smartwatch_bench.list"
   text	   data	    bss	    dec	    hex	filename
 965541	    632	 385976	1352149	 14a1d5	Smartwatch_bench.elf
Finished building: default.size.stdout
 
Finished building: Smartwatch_bench.list
 
16:05:17 **** Incremental Build of configuration Debug for project Smartwatch_bench ****
make -j12 all 
arm-none-eabi-gcc "../Core/Src/display.c" -mcpu=cortex-m33 -std=gnu11 -g3 -DDEBUG -DUSE_HAL_DRIVER -DSTM32U575xx -c -I../Core/Inc -I../Drivers/STM32U5xx_HAL_Driver/Inc -I../Drivers/STM32U5xx_HAL_Driver/Inc/Legacy -I../Drivers/CMSIS/Device/ST/STM32U5xx/Include -I../Drivers/CMSIS/Include -I../Middlewares/Third_Party/FreeRTOS/Source/include/ -I../Middlewares/Third_Party/FreeRTOS/Source/portable/GCC/ARM_CM33_NTZ/non_secure/ -I../Middlewares/Third_Party/FreeRTOS/Source/CMSIS_RTOS_V2/ -I../Middlewares/Third_Party/CMSIS/RTOS2/Include/ -I"/home/joakim-wennergren/Desktop/Smartwatch/Firmware/Bench/Drivers/lvgl" -O0 -ffunction-sections -fdata-sections -Wall -fstack-usage -fstack-usage -fcyclomatic-complexity -MMD -MP -MF"Core/Src/display.d" -MT"Core/Src/display.o" --specs=nano.specs -mfpu=fpv5-sp-d16 -mfloat-abi=hard -mthumb -o "Core/Src/display.o"
../Core/Src/display.c: In function 'CO5300_WritePixels_DMA_chunked':
../Core/Src/display.c:216:13: warning: implicit declaration of function 'printf' [-Wimplicit-function-declaration]
  216 |             printf("OSPI DMA start err=0x%08lX\n", HAL_OSPI_GetError(&hospi1));
      |             ^~~~~~
../Core/Src/display.c:9:1: note: include '<stdio.h>' or provide a declaration of 'printf'
    8 | #include <string.h>
  +++ |+#include <stdio.h>
    9 | 
../Core/Src/display.c:216:13: warning: incompatible implicit declaration of built-in function 'printf' [-Wbuiltin-declaration-mismatch]
  216 |             printf("OSPI DMA start err=0x%08lX\n", HAL_OSPI_GetError(&hospi1));
      |             ^~~~~~
../Core/Src/display.c:216:13: note: include '<stdio.h>' or provide a declaration of 'printf'
arm-none-eabi-gcc -o "Smartwatch_bench.elf" @"objects.list"   -mcpu=cortex-m33 -T"/home/joakim-wennergren/Desktop/Smartwatch/Firmware/Bench/STM32U575ZITXQ_FLASH.ld" --specs=nosys.specs -Wl,-Map="Smartwatch_bench.map" -Wl,--gc-sections -static -u _printf_float -u _printf_float -z noexecstack --specs=nano.specs -mfpu=fpv5-sp-d16 -mfloat-abi=hard -mthumb -Wl,--start-group -lc -lm -Wl,--end-group
Finished building target: Smartwatch_bench.elf
 
arm-none-eabi-size  Smartwatch_bench.elf 
arm-none-eabi-objdump -h -S Smartwatch_bench.elf  > "Smartwatch_bench.list"
   text	   data	    bss	    dec	    hex	filename
 965541	    632	 385976	1352149	 14a1d5	Smartwatch_bench.elf
Finished building: default.size.stdout
 
Finished building: Smartwatch_bench.list
 
16:07:14 **** Incremental Build of configuration Debug for project Smartwatch_bench ****
make -j12 all 
arm-none-eabi-gcc "../Core/Src/display.c" -mcpu=cortex-m33 -std=gnu11 -g3 -DDEBUG -DUSE_HAL_DRIVER -DSTM32U575xx -c -I../Core/Inc -I../Drivers/STM32U5xx_HAL_Driver/Inc -I../Drivers/STM32U5xx_HAL_Driver/Inc/Legacy -I../Drivers/CMSIS/Device/ST/STM32U5xx/Include -I../Drivers/CMSIS/Include -I../Middlewares/Third_Party/FreeRTOS/Source/include/ -I../Middlewares/Third_Party/FreeRTOS/Source/portable/GCC/ARM_CM33_NTZ/non_secure/ -I../Middlewares/Third_Party/FreeRTOS/Source/CMSIS_RTOS_V2/ -I../Middlewares/Third_Party/CMSIS/RTOS2/Include/ -I"/home/joakim-wennergren/Desktop/Smartwatch/Firmware/Bench/Drivers/lvgl" -O0 -ffunction-sections -fdata-sections -Wall -fstack-usage -fstack-usage -fcyclomatic-complexity -MMD -MP -MF"Core/Src/display.d" -MT"Core/Src/display.o" --specs=nano.specs -mfpu=fpv5-sp-d16 -mfloat-abi=hard -mthumb -o "Core/Src/display.o"
arm-none-eabi-gcc -o "Smartwatch_bench.elf" @"objects.list"   -mcpu=cortex-m33 -T"/home/joakim-wennergren/Desktop/Smartwatch/Firmware/Bench/STM32U575ZITXQ_FLASH.ld" --specs=nosys.specs -Wl,-Map="Smartwatch_bench.map" -Wl,--gc-sections -static -u _printf_float -u _printf_float -z noexecstack --specs=nano.specs -mfpu=fpv5-sp-d16 -mfloat-abi=hard -mthumb -Wl,--start-group -lc -lm -Wl,--end-group
Finished building target: Smartwatch_bench.elf
 
arm-none-eabi-size  Smartwatch_bench.elf 
arm-none-eabi-objdump -h -S Smartwatch_bench.elf  > "Smartwatch_bench.list"
   text	   data	    bss	    dec	    hex	filename
 965433	    632	 385976	1352041	 14a169	Smartwatch_bench.elf
Finished building: default.size.stdout
 
Finished building: Smartwatch_bench.list
 
16:09:05 **** Incremental Build of configuration Debug for project Smartwatch_bench ****
make -j12 all 
arm-none-eabi-gcc "../Core/Src/display.c" -mcpu=cortex-m33 -std=gnu11 -g3 -DDEBUG -DUSE_HAL_DRIVER -DSTM32U575xx -c -I../Core/Inc -I../Drivers/STM32U5xx_HAL_Driver/Inc -I../Drivers/STM32U5xx_HAL_Driver/Inc/Legacy -I../Drivers/CMSIS/Device/ST/STM32U5xx/Include -I../Drivers/CMSIS/Include -I../Middlewares/Third_Party/FreeRTOS/Source/include/ -I../Middlewares/Third_Party/FreeRTOS/Source/portable/GCC/ARM_CM33_NTZ/non_secure/ -I../Middlewares/Third_Party/FreeRTOS/Source/CMSIS_RTOS_V2/ -I../Middlewares/Third_Party/CMSIS/RTOS2/Include/ -I"/home/joakim-wennergren/Desktop/Smartwatch/Firmware/Bench/Drivers/lvgl" -O0 -ffunction-sections -fdata-sections -Wall -fstack-usage -fstack-usage -fcyclomatic-complexity -MMD -MP -MF"Core/Src/display.d" -MT"Core/Src/display.o" --specs=nano.specs -mfpu=fpv5-sp-d16 -mfloat-abi=hard -mthumb -o "Core/Src/display.o"
arm-none-eabi-gcc "../Core/Src/main.c" -mcpu=cortex-m33 -std=gnu11 -g3 -DDEBUG -DUSE_HAL_DRIVER -DSTM32U575xx -c -I../Core/Inc -I../Drivers/STM32U5xx_HAL_Driver/Inc -I../Drivers/STM32U5xx_HAL_Driver/Inc/Legacy -I../Drivers/CMSIS/Device/ST/STM32U5xx/Include -I../Drivers/CMSIS/Include -I../Middlewares/Third_Party/FreeRTOS/Source/include/ -I../Middlewares/Third_Party/FreeRTOS/Source/portable/GCC/ARM_CM33_NTZ/non_secure/ -I../Middlewares/Third_Party/FreeRTOS/Source/CMSIS_RTOS_V2/ -I../Middlewares/Third_Party/CMSIS/RTOS2/Include/ -I"/home/joakim-wennergren/Desktop/Smartwatch/Firmware/Bench/Drivers/lvgl" -O0 -ffunction-sections -fdata-sections -Wall -fstack-usage -fstack-usage -fcyclomatic-complexity -MMD -MP -MF"Core/Src/main.d" -MT"Core/Src/main.o" --specs=nano.specs -mfpu=fpv5-sp-d16 -mfloat-abi=hard -mthumb -o "Core/Src/main.o"
../Core/Src/main.c: In function 'HAL_RTC_AlarmAEventCallback':
../Core/Src/main.c:90:13: warning: pointer targets in passing argument 1 of 'sprintf' differ in signedness [-Wpointer-sign]
   90 |     sprintf(Buffer, "RTC 1 minute tick!");
      |             ^~~~~~
      |             |
      |             uint8_t * {aka unsigned char *}
In file included from ../Core/Src/main.c:25:
/home/joakim-wennergren/st/stm32cubeide_1.19.0/plugins/com.st.stm32cube.ide.mcu.externaltools.gnu-tools-for-stm32.13.3.rel1.linux64_1.0.0.202410170706/tools/arm-none-eabi/include/stdio.h:250:18: note: expected 'char * restrict' but argument is of type 'uint8_t *' {aka 'unsigned char *'}
  250 | int     sprintf (char *__restrict, const char *__restrict, ...)
      |                  ^
../Core/Src/main.c:91:57: warning: pointer targets in passing argument 1 of 'strlen' differ in signedness [-Wpointer-sign]
   91 |     HAL_UART_Transmit(&huart4, (uint8_t*)Buffer, strlen(Buffer), 1000);
      |                                                         ^~~~~~
      |                                                         |
      |                                                         uint8_t * {aka unsigned char *}
In file included from ../Core/Src/main.c:24:
/home/joakim-wennergren/st/stm32cubeide_1.19.0/plugins/com.st.stm32cube.ide.mcu.externaltools.gnu-tools-for-stm32.13.3.rel1.linux64_1.0.0.202410170706/tools/arm-none-eabi/include/string.h:41:18: note: expected 'const char *' but argument is of type 'uint8_t *' {aka 'unsigned char *'}
   41 | size_t   strlen (const char *);
      |                  ^~~~~~~~~~~~
../Core/Src/main.c: In function 'RTC_SetupOnce':
../Core/Src/main.c:97:25: warning: unused variable 'sDate' [-Wunused-variable]
   97 |         RTC_DateTypeDef sDate = {0};
      |                         ^~~~~
../Core/Src/main.c: In function 'create_line':
../Core/Src/main.c:202:30: warning: passing argument 2 of 'lv_line_set_points' from incompatible pointer type [-Wincompatible-pointer-types]
  202 |     lv_line_set_points(line, line_points, 2);
      |                              ^~~~~~~~~~~
      |                              |
      |                              lv_point_t *
In file included from /home/joakim-wennergren/Desktop/Smartwatch/Firmware/Bench/Drivers/lvgl/lvgl.h:69,
                 from ../Core/Src/main.c:28:
/home/joakim-wennergren/Desktop/Smartwatch/Firmware/Bench/Drivers/lvgl/src/widgets/line/lv_line.h:50:66: note: expected 'const lv_point_precise_t *' but argument is of type 'lv_point_t *'
   50 | void lv_line_set_points(lv_obj_t * obj, const lv_point_precise_t points[], uint32_t point_num);
      |                                         ~~~~~~~~~~~~~~~~~~~~~~~~~^~~~~~~~
../Core/Src/main.c: In function 'set_date_label':
../Core/Src/main.c:221:32: warning: too many arguments for format [-Wformat-extra-args]
  221 |     snprintf(buf, sizeof(buf), "%s %d Aug 2025",
      |                                ^~~~~~~~~~~~~~~~
../Core/Src/main.c: In function 'MX_GPDMA1_Init':
../Core/Src/main.c:442:72: warning: passing argument 3 of 'HAL_DMA_RegisterCallback' from incompatible pointer type [-Wincompatible-pointer-types]
  442 |     HAL_DMA_RegisterCallback(&handle_GPDMA1_Channel2, dma_callback_id, HAL_OSPI_TxCpltCallback);
      |                                                                        ^~~~~~~~~~~~~~~~~~~~~~~
      |                                                                        |
      |                                                                        void (*)(OSPI_HandleTypeDef *)
In file included from ../Core/Inc/stm32u5xx_hal_conf.h:284,
                 from ../Drivers/STM32U5xx_HAL_Driver/Inc/stm32u5xx_hal.h:29,
                 from ../Core/Inc/main.h:30,
                 from ../Core/Src/main.c:20:
../Drivers/STM32U5xx_HAL_Driver/Inc/stm32u5xx_hal_dma.h:743:58: note: expected 'void (* const)(DMA_HandleTypeDef * const)' {aka 'void (* const)(struct __DMA_HandleTypeDef * const)'} but argument is of type 'void (*)(OSPI_HandleTypeDef *)'
  743 |                                            void (*const  pCallback)(DMA_HandleTypeDef *const _hdma));
      |                                            ~~~~~~~~~~~~~~^~~~~~~~~~~~~~~~~~~~~~~~~~~~~~~~~~~~~~~~~~
../Core/Src/main.c: At top level:
../Core/Src/main.c:178:13: warning: 'clock_timer_cb' defined but not used [-Wunused-function]
  178 | static void clock_timer_cb(lv_timer_t *t)
      |             ^~~~~~~~~~~~~~
arm-none-eabi-gcc -o "Smartwatch_bench.elf" @"objects.list"   -mcpu=cortex-m33 -T"/home/joakim-wennergren/Desktop/Smartwatch/Firmware/Bench/STM32U575ZITXQ_FLASH.ld" --specs=nosys.specs -Wl,-Map="Smartwatch_bench.map" -Wl,--gc-sections -static -u _printf_float -u _printf_float -z noexecstack --specs=nano.specs -mfpu=fpv5-sp-d16 -mfloat-abi=hard -mthumb -Wl,--start-group -lc -lm -Wl,--end-group
Finished building target: Smartwatch_bench.elf
 
arm-none-eabi-size  Smartwatch_bench.elf 
arm-none-eabi-objdump -h -S Smartwatch_bench.elf  > "Smartwatch_bench.list"
   text	   data	    bss	    dec	    hex	filename
 965433	    632	 385976	1352041	 14a169	Smartwatch_bench.elf
Finished building: default.size.stdout
 
Finished building: Smartwatch_bench.list
 
17:01:41 **** Incremental Build of configuration Debug for project Smartwatch_bench ****
make -j12 all 
arm-none-eabi-gcc "../Core/Src/main.c" -mcpu=cortex-m33 -std=gnu11 -g3 -DDEBUG -DUSE_HAL_DRIVER -DSTM32U575xx -c -I../Core/Inc -I../Drivers/STM32U5xx_HAL_Driver/Inc -I../Drivers/STM32U5xx_HAL_Driver/Inc/Legacy -I../Drivers/CMSIS/Device/ST/STM32U5xx/Include -I../Drivers/CMSIS/Include -I../Middlewares/Third_Party/FreeRTOS/Source/include/ -I../Middlewares/Third_Party/FreeRTOS/Source/portable/GCC/ARM_CM33_NTZ/non_secure/ -I../Middlewares/Third_Party/FreeRTOS/Source/CMSIS_RTOS_V2/ -I../Middlewares/Third_Party/CMSIS/RTOS2/Include/ -I"/home/joakim-wennergren/Desktop/Smartwatch/Firmware/Bench/Drivers/lvgl" -O0 -ffunction-sections -fdata-sections -Wall -fstack-usage -fstack-usage -fcyclomatic-complexity -MMD -MP -MF"Core/Src/main.d" -MT"Core/Src/main.o" --specs=nano.specs -mfpu=fpv5-sp-d16 -mfloat-abi=hard -mthumb -o "Core/Src/main.o"
../Core/Src/main.c: In function 'HAL_RTC_AlarmAEventCallback':
../Core/Src/main.c:90:13: warning: pointer targets in passing argument 1 of 'sprintf' differ in signedness [-Wpointer-sign]
   90 |     sprintf(Buffer, "RTC 1 minute tick!");
      |             ^~~~~~
      |             |
      |             uint8_t * {aka unsigned char *}
In file included from ../Core/Src/main.c:25:
/home/joakim-wennergren/st/stm32cubeide_1.19.0/plugins/com.st.stm32cube.ide.mcu.externaltools.gnu-tools-for-stm32.13.3.rel1.linux64_1.0.0.202410170706/tools/arm-none-eabi/include/stdio.h:250:18: note: expected 'char * restrict' but argument is of type 'uint8_t *' {aka 'unsigned char *'}
  250 | int     sprintf (char *__restrict, const char *__restrict, ...)
      |                  ^
../Core/Src/main.c:91:57: warning: pointer targets in passing argument 1 of 'strlen' differ in signedness [-Wpointer-sign]
   91 |     HAL_UART_Transmit(&huart4, (uint8_t*)Buffer, strlen(Buffer), 1000);
      |                                                         ^~~~~~
      |                                                         |
      |                                                         uint8_t * {aka unsigned char *}
In file included from ../Core/Src/main.c:24:
/home/joakim-wennergren/st/stm32cubeide_1.19.0/plugins/com.st.stm32cube.ide.mcu.externaltools.gnu-tools-for-stm32.13.3.rel1.linux64_1.0.0.202410170706/tools/arm-none-eabi/include/string.h:41:18: note: expected 'const char *' but argument is of type 'uint8_t *' {aka 'unsigned char *'}
   41 | size_t   strlen (const char *);
      |                  ^~~~~~~~~~~~
../Core/Src/main.c: In function 'RTC_SetupOnce':
../Core/Src/main.c:97:25: warning: unused variable 'sDate' [-Wunused-variable]
   97 |         RTC_DateTypeDef sDate = {0};
      |                         ^~~~~
../Core/Src/main.c: In function 'create_line':
../Core/Src/main.c:202:30: warning: passing argument 2 of 'lv_line_set_points' from incompatible pointer type [-Wincompatible-pointer-types]
  202 |     lv_line_set_points(line, line_points, 2);
      |                              ^~~~~~~~~~~
      |                              |
      |                              lv_point_t *
In file included from /home/joakim-wennergren/Desktop/Smartwatch/Firmware/Bench/Drivers/lvgl/lvgl.h:69,
                 from ../Core/Src/main.c:28:
/home/joakim-wennergren/Desktop/Smartwatch/Firmware/Bench/Drivers/lvgl/src/widgets/line/lv_line.h:50:66: note: expected 'const lv_point_precise_t *' but argument is of type 'lv_point_t *'
   50 | void lv_line_set_points(lv_obj_t * obj, const lv_point_precise_t points[], uint32_t point_num);
      |                                         ~~~~~~~~~~~~~~~~~~~~~~~~~^~~~~~~~
../Core/Src/main.c: In function 'set_date_label':
../Core/Src/main.c:221:32: warning: too many arguments for format [-Wformat-extra-args]
  221 |     snprintf(buf, sizeof(buf), "%s %d Aug 2025",
      |                                ^~~~~~~~~~~~~~~~
../Core/Src/main.c: In function 'MX_GPDMA1_Init':
../Core/Src/main.c:443:72: warning: passing argument 3 of 'HAL_DMA_RegisterCallback' from incompatible pointer type [-Wincompatible-pointer-types]
  443 |     HAL_DMA_RegisterCallback(&handle_GPDMA1_Channel2, dma_callback_id, HAL_OSPI_TxCpltCallback);
      |                                                                        ^~~~~~~~~~~~~~~~~~~~~~~
      |                                                                        |
      |                                                                        void (*)(OSPI_HandleTypeDef *)
In file included from ../Core/Inc/stm32u5xx_hal_conf.h:284,
                 from ../Drivers/STM32U5xx_HAL_Driver/Inc/stm32u5xx_hal.h:29,
                 from ../Core/Inc/main.h:30,
                 from ../Core/Src/main.c:20:
../Drivers/STM32U5xx_HAL_Driver/Inc/stm32u5xx_hal_dma.h:743:58: note: expected 'void (* const)(DMA_HandleTypeDef * const)' {aka 'void (* const)(struct __DMA_HandleTypeDef * const)'} but argument is of type 'void (*)(OSPI_HandleTypeDef *)'
  743 |                                            void (*const  pCallback)(DMA_HandleTypeDef *const _hdma));
      |                                            ~~~~~~~~~~~~~~^~~~~~~~~~~~~~~~~~~~~~~~~~~~~~~~~~~~~~~~~~
arm-none-eabi-gcc -o "Smartwatch_bench.elf" @"objects.list"   -mcpu=cortex-m33 -T"/home/joakim-wennergren/Desktop/Smartwatch/Firmware/Bench/STM32U575ZITXQ_FLASH.ld" --specs=nosys.specs -Wl,-Map="Smartwatch_bench.map" -Wl,--gc-sections -static -u _printf_float -u _printf_float -z noexecstack --specs=nano.specs -mfpu=fpv5-sp-d16 -mfloat-abi=hard -mthumb -Wl,--start-group -lc -lm -Wl,--end-group
Finished building target: Smartwatch_bench.elf
 
arm-none-eabi-size  Smartwatch_bench.elf 
arm-none-eabi-objdump -h -S Smartwatch_bench.elf  > "Smartwatch_bench.list"
   text	   data	    bss	    dec	    hex	filename
 972089	    632	 386000	1358721	 14bb81	Smartwatch_bench.elf
Finished building: default.size.stdout
 
Finished building: Smartwatch_bench.list
 
17:02:44 **** Incremental Build of configuration Debug for project Smartwatch_bench ****
make -j12 all 
arm-none-eabi-gcc "../Core/Src/main.c" -mcpu=cortex-m33 -std=gnu11 -g3 -DDEBUG -DUSE_HAL_DRIVER -DSTM32U575xx -c -I../Core/Inc -I../Drivers/STM32U5xx_HAL_Driver/Inc -I../Drivers/STM32U5xx_HAL_Driver/Inc/Legacy -I../Drivers/CMSIS/Device/ST/STM32U5xx/Include -I../Drivers/CMSIS/Include -I../Middlewares/Third_Party/FreeRTOS/Source/include/ -I../Middlewares/Third_Party/FreeRTOS/Source/portable/GCC/ARM_CM33_NTZ/non_secure/ -I../Middlewares/Third_Party/FreeRTOS/Source/CMSIS_RTOS_V2/ -I../Middlewares/Third_Party/CMSIS/RTOS2/Include/ -I"/home/joakim-wennergren/Desktop/Smartwatch/Firmware/Bench/Drivers/lvgl" -O0 -ffunction-sections -fdata-sections -Wall -fstack-usage -fstack-usage -fcyclomatic-complexity -MMD -MP -MF"Core/Src/main.d" -MT"Core/Src/main.o" --specs=nano.specs -mfpu=fpv5-sp-d16 -mfloat-abi=hard -mthumb -o "Core/Src/main.o"
../Core/Src/main.c: In function 'HAL_RTC_AlarmAEventCallback':
../Core/Src/main.c:90:13: warning: pointer targets in passing argument 1 of 'sprintf' differ in signedness [-Wpointer-sign]
   90 |     sprintf(Buffer, "RTC 1 minute tick!");
      |             ^~~~~~
      |             |
      |             uint8_t * {aka unsigned char *}
In file included from ../Core/Src/main.c:25:
/home/joakim-wennergren/st/stm32cubeide_1.19.0/plugins/com.st.stm32cube.ide.mcu.externaltools.gnu-tools-for-stm32.13.3.rel1.linux64_1.0.0.202410170706/tools/arm-none-eabi/include/stdio.h:250:18: note: expected 'char * restrict' but argument is of type 'uint8_t *' {aka 'unsigned char *'}
  250 | int     sprintf (char *__restrict, const char *__restrict, ...)
      |                  ^
../Core/Src/main.c:91:57: warning: pointer targets in passing argument 1 of 'strlen' differ in signedness [-Wpointer-sign]
   91 |     HAL_UART_Transmit(&huart4, (uint8_t*)Buffer, strlen(Buffer), 1000);
      |                                                         ^~~~~~
      |                                                         |
      |                                                         uint8_t * {aka unsigned char *}
In file included from ../Core/Src/main.c:24:
/home/joakim-wennergren/st/stm32cubeide_1.19.0/plugins/com.st.stm32cube.ide.mcu.externaltools.gnu-tools-for-stm32.13.3.rel1.linux64_1.0.0.202410170706/tools/arm-none-eabi/include/string.h:41:18: note: expected 'const char *' but argument is of type 'uint8_t *' {aka 'unsigned char *'}
   41 | size_t   strlen (const char *);
      |                  ^~~~~~~~~~~~
../Core/Src/main.c: In function 'RTC_SetupOnce':
../Core/Src/main.c:97:25: warning: unused variable 'sDate' [-Wunused-variable]
   97 |         RTC_DateTypeDef sDate = {0};
      |                         ^~~~~
../Core/Src/main.c: In function 'create_line':
../Core/Src/main.c:202:30: warning: passing argument 2 of 'lv_line_set_points' from incompatible pointer type [-Wincompatible-pointer-types]
  202 |     lv_line_set_points(line, line_points, 2);
      |                              ^~~~~~~~~~~
      |                              |
      |                              lv_point_t *
In file included from /home/joakim-wennergren/Desktop/Smartwatch/Firmware/Bench/Drivers/lvgl/lvgl.h:69,
                 from ../Core/Src/main.c:28:
/home/joakim-wennergren/Desktop/Smartwatch/Firmware/Bench/Drivers/lvgl/src/widgets/line/lv_line.h:50:66: note: expected 'const lv_point_precise_t *' but argument is of type 'lv_point_t *'
   50 | void lv_line_set_points(lv_obj_t * obj, const lv_point_precise_t points[], uint32_t point_num);
      |                                         ~~~~~~~~~~~~~~~~~~~~~~~~~^~~~~~~~
../Core/Src/main.c: In function 'set_date_label':
../Core/Src/main.c:221:32: warning: too many arguments for format [-Wformat-extra-args]
  221 |     snprintf(buf, sizeof(buf), "%s %d Aug 2025",
      |                                ^~~~~~~~~~~~~~~~
../Core/Src/main.c: In function 'MX_GPDMA1_Init':
../Core/Src/main.c:443:72: warning: passing argument 3 of 'HAL_DMA_RegisterCallback' from incompatible pointer type [-Wincompatible-pointer-types]
  443 |     HAL_DMA_RegisterCallback(&handle_GPDMA1_Channel2, dma_callback_id, HAL_OSPI_TxCpltCallback);
      |                                                                        ^~~~~~~~~~~~~~~~~~~~~~~
      |                                                                        |
      |                                                                        void (*)(OSPI_HandleTypeDef *)
In file included from ../Core/Inc/stm32u5xx_hal_conf.h:284,
                 from ../Drivers/STM32U5xx_HAL_Driver/Inc/stm32u5xx_hal.h:29,
                 from ../Core/Inc/main.h:30,
                 from ../Core/Src/main.c:20:
../Drivers/STM32U5xx_HAL_Driver/Inc/stm32u5xx_hal_dma.h:743:58: note: expected 'void (* const)(DMA_HandleTypeDef * const)' {aka 'void (* const)(struct __DMA_HandleTypeDef * const)'} but argument is of type 'void (*)(OSPI_HandleTypeDef *)'
  743 |                                            void (*const  pCallback)(DMA_HandleTypeDef *const _hdma));
      |                                            ~~~~~~~~~~~~~~^~~~~~~~~~~~~~~~~~~~~~~~~~~~~~~~~~~~~~~~~~
arm-none-eabi-gcc -o "Smartwatch_bench.elf" @"objects.list"   -mcpu=cortex-m33 -T"/home/joakim-wennergren/Desktop/Smartwatch/Firmware/Bench/STM32U575ZITXQ_FLASH.ld" --specs=nosys.specs -Wl,-Map="Smartwatch_bench.map" -Wl,--gc-sections -static -u _printf_float -u _printf_float -z noexecstack --specs=nano.specs -mfpu=fpv5-sp-d16 -mfloat-abi=hard -mthumb -Wl,--start-group -lc -lm -Wl,--end-group
Finished building target: Smartwatch_bench.elf
 
arm-none-eabi-size  Smartwatch_bench.elf 
arm-none-eabi-objdump -h -S Smartwatch_bench.elf  > "Smartwatch_bench.list"
   text	   data	    bss	    dec	    hex	filename
 972089	    632	 386000	1358721	 14bb81	Smartwatch_bench.elf
Finished building: default.size.stdout
 
Finished building: Smartwatch_bench.list
 
17:06:40 **** Incremental Build of configuration Debug for project Smartwatch_bench ****
make -j12 all 
arm-none-eabi-gcc "../Core/Src/display.c" -mcpu=cortex-m33 -std=gnu11 -g3 -DDEBUG -DUSE_HAL_DRIVER -DSTM32U575xx -c -I../Core/Inc -I../Drivers/STM32U5xx_HAL_Driver/Inc -I../Drivers/STM32U5xx_HAL_Driver/Inc/Legacy -I../Drivers/CMSIS/Device/ST/STM32U5xx/Include -I../Drivers/CMSIS/Include -I../Middlewares/Third_Party/FreeRTOS/Source/include/ -I../Middlewares/Third_Party/FreeRTOS/Source/portable/GCC/ARM_CM33_NTZ/non_secure/ -I../Middlewares/Third_Party/FreeRTOS/Source/CMSIS_RTOS_V2/ -I../Middlewares/Third_Party/CMSIS/RTOS2/Include/ -I"/home/joakim-wennergren/Desktop/Smartwatch/Firmware/Bench/Drivers/lvgl" -O0 -ffunction-sections -fdata-sections -Wall -fstack-usage -fstack-usage -fcyclomatic-complexity -MMD -MP -MF"Core/Src/display.d" -MT"Core/Src/display.o" --specs=nano.specs -mfpu=fpv5-sp-d16 -mfloat-abi=hard -mthumb -o "Core/Src/display.o"
arm-none-eabi-gcc -o "Smartwatch_bench.elf" @"objects.list"   -mcpu=cortex-m33 -T"/home/joakim-wennergren/Desktop/Smartwatch/Firmware/Bench/STM32U575ZITXQ_FLASH.ld" --specs=nosys.specs -Wl,-Map="Smartwatch_bench.map" -Wl,--gc-sections -static -u _printf_float -u _printf_float -z noexecstack --specs=nano.specs -mfpu=fpv5-sp-d16 -mfloat-abi=hard -mthumb -Wl,--start-group -lc -lm -Wl,--end-group
Finished building target: Smartwatch_bench.elf
 
arm-none-eabi-size  Smartwatch_bench.elf 
arm-none-eabi-objdump -h -S Smartwatch_bench.elf  > "Smartwatch_bench.list"
   text	   data	    bss	    dec	    hex	filename
 972089	    632	 386000	1358721	 14bb81	Smartwatch_bench.elf
Finished building: default.size.stdout
 
Finished building: Smartwatch_bench.list
 
17:14:24 **** Incremental Build of configuration Debug for project Smartwatch_bench ****
make -j12 all 
arm-none-eabi-gcc "../Core/Src/display.c" -mcpu=cortex-m33 -std=gnu11 -g3 -DDEBUG -DUSE_HAL_DRIVER -DSTM32U575xx -c -I../Core/Inc -I../Drivers/STM32U5xx_HAL_Driver/Inc -I../Drivers/STM32U5xx_HAL_Driver/Inc/Legacy -I../Drivers/CMSIS/Device/ST/STM32U5xx/Include -I../Drivers/CMSIS/Include -I../Middlewares/Third_Party/FreeRTOS/Source/include/ -I../Middlewares/Third_Party/FreeRTOS/Source/portable/GCC/ARM_CM33_NTZ/non_secure/ -I../Middlewares/Third_Party/FreeRTOS/Source/CMSIS_RTOS_V2/ -I../Middlewares/Third_Party/CMSIS/RTOS2/Include/ -I"/home/joakim-wennergren/Desktop/Smartwatch/Firmware/Bench/Drivers/lvgl" -O0 -ffunction-sections -fdata-sections -Wall -fstack-usage -fstack-usage -fcyclomatic-complexity -MMD -MP -MF"Core/Src/display.d" -MT"Core/Src/display.o" --specs=nano.specs -mfpu=fpv5-sp-d16 -mfloat-abi=hard -mthumb -o "Core/Src/display.o"
arm-none-eabi-gcc "../Core/Src/gui.c" -mcpu=cortex-m33 -std=gnu11 -g3 -DDEBUG -DUSE_HAL_DRIVER -DSTM32U575xx -c -I../Core/Inc -I../Drivers/STM32U5xx_HAL_Driver/Inc -I../Drivers/STM32U5xx_HAL_Driver/Inc/Legacy -I../Drivers/CMSIS/Device/ST/STM32U5xx/Include -I../Drivers/CMSIS/Include -I../Middlewares/Third_Party/FreeRTOS/Source/include/ -I../Middlewares/Third_Party/FreeRTOS/Source/portable/GCC/ARM_CM33_NTZ/non_secure/ -I../Middlewares/Third_Party/FreeRTOS/Source/CMSIS_RTOS_V2/ -I../Middlewares/Third_Party/CMSIS/RTOS2/Include/ -I"/home/joakim-wennergren/Desktop/Smartwatch/Firmware/Bench/Drivers/lvgl" -O0 -ffunction-sections -fdata-sections -Wall -fstack-usage -fstack-usage -fcyclomatic-complexity -MMD -MP -MF"Core/Src/gui.d" -MT"Core/Src/gui.o" --specs=nano.specs -mfpu=fpv5-sp-d16 -mfloat-abi=hard -mthumb -o "Core/Src/gui.o"
arm-none-eabi-gcc "../Core/Src/main.c" -mcpu=cortex-m33 -std=gnu11 -g3 -DDEBUG -DUSE_HAL_DRIVER -DSTM32U575xx -c -I../Core/Inc -I../Drivers/STM32U5xx_HAL_Driver/Inc -I../Drivers/STM32U5xx_HAL_Driver/Inc/Legacy -I../Drivers/CMSIS/Device/ST/STM32U5xx/Include -I../Drivers/CMSIS/Include -I../Middlewares/Third_Party/FreeRTOS/Source/include/ -I../Middlewares/Third_Party/FreeRTOS/Source/portable/GCC/ARM_CM33_NTZ/non_secure/ -I../Middlewares/Third_Party/FreeRTOS/Source/CMSIS_RTOS_V2/ -I../Middlewares/Third_Party/CMSIS/RTOS2/Include/ -I"/home/joakim-wennergren/Desktop/Smartwatch/Firmware/Bench/Drivers/lvgl" -O0 -ffunction-sections -fdata-sections -Wall -fstack-usage -fstack-usage -fcyclomatic-complexity -MMD -MP -MF"Core/Src/main.d" -MT"Core/Src/main.o" --specs=nano.specs -mfpu=fpv5-sp-d16 -mfloat-abi=hard -mthumb -o "Core/Src/main.o"
../Core/Src/main.c: In function 'HAL_RTC_AlarmAEventCallback':
../Core/Src/main.c:90:13: warning: pointer targets in passing argument 1 of 'sprintf' differ in signedness [-Wpointer-sign]
   90 |     sprintf(Buffer, "RTC 1 minute tick!");
      |             ^~~~~~
      |             |
      |             uint8_t * {aka unsigned char *}
In file included from ../Core/Src/main.c:25:
/home/joakim-wennergren/st/stm32cubeide_1.19.0/plugins/com.st.stm32cube.ide.mcu.externaltools.gnu-tools-for-stm32.13.3.rel1.linux64_1.0.0.202410170706/tools/arm-none-eabi/include/stdio.h:250:18: note: expected 'char * restrict' but argument is of type 'uint8_t *' {aka 'unsigned char *'}
  250 | int     sprintf (char *__restrict, const char *__restrict, ...)
      |                  ^
../Core/Src/main.c:91:57: warning: pointer targets in passing argument 1 of 'strlen' differ in signedness [-Wpointer-sign]
   91 |     HAL_UART_Transmit(&huart4, (uint8_t*)Buffer, strlen(Buffer), 1000);
      |                                                         ^~~~~~
      |                                                         |
      |                                                         uint8_t * {aka unsigned char *}
In file included from ../Core/Src/main.c:24:
/home/joakim-wennergren/st/stm32cubeide_1.19.0/plugins/com.st.stm32cube.ide.mcu.externaltools.gnu-tools-for-stm32.13.3.rel1.linux64_1.0.0.202410170706/tools/arm-none-eabi/include/string.h:41:18: note: expected 'const char *' but argument is of type 'uint8_t *' {aka 'unsigned char *'}
   41 | size_t   strlen (const char *);
      |                  ^~~~~~~~~~~~
../Core/Src/main.c: In function 'RTC_SetupOnce':
../Core/Src/main.c:97:25: warning: unused variable 'sDate' [-Wunused-variable]
   97 |         RTC_DateTypeDef sDate = {0};
      |                         ^~~~~
../Core/Src/main.c: In function 'create_line':
../Core/Src/main.c:200:30: warning: passing argument 2 of 'lv_line_set_points' from incompatible pointer type [-Wincompatible-pointer-types]
  200 |     lv_line_set_points(line, line_points, 2);
      |                              ^~~~~~~~~~~
      |                              |
      |                              lv_point_t *
In file included from /home/joakim-wennergren/Desktop/Smartwatch/Firmware/Bench/Drivers/lvgl/lvgl.h:69,
                 from ../Core/Src/main.c:28:
/home/joakim-wennergren/Desktop/Smartwatch/Firmware/Bench/Drivers/lvgl/src/widgets/line/lv_line.h:50:66: note: expected 'const lv_point_precise_t *' but argument is of type 'lv_point_t *'
   50 | void lv_line_set_points(lv_obj_t * obj, const lv_point_precise_t points[], uint32_t point_num);
      |                                         ~~~~~~~~~~~~~~~~~~~~~~~~~^~~~~~~~
../Core/Src/main.c: In function 'set_date_label':
../Core/Src/main.c:217:32: warning: too many arguments for format [-Wformat-extra-args]
  217 |     snprintf(buf, sizeof(buf), "%s %d Aug 2025",
      |                                ^~~~~~~~~~~~~~~~
../Core/Src/main.c: In function 'MX_GPDMA1_Init':
../Core/Src/main.c:434:72: warning: passing argument 3 of 'HAL_DMA_RegisterCallback' from incompatible pointer type [-Wincompatible-pointer-types]
  434 |     HAL_DMA_RegisterCallback(&handle_GPDMA1_Channel2, dma_callback_id, HAL_OSPI_TxCpltCallback);
      |                                                                        ^~~~~~~~~~~~~~~~~~~~~~~
      |                                                                        |
      |                                                                        void (*)(OSPI_HandleTypeDef *)
In file included from ../Core/Inc/stm32u5xx_hal_conf.h:284,
                 from ../Drivers/STM32U5xx_HAL_Driver/Inc/stm32u5xx_hal.h:29,
                 from ../Core/Inc/main.h:30,
                 from ../Core/Src/main.c:20:
../Drivers/STM32U5xx_HAL_Driver/Inc/stm32u5xx_hal_dma.h:743:58: note: expected 'void (* const)(DMA_HandleTypeDef * const)' {aka 'void (* const)(struct __DMA_HandleTypeDef * const)'} but argument is of type 'void (*)(OSPI_HandleTypeDef *)'
  743 |                                            void (*const  pCallback)(DMA_HandleTypeDef *const _hdma));
      |                                            ~~~~~~~~~~~~~~^~~~~~~~~~~~~~~~~~~~~~~~~~~~~~~~~~~~~~~~~~
arm-none-eabi-gcc -o "Smartwatch_bench.elf" @"objects.list"   -mcpu=cortex-m33 -T"/home/joakim-wennergren/Desktop/Smartwatch/Firmware/Bench/STM32U575ZITXQ_FLASH.ld" --specs=nosys.specs -Wl,-Map="Smartwatch_bench.map" -Wl,--gc-sections -static -u _printf_float -u _printf_float -z noexecstack --specs=nano.specs -mfpu=fpv5-sp-d16 -mfloat-abi=hard -mthumb -Wl,--start-group -lc -lm -Wl,--end-group
Finished building target: Smartwatch_bench.elf
 
arm-none-eabi-size  Smartwatch_bench.elf 
arm-none-eabi-objdump -h -S Smartwatch_bench.elf  > "Smartwatch_bench.list"
   text	   data	    bss	    dec	    hex	filename
 972089	    632	 386000	1358721	 14bb81	Smartwatch_bench.elf
Finished building: default.size.stdout
 
Finished building: Smartwatch_bench.list
 
17:14:54 **** Incremental Build of configuration Debug for project Smartwatch_bench ****
make -j12 all 
arm-none-eabi-gcc "../Core/Src/gui.c" -mcpu=cortex-m33 -std=gnu11 -g3 -DDEBUG -DUSE_HAL_DRIVER -DSTM32U575xx -c -I../Core/Inc -I../Drivers/STM32U5xx_HAL_Driver/Inc -I../Drivers/STM32U5xx_HAL_Driver/Inc/Legacy -I../Drivers/CMSIS/Device/ST/STM32U5xx/Include -I../Drivers/CMSIS/Include -I../Middlewares/Third_Party/FreeRTOS/Source/include/ -I../Middlewares/Third_Party/FreeRTOS/Source/portable/GCC/ARM_CM33_NTZ/non_secure/ -I../Middlewares/Third_Party/FreeRTOS/Source/CMSIS_RTOS_V2/ -I../Middlewares/Third_Party/CMSIS/RTOS2/Include/ -I"/home/joakim-wennergren/Desktop/Smartwatch/Firmware/Bench/Drivers/lvgl" -O0 -ffunction-sections -fdata-sections -Wall -fstack-usage -fstack-usage -fcyclomatic-complexity -MMD -MP -MF"Core/Src/gui.d" -MT"Core/Src/gui.o" --specs=nano.specs -mfpu=fpv5-sp-d16 -mfloat-abi=hard -mthumb -o "Core/Src/gui.o"
arm-none-eabi-gcc -o "Smartwatch_bench.elf" @"objects.list"   -mcpu=cortex-m33 -T"/home/joakim-wennergren/Desktop/Smartwatch/Firmware/Bench/STM32U575ZITXQ_FLASH.ld" --specs=nosys.specs -Wl,-Map="Smartwatch_bench.map" -Wl,--gc-sections -static -u _printf_float -u _printf_float -z noexecstack --specs=nano.specs -mfpu=fpv5-sp-d16 -mfloat-abi=hard -mthumb -Wl,--start-group -lc -lm -Wl,--end-group
Finished building target: Smartwatch_bench.elf
 
arm-none-eabi-size  Smartwatch_bench.elf 
arm-none-eabi-objdump -h -S Smartwatch_bench.elf  > "Smartwatch_bench.list"
   text	   data	    bss	    dec	    hex	filename
 972089	    632	 386000	1358721	 14bb81	Smartwatch_bench.elf
Finished building: default.size.stdout
 
Finished building: Smartwatch_bench.list
 
17:15:37 **** Incremental Build of configuration Debug for project Smartwatch_bench ****
make -j12 all 
arm-none-eabi-gcc "../Core/Src/gui.c" -mcpu=cortex-m33 -std=gnu11 -g3 -DDEBUG -DUSE_HAL_DRIVER -DSTM32U575xx -c -I../Core/Inc -I../Drivers/STM32U5xx_HAL_Driver/Inc -I../Drivers/STM32U5xx_HAL_Driver/Inc/Legacy -I../Drivers/CMSIS/Device/ST/STM32U5xx/Include -I../Drivers/CMSIS/Include -I../Middlewares/Third_Party/FreeRTOS/Source/include/ -I../Middlewares/Third_Party/FreeRTOS/Source/portable/GCC/ARM_CM33_NTZ/non_secure/ -I../Middlewares/Third_Party/FreeRTOS/Source/CMSIS_RTOS_V2/ -I../Middlewares/Third_Party/CMSIS/RTOS2/Include/ -I"/home/joakim-wennergren/Desktop/Smartwatch/Firmware/Bench/Drivers/lvgl" -O0 -ffunction-sections -fdata-sections -Wall -fstack-usage -fstack-usage -fcyclomatic-complexity -MMD -MP -MF"Core/Src/gui.d" -MT"Core/Src/gui.o" --specs=nano.specs -mfpu=fpv5-sp-d16 -mfloat-abi=hard -mthumb -o "Core/Src/gui.o"
arm-none-eabi-gcc -o "Smartwatch_bench.elf" @"objects.list"   -mcpu=cortex-m33 -T"/home/joakim-wennergren/Desktop/Smartwatch/Firmware/Bench/STM32U575ZITXQ_FLASH.ld" --specs=nosys.specs -Wl,-Map="Smartwatch_bench.map" -Wl,--gc-sections -static -u _printf_float -u _printf_float -z noexecstack --specs=nano.specs -mfpu=fpv5-sp-d16 -mfloat-abi=hard -mthumb -Wl,--start-group -lc -lm -Wl,--end-group
Finished building target: Smartwatch_bench.elf
 
arm-none-eabi-size  Smartwatch_bench.elf 
arm-none-eabi-objdump -h -S Smartwatch_bench.elf  > "Smartwatch_bench.list"
   text	   data	    bss	    dec	    hex	filename
 972089	    632	 386000	1358721	 14bb81	Smartwatch_bench.elf
Finished building: default.size.stdout
 
Finished building: Smartwatch_bench.list
 
17:16:51 **** Incremental Build of configuration Debug for project Smartwatch_bench ****
make -j12 all 
arm-none-eabi-gcc "../Core/Src/gui.c" -mcpu=cortex-m33 -std=gnu11 -g3 -DDEBUG -DUSE_HAL_DRIVER -DSTM32U575xx -c -I../Core/Inc -I../Drivers/STM32U5xx_HAL_Driver/Inc -I../Drivers/STM32U5xx_HAL_Driver/Inc/Legacy -I../Drivers/CMSIS/Device/ST/STM32U5xx/Include -I../Drivers/CMSIS/Include -I../Middlewares/Third_Party/FreeRTOS/Source/include/ -I../Middlewares/Third_Party/FreeRTOS/Source/portable/GCC/ARM_CM33_NTZ/non_secure/ -I../Middlewares/Third_Party/FreeRTOS/Source/CMSIS_RTOS_V2/ -I../Middlewares/Third_Party/CMSIS/RTOS2/Include/ -I"/home/joakim-wennergren/Desktop/Smartwatch/Firmware/Bench/Drivers/lvgl" -O0 -ffunction-sections -fdata-sections -Wall -fstack-usage -fstack-usage -fcyclomatic-complexity -MMD -MP -MF"Core/Src/gui.d" -MT"Core/Src/gui.o" --specs=nano.specs -mfpu=fpv5-sp-d16 -mfloat-abi=hard -mthumb -o "Core/Src/gui.o"
arm-none-eabi-gcc -o "Smartwatch_bench.elf" @"objects.list"   -mcpu=cortex-m33 -T"/home/joakim-wennergren/Desktop/Smartwatch/Firmware/Bench/STM32U575ZITXQ_FLASH.ld" --specs=nosys.specs -Wl,-Map="Smartwatch_bench.map" -Wl,--gc-sections -static -u _printf_float -u _printf_float -z noexecstack --specs=nano.specs -mfpu=fpv5-sp-d16 -mfloat-abi=hard -mthumb -Wl,--start-group -lc -lm -Wl,--end-group
Finished building target: Smartwatch_bench.elf
 
arm-none-eabi-size  Smartwatch_bench.elf 
arm-none-eabi-objdump -h -S Smartwatch_bench.elf  > "Smartwatch_bench.list"
   text	   data	    bss	    dec	    hex	filename
 972089	    632	 386000	1358721	 14bb81	Smartwatch_bench.elf
Finished building: default.size.stdout
 
Finished building: Smartwatch_bench.list
 
17:19:34 **** Incremental Build of configuration Debug for project Smartwatch_bench ****
make -j12 all 
arm-none-eabi-gcc "../Core/Src/display.c" -mcpu=cortex-m33 -std=gnu11 -g3 -DDEBUG -DUSE_HAL_DRIVER -DSTM32U575xx -c -I../Core/Inc -I../Drivers/STM32U5xx_HAL_Driver/Inc -I../Drivers/STM32U5xx_HAL_Driver/Inc/Legacy -I../Drivers/CMSIS/Device/ST/STM32U5xx/Include -I../Drivers/CMSIS/Include -I../Middlewares/Third_Party/FreeRTOS/Source/include/ -I../Middlewares/Third_Party/FreeRTOS/Source/portable/GCC/ARM_CM33_NTZ/non_secure/ -I../Middlewares/Third_Party/FreeRTOS/Source/CMSIS_RTOS_V2/ -I../Middlewares/Third_Party/CMSIS/RTOS2/Include/ -I"/home/joakim-wennergren/Desktop/Smartwatch/Firmware/Bench/Drivers/lvgl" -O0 -ffunction-sections -fdata-sections -Wall -fstack-usage -fstack-usage -fcyclomatic-complexity -MMD -MP -MF"Core/Src/display.d" -MT"Core/Src/display.o" --specs=nano.specs -mfpu=fpv5-sp-d16 -mfloat-abi=hard -mthumb -o "Core/Src/display.o"
arm-none-eabi-gcc "../Core/Src/gui.c" -mcpu=cortex-m33 -std=gnu11 -g3 -DDEBUG -DUSE_HAL_DRIVER -DSTM32U575xx -c -I../Core/Inc -I../Drivers/STM32U5xx_HAL_Driver/Inc -I../Drivers/STM32U5xx_HAL_Driver/Inc/Legacy -I../Drivers/CMSIS/Device/ST/STM32U5xx/Include -I../Drivers/CMSIS/Include -I../Middlewares/Third_Party/FreeRTOS/Source/include/ -I../Middlewares/Third_Party/FreeRTOS/Source/portable/GCC/ARM_CM33_NTZ/non_secure/ -I../Middlewares/Third_Party/FreeRTOS/Source/CMSIS_RTOS_V2/ -I../Middlewares/Third_Party/CMSIS/RTOS2/Include/ -I"/home/joakim-wennergren/Desktop/Smartwatch/Firmware/Bench/Drivers/lvgl" -O0 -ffunction-sections -fdata-sections -Wall -fstack-usage -fstack-usage -fcyclomatic-complexity -MMD -MP -MF"Core/Src/gui.d" -MT"Core/Src/gui.o" --specs=nano.specs -mfpu=fpv5-sp-d16 -mfloat-abi=hard -mthumb -o "Core/Src/gui.o"
arm-none-eabi-gcc "../Core/Src/main.c" -mcpu=cortex-m33 -std=gnu11 -g3 -DDEBUG -DUSE_HAL_DRIVER -DSTM32U575xx -c -I../Core/Inc -I../Drivers/STM32U5xx_HAL_Driver/Inc -I../Drivers/STM32U5xx_HAL_Driver/Inc/Legacy -I../Drivers/CMSIS/Device/ST/STM32U5xx/Include -I../Drivers/CMSIS/Include -I../Middlewares/Third_Party/FreeRTOS/Source/include/ -I../Middlewares/Third_Party/FreeRTOS/Source/portable/GCC/ARM_CM33_NTZ/non_secure/ -I../Middlewares/Third_Party/FreeRTOS/Source/CMSIS_RTOS_V2/ -I../Middlewares/Third_Party/CMSIS/RTOS2/Include/ -I"/home/joakim-wennergren/Desktop/Smartwatch/Firmware/Bench/Drivers/lvgl" -O0 -ffunction-sections -fdata-sections -Wall -fstack-usage -fstack-usage -fcyclomatic-complexity -MMD -MP -MF"Core/Src/main.d" -MT"Core/Src/main.o" --specs=nano.specs -mfpu=fpv5-sp-d16 -mfloat-abi=hard -mthumb -o "Core/Src/main.o"
../Core/Src/main.c: In function 'HAL_RTC_AlarmAEventCallback':
../Core/Src/main.c:90:13: warning: pointer targets in passing argument 1 of 'sprintf' differ in signedness [-Wpointer-sign]
   90 |     sprintf(Buffer, "RTC 1 minute tick!");
      |             ^~~~~~
      |             |
      |             uint8_t * {aka unsigned char *}
In file included from ../Core/Src/main.c:25:
/home/joakim-wennergren/st/stm32cubeide_1.19.0/plugins/com.st.stm32cube.ide.mcu.externaltools.gnu-tools-for-stm32.13.3.rel1.linux64_1.0.0.202410170706/tools/arm-none-eabi/include/stdio.h:250:18: note: expected 'char * restrict' but argument is of type 'uint8_t *' {aka 'unsigned char *'}
  250 | int     sprintf (char *__restrict, const char *__restrict, ...)
      |                  ^
../Core/Src/main.c:91:57: warning: pointer targets in passing argument 1 of 'strlen' differ in signedness [-Wpointer-sign]
   91 |     HAL_UART_Transmit(&huart4, (uint8_t*)Buffer, strlen(Buffer), 1000);
      |                                                         ^~~~~~
      |                                                         |
      |                                                         uint8_t * {aka unsigned char *}
In file included from ../Core/Src/main.c:24:
/home/joakim-wennergren/st/stm32cubeide_1.19.0/plugins/com.st.stm32cube.ide.mcu.externaltools.gnu-tools-for-stm32.13.3.rel1.linux64_1.0.0.202410170706/tools/arm-none-eabi/include/string.h:41:18: note: expected 'const char *' but argument is of type 'uint8_t *' {aka 'unsigned char *'}
   41 | size_t   strlen (const char *);
      |                  ^~~~~~~~~~~~
../Core/Src/main.c: In function 'RTC_SetupOnce':
../Core/Src/main.c:97:25: warning: unused variable 'sDate' [-Wunused-variable]
   97 |         RTC_DateTypeDef sDate = {0};
      |                         ^~~~~
../Core/Src/main.c: In function 'create_line':
../Core/Src/main.c:200:30: warning: passing argument 2 of 'lv_line_set_points' from incompatible pointer type [-Wincompatible-pointer-types]
  200 |     lv_line_set_points(line, line_points, 2);
      |                              ^~~~~~~~~~~
      |                              |
      |                              lv_point_t *
In file included from /home/joakim-wennergren/Desktop/Smartwatch/Firmware/Bench/Drivers/lvgl/lvgl.h:69,
                 from ../Core/Src/main.c:28:
/home/joakim-wennergren/Desktop/Smartwatch/Firmware/Bench/Drivers/lvgl/src/widgets/line/lv_line.h:50:66: note: expected 'const lv_point_precise_t *' but argument is of type 'lv_point_t *'
   50 | void lv_line_set_points(lv_obj_t * obj, const lv_point_precise_t points[], uint32_t point_num);
      |                                         ~~~~~~~~~~~~~~~~~~~~~~~~~^~~~~~~~
../Core/Src/main.c: In function 'set_date_label':
../Core/Src/main.c:217:32: warning: too many arguments for format [-Wformat-extra-args]
  217 |     snprintf(buf, sizeof(buf), "%s %d Aug 2025",
      |                                ^~~~~~~~~~~~~~~~
../Core/Src/main.c: In function 'MX_GPDMA1_Init':
../Core/Src/main.c:434:72: warning: passing argument 3 of 'HAL_DMA_RegisterCallback' from incompatible pointer type [-Wincompatible-pointer-types]
  434 |     HAL_DMA_RegisterCallback(&handle_GPDMA1_Channel2, dma_callback_id, HAL_OSPI_TxCpltCallback);
      |                                                                        ^~~~~~~~~~~~~~~~~~~~~~~
      |                                                                        |
      |                                                                        void (*)(OSPI_HandleTypeDef *)
In file included from ../Core/Inc/stm32u5xx_hal_conf.h:284,
                 from ../Drivers/STM32U5xx_HAL_Driver/Inc/stm32u5xx_hal.h:29,
                 from ../Core/Inc/main.h:30,
                 from ../Core/Src/main.c:20:
../Drivers/STM32U5xx_HAL_Driver/Inc/stm32u5xx_hal_dma.h:743:58: note: expected 'void (* const)(DMA_HandleTypeDef * const)' {aka 'void (* const)(struct __DMA_HandleTypeDef * const)'} but argument is of type 'void (*)(OSPI_HandleTypeDef *)'
  743 |                                            void (*const  pCallback)(DMA_HandleTypeDef *const _hdma));
      |                                            ~~~~~~~~~~~~~~^~~~~~~~~~~~~~~~~~~~~~~~~~~~~~~~~~~~~~~~~~
arm-none-eabi-gcc -o "Smartwatch_bench.elf" @"objects.list"   -mcpu=cortex-m33 -T"/home/joakim-wennergren/Desktop/Smartwatch/Firmware/Bench/STM32U575ZITXQ_FLASH.ld" --specs=nosys.specs -Wl,-Map="Smartwatch_bench.map" -Wl,--gc-sections -static -u _printf_float -u _printf_float -z noexecstack --specs=nano.specs -mfpu=fpv5-sp-d16 -mfloat-abi=hard -mthumb -Wl,--start-group -lc -lm -Wl,--end-group
Finished building target: Smartwatch_bench.elf
 
arm-none-eabi-size  Smartwatch_bench.elf 
arm-none-eabi-objdump -h -S Smartwatch_bench.elf  > "Smartwatch_bench.list"
   text	   data	    bss	    dec	    hex	filename
 972089	    632	 386000	1358721	 14bb81	Smartwatch_bench.elf
Finished building: default.size.stdout
 
Finished building: Smartwatch_bench.list
 
17:20:14 **** Incremental Build of configuration Debug for project Smartwatch_bench ****
make -j12 all 
arm-none-eabi-gcc "../Core/Src/display.c" -mcpu=cortex-m33 -std=gnu11 -g3 -DDEBUG -DUSE_HAL_DRIVER -DSTM32U575xx -c -I../Core/Inc -I../Drivers/STM32U5xx_HAL_Driver/Inc -I../Drivers/STM32U5xx_HAL_Driver/Inc/Legacy -I../Drivers/CMSIS/Device/ST/STM32U5xx/Include -I../Drivers/CMSIS/Include -I../Middlewares/Third_Party/FreeRTOS/Source/include/ -I../Middlewares/Third_Party/FreeRTOS/Source/portable/GCC/ARM_CM33_NTZ/non_secure/ -I../Middlewares/Third_Party/FreeRTOS/Source/CMSIS_RTOS_V2/ -I../Middlewares/Third_Party/CMSIS/RTOS2/Include/ -I"/home/joakim-wennergren/Desktop/Smartwatch/Firmware/Bench/Drivers/lvgl" -O0 -ffunction-sections -fdata-sections -Wall -fstack-usage -fstack-usage -fcyclomatic-complexity -MMD -MP -MF"Core/Src/display.d" -MT"Core/Src/display.o" --specs=nano.specs -mfpu=fpv5-sp-d16 -mfloat-abi=hard -mthumb -o "Core/Src/display.o"
arm-none-eabi-gcc -o "Smartwatch_bench.elf" @"objects.list"   -mcpu=cortex-m33 -T"/home/joakim-wennergren/Desktop/Smartwatch/Firmware/Bench/STM32U575ZITXQ_FLASH.ld" --specs=nosys.specs -Wl,-Map="Smartwatch_bench.map" -Wl,--gc-sections -static -u _printf_float -u _printf_float -z noexecstack --specs=nano.specs -mfpu=fpv5-sp-d16 -mfloat-abi=hard -mthumb -Wl,--start-group -lc -lm -Wl,--end-group
Finished building target: Smartwatch_bench.elf
 
arm-none-eabi-size  Smartwatch_bench.elf 
arm-none-eabi-objdump -h -S Smartwatch_bench.elf  > "Smartwatch_bench.list"
   text	   data	    bss	    dec	    hex	filename
 972089	    632	 386000	1358721	 14bb81	Smartwatch_bench.elf
Finished building: default.size.stdout
 
Finished building: Smartwatch_bench.list
 
17:21:09 **** Incremental Build of configuration Debug for project Smartwatch_bench ****
make -j12 all 
arm-none-eabi-gcc "../Core/Src/display.c" -mcpu=cortex-m33 -std=gnu11 -g3 -DDEBUG -DUSE_HAL_DRIVER -DSTM32U575xx -c -I../Core/Inc -I../Drivers/STM32U5xx_HAL_Driver/Inc -I../Drivers/STM32U5xx_HAL_Driver/Inc/Legacy -I../Drivers/CMSIS/Device/ST/STM32U5xx/Include -I../Drivers/CMSIS/Include -I../Middlewares/Third_Party/FreeRTOS/Source/include/ -I../Middlewares/Third_Party/FreeRTOS/Source/portable/GCC/ARM_CM33_NTZ/non_secure/ -I../Middlewares/Third_Party/FreeRTOS/Source/CMSIS_RTOS_V2/ -I../Middlewares/Third_Party/CMSIS/RTOS2/Include/ -I"/home/joakim-wennergren/Desktop/Smartwatch/Firmware/Bench/Drivers/lvgl" -O0 -ffunction-sections -fdata-sections -Wall -fstack-usage -fstack-usage -fcyclomatic-complexity -MMD -MP -MF"Core/Src/display.d" -MT"Core/Src/display.o" --specs=nano.specs -mfpu=fpv5-sp-d16 -mfloat-abi=hard -mthumb -o "Core/Src/display.o"
arm-none-eabi-gcc -o "Smartwatch_bench.elf" @"objects.list"   -mcpu=cortex-m33 -T"/home/joakim-wennergren/Desktop/Smartwatch/Firmware/Bench/STM32U575ZITXQ_FLASH.ld" --specs=nosys.specs -Wl,-Map="Smartwatch_bench.map" -Wl,--gc-sections -static -u _printf_float -u _printf_float -z noexecstack --specs=nano.specs -mfpu=fpv5-sp-d16 -mfloat-abi=hard -mthumb -Wl,--start-group -lc -lm -Wl,--end-group
Finished building target: Smartwatch_bench.elf
 
arm-none-eabi-size  Smartwatch_bench.elf 
arm-none-eabi-objdump -h -S Smartwatch_bench.elf  > "Smartwatch_bench.list"
   text	   data	    bss	    dec	    hex	filename
 972089	    632	 386000	1358721	 14bb81	Smartwatch_bench.elf
Finished building: default.size.stdout
 
Finished building: Smartwatch_bench.list
 
17:23:11 **** Incremental Build of configuration Debug for project Smartwatch_bench ****
make -j12 all 
arm-none-eabi-gcc "../Core/Src/display.c" -mcpu=cortex-m33 -std=gnu11 -g3 -DDEBUG -DUSE_HAL_DRIVER -DSTM32U575xx -c -I../Core/Inc -I../Drivers/STM32U5xx_HAL_Driver/Inc -I../Drivers/STM32U5xx_HAL_Driver/Inc/Legacy -I../Drivers/CMSIS/Device/ST/STM32U5xx/Include -I../Drivers/CMSIS/Include -I../Middlewares/Third_Party/FreeRTOS/Source/include/ -I../Middlewares/Third_Party/FreeRTOS/Source/portable/GCC/ARM_CM33_NTZ/non_secure/ -I../Middlewares/Third_Party/FreeRTOS/Source/CMSIS_RTOS_V2/ -I../Middlewares/Third_Party/CMSIS/RTOS2/Include/ -I"/home/joakim-wennergren/Desktop/Smartwatch/Firmware/Bench/Drivers/lvgl" -O0 -ffunction-sections -fdata-sections -Wall -fstack-usage -fstack-usage -fcyclomatic-complexity -MMD -MP -MF"Core/Src/display.d" -MT"Core/Src/display.o" --specs=nano.specs -mfpu=fpv5-sp-d16 -mfloat-abi=hard -mthumb -o "Core/Src/display.o"
arm-none-eabi-gcc -o "Smartwatch_bench.elf" @"objects.list"   -mcpu=cortex-m33 -T"/home/joakim-wennergren/Desktop/Smartwatch/Firmware/Bench/STM32U575ZITXQ_FLASH.ld" --specs=nosys.specs -Wl,-Map="Smartwatch_bench.map" -Wl,--gc-sections -static -u _printf_float -u _printf_float -z noexecstack --specs=nano.specs -mfpu=fpv5-sp-d16 -mfloat-abi=hard -mthumb -Wl,--start-group -lc -lm -Wl,--end-group
Finished building target: Smartwatch_bench.elf
 
arm-none-eabi-size  Smartwatch_bench.elf 
arm-none-eabi-objdump -h -S Smartwatch_bench.elf  > "Smartwatch_bench.list"
   text	   data	    bss	    dec	    hex	filename
 972089	    632	 386000	1358721	 14bb81	Smartwatch_bench.elf
Finished building: default.size.stdout
 
Finished building: Smartwatch_bench.list
 
17:24:53 **** Incremental Build of configuration Debug for project Smartwatch_bench ****
make -j12 all 
arm-none-eabi-gcc "../Core/Src/display.c" -mcpu=cortex-m33 -std=gnu11 -g3 -DDEBUG -DUSE_HAL_DRIVER -DSTM32U575xx -c -I../Core/Inc -I../Drivers/STM32U5xx_HAL_Driver/Inc -I../Drivers/STM32U5xx_HAL_Driver/Inc/Legacy -I../Drivers/CMSIS/Device/ST/STM32U5xx/Include -I../Drivers/CMSIS/Include -I../Middlewares/Third_Party/FreeRTOS/Source/include/ -I../Middlewares/Third_Party/FreeRTOS/Source/portable/GCC/ARM_CM33_NTZ/non_secure/ -I../Middlewares/Third_Party/FreeRTOS/Source/CMSIS_RTOS_V2/ -I../Middlewares/Third_Party/CMSIS/RTOS2/Include/ -I"/home/joakim-wennergren/Desktop/Smartwatch/Firmware/Bench/Drivers/lvgl" -O0 -ffunction-sections -fdata-sections -Wall -fstack-usage -fstack-usage -fcyclomatic-complexity -MMD -MP -MF"Core/Src/display.d" -MT"Core/Src/display.o" --specs=nano.specs -mfpu=fpv5-sp-d16 -mfloat-abi=hard -mthumb -o "Core/Src/display.o"
arm-none-eabi-gcc "../Core/Src/gui.c" -mcpu=cortex-m33 -std=gnu11 -g3 -DDEBUG -DUSE_HAL_DRIVER -DSTM32U575xx -c -I../Core/Inc -I../Drivers/STM32U5xx_HAL_Driver/Inc -I../Drivers/STM32U5xx_HAL_Driver/Inc/Legacy -I../Drivers/CMSIS/Device/ST/STM32U5xx/Include -I../Drivers/CMSIS/Include -I../Middlewares/Third_Party/FreeRTOS/Source/include/ -I../Middlewares/Third_Party/FreeRTOS/Source/portable/GCC/ARM_CM33_NTZ/non_secure/ -I../Middlewares/Third_Party/FreeRTOS/Source/CMSIS_RTOS_V2/ -I../Middlewares/Third_Party/CMSIS/RTOS2/Include/ -I"/home/joakim-wennergren/Desktop/Smartwatch/Firmware/Bench/Drivers/lvgl" -O0 -ffunction-sections -fdata-sections -Wall -fstack-usage -fstack-usage -fcyclomatic-complexity -MMD -MP -MF"Core/Src/gui.d" -MT"Core/Src/gui.o" --specs=nano.specs -mfpu=fpv5-sp-d16 -mfloat-abi=hard -mthumb -o "Core/Src/gui.o"
arm-none-eabi-gcc "../Core/Src/main.c" -mcpu=cortex-m33 -std=gnu11 -g3 -DDEBUG -DUSE_HAL_DRIVER -DSTM32U575xx -c -I../Core/Inc -I../Drivers/STM32U5xx_HAL_Driver/Inc -I../Drivers/STM32U5xx_HAL_Driver/Inc/Legacy -I../Drivers/CMSIS/Device/ST/STM32U5xx/Include -I../Drivers/CMSIS/Include -I../Middlewares/Third_Party/FreeRTOS/Source/include/ -I../Middlewares/Third_Party/FreeRTOS/Source/portable/GCC/ARM_CM33_NTZ/non_secure/ -I../Middlewares/Third_Party/FreeRTOS/Source/CMSIS_RTOS_V2/ -I../Middlewares/Third_Party/CMSIS/RTOS2/Include/ -I"/home/joakim-wennergren/Desktop/Smartwatch/Firmware/Bench/Drivers/lvgl" -O0 -ffunction-sections -fdata-sections -Wall -fstack-usage -fstack-usage -fcyclomatic-complexity -MMD -MP -MF"Core/Src/main.d" -MT"Core/Src/main.o" --specs=nano.specs -mfpu=fpv5-sp-d16 -mfloat-abi=hard -mthumb -o "Core/Src/main.o"
../Core/Src/main.c: In function 'HAL_RTC_AlarmAEventCallback':
../Core/Src/main.c:90:13: warning: pointer targets in passing argument 1 of 'sprintf' differ in signedness [-Wpointer-sign]
   90 |     sprintf(Buffer, "RTC 1 minute tick!");
      |             ^~~~~~
      |             |
      |             uint8_t * {aka unsigned char *}
In file included from ../Core/Src/main.c:25:
/home/joakim-wennergren/st/stm32cubeide_1.19.0/plugins/com.st.stm32cube.ide.mcu.externaltools.gnu-tools-for-stm32.13.3.rel1.linux64_1.0.0.202410170706/tools/arm-none-eabi/include/stdio.h:250:18: note: expected 'char * restrict' but argument is of type 'uint8_t *' {aka 'unsigned char *'}
  250 | int     sprintf (char *__restrict, const char *__restrict, ...)
      |                  ^
../Core/Src/main.c:91:57: warning: pointer targets in passing argument 1 of 'strlen' differ in signedness [-Wpointer-sign]
   91 |     HAL_UART_Transmit(&huart4, (uint8_t*)Buffer, strlen(Buffer), 1000);
      |                                                         ^~~~~~
      |                                                         |
      |                                                         uint8_t * {aka unsigned char *}
In file included from ../Core/Src/main.c:24:
/home/joakim-wennergren/st/stm32cubeide_1.19.0/plugins/com.st.stm32cube.ide.mcu.externaltools.gnu-tools-for-stm32.13.3.rel1.linux64_1.0.0.202410170706/tools/arm-none-eabi/include/string.h:41:18: note: expected 'const char *' but argument is of type 'uint8_t *' {aka 'unsigned char *'}
   41 | size_t   strlen (const char *);
      |                  ^~~~~~~~~~~~
../Core/Src/main.c: In function 'RTC_SetupOnce':
../Core/Src/main.c:97:25: warning: unused variable 'sDate' [-Wunused-variable]
   97 |         RTC_DateTypeDef sDate = {0};
      |                         ^~~~~
../Core/Src/main.c: In function 'create_line':
../Core/Src/main.c:200:30: warning: passing argument 2 of 'lv_line_set_points' from incompatible pointer type [-Wincompatible-pointer-types]
  200 |     lv_line_set_points(line, line_points, 2);
      |                              ^~~~~~~~~~~
      |                              |
      |                              lv_point_t *
In file included from /home/joakim-wennergren/Desktop/Smartwatch/Firmware/Bench/Drivers/lvgl/lvgl.h:69,
                 from ../Core/Src/main.c:28:
/home/joakim-wennergren/Desktop/Smartwatch/Firmware/Bench/Drivers/lvgl/src/widgets/line/lv_line.h:50:66: note: expected 'const lv_point_precise_t *' but argument is of type 'lv_point_t *'
   50 | void lv_line_set_points(lv_obj_t * obj, const lv_point_precise_t points[], uint32_t point_num);
      |                                         ~~~~~~~~~~~~~~~~~~~~~~~~~^~~~~~~~
../Core/Src/main.c: In function 'set_date_label':
../Core/Src/main.c:217:32: warning: too many arguments for format [-Wformat-extra-args]
  217 |     snprintf(buf, sizeof(buf), "%s %d Aug 2025",
      |                                ^~~~~~~~~~~~~~~~
../Core/Src/main.c: In function 'MX_GPDMA1_Init':
../Core/Src/main.c:434:72: warning: passing argument 3 of 'HAL_DMA_RegisterCallback' from incompatible pointer type [-Wincompatible-pointer-types]
  434 |     HAL_DMA_RegisterCallback(&handle_GPDMA1_Channel2, dma_callback_id, HAL_OSPI_TxCpltCallback);
      |                                                                        ^~~~~~~~~~~~~~~~~~~~~~~
      |                                                                        |
      |                                                                        void (*)(OSPI_HandleTypeDef *)
In file included from ../Core/Inc/stm32u5xx_hal_conf.h:284,
                 from ../Drivers/STM32U5xx_HAL_Driver/Inc/stm32u5xx_hal.h:29,
                 from ../Core/Inc/main.h:30,
                 from ../Core/Src/main.c:20:
../Drivers/STM32U5xx_HAL_Driver/Inc/stm32u5xx_hal_dma.h:743:58: note: expected 'void (* const)(DMA_HandleTypeDef * const)' {aka 'void (* const)(struct __DMA_HandleTypeDef * const)'} but argument is of type 'void (*)(OSPI_HandleTypeDef *)'
  743 |                                            void (*const  pCallback)(DMA_HandleTypeDef *const _hdma));
      |                                            ~~~~~~~~~~~~~~^~~~~~~~~~~~~~~~~~~~~~~~~~~~~~~~~~~~~~~~~~
arm-none-eabi-gcc -o "Smartwatch_bench.elf" @"objects.list"   -mcpu=cortex-m33 -T"/home/joakim-wennergren/Desktop/Smartwatch/Firmware/Bench/STM32U575ZITXQ_FLASH.ld" --specs=nosys.specs -Wl,-Map="Smartwatch_bench.map" -Wl,--gc-sections -static -u _printf_float -u _printf_float -z noexecstack --specs=nano.specs -mfpu=fpv5-sp-d16 -mfloat-abi=hard -mthumb -Wl,--start-group -lc -lm -Wl,--end-group
Finished building target: Smartwatch_bench.elf
 
arm-none-eabi-size  Smartwatch_bench.elf 
arm-none-eabi-objdump -h -S Smartwatch_bench.elf  > "Smartwatch_bench.list"
   text	   data	    bss	    dec	    hex	filename
 972089	    632	 386000	1358721	 14bb81	Smartwatch_bench.elf
Finished building: default.size.stdout
 
Finished building: Smartwatch_bench.list
 
17:27:04 **** Incremental Build of configuration Debug for project Smartwatch_bench ****
make -j12 all 
arm-none-eabi-gcc "../Core/Src/battery.c" -mcpu=cortex-m33 -std=gnu11 -g3 -DDEBUG -DUSE_HAL_DRIVER -DSTM32U575xx -c -I../Core/Inc -I../Drivers/STM32U5xx_HAL_Driver/Inc -I../Drivers/STM32U5xx_HAL_Driver/Inc/Legacy -I../Drivers/CMSIS/Device/ST/STM32U5xx/Include -I../Drivers/CMSIS/Include -I../Middlewares/Third_Party/FreeRTOS/Source/include/ -I../Middlewares/Third_Party/FreeRTOS/Source/portable/GCC/ARM_CM33_NTZ/non_secure/ -I../Middlewares/Third_Party/FreeRTOS/Source/CMSIS_RTOS_V2/ -I../Middlewares/Third_Party/CMSIS/RTOS2/Include/ -I"/home/joakim-wennergren/Desktop/Smartwatch/Firmware/Bench/Drivers/lvgl" -O0 -ffunction-sections -fdata-sections -Wall -fstack-usage -fstack-usage -fcyclomatic-complexity -MMD -MP -MF"Core/Src/battery.d" -MT"Core/Src/battery.o" --specs=nano.specs -mfpu=fpv5-sp-d16 -mfloat-abi=hard -mthumb -o "Core/Src/battery.o"
arm-none-eabi-gcc "../Core/Src/brightness.c" -mcpu=cortex-m33 -std=gnu11 -g3 -DDEBUG -DUSE_HAL_DRIVER -DSTM32U575xx -c -I../Core/Inc -I../Drivers/STM32U5xx_HAL_Driver/Inc -I../Drivers/STM32U5xx_HAL_Driver/Inc/Legacy -I../Drivers/CMSIS/Device/ST/STM32U5xx/Include -I../Drivers/CMSIS/Include -I../Middlewares/Third_Party/FreeRTOS/Source/include/ -I../Middlewares/Third_Party/FreeRTOS/Source/portable/GCC/ARM_CM33_NTZ/non_secure/ -I../Middlewares/Third_Party/FreeRTOS/Source/CMSIS_RTOS_V2/ -I../Middlewares/Third_Party/CMSIS/RTOS2/Include/ -I"/home/joakim-wennergren/Desktop/Smartwatch/Firmware/Bench/Drivers/lvgl" -O0 -ffunction-sections -fdata-sections -Wall -fstack-usage -fstack-usage -fcyclomatic-complexity -MMD -MP -MF"Core/Src/brightness.d" -MT"Core/Src/brightness.o" --specs=nano.specs -mfpu=fpv5-sp-d16 -mfloat-abi=hard -mthumb -o "Core/Src/brightness.o"
arm-none-eabi-gcc "../Core/Src/display.c" -mcpu=cortex-m33 -std=gnu11 -g3 -DDEBUG -DUSE_HAL_DRIVER -DSTM32U575xx -c -I../Core/Inc -I../Drivers/STM32U5xx_HAL_Driver/Inc -I../Drivers/STM32U5xx_HAL_Driver/Inc/Legacy -I../Drivers/CMSIS/Device/ST/STM32U5xx/Include -I../Drivers/CMSIS/Include -I../Middlewares/Third_Party/FreeRTOS/Source/include/ -I../Middlewares/Third_Party/FreeRTOS/Source/portable/GCC/ARM_CM33_NTZ/non_secure/ -I../Middlewares/Third_Party/FreeRTOS/Source/CMSIS_RTOS_V2/ -I../Middlewares/Third_Party/CMSIS/RTOS2/Include/ -I"/home/joakim-wennergren/Desktop/Smartwatch/Firmware/Bench/Drivers/lvgl" -O0 -ffunction-sections -fdata-sections -Wall -fstack-usage -fstack-usage -fcyclomatic-complexity -MMD -MP -MF"Core/Src/display.d" -MT"Core/Src/display.o" --specs=nano.specs -mfpu=fpv5-sp-d16 -mfloat-abi=hard -mthumb -o "Core/Src/display.o"
arm-none-eabi-gcc "../Core/Src/gui.c" -mcpu=cortex-m33 -std=gnu11 -g3 -DDEBUG -DUSE_HAL_DRIVER -DSTM32U575xx -c -I../Core/Inc -I../Drivers/STM32U5xx_HAL_Driver/Inc -I../Drivers/STM32U5xx_HAL_Driver/Inc/Legacy -I../Drivers/CMSIS/Device/ST/STM32U5xx/Include -I../Drivers/CMSIS/Include -I../Middlewares/Third_Party/FreeRTOS/Source/include/ -I../Middlewares/Third_Party/FreeRTOS/Source/portable/GCC/ARM_CM33_NTZ/non_secure/ -I../Middlewares/Third_Party/FreeRTOS/Source/CMSIS_RTOS_V2/ -I../Middlewares/Third_Party/CMSIS/RTOS2/Include/ -I"/home/joakim-wennergren/Desktop/Smartwatch/Firmware/Bench/Drivers/lvgl" -O0 -ffunction-sections -fdata-sections -Wall -fstack-usage -fstack-usage -fcyclomatic-complexity -MMD -MP -MF"Core/Src/gui.d" -MT"Core/Src/gui.o" --specs=nano.specs -mfpu=fpv5-sp-d16 -mfloat-abi=hard -mthumb -o "Core/Src/gui.o"
arm-none-eabi-gcc "../Core/Src/main.c" -mcpu=cortex-m33 -std=gnu11 -g3 -DDEBUG -DUSE_HAL_DRIVER -DSTM32U575xx -c -I../Core/Inc -I../Drivers/STM32U5xx_HAL_Driver/Inc -I../Drivers/STM32U5xx_HAL_Driver/Inc/Legacy -I../Drivers/CMSIS/Device/ST/STM32U5xx/Include -I../Drivers/CMSIS/Include -I../Middlewares/Third_Party/FreeRTOS/Source/include/ -I../Middlewares/Third_Party/FreeRTOS/Source/portable/GCC/ARM_CM33_NTZ/non_secure/ -I../Middlewares/Third_Party/FreeRTOS/Source/CMSIS_RTOS_V2/ -I../Middlewares/Third_Party/CMSIS/RTOS2/Include/ -I"/home/joakim-wennergren/Desktop/Smartwatch/Firmware/Bench/Drivers/lvgl" -O0 -ffunction-sections -fdata-sections -Wall -fstack-usage -fstack-usage -fcyclomatic-complexity -MMD -MP -MF"Core/Src/main.d" -MT"Core/Src/main.o" --specs=nano.specs -mfpu=fpv5-sp-d16 -mfloat-abi=hard -mthumb -o "Core/Src/main.o"
arm-none-eabi-gcc "../Core/Src/roboto_28.c" -mcpu=cortex-m33 -std=gnu11 -g3 -DDEBUG -DUSE_HAL_DRIVER -DSTM32U575xx -c -I../Core/Inc -I../Drivers/STM32U5xx_HAL_Driver/Inc -I../Drivers/STM32U5xx_HAL_Driver/Inc/Legacy -I../Drivers/CMSIS/Device/ST/STM32U5xx/Include -I../Drivers/CMSIS/Include -I../Middlewares/Third_Party/FreeRTOS/Source/include/ -I../Middlewares/Third_Party/FreeRTOS/Source/portable/GCC/ARM_CM33_NTZ/non_secure/ -I../Middlewares/Third_Party/FreeRTOS/Source/CMSIS_RTOS_V2/ -I../Middlewares/Third_Party/CMSIS/RTOS2/Include/ -I"/home/joakim-wennergren/Desktop/Smartwatch/Firmware/Bench/Drivers/lvgl" -O0 -ffunction-sections -fdata-sections -Wall -fstack-usage -fstack-usage -fcyclomatic-complexity -MMD -MP -MF"Core/Src/roboto_28.d" -MT"Core/Src/roboto_28.o" --specs=nano.specs -mfpu=fpv5-sp-d16 -mfloat-abi=hard -mthumb -o "Core/Src/roboto_28.o"
arm-none-eabi-gcc "../Core/Src/roboto_58.c" -mcpu=cortex-m33 -std=gnu11 -g3 -DDEBUG -DUSE_HAL_DRIVER -DSTM32U575xx -c -I../Core/Inc -I../Drivers/STM32U5xx_HAL_Driver/Inc -I../Drivers/STM32U5xx_HAL_Driver/Inc/Legacy -I../Drivers/CMSIS/Device/ST/STM32U5xx/Include -I../Drivers/CMSIS/Include -I../Middlewares/Third_Party/FreeRTOS/Source/include/ -I../Middlewares/Third_Party/FreeRTOS/Source/portable/GCC/ARM_CM33_NTZ/non_secure/ -I../Middlewares/Third_Party/FreeRTOS/Source/CMSIS_RTOS_V2/ -I../Middlewares/Third_Party/CMSIS/RTOS2/Include/ -I"/home/joakim-wennergren/Desktop/Smartwatch/Firmware/Bench/Drivers/lvgl" -O0 -ffunction-sections -fdata-sections -Wall -fstack-usage -fstack-usage -fcyclomatic-complexity -MMD -MP -MF"Core/Src/roboto_58.d" -MT"Core/Src/roboto_58.o" --specs=nano.specs -mfpu=fpv5-sp-d16 -mfloat-abi=hard -mthumb -o "Core/Src/roboto_58.o"
arm-none-eabi-gcc "../Core/Src/stm32u5xx_hal_msp.c" -mcpu=cortex-m33 -std=gnu11 -g3 -DDEBUG -DUSE_HAL_DRIVER -DSTM32U575xx -c -I../Core/Inc -I../Drivers/STM32U5xx_HAL_Driver/Inc -I../Drivers/STM32U5xx_HAL_Driver/Inc/Legacy -I../Drivers/CMSIS/Device/ST/STM32U5xx/Include -I../Drivers/CMSIS/Include -I../Middlewares/Third_Party/FreeRTOS/Source/include/ -I../Middlewares/Third_Party/FreeRTOS/Source/portable/GCC/ARM_CM33_NTZ/non_secure/ -I../Middlewares/Third_Party/FreeRTOS/Source/CMSIS_RTOS_V2/ -I../Middlewares/Third_Party/CMSIS/RTOS2/Include/ -I"/home/joakim-wennergren/Desktop/Smartwatch/Firmware/Bench/Drivers/lvgl" -O0 -ffunction-sections -fdata-sections -Wall -fstack-usage -fstack-usage -fcyclomatic-complexity -MMD -MP -MF"Core/Src/stm32u5xx_hal_msp.d" -MT"Core/Src/stm32u5xx_hal_msp.o" --specs=nano.specs -mfpu=fpv5-sp-d16 -mfloat-abi=hard -mthumb -o "Core/Src/stm32u5xx_hal_msp.o"
arm-none-eabi-gcc "../Core/Src/stm32u5xx_it.c" -mcpu=cortex-m33 -std=gnu11 -g3 -DDEBUG -DUSE_HAL_DRIVER -DSTM32U575xx -c -I../Core/Inc -I../Drivers/STM32U5xx_HAL_Driver/Inc -I../Drivers/STM32U5xx_HAL_Driver/Inc/Legacy -I../Drivers/CMSIS/Device/ST/STM32U5xx/Include -I../Drivers/CMSIS/Include -I../Middlewares/Third_Party/FreeRTOS/Source/include/ -I../Middlewares/Third_Party/FreeRTOS/Source/portable/GCC/ARM_CM33_NTZ/non_secure/ -I../Middlewares/Third_Party/FreeRTOS/Source/CMSIS_RTOS_V2/ -I../Middlewares/Third_Party/CMSIS/RTOS2/Include/ -I"/home/joakim-wennergren/Desktop/Smartwatch/Firmware/Bench/Drivers/lvgl" -O0 -ffunction-sections -fdata-sections -Wall -fstack-usage -fstack-usage -fcyclomatic-complexity -MMD -MP -MF"Core/Src/stm32u5xx_it.d" -MT"Core/Src/stm32u5xx_it.o" --specs=nano.specs -mfpu=fpv5-sp-d16 -mfloat-abi=hard -mthumb -o "Core/Src/stm32u5xx_it.o"
arm-none-eabi-gcc "../Core/Src/syscalls.c" -mcpu=cortex-m33 -std=gnu11 -g3 -DDEBUG -DUSE_HAL_DRIVER -DSTM32U575xx -c -I../Core/Inc -I../Drivers/STM32U5xx_HAL_Driver/Inc -I../Drivers/STM32U5xx_HAL_Driver/Inc/Legacy -I../Drivers/CMSIS/Device/ST/STM32U5xx/Include -I../Drivers/CMSIS/Include -I../Middlewares/Third_Party/FreeRTOS/Source/include/ -I../Middlewares/Third_Party/FreeRTOS/Source/portable/GCC/ARM_CM33_NTZ/non_secure/ -I../Middlewares/Third_Party/FreeRTOS/Source/CMSIS_RTOS_V2/ -I../Middlewares/Third_Party/CMSIS/RTOS2/Include/ -I"/home/joakim-wennergren/Desktop/Smartwatch/Firmware/Bench/Drivers/lvgl" -O0 -ffunction-sections -fdata-sections -Wall -fstack-usage -fstack-usage -fcyclomatic-complexity -MMD -MP -MF"Core/Src/syscalls.d" -MT"Core/Src/syscalls.o" --specs=nano.specs -mfpu=fpv5-sp-d16 -mfloat-abi=hard -mthumb -o "Core/Src/syscalls.o"
arm-none-eabi-gcc "../Core/Src/sysmem.c" -mcpu=cortex-m33 -std=gnu11 -g3 -DDEBUG -DUSE_HAL_DRIVER -DSTM32U575xx -c -I../Core/Inc -I../Drivers/STM32U5xx_HAL_Driver/Inc -I../Drivers/STM32U5xx_HAL_Driver/Inc/Legacy -I../Drivers/CMSIS/Device/ST/STM32U5xx/Include -I../Drivers/CMSIS/Include -I../Middlewares/Third_Party/FreeRTOS/Source/include/ -I../Middlewares/Third_Party/FreeRTOS/Source/portable/GCC/ARM_CM33_NTZ/non_secure/ -I../Middlewares/Third_Party/FreeRTOS/Source/CMSIS_RTOS_V2/ -I../Middlewares/Third_Party/CMSIS/RTOS2/Include/ -I"/home/joakim-wennergren/Desktop/Smartwatch/Firmware/Bench/Drivers/lvgl" -O0 -ffunction-sections -fdata-sections -Wall -fstack-usage -fstack-usage -fcyclomatic-complexity -MMD -MP -MF"Core/Src/sysmem.d" -MT"Core/Src/sysmem.o" --specs=nano.specs -mfpu=fpv5-sp-d16 -mfloat-abi=hard -mthumb -o "Core/Src/sysmem.o"
arm-none-eabi-gcc "../Core/Src/system_stm32u5xx.c" -mcpu=cortex-m33 -std=gnu11 -g3 -DDEBUG -DUSE_HAL_DRIVER -DSTM32U575xx -c -I../Core/Inc -I../Drivers/STM32U5xx_HAL_Driver/Inc -I../Drivers/STM32U5xx_HAL_Driver/Inc/Legacy -I../Drivers/CMSIS/Device/ST/STM32U5xx/Include -I../Drivers/CMSIS/Include -I../Middlewares/Third_Party/FreeRTOS/Source/include/ -I../Middlewares/Third_Party/FreeRTOS/Source/portable/GCC/ARM_CM33_NTZ/non_secure/ -I../Middlewares/Third_Party/FreeRTOS/Source/CMSIS_RTOS_V2/ -I../Middlewares/Third_Party/CMSIS/RTOS2/Include/ -I"/home/joakim-wennergren/Desktop/Smartwatch/Firmware/Bench/Drivers/lvgl" -O0 -ffunction-sections -fdata-sections -Wall -fstack-usage -fstack-usage -fcyclomatic-complexity -MMD -MP -MF"Core/Src/system_stm32u5xx.d" -MT"Core/Src/system_stm32u5xx.o" --specs=nano.specs -mfpu=fpv5-sp-d16 -mfloat-abi=hard -mthumb -o "Core/Src/system_stm32u5xx.o"
arm-none-eabi-gcc "../Core/Src/tree.c" -mcpu=cortex-m33 -std=gnu11 -g3 -DDEBUG -DUSE_HAL_DRIVER -DSTM32U575xx -c -I../Core/Inc -I../Drivers/STM32U5xx_HAL_Driver/Inc -I../Drivers/STM32U5xx_HAL_Driver/Inc/Legacy -I../Drivers/CMSIS/Device/ST/STM32U5xx/Include -I../Drivers/CMSIS/Include -I../Middlewares/Third_Party/FreeRTOS/Source/include/ -I../Middlewares/Third_Party/FreeRTOS/Source/portable/GCC/ARM_CM33_NTZ/non_secure/ -I../Middlewares/Third_Party/FreeRTOS/Source/CMSIS_RTOS_V2/ -I../Middlewares/Third_Party/CMSIS/RTOS2/Include/ -I"/home/joakim-wennergren/Desktop/Smartwatch/Firmware/Bench/Drivers/lvgl" -O0 -ffunction-sections -fdata-sections -Wall -fstack-usage -fstack-usage -fcyclomatic-complexity -MMD -MP -MF"Core/Src/tree.d" -MT"Core/Src/tree.o" --specs=nano.specs -mfpu=fpv5-sp-d16 -mfloat-abi=hard -mthumb -o "Core/Src/tree.o"
arm-none-eabi-gcc "../Core/Src/util.c" -mcpu=cortex-m33 -std=gnu11 -g3 -DDEBUG -DUSE_HAL_DRIVER -DSTM32U575xx -c -I../Core/Inc -I../Drivers/STM32U5xx_HAL_Driver/Inc -I../Drivers/STM32U5xx_HAL_Driver/Inc/Legacy -I../Drivers/CMSIS/Device/ST/STM32U5xx/Include -I../Drivers/CMSIS/Include -I../Middlewares/Third_Party/FreeRTOS/Source/include/ -I../Middlewares/Third_Party/FreeRTOS/Source/portable/GCC/ARM_CM33_NTZ/non_secure/ -I../Middlewares/Third_Party/FreeRTOS/Source/CMSIS_RTOS_V2/ -I../Middlewares/Third_Party/CMSIS/RTOS2/Include/ -I"/home/joakim-wennergren/Desktop/Smartwatch/Firmware/Bench/Drivers/lvgl" -O0 -ffunction-sections -fdata-sections -Wall -fstack-usage -fstack-usage -fcyclomatic-complexity -MMD -MP -MF"Core/Src/util.d" -MT"Core/Src/util.o" --specs=nano.specs -mfpu=fpv5-sp-d16 -mfloat-abi=hard -mthumb -o "Core/Src/util.o"
../Core/Src/main.c: In function 'HAL_RTC_AlarmAEventCallback':
../Core/Src/main.c:90:13: warning: pointer targets in passing argument 1 of 'sprintf' differ in signedness [-Wpointer-sign]
   90 |     sprintf(Buffer, "RTC 1 minute tick!");
      |             ^~~~~~
      |             |
      |             uint8_t * {aka unsigned char *}
In file included from ../Core/Src/main.c:25:
/home/joakim-wennergren/st/stm32cubeide_1.19.0/plugins/com.st.stm32cube.ide.mcu.externaltools.gnu-tools-for-stm32.13.3.rel1.linux64_1.0.0.202410170706/tools/arm-none-eabi/include/stdio.h:250:18: note: expected 'char * restrict' but argument is of type 'uint8_t *' {aka 'unsigned char *'}
  250 | int     sprintf (char *__restrict, const char *__restrict, ...)
      |                  ^
../Core/Src/main.c:91:57: warning: pointer targets in passing argument 1 of 'strlen' differ in signedness [-Wpointer-sign]
   91 |     HAL_UART_Transmit(&huart4, (uint8_t*)Buffer, strlen(Buffer), 1000);
      |                                                         ^~~~~~
      |                                                         |
      |                                                         uint8_t * {aka unsigned char *}
In file included from ../Core/Src/main.c:24:
/home/joakim-wennergren/st/stm32cubeide_1.19.0/plugins/com.st.stm32cube.ide.mcu.externaltools.gnu-tools-for-stm32.13.3.rel1.linux64_1.0.0.202410170706/tools/arm-none-eabi/include/string.h:41:18: note: expected 'const char *' but argument is of type 'uint8_t *' {aka 'unsigned char *'}
   41 | size_t   strlen (const char *);
      |                  ^~~~~~~~~~~~
../Core/Src/main.c: In function 'RTC_SetupOnce':
../Core/Src/main.c:97:25: warning: unused variable 'sDate' [-Wunused-variable]
   97 |         RTC_DateTypeDef sDate = {0};
      |                         ^~~~~
../Core/Src/main.c: In function 'create_line':
../Core/Src/main.c:200:30: warning: passing argument 2 of 'lv_line_set_points' from incompatible pointer type [-Wincompatible-pointer-types]
  200 |     lv_line_set_points(line, line_points, 2);
      |                              ^~~~~~~~~~~
      |                              |
      |                              lv_point_t *
In file included from /home/joakim-wennergren/Desktop/Smartwatch/Firmware/Bench/Drivers/lvgl/lvgl.h:69,
                 from ../Core/Src/main.c:28:
/home/joakim-wennergren/Desktop/Smartwatch/Firmware/Bench/Drivers/lvgl/src/widgets/line/lv_line.h:50:66: note: expected 'const lv_point_precise_t *' but argument is of type 'lv_point_t *'
   50 | void lv_line_set_points(lv_obj_t * obj, const lv_point_precise_t points[], uint32_t point_num);
      |                                         ~~~~~~~~~~~~~~~~~~~~~~~~~^~~~~~~~
../Core/Src/main.c: In function 'set_date_label':
../Core/Src/main.c:217:32: warning: too many arguments for format [-Wformat-extra-args]
  217 |     snprintf(buf, sizeof(buf), "%s %d Aug 2025",
      |                                ^~~~~~~~~~~~~~~~
../Core/Src/main.c: In function 'MX_GPDMA1_Init':
../Core/Src/main.c:434:72: warning: passing argument 3 of 'HAL_DMA_RegisterCallback' from incompatible pointer type [-Wincompatible-pointer-types]
  434 |     HAL_DMA_RegisterCallback(&handle_GPDMA1_Channel2, dma_callback_id, HAL_OSPI_TxCpltCallback);
      |                                                                        ^~~~~~~~~~~~~~~~~~~~~~~
      |                                                                        |
      |                                                                        void (*)(OSPI_HandleTypeDef *)
In file included from ../Core/Inc/stm32u5xx_hal_conf.h:284,
                 from ../Drivers/STM32U5xx_HAL_Driver/Inc/stm32u5xx_hal.h:29,
                 from ../Core/Inc/main.h:30,
                 from ../Core/Src/main.c:20:
../Drivers/STM32U5xx_HAL_Driver/Inc/stm32u5xx_hal_dma.h:743:58: note: expected 'void (* const)(DMA_HandleTypeDef * const)' {aka 'void (* const)(struct __DMA_HandleTypeDef * const)'} but argument is of type 'void (*)(OSPI_HandleTypeDef *)'
  743 |                                            void (*const  pCallback)(DMA_HandleTypeDef *const _hdma));
      |                                            ~~~~~~~~~~~~~~^~~~~~~~~~~~~~~~~~~~~~~~~~~~~~~~~~~~~~~~~~
arm-none-eabi-gcc -o "Smartwatch_bench.elf" @"objects.list"   -mcpu=cortex-m33 -T"/home/joakim-wennergren/Desktop/Smartwatch/Firmware/Bench/STM32U575ZITXQ_FLASH.ld" --specs=nosys.specs -Wl,-Map="Smartwatch_bench.map" -Wl,--gc-sections -static -u _printf_float -u _printf_float -z noexecstack --specs=nano.specs -mfpu=fpv5-sp-d16 -mfloat-abi=hard -mthumb -Wl,--start-group -lc -lm -Wl,--end-group
Finished building target: Smartwatch_bench.elf
 
arm-none-eabi-size  Smartwatch_bench.elf 
arm-none-eabi-objdump -h -S Smartwatch_bench.elf  > "Smartwatch_bench.list"
   text	   data	    bss	    dec	    hex	filename
 972089	    632	 386000	1358721	 14bb81	Smartwatch_bench.elf
Finished building: default.size.stdout
 
Finished building: Smartwatch_bench.list
 
17:27:50 **** Incremental Build of configuration Debug for project Smartwatch_bench ****
make -j12 all 
arm-none-eabi-gcc "../Core/Src/main.c" -mcpu=cortex-m33 -std=gnu11 -g3 -DDEBUG -DUSE_HAL_DRIVER -DSTM32U575xx -c -I../Core/Inc -I../Drivers/STM32U5xx_HAL_Driver/Inc -I../Drivers/STM32U5xx_HAL_Driver/Inc/Legacy -I../Drivers/CMSIS/Device/ST/STM32U5xx/Include -I../Drivers/CMSIS/Include -I../Middlewares/Third_Party/FreeRTOS/Source/include/ -I../Middlewares/Third_Party/FreeRTOS/Source/portable/GCC/ARM_CM33_NTZ/non_secure/ -I../Middlewares/Third_Party/FreeRTOS/Source/CMSIS_RTOS_V2/ -I../Middlewares/Third_Party/CMSIS/RTOS2/Include/ -I"/home/joakim-wennergren/Desktop/Smartwatch/Firmware/Bench/Drivers/lvgl" -O0 -ffunction-sections -fdata-sections -Wall -fstack-usage -fstack-usage -fcyclomatic-complexity -MMD -MP -MF"Core/Src/main.d" -MT"Core/Src/main.o" --specs=nano.specs -mfpu=fpv5-sp-d16 -mfloat-abi=hard -mthumb -o "Core/Src/main.o"
../Core/Src/main.c: In function 'HAL_RTC_AlarmAEventCallback':
../Core/Src/main.c:90:13: warning: pointer targets in passing argument 1 of 'sprintf' differ in signedness [-Wpointer-sign]
   90 |     sprintf(Buffer, "RTC 1 minute tick!");
      |             ^~~~~~
      |             |
      |             uint8_t * {aka unsigned char *}
In file included from ../Core/Src/main.c:25:
/home/joakim-wennergren/st/stm32cubeide_1.19.0/plugins/com.st.stm32cube.ide.mcu.externaltools.gnu-tools-for-stm32.13.3.rel1.linux64_1.0.0.202410170706/tools/arm-none-eabi/include/stdio.h:250:18: note: expected 'char * restrict' but argument is of type 'uint8_t *' {aka 'unsigned char *'}
  250 | int     sprintf (char *__restrict, const char *__restrict, ...)
      |                  ^
../Core/Src/main.c:91:57: warning: pointer targets in passing argument 1 of 'strlen' differ in signedness [-Wpointer-sign]
   91 |     HAL_UART_Transmit(&huart4, (uint8_t*)Buffer, strlen(Buffer), 1000);
      |                                                         ^~~~~~
      |                                                         |
      |                                                         uint8_t * {aka unsigned char *}
In file included from ../Core/Src/main.c:24:
/home/joakim-wennergren/st/stm32cubeide_1.19.0/plugins/com.st.stm32cube.ide.mcu.externaltools.gnu-tools-for-stm32.13.3.rel1.linux64_1.0.0.202410170706/tools/arm-none-eabi/include/string.h:41:18: note: expected 'const char *' but argument is of type 'uint8_t *' {aka 'unsigned char *'}
   41 | size_t   strlen (const char *);
      |                  ^~~~~~~~~~~~
../Core/Src/main.c: In function 'RTC_SetupOnce':
../Core/Src/main.c:97:25: warning: unused variable 'sDate' [-Wunused-variable]
   97 |         RTC_DateTypeDef sDate = {0};
      |                         ^~~~~
../Core/Src/main.c: In function 'create_line':
../Core/Src/main.c:200:30: warning: passing argument 2 of 'lv_line_set_points' from incompatible pointer type [-Wincompatible-pointer-types]
  200 |     lv_line_set_points(line, line_points, 2);
      |                              ^~~~~~~~~~~
      |                              |
      |                              lv_point_t *
In file included from /home/joakim-wennergren/Desktop/Smartwatch/Firmware/Bench/Drivers/lvgl/lvgl.h:69,
                 from ../Core/Src/main.c:28:
/home/joakim-wennergren/Desktop/Smartwatch/Firmware/Bench/Drivers/lvgl/src/widgets/line/lv_line.h:50:66: note: expected 'const lv_point_precise_t *' but argument is of type 'lv_point_t *'
   50 | void lv_line_set_points(lv_obj_t * obj, const lv_point_precise_t points[], uint32_t point_num);
      |                                         ~~~~~~~~~~~~~~~~~~~~~~~~~^~~~~~~~
../Core/Src/main.c: In function 'set_date_label':
../Core/Src/main.c:217:32: warning: too many arguments for format [-Wformat-extra-args]
  217 |     snprintf(buf, sizeof(buf), "%s %d Aug %d",
      |                                ^~~~~~~~~~~~~~
../Core/Src/main.c: In function 'MX_GPDMA1_Init':
../Core/Src/main.c:434:72: warning: passing argument 3 of 'HAL_DMA_RegisterCallback' from incompatible pointer type [-Wincompatible-pointer-types]
  434 |     HAL_DMA_RegisterCallback(&handle_GPDMA1_Channel2, dma_callback_id, HAL_OSPI_TxCpltCallback);
      |                                                                        ^~~~~~~~~~~~~~~~~~~~~~~
      |                                                                        |
      |                                                                        void (*)(OSPI_HandleTypeDef *)
In file included from ../Core/Inc/stm32u5xx_hal_conf.h:284,
                 from ../Drivers/STM32U5xx_HAL_Driver/Inc/stm32u5xx_hal.h:29,
                 from ../Core/Inc/main.h:30,
                 from ../Core/Src/main.c:20:
../Drivers/STM32U5xx_HAL_Driver/Inc/stm32u5xx_hal_dma.h:743:58: note: expected 'void (* const)(DMA_HandleTypeDef * const)' {aka 'void (* const)(struct __DMA_HandleTypeDef * const)'} but argument is of type 'void (*)(OSPI_HandleTypeDef *)'
  743 |                                            void (*const  pCallback)(DMA_HandleTypeDef *const _hdma));
      |                                            ~~~~~~~~~~~~~~^~~~~~~~~~~~~~~~~~~~~~~~~~~~~~~~~~~~~~~~~~
arm-none-eabi-gcc -o "Smartwatch_bench.elf" @"objects.list"   -mcpu=cortex-m33 -T"/home/joakim-wennergren/Desktop/Smartwatch/Firmware/Bench/STM32U575ZITXQ_FLASH.ld" --specs=nosys.specs -Wl,-Map="Smartwatch_bench.map" -Wl,--gc-sections -static -u _printf_float -u _printf_float -z noexecstack --specs=nano.specs -mfpu=fpv5-sp-d16 -mfloat-abi=hard -mthumb -Wl,--start-group -lc -lm -Wl,--end-group
Finished building target: Smartwatch_bench.elf
 
arm-none-eabi-size  Smartwatch_bench.elf 
arm-none-eabi-objdump -h -S Smartwatch_bench.elf  > "Smartwatch_bench.list"
   text	   data	    bss	    dec	    hex	filename
 972089	    632	 386000	1358721	 14bb81	Smartwatch_bench.elf
Finished building: default.size.stdout
 
Finished building: Smartwatch_bench.list
 
17:28:23 **** Incremental Build of configuration Debug for project Smartwatch_bench ****
make -j12 all 
arm-none-eabi-gcc "../Core/Src/main.c" -mcpu=cortex-m33 -std=gnu11 -g3 -DDEBUG -DUSE_HAL_DRIVER -DSTM32U575xx -c -I../Core/Inc -I../Drivers/STM32U5xx_HAL_Driver/Inc -I../Drivers/STM32U5xx_HAL_Driver/Inc/Legacy -I../Drivers/CMSIS/Device/ST/STM32U5xx/Include -I../Drivers/CMSIS/Include -I../Middlewares/Third_Party/FreeRTOS/Source/include/ -I../Middlewares/Third_Party/FreeRTOS/Source/portable/GCC/ARM_CM33_NTZ/non_secure/ -I../Middlewares/Third_Party/FreeRTOS/Source/CMSIS_RTOS_V2/ -I../Middlewares/Third_Party/CMSIS/RTOS2/Include/ -I"/home/joakim-wennergren/Desktop/Smartwatch/Firmware/Bench/Drivers/lvgl" -O0 -ffunction-sections -fdata-sections -Wall -fstack-usage -fstack-usage -fcyclomatic-complexity -MMD -MP -MF"Core/Src/main.d" -MT"Core/Src/main.o" --specs=nano.specs -mfpu=fpv5-sp-d16 -mfloat-abi=hard -mthumb -o "Core/Src/main.o"
../Core/Src/main.c: In function 'HAL_RTC_AlarmAEventCallback':
../Core/Src/main.c:90:13: warning: pointer targets in passing argument 1 of 'sprintf' differ in signedness [-Wpointer-sign]
   90 |     sprintf(Buffer, "RTC 1 minute tick!");
      |             ^~~~~~
      |             |
      |             uint8_t * {aka unsigned char *}
In file included from ../Core/Src/main.c:25:
/home/joakim-wennergren/st/stm32cubeide_1.19.0/plugins/com.st.stm32cube.ide.mcu.externaltools.gnu-tools-for-stm32.13.3.rel1.linux64_1.0.0.202410170706/tools/arm-none-eabi/include/stdio.h:250:18: note: expected 'char * restrict' but argument is of type 'uint8_t *' {aka 'unsigned char *'}
  250 | int     sprintf (char *__restrict, const char *__restrict, ...)
      |                  ^
../Core/Src/main.c:91:57: warning: pointer targets in passing argument 1 of 'strlen' differ in signedness [-Wpointer-sign]
   91 |     HAL_UART_Transmit(&huart4, (uint8_t*)Buffer, strlen(Buffer), 1000);
      |                                                         ^~~~~~
      |                                                         |
      |                                                         uint8_t * {aka unsigned char *}
In file included from ../Core/Src/main.c:24:
/home/joakim-wennergren/st/stm32cubeide_1.19.0/plugins/com.st.stm32cube.ide.mcu.externaltools.gnu-tools-for-stm32.13.3.rel1.linux64_1.0.0.202410170706/tools/arm-none-eabi/include/string.h:41:18: note: expected 'const char *' but argument is of type 'uint8_t *' {aka 'unsigned char *'}
   41 | size_t   strlen (const char *);
      |                  ^~~~~~~~~~~~
../Core/Src/main.c: In function 'RTC_SetupOnce':
../Core/Src/main.c:97:25: warning: unused variable 'sDate' [-Wunused-variable]
   97 |         RTC_DateTypeDef sDate = {0};
      |                         ^~~~~
../Core/Src/main.c: In function 'create_line':
../Core/Src/main.c:200:30: warning: passing argument 2 of 'lv_line_set_points' from incompatible pointer type [-Wincompatible-pointer-types]
  200 |     lv_line_set_points(line, line_points, 2);
      |                              ^~~~~~~~~~~
      |                              |
      |                              lv_point_t *
In file included from /home/joakim-wennergren/Desktop/Smartwatch/Firmware/Bench/Drivers/lvgl/lvgl.h:69,
                 from ../Core/Src/main.c:28:
/home/joakim-wennergren/Desktop/Smartwatch/Firmware/Bench/Drivers/lvgl/src/widgets/line/lv_line.h:50:66: note: expected 'const lv_point_precise_t *' but argument is of type 'lv_point_t *'
   50 | void lv_line_set_points(lv_obj_t * obj, const lv_point_precise_t points[], uint32_t point_num);
      |                                         ~~~~~~~~~~~~~~~~~~~~~~~~~^~~~~~~~
../Core/Src/main.c: In function 'set_date_label':
../Core/Src/main.c:217:32: warning: too many arguments for format [-Wformat-extra-args]
  217 |     snprintf(buf, sizeof(buf), "%s %d Aug 2025",
      |                                ^~~~~~~~~~~~~~~~
../Core/Src/main.c: In function 'MX_GPDMA1_Init':
../Core/Src/main.c:434:72: warning: passing argument 3 of 'HAL_DMA_RegisterCallback' from incompatible pointer type [-Wincompatible-pointer-types]
  434 |     HAL_DMA_RegisterCallback(&handle_GPDMA1_Channel2, dma_callback_id, HAL_OSPI_TxCpltCallback);
      |                                                                        ^~~~~~~~~~~~~~~~~~~~~~~
      |                                                                        |
      |                                                                        void (*)(OSPI_HandleTypeDef *)
In file included from ../Core/Inc/stm32u5xx_hal_conf.h:284,
                 from ../Drivers/STM32U5xx_HAL_Driver/Inc/stm32u5xx_hal.h:29,
                 from ../Core/Inc/main.h:30,
                 from ../Core/Src/main.c:20:
../Drivers/STM32U5xx_HAL_Driver/Inc/stm32u5xx_hal_dma.h:743:58: note: expected 'void (* const)(DMA_HandleTypeDef * const)' {aka 'void (* const)(struct __DMA_HandleTypeDef * const)'} but argument is of type 'void (*)(OSPI_HandleTypeDef *)'
  743 |                                            void (*const  pCallback)(DMA_HandleTypeDef *const _hdma));
      |                                            ~~~~~~~~~~~~~~^~~~~~~~~~~~~~~~~~~~~~~~~~~~~~~~~~~~~~~~~~
arm-none-eabi-gcc -o "Smartwatch_bench.elf" @"objects.list"   -mcpu=cortex-m33 -T"/home/joakim-wennergren/Desktop/Smartwatch/Firmware/Bench/STM32U575ZITXQ_FLASH.ld" --specs=nosys.specs -Wl,-Map="Smartwatch_bench.map" -Wl,--gc-sections -static -u _printf_float -u _printf_float -z noexecstack --specs=nano.specs -mfpu=fpv5-sp-d16 -mfloat-abi=hard -mthumb -Wl,--start-group -lc -lm -Wl,--end-group
Finished building target: Smartwatch_bench.elf
 
arm-none-eabi-size  Smartwatch_bench.elf 
arm-none-eabi-objdump -h -S Smartwatch_bench.elf  > "Smartwatch_bench.list"
   text	   data	    bss	    dec	    hex	filename
 972089	    632	 386000	1358721	 14bb81	Smartwatch_bench.elf
Finished building: default.size.stdout
 
Finished building: Smartwatch_bench.list
 
